ruta	tipo	key	name_es	keywords_es	aliases_es	name_de	keywords_de	aliases_de	name_en	keywords_en	aliases_en
Interior	system	interior	Interior	interior	Interior	Innenraum	innenraum	Innenraum	Interior	interior	Interior
Frenos	system	brakes	Frenos		Frenos	Bremsen		Bremsen	Brakes		Brakes
Sistema eléctrico	system	electrics	Sistema eléctrico		Electricidad	Elektrik		Elektrik	Electrical system		Electrics
Chasis y dirección	system	chassis-and-steering-system	Chasis y dirección		Chasis y Direccion	Fahrgestell und Lenkung	fahrgestell und lenkung	Fahrwerk und Lenkung	Chassis and steering system	chassis and steering system	Chassis and Steering System
Suspensión	system	suspension	Suspensión		Suspension	Fahrwerk	fahrwerk	Federung	Suspension		Suspension
Transmisión	system	transmission	Transmisión		Transmision	Getriebe		Getriebe	Transmission		Transmission
innenraum	system	innenraum					innenraum	Innenraum	Innenraum	innenraum	Innenraum
Carrocería	system	body	Carrocería	carroceria	Carroceria	Karosserie	karosserie	Karosserie	Body	body	Body
clima	system	climate	clima	clima	Clima	Klima	klima	Klima	climate	climate	Climate
Sistema de climatización	system	climate-control-systems	Sistema de climatización	sistema|de|climatizaci|n	Sistema de Climatización	Klimaanlage	klimasysteme	Klimasysteme	Climate control system	climate|control|systems	Climate Control Systems
Sistema de refrigeración	system	cooling-system	Sistema de refrigeración	sistema de refrigeración	Refrigeración	Kühlsystem	kühlsystem	Kühlung	Cooling system	cooling system	Cooling system
Motor	system	propulsion-unit	Motor		Unidad Motriz	Motor		Triebwerkseinheit	Propulsion unit		Propulsion Unit
sistema eléctrico	system	electrical-system	sistema eléctrico			Elektrik			electrical system		
Chasis y dirección	system	chassis-and-steering	Chasis y dirección			Fahrwerk und Lenkung			Chassis and steering	chassis and steering	
Sistemas climáticos	system	climate-systems	Sistemas climáticos			Klimasysteme			Climate systems		
enfriamiento	system	cooling	enfriamiento			Kühlung			cooling		
Unidad de motor	system	engine-unit	Unidad de motor	unidad de motor		Triebwerkseinheit			Engine unit	engine unit	
Ruedas y neumáticos	system	wheels-and-tires	Ruedas y neumáticos	llantas	Llantas	Räder und Reifen	reifen	Reifen	Wheels and tires	tires	Tires
Aceites y líquidos	system	oils-and-liquids	Aceites y líquidos	aceites|y|l|quidos	Aceites y líquidos	Öle und Flüssigkeiten	le|fl|ssigkeiten	Öle & Flüssigkeiten	Oils and liquids	oils|liquids	Oils & Liquids
Sistema de escape	system	exhaust-system	Sistema de escape	sistema de escape		Abgasanlage	abgasanlage		Exhaust system	exhaust system	
Sistema de alimentación	system	fuel-system	Sistema de alimentación	sistema de alimentación		Kraftstoffsystem	kraftstoffsystem		Fuel system	fuel system	
Sistema de encendido	system	ignition-system	Sistema de encendido	sistema de encendido		Zündanlage	zündanlage		Ignition system	ignition system	
Sistema de iluminación	system	lighting-system	Sistema de iluminación			Beleuchtung			Lighting system		
Sistema de seguridad y sujeción	system	safety-and-restraints	Sistema de seguridad y sujeción			Sicherheit und Rückhaltesysteme			Safety and restraints		
Cristales y retrovisores	system	glass-and-mirrors	Cristales y retrovisores			Verglasung und Spiegel			Glass and mirrors		
Limpiaparabrisas y lavaparabrisas	system	wipers-and-washers	Limpiaparabrisas y lavaparabrisas			Wisch- und Waschanlage			Wipers and washers		
Herramientas y taller	system	tools-and-workshop	Herramientas y taller			Werkzeuge und Werkstatt			Tools and workshop		
Interior > Interior	group	interior-components	Interior						Interior components		
Frenos > frenos	group	brakes	frenos		Frenos	Bremsen		Bremsen	brakes		Brakes
Frenos > Kits de reparación	group	repair-kits	Kits de reparación	kits de reparación	Kits de reparación	Reparatursätze	reparatursätze	Reparatursätze	Repair kits	repair kits	Repair kits
Frenos > Tuberías y mangueras	group	pipes-and-hoses	Tuberías y mangueras	tuberías y mangueras	Tuberías y mangueras	Rohre und Schläuche	rohre und schläuche	Rohre und Schläuche	Pipes and hoses	pipes and hoses	Pipes and hoses
Sistema eléctrico > Electricidad	group	electrical-system	Electricidad		Electricidad	Elektrik		Elektrik	Electrical system		Electrical system
Sistema eléctrico > Unidades de control, sensores y relés	group	control-units-sensors-and-relays	Unidades de control, sensores y relés	unidades de control sensores y relés	Unidades de control, sensores y relés	Steuergeräte, Sensoren, Relais	steuergeräte sensoren relais	Steuergeräte, Sensoren, Relais	Control units, sensors, and relays	control units sensors and relays	Control units, sensors, and relays
Sistema eléctrico > Kits de reparación	group	repair-kits	Kits de reparación	kits de reparación	Kits de reparación	Reparatursätze	reparatursätze	Reparatursätze	Repair kits	repair kits	Repair kits
Chasis y dirección > Dirección	group	steering-system	Dirección	dirección	Dirección	Lenkung	lenkung	Lenkung	Steering system	steering system	Steering system
Chasis y dirección > Enganche de remolque y accesorios	group	trailer-hitch-and-accessories	Enganche de remolque y accesorios	enganche de remolque y accesorios	Enganche de remolque y accesorios	Anhängerkupplung und Zubehör	anhängerkupplung und zubehör	Anhängerkupplung und Zubehör	Trailer hitch and accessories	trailer hitch and accessories	Trailer hitch and accessories
Chasis y dirección > Cojinetes	group	bearings	Cojinetes	cojinetes	Cojinetes	Lager	lager	Lager	Bearings	bearings	Bearings
Chasis y dirección > Kits de reparación	group	repair-kits	Kits de reparación	kits de reparación	Kits de reparación	Reparatursätze	reparatursätze	Reparatursätze	Repair kits	repair kits	Repair kits
Suspensión > Suspensión y brazos de control	group	suspension-and-control-arms	Suspensión y brazos de control	suspensión y brazos de control	Suspensión y brazos de control	Radaufhängung & Lenker	radaufhängung & lenker	Radaufhängung & Lenker	Suspension and control arms	suspension and control arms	Suspension and control arms
Suspensión > suspensión	group	suspension	suspensión		Suspensión	Federung		Federung	suspension		Suspension
Transmisión > Embrague y componentes	group	clutch-and-related-parts	Embrague y componentes	embrague y componentes	Embrague y componentes	Kupplung/-anbauteile	kupplung -anbauteile	Kupplung/-anbauteile	Clutch and related parts	clutch and related parts	Clutch and related parts
Transmisión > transmisión	group	transmission	transmisión		Transmisión	Getriebe		Getriebe	transmission		Transmission
Transmisión > Árbol de transmisión y diferencial	group	driveshaft-and-differential	Árbol de transmisión y diferencial	árbol de transmisión y diferencial	Árbol de transmisión y diferencial	Kardanwellen & Differential	kardanwellen & differential	Kardanwellen & Differential	Driveshaft and differential	driveshaft and differential	Driveshaft and differential
Transmisión > Kits de reparación	group	repair-kits	Kits de reparación	kits de reparación	Kits de reparación	Reparatursätze	reparatursätze	Reparatursätze	Repair kits	repair kits	Repair kits
innenraum > Interior	group	interior-components	Interior	interior	Interior	Innenraum	innenraum	Innenraum	Interior components	interior|components	Interior components
Carrocería > Sistema de lavado de parabrisas	group	windshield-washer-system	Sistema de lavado de parabrisas	sistema|de|lavado|parabrisas	Sistema de lavado de parabrisas	Scheibenwaschanlage	scheibenwaschanlage	Scheibenwaschanlage	Windshield washer system	windshield|washer|system	Windshield washer system
Carrocería > Carrocería	group	bodywork	Carrocería	carrocer|a	Carrocería	Karosserie	karosserie	Karosserie	Bodywork	bodywork	Bodywork
clima > Calefacción y ventilación	group	heating-and-ventilation	Calefacción y ventilación	calefacci|n|y|ventilaci	Calefacción y ventilación	Heizung und Lüftung	heizung|und|l|ftung	Heizung und Lüftung	Heating and ventilation	heating|and|ventilation	Heating and ventilation
Sistema de climatización > Aire acondicionado	group	air-conditioning	Aire acondicionado	aire|acondicionado	Aire acondicionado	Klimaanlage	klimaanlage	Klimaanlage	Air conditioning	air|conditioning	Air conditioning
Sistema de climatización > Tuberías y mangueras	group	pipes-and-hoses	Tuberías y mangueras	tuber|as|y|mangueras	Tuberías y mangueras	Rohre und Schläuche	rohre|und|schl|uche	Rohre und Schläuche	Pipes and hoses	pipes|and|hoses	Pipes and hoses
Sistema de refrigeración > Refrigeración	group	cooling-system	Refrigeración		Refrigeración	Kühlung		Kühlung	Cooling system	cooling system	Cooling system
Aceites y líquidos > Aceites y líquidos	group	oils-and-fluids	Aceites y líquidos	aceites|y|l|quidos	Aceites y líquidos	Öle & Flüssigkeiten	le|fl|ssigkeiten	Öle & Flüssigkeiten	Oils and fluids	oils|and|fluids	Oils and fluids
Ruedas y neumáticos > Neumáticos y productos relacionados	group	tires-and-related-products	Neumáticos y productos relacionados	neum|ticos|y|productos|relacionados	Neumáticos y productos relacionados	Reifen und verwandte Produkte	reifen|und|verwandte|produkte	Reifen und verwandte Produkte	Tires and related products	tires|and|related|products	Tires and related products
Motor > Filtros	group	filters	Filtros		Filtros	Filter		Filter	Filters		Filters
Motor > Motor	group	engine	Motor		Motor	Motor		Motor	Engine		Engine
Motor > Sistema de encendido y bujías de precalentamiento	group	ignition-and-glow-system	Sistema de encendido y bujías de precalentamiento	sistema de encendido y bujías de precalentamiento	Sistema de encendido y bujías de precalentamiento	Zündanlage & Glühanlage	zündanlage & glühanlage	Zündanlage & Glühanlage	Ignition and glow system	ignition and glow system	Ignition and glow system
Motor > Correas, cadenas y poleas	group	belts-chains-pulleys	Correas, cadenas y poleas	correas cadenas y poleas	Correas, cadenas y poleas	Riemen, Ketten, Rollen	riemen ketten rollen	Riemen, Ketten, Rollen	Belts, chains, pulleys	belts chains pulleys	Belts, chains, pulleys
Motor > Calefacción y ventilación	group	heating-and-ventilation	Calefacción y ventilación	calefacción y ventilación	Calefacción y ventilación	Heizung und Lüftung	heizung und lüftung	Heizung und Lüftung	Heating and ventilation	heating and ventilation	Heating and ventilation
Motor > Juntas y anillos de sellado	group	gaskets-and-sealing-rings	Juntas y anillos de sellado	juntas y anillos de sellado	Juntas y anillos de sellado	Dichtungen und Dichtringe	dichtungen und dichtringe	Dichtungen und Dichtringe	Gaskets and sealing rings	gaskets and sealing rings	Gaskets and sealing rings
Motor > Escape	group	exhaust-system	Escape	escape	Escape	Auspuff	auspuff	Auspuff	Exhaust system	exhaust system	Exhaust system
Motor > Sistema de combustible	group	fuel-system	Sistema de combustible	sistema de combustible	Sistema de combustible	Kraftstoffsystem	kraftstoffsystem	Kraftstoffsystem	Fuel system	fuel system	Fuel system
Motor > Ejes de transmisión y juntas	group	drive-shafts-and-joints	Ejes de transmisión y juntas	ejes de transmisión y juntas	Ejes de transmisión y juntas	Triebwerkseinheitswellen & Gelenke	triebwerkseinheitswellen & gelenke	Triebwerkseinheitswellen & Gelenke	Drive shafts and joints	drive shafts and joints	Drive shafts and joints
Motor > Kits de reparación	group	repair-kits	Kits de reparación	kits de reparación	Kits de reparación	Reparatursätze	reparatursätze	Reparatursätze	Repair kits	repair kits	Repair kits
Motor > Tuberías y mangueras	group	pipes-and-hoses	Tuberías y mangueras	tuberías y mangueras	Tuberías y mangueras	Rohre und Schläuche	rohre und schläuche	Rohre und Schläuche	Pipes and hoses	pipes and hoses	Pipes and hoses
Frenos > frenos	group	brakes-brakes	frenos			Bremsen			brakes		
Frenos > Kits de reparación	group	brakes-repair-kits	Kits de reparación	kits de reparación		Reparatursätze	reparatursätze		Repair kits	repair kits	
Frenos > Tuberías y mangueras	group	brakes-pipes-and-hoses	Tuberías y mangueras	tuberías y mangueras		Rohre und Schläuche	rohre und schläuche		Pipes and hoses	pipes and hoses	
sistema eléctrico > sistema eléctrico	group	electrical-system-electrical-system	sistema eléctrico			Elektrik			electrical system		
sistema eléctrico > Unidades de control, sensores, relés	group	electrical-system-control-units-sensors-relays	Unidades de control, sensores, relés	unidades de control sensores relés		Steuergeräte, Sensoren, Relais	steuergeräte sensoren relais		Control units, sensors, relays	control units sensors relays	
sistema eléctrico > Kits de reparación	group	electrical-system-repair-kits	Kits de reparación	kits de reparación		Reparatursätze	reparatursätze		Repair kits	repair kits	
Chasis y dirección > gobierno	group	chassis-and-steering-steering	gobierno	gobierno		Lenkung	lenkung		steering	steering	
Chasis y dirección > Enganche de remolque y accesorios	group	chassis-and-steering-towbar-and-accessories	Enganche de remolque y accesorios	enganche de remolque y accesorios		Anhängerkupplung und Zubehör	anhängerkupplung und zubehör		Towbar and accessories	towbar and accessories	
Chasis y dirección > Almacenamiento	group	chassis-and-steering-storage	Almacenamiento	almacenamiento		Lager	lager		Storage	storage	
Chasis y dirección > Kits de reparación	group	chassis-and-steering-repair-kits	Kits de reparación	kits de reparación		Reparatursätze	reparatursätze		Repair kits	repair kits	
Suspensión > Suspensión de ruedas y manillar	group	suspension-wheel-suspension-handlebars	Suspensión de ruedas y manillar	suspensión de ruedas y manillar		Radaufhängung & Lenker	radaufhängung & lenker		Wheel suspension & handlebars	wheel suspension & handlebars	
Suspensión > suspensión	group	suspension-suspension	suspensión			Federung			suspension		
Transmisión > Embrague/accesorios	group	transmission-clutch-attachments	Embrague/accesorios	embrague accesorios		Kupplung/-anbauteile	kupplung -anbauteile		Clutch/attachments	clutch attachments	
Transmisión > transmisión	group	transmission-transmission	transmisión			Getriebe			transmission		
Transmisión > Ejes cardán y diferencial	group	transmission-cardan-shafts-differential	Ejes cardán y diferencial	ejes cardán y diferencial		Kardanwellen & Differential	kardanwellen & differential		Cardan shafts & differential	cardan shafts & differential	
Transmisión > Kits de reparación	group	transmission-repair-kits	Kits de reparación	kits de reparación		Reparatursätze	reparatursätze		Repair kits	repair kits	
Interior > interior-interior	group	interior-interior				Innenraum			interior		
Carrocería > Sistema lavaparabrisas	group	body-windscreen-washer-system	Sistema lavaparabrisas			Scheibenwaschanlage			Windscreen washer system		
Carrocería > cuerpo	group	body-body	cuerpo			Karosserie			body		
clima > Calefacción y ventilación	group	climate-heating-and-ventilation	Calefacción y ventilación			Heizung und Lüftung			Heating and ventilation		
Sistemas climáticos > aire acondicionado	group	climate-systems-air-conditioning	aire acondicionado			Klimaanlage			air conditioning		
Sistemas climáticos > Tuberías y mangueras	group	climate-systems-pipes-and-hoses	Tuberías y mangueras			Rohre und Schläuche			Pipes and hoses		
enfriamiento > enfriamiento	group	cooling-cooling	enfriamiento			Kühlung			cooling		
Aceites y líquidos > Aceites y líquidos	group	oils-liquids-oils-liquids	Aceites y líquidos			Öle & Flüssigkeiten			Oils & Liquids		
Ruedas y neumáticos > Neumáticos y productos relacionados	group	tires-tires-and-related-products	Neumáticos y productos relacionados			Reifen und verwandte Produkte			Tires and related products		
Unidad de motor > filtrar	group	engine-unit-filter	filtrar	filtrar					filter		
Unidad de motor > engine-unit-motor	group	engine-unit-motor							Motor		
Unidad de motor > Sistema de encendido y sistema de bujías incandescentes	group	engine-unit-ignition-system-glow-plug-system	Sistema de encendido y sistema de bujías incandescentes	sistema de encendido y sistema de bujías incandescentes		Zündanlage & Glühanlage	zündanlage & glühanlage		Ignition system & glow plug system	ignition system & glow plug system	
Unidad de motor > Correas, cadenas, poleas	group	engine-unit-belts-chains-pulleys	Correas, cadenas, poleas	correas cadenas poleas		Riemen, Ketten, Rollen	riemen ketten rollen		Belts, chains, pulleys	belts chains pulleys	
Unidad de motor > Calefacción y ventilación	group	engine-unit-heating-and-ventilation	Calefacción y ventilación	calefacción y ventilación		Heizung und Lüftung	heizung und lüftung		Heating and ventilation	heating and ventilation	
Unidad de motor > Sellos y anillos de sellado	group	engine-unit-seals-and-sealing-rings	Sellos y anillos de sellado	sellos y anillos de sellado		Dichtungen und Dichtringe	dichtungen und dichtringe		Seals and sealing rings	seals and sealing rings	
Unidad de motor > escape	group	engine-unit-exhaust	escape	escape		Auspuff	auspuff		exhaust	exhaust	
Unidad de motor > Sistema de combustible	group	engine-unit-fuel-system	Sistema de combustible	sistema de combustible		Kraftstoffsystem	kraftstoffsystem		Fuel system	fuel system	
Unidad de motor > Ejes y juntas de la unidad del motor	group	engine-unit-engine-unit-shafts-joints	Ejes y juntas de la unidad del motor	ejes y juntas de la unidad del motor		Triebwerkseinheitswellen & Gelenke	triebwerkseinheitswellen & gelenke		Engine unit shafts & joints	engine unit shafts & joints	
Unidad de motor > Kits de reparación	group	engine-unit-repair-kits	Kits de reparación	kits de reparación		Reparatursätze	reparatursätze		Repair kits	repair kits	
Unidad de motor > Tuberías y mangueras	group	engine-unit-pipes-and-hoses	Tuberías y mangueras	tuberías y mangueras		Rohre und Schläuche	rohre und schläuche		Pipes and hoses	pipes and hoses	
sistema eléctrico > sistema eléctrico	group	electrical-system	sistema eléctrico		Electricidad	Elektrik		Elektrik	electrical system		Electrical system
Carrocería > cuerpo	group	body	cuerpo			Karosserie			body		
sistema eléctrico > Unidades de control, sensores, relés	group	control-units-sensors-relays	Unidades de control, sensores, relés	unidades de control sensores relés		Steuergeräte, Sensoren, Relais	steuergeräte sensoren relais		Control units, sensors, relays	control units sensors relays	
Suspensión > Suspensión de ruedas y manillar	group	wheel-suspension-handlebars	Suspensión de ruedas y manillar	suspensión de ruedas y manillar		Radaufhängung & Lenker	radaufhängung & lenker		Wheel suspension & handlebars	wheel suspension & handlebars	
Unidad de motor > Ejes y juntas de la unidad del motor	group	engine-unit-shafts-joints	Ejes y juntas de la unidad del motor	ejes y juntas de la unidad del motor		Triebwerkseinheitswellen & Gelenke	triebwerkseinheitswellen & gelenke		Engine unit shafts & joints	engine unit shafts & joints	
Chasis y dirección > Enganche de remolque y accesorios	group	towbar-and-accessories	Enganche de remolque y accesorios	enganche de remolque y accesorios		Anhängerkupplung und Zubehör	anhängerkupplung und zubehör		Towbar and accessories	towbar and accessories	
Unidad de motor > Sellos y anillos de sellado	group	seals-and-sealing-rings	Sellos y anillos de sellado	sellos y anillos de sellado		Dichtungen und Dichtringe	dichtungen und dichtringe		Seals and sealing rings	seals and sealing rings	
Unidad de motor > escape	group	exhaust	escape	escape		Auspuff	auspuff		exhaust	exhaust	
Chasis y dirección > Almacenamiento	group	storage	Almacenamiento	almacenamiento		Lager	lager		Storage	storage	
Transmisión > Embrague/accesorios	group	clutch-attachments	Embrague/accesorios	embrague accesorios		Kupplung/-anbauteile	kupplung -anbauteile		Clutch/attachments	clutch attachments	
Unidad de motor > filtrar	group	filter	filtrar	filtrar					filter		
Transmisión > Ejes cardán y diferencial	group	cardan-shafts-differential	Ejes cardán y diferencial	ejes cardán y diferencial		Kardanwellen & Differential	kardanwellen & differential		Cardan shafts & differential	cardan shafts & differential	
Aceites y líquidos > Aceites y líquidos	group	oils-liquids	Aceites y líquidos			Öle & Flüssigkeiten			Oils & Liquids		
Chasis y dirección > gobierno	group	steering	gobierno	gobierno		Lenkung	lenkung		steering	steering	
Interior > interior	group	interior				Innenraum			interior		
Unidad de motor > Sistema de combustible	group	fuel-system	Sistema de combustible	sistema de combustible	Sistema de combustible	Kraftstoffsystem	kraftstoffsystem	Kraftstoffsystem	Fuel system	fuel system	Fuel system
enfriamiento > enfriamiento	group	cooling	enfriamiento			Kühlung			cooling		
Unidad de motor > motor	group	motor							Motor		
Unidad de motor > Correas, cadenas, poleas	group	belts-chains-pulleys	Correas, cadenas, poleas	correas cadenas poleas	Correas, cadenas y poleas	Riemen, Ketten, Rollen	riemen ketten rollen	Riemen, Ketten, Rollen	Belts, chains, pulleys	belts chains pulleys	Belts, chains, pulleys
Unidad de motor > Sistema de encendido y sistema de bujías incandescentes	group	ignition-system-glow-plug-system	Sistema de encendido y sistema de bujías incandescentes	sistema de encendido y sistema de bujías incandescentes		Zündanlage & Glühanlage	zündanlage & glühanlage		Ignition system & glow plug system	ignition system & glow plug system	
Sistemas climáticos > aire acondicionado	group	air-conditioning	aire acondicionado	aire|acondicionado	Aire acondicionado	Klimaanlage	klimaanlage	Klimaanlage	air conditioning	air|conditioning	Air conditioning
Unidad de motor > Calefacción y ventilación	group	heating-and-ventilation	Calefacción y ventilación	calefacción y ventilación	Calefacción y ventilación	Heizung und Lüftung	heizung und lüftung	Heizung und Lüftung	Heating and ventilation	heating and ventilation	Heating and ventilation
Unidad de motor > Tuberías y mangueras	group	pipes-and-hoses	Tuberías y mangueras	tuberías y mangueras		Rohre und Schläuche	rohre und schläuche		Pipes and hoses	pipes and hoses	
Unidad de motor > Kits de reparación	group	repair-kits	Kits de reparación	kits de reparación		Reparatursätze	reparatursätze		Repair kits	repair kits	
Sistemas climáticos > Tuberías y mangueras	group	pipes-and-hoses	Tuberías y mangueras	tuber|as|y|mangueras	Tuberías y mangueras	Rohre und Schläuche	rohre|und|schl|uche	Rohre und Schläuche	Pipes and hoses	pipes|and|hoses	Pipes and hoses
Carrocería > Sistema lavaparabrisas	group	windscreen-washer-system	Sistema lavaparabrisas			Scheibenwaschanlage			Windscreen washer system		
sistema eléctrico > Kits de reparación	group	repair-kits	Kits de reparación	kits de reparación		Reparatursätze	reparatursätze		Repair kits	repair kits	
Chasis y dirección > Kits de reparación	group	repair-kits	Kits de reparación	kits de reparación	Kits de reparación	Reparatursätze	reparatursätze	Reparatursätze	Repair kits	repair kits	Repair kits
Frenos > Freno de disco	group	disc-brakes	Freno de disco	freno de disco					Disc brakes	disc brakes	
Frenos > Freno de tambor	group	drum-brakes	Freno de tambor	freno de tambor|tambor de freno|frenos de tambor			trommelbremse		Drum brakes	drum brake	
Frenos > Freno de mano	group	parking-brake	Freno de mano	freno de mano|freno mano|freno de estacionamiento			handbremse|feststellbremse		Parking brake	handbrake|parking brake	
Frenos > Sistema hidráulico de frenos	group	hydraulic-brake-system	Sistema hidráulico de frenos	sistema hidráulico de frenos					Hydraulic system	hydraulic system	
Frenos > ABS y control de tracción	group	abs-and-traction-control	ABS y control de tracción	abs y control de tracción					ABS and traction control	abs and traction control	
Frenos > Servofreno	group	brake-booster	Servofreno	servofreno					Brake booster	brake booster	
Ruedas y neumáticos > Llantas	group	wheels	Llantas						Wheels		
Ruedas y neumáticos > Neumáticos	group	tires	Neumáticos						Tires		
Ruedas y neumáticos > Bujes y rodamientos	group	hubs-and-bearings	Bujes y rodamientos						Hubs and bearings		
Ruedas y neumáticos > Tornillería y valvulería de rueda	group	wheel-hardware-and-valves	Tornillería y valvulería de rueda						Wheel hardware and valves		
Ruedas y neumáticos > Accesorios de rueda	group	wheel-accessories	Accesorios de rueda						Wheel accessories		
Brake pads	category	brake-pads		pastillas de freno|pastillas freno|pastillas|balatas|ferodos			bremsbeläge|bremsklötze|bremsbelag|bremsklotz		Brake pads	brake pads|brake pad|disc pads	Brake pads
Frenos > frenos > Discos de freno y componentes	category	brake-discs-and-related-parts	Discos de freno y componentes	discos de freno y componentes	Discos de freno y componentes	Bremsscheiben und zugehörige Bauteile	bremsscheiben und zugehörige bauteile	Bremsscheiben und zugehörige Bauteile	Brake discs and related parts	brake discs and related parts	Brake discs and related parts
Frenos > frenos > Frenos de tambor y componentes	category	drum-brakes-and-related-parts	Frenos de tambor y componentes	frenos de tambor y componentes	Frenos de tambor y componentes	Trommelbremsen und zugehörige Bauteile	trommelbremsen und zugehörige bauteile	Trommelbremsen und zugehörige Bauteile	Drum brakes and related parts	drum brakes and related parts	Drum brakes and related parts
Frenos > frenos > Pinzas de freno y componentes	category	brake-calipers-and-related-parts	Pinzas de freno y componentes	pinzas de freno y componentes	Pinzas de freno y componentes	Bremssattel und zugehörige Bauteile	bremssattel und zugehörige bauteile	Bremssattel und zugehörige Bauteile	Brake calipers and related parts	brake calipers and related parts	Brake calipers and related parts
Frenos > frenos > Frenos de tambor y componentes	category	zubehorsatz-bremsbacken	Frenos de tambor y componentes	frenos de tambor y componentes					Zubehörsatz, Bremsbacken	zubehörsatz bremsbacken	
Frenos > frenos > Frenos de mano y componentes	category	handbrakes-and-related-parts	Frenos de mano y componentes	frenos de mano y componentes	Frenos de mano y componentes	Handbremsen und zugehörige Bauteile	handbremsen und zugehörige bauteile	Handbremsen und zugehörige Bauteile	Handbrakes and related parts	handbrakes and related parts	Handbrakes and related parts
Frenos > Kits de reparación > Componentes del sistema de frenos	category	brake-system-components	Componentes del sistema de frenos	componentes del sistema de frenos	Componentes del sistema de frenos	Bauteile der Bremsen	bauteile der bremsen	Bauteile der Bremsen	Brake system components	brake system components	Brake system components
Frenos > Tuberías y mangueras > Componentes del sistema de frenos	category	brake-system-components	Componentes del sistema de frenos	componentes del sistema de frenos	Componentes del sistema de frenos	Bauteile der Bremsen	bauteile der bremsen	Bauteile der Bremsen	Brake system components	brake system components	Brake system components
Sistema eléctrico > Electricidad > Componentes del sistema de arranque y carga	category	starting-and-charging-system-components	Componentes del sistema de arranque y carga	componentes del sistema de arranque y carga	Componentes del sistema de arranque y carga	Bauteile des Start- und Ladesystems	bauteile des start- und ladesystems	Bauteile des Start- und Ladesystems	Starting and charging system components	starting and charging system components	Starting and charging system components
Sistema eléctrico > Electricidad > Lámparas	category	bulbs	Lámparas	lámparas	Lámparas	Glühlampen	glühlampen	Glühlampen	Bulbs	bulbs	Bulbs
Sistema eléctrico > Electricidad > Componentes del sistema de frenos	category	brake-system-components	Componentes del sistema de frenos	componentes del sistema de frenos	Componentes del sistema de frenos	Bauteile der Bremsen	bauteile der bremsen	Bauteile der Bremsen	Brake system components	brake system components	Brake system components
Sistema eléctrico > Electricidad > Componentes del sistema de encendido	category	ignition-system-components	Componentes del sistema de encendido	componentes del sistema de encendido	Componentes del sistema de encendido	Bauteile der Zündanlage	bauteile der zündanlage	Bauteile der Zündanlage	Ignition system components	ignition system components	Ignition system components
Sistema eléctrico > Electricidad > Componentes del sistema de refrigeración	category	cooling-system-components	Componentes del sistema de refrigeración	componentes del sistema de refrigeración	Componentes del sistema de refrigeración	Bauteile der Kühlung	bauteile der kühlung	Bauteile der Kühlung	Cooling system components	cooling system components	Cooling system components
Sistema eléctrico > Electricidad > Componentes de la carrocería y del sistema de confort	category	body-and-comfort-system-components	Componentes de la carrocería y del sistema de confort	componentes de la carrocería y del sistema de confort	Componentes de la carrocería y del sistema de confort	Bauteile der Karosserie und des Komfortsystems	bauteile der karosserie und des komfortsystems	Bauteile der Karosserie und des Komfortsystems	Body and comfort system components	body and comfort system components	Body and comfort system components
Sistema eléctrico > Electricidad > Componentes del sistema de lubricación	category	lubrication-system-components	Componentes del sistema de lubricación	componentes del sistema de lubricación	Componentes del sistema de lubricación	Bauteile des Schmiersystems	bauteile des schmiersystems	Bauteile des Schmiersystems	Lubrication system components	lubrication system components	Lubrication system components
Sistema eléctrico > Unidades de control, sensores y relés > Componentes del sistema de refrigeración	category	cooling-system-components	Componentes del sistema de refrigeración	componentes del sistema de refrigeración	Componentes del sistema de refrigeración	Bauteile der Kühlung	bauteile der kühlung	Bauteile der Kühlung	Cooling system components	cooling system components	Cooling system components
Sistema eléctrico > Unidades de control, sensores y relés > Componentes del sistema de frenos	category	brake-system-components	Componentes del sistema de frenos	componentes del sistema de frenos	Componentes del sistema de frenos	Bauteile der Bremsen	bauteile der bremsen	Bauteile der Bremsen	Brake system components	brake system components	Brake system components
Sistema eléctrico > Unidades de control, sensores y relés > Componentes del sistema de encendido	category	ignition-system-components	Componentes del sistema de encendido	componentes del sistema de encendido	Componentes del sistema de encendido	Bauteile der Zündanlage	bauteile der zündanlage	Bauteile der Zündanlage	Ignition system components	ignition system components	Ignition system components
Sistema eléctrico > Unidades de control, sensores y relés > Componentes del sistema de lubricación	category	lubrication-system-components	Componentes del sistema de lubricación	componentes del sistema de lubricación	Componentes del sistema de lubricación	Bauteile des Schmiersystems	bauteile des schmiersystems	Bauteile des Schmiersystems	Lubrication system components	lubrication system components	Lubrication system components
Sistema eléctrico > Unidades de control, sensores y relés > Alternadores y componentes asociados	category	alternators-and-related-components	Alternadores y componentes asociados	alternadores y componentes asociados	Alternadores y componentes asociados	Lichtmaschinen und zugehörige Bauteile	lichtmaschinen und zugehörige bauteile	Lichtmaschinen und zugehörige Bauteile	Alternators and related components	alternators and related components	Alternators and related components
Sistema eléctrico > Unidades de control, sensores y relés > Componentes del sistema de iluminación y señalización	category	lighting-and-signaling-system-components	Componentes del sistema de iluminación y señalización	componentes del sistema de iluminación y señalización	Componentes del sistema de iluminación y señalización	Bauteile der Beleuchtungs- und Signalanlage	bauteile der beleuchtungs- und signalanlage	Bauteile der Beleuchtungs- und Signalanlage	Lighting and signaling system components	lighting and signaling system components	Lighting and signaling system components
Sistema eléctrico > Unidades de control, sensores y relés > Componentes eléctricos	category	electrical-components	Componentes eléctricos	componentes eléctricos	Componentes eléctricos	Elektrische Bauteile	elektrische bauteile	Elektrische Bauteile	Electrical components	electrical components	Electrical components
Sistema eléctrico > Unidades de control, sensores y relés > Arranques y componentes asociados	category	starters-and-related-components	Arranques y componentes asociados	arranques y componentes asociados	Arranques y componentes asociados	Anlasser und zugehörige Bauteile	anlasser und zugehörige bauteile	Anlasser und zugehörige Bauteile	Starters and related components	starters and related components	Starters and related components
Sistema eléctrico > Kits de reparación > Componentes eléctricos	category	electrical-components	Componentes eléctricos	componentes eléctricos	Componentes eléctricos	Elektrische Bauteile	elektrische bauteile	Elektrische Bauteile	Electrical components	electrical components	Electrical components
Chasis y dirección > Dirección > Rótulas de dirección y componentes asociados	category	tie-rod-ends-and-related-components	Rótulas de dirección y componentes asociados	rótulas de dirección y componentes asociados	Rótulas de dirección y componentes asociados	Spurstangenköpfe und zugehörige Bauteile	spurstangenköpfe und zugehörige bauteile	Spurstangenköpfe und zugehörige Bauteile	Tie rod ends and related components	tie rod ends and related components	Tie rod ends and related components
Chasis y dirección > Dirección > Barras de dirección, barras de acoplamiento y componentes asociados	category	steering-rods-tie-rods-and-related-components	Barras de dirección, barras de acoplamiento y componentes asociados		Barras de dirección, barras de acoplamiento y componentes asociados	Spurstangen, Lenkstangen und zugehörige Bauteile	spurstangen lenkstangen und zugehörige bauteile	Spurstangen, Lenkstangen und zugehörige Bauteile	Steering rods, tie rods, and related components",	steering rods tie rods and related components	Steering rods, tie rods, and related components",
Chasis y dirección > Dirección > Bomba de dirección asistida y componentes asociados	category	power-steering-pumps-and-related-components	Bomba de dirección asistida y componentes asociados	bomba de dirección asistida y componentes asociados	Bomba de dirección asistida y componentes asociados	Servopumpen und zugehörige Bauteile	servopumpen und zugehörige bauteile	Servopumpen und zugehörige Bauteile	Power steering pumps and related components	power steering pumps and related components	Power steering pumps and related components
Chasis y dirección > Dirección > Componentes de la dirección	category	steering-components	Componentes de la dirección	componentes de la dirección	Componentes de la dirección	Lenkungsteile	lenkungsteile	Lenkungsteile	Steering components	steering components	Steering components
Chasis y dirección > Enganche de remolque y accesorios > Enganches de remolque y componentes asociados	category	trailer-hitches-and-related-components	Enganches de remolque y componentes asociados	enganches de remolque y componentes asociados	Enganches de remolque y componentes asociados	Anhängerkupplungen und zugehörige Bauteile	anhängerkupplungen und zugehörige bauteile	Anhängerkupplungen und zugehörige Bauteile	Trailer hitches and related components	trailer hitches and related components	Trailer hitches and related components
Chasis y dirección > Cojinetes > Componentes de suspensión	category	suspension-components	Componentes de suspensión	componentes de suspensión	Componentes de suspensión	Aufhängungsteile	aufhängungsteile	Aufhängungsteile	Suspension components	suspension components	Suspension components
Chasis y dirección > Cojinetes > Componentes del embrague	category	clutch-components	Componentes del embrague	componentes del embrague	Componentes del embrague	Kupplungsteile	kupplungsteile	Kupplungsteile	Clutch components	clutch components	Clutch components
Chasis y dirección > Cojinetes > Componentes del motor	category	engine-components	Componentes del motor	componentes del motor	Componentes del motor	Motorteile	motorteile	Motorteile	Engine components	engine components	Engine components
Chasis y dirección > Kits de reparación > Componentes del sistema de dirección	category	steering-system-components	Componentes del sistema de dirección	componentes del sistema de dirección	Componentes del sistema de dirección	Bauteile des Lenksystems	bauteile des lenksystems	Bauteile des Lenksystems	Steering system components	steering system components	Steering system components
Suspensión > Suspensión y brazos de control > Rodamientos y componentes asociados	category	wheel-bearings-and-related-components	Rodamientos y componentes asociados	rodamientos y componentes asociados	Rodamientos y componentes asociados	Radlager und zugehörige Bauteile	radlager und zugehörige bauteile	Radlager und zugehörige Bauteile	Wheel bearings and related components	wheel bearings and related components	Wheel bearings and related components
Suspensión > Suspensión y brazos de control > Rótulas y componentes asociados	category	ball-joints-and-related-components	Rótulas y componentes asociados	rótulas y componentes asociados	Rótulas y componentes asociados	Kugelgelenke und zugehörige Bauteile	kugelgelenke und zugehörige bauteile	Kugelgelenke und zugehörige Bauteile	Ball joints and related components	ball joints and related components	Ball joints and related components
Suspensión > Suspensión y brazos de control > Componentes de dirección	category	steering-components	Componentes de dirección	componentes de dirección	Componentes de dirección	Lenkungsteile	lenkungsteile	Lenkungsteile	Steering components	steering components	Steering components
Suspensión > Suspensión y brazos de control > Piezas de fijación de ruedas	category	wheel-fastening-parts	Piezas de fijación de ruedas	piezas de fijación de ruedas	Piezas de fijación de ruedas	Radbefestigungsteile	radbefestigungsteile	Radbefestigungsteile	Wheel fastening parts	wheel fastening parts	Wheel fastening parts
Oil filters	category	oil-filters							Oil filters	oil|filters	Oil filters
Ruedas y neumáticos > Neumáticos > Neumáticos especiales	category	specialty-tires	Neumáticos especiales						Specialty tires		
Ruedas y neumáticos > Bujes y rodamientos > Bujes de rueda	category	wheel-hubs	Bujes de rueda						Wheel hubs		
Suspensión > Suspensión y brazos de control > Componentes del sistema ABS	category	abs-system-components	Componentes del sistema ABS	componentes del sistema abs	Componentes del sistema ABS	ABS-Systemteile	abs-systemteile	ABS-Systemteile	ABS system components	abs system components	ABS system components
Suspensión > Suspensión y brazos de control > Elementos de amortiguación	category	damping-elements	Elementos de amortiguación	elementos de amortiguación	Elementos de amortiguación	Dämpfungselemente	dämpfungselemente	Dämpfungselemente	Damping elements	damping elements	Damping elements
Suspensión > Suspensión y brazos de control > Mangueta y componentes asociados	category	steering-knuckle-and-related-components	Mangueta y componentes asociados	mangueta y componentes asociados	Mangueta y componentes asociados	Achsschenkel und zugehörige Bauteile	achsschenkel und zugehörige bauteile	Achsschenkel und zugehörige Bauteile	Steering knuckle and related components	steering knuckle and related components	Steering knuckle and related components
Suspensión > Suspensión y brazos de control > Componentes eléctricos	category	electrical-components	Componentes eléctricos	componentes eléctricos	Componentes eléctricos	Elektrische Bauteile	elektrische bauteile	Elektrische Bauteile	Electrical components	electrical components	Electrical components
Transmisión > Embrague y componentes > Kits de embrague y componentes asociados	category	clutch-kits-and-related-components	Kits de embrague y componentes asociados	kits de embrague y componentes asociados	Kits de embrague y componentes asociados	Kupplungssätze und zugehörige Bauteile	kupplungssätze und zugehörige bauteile	Kupplungssätze und zugehörige Bauteile	Clutch kits and related components	clutch kits and related components	Clutch kits and related components
Transmisión > Embrague y componentes > Componentes del mecanismo de liberación del embrague	category	clutch-release-mechanism-components	Componentes del mecanismo de liberación del embrague	componentes del mecanismo de liberación del embrague	Componentes del mecanismo de liberación del embrague	Bauteile des Kupplungsausrückmechanismus	bauteile des kupplungsausrückmechanismus	Bauteile des Kupplungsausrückmechanismus	Clutch release mechanism components	clutch release mechanism components	Clutch release mechanism components
Transmisión > Embrague y componentes > Volantes de inercia y componentes asociados	category	flywheels-and-related-components	Volantes de inercia y componentes asociados	volantes de inercia y componentes asociados	Volantes de inercia y componentes asociados	Schwungräder und zugehörige Bauteile	schwungräder und zugehörige bauteile	Schwungräder und zugehörige Bauteile	Flywheels and related components	flywheels and related components	Flywheels and related components
Transmisión > Embrague y componentes > Herramientas	category	tools	Herramientas	herramientas	Herramientas	Werkzeuge	werkzeuge	Werkzeuge	Tools	tools	Tools
Transmisión > Embrague y componentes > Cuidado del automóvil	category	car-care	Cuidado del automóvil	cuidado del automóvil	Cuidado del automóvil	Autopflege	autopflege	Autopflege	Car care	car care	Car care
Transmisión > transmisión > Productos para la lubricación de la transmisión	category	products-for-transmission-lubrication	Productos para la lubricación de la transmisión	productos para la lubricación de la transmisión	Productos para la lubricación de la transmisión	Produkte für die Getriebeschmierung	produkte für die getriebeschmierung	Produkte für die Getriebeschmierung	Products for transmission lubrication	products for transmission lubrication	Products for transmission lubrication
Transmisión > transmisión > Cojinetes de transmisión	category	transmission-bearings	Cojinetes de transmisión	cojinetes de transmisión	Cojinetes de transmisión	Getriebelager	getriebelager	Getriebelager	Transmission bearings	transmission bearings	Transmission bearings
Transmisión > transmisión > Componentes eléctricos de la transmisión	category	electrical-transmission-components	Componentes eléctricos de la transmisión	componentes eléctricos de la transmisión	Componentes eléctricos de la transmisión	Elektrische Getriebeteile	elektrische getriebeteile	Elektrische Getriebeteile	Electrical transmission components	electrical transmission components	Electrical transmission components
Transmisión > transmisión > Volantes y componentes relacionados	category	flywheels-and-related-components	Volantes y componentes relacionados	volantes y componentes relacionados	Volantes de inercia y componentes asociados	Schwungräder und zugehörige Bauteile	schwungräder und zugehörige bauteile	Schwungräder und zugehörige Bauteile	Flywheels and related components	flywheels and related components	Flywheels and related components
Transmisión > Árbol de transmisión y diferencial > Árboles de transmisión y componentes asociados	category	driveshafts-and-related-components	Árboles de transmisión y componentes asociados	árboles de transmisión y componentes asociados	Árboles de transmisión y componentes asociados	Kardanwellen und zugehörige Bauteile	kardanwellen und zugehörige bauteile	Kardanwellen und zugehörige Bauteile	Driveshafts and related components	driveshafts and related components	Driveshafts and related components
Transmisión > Árbol de transmisión y diferencial > Aceites y fluidos	category	oils-and-fluids	Aceites y fluidos	aceites y fluidos	Aceites y fluidos	Öle und Flüssigkeiten	öle und flüssigkeiten	Öle und Flüssigkeiten	Oils and fluids	oils and fluids	Oils and fluids
Transmisión > Kits de reparación > Componentes del embrague	category	clutch-components	Componentes del embrague	componentes del embrague	Componentes del embrague	Kupplungsteile	kupplungsteile	Kupplungsteile	Clutch components	clutch components	Clutch components
Carrocería > Sistema de lavado de parabrisas > Limpiaparabrisas y componentes relacionados	category	wipers-and-related-components	Limpiaparabrisas y componentes relacionados	limpiaparabrisas|y|componentes|relacionados	Limpiaparabrisas y componentes relacionados	Scheibenwischer und zugehörige Bauteile	scheibenwischer|und|zugeh|rige|bauteile	Scheibenwischer und zugehörige Bauteile	Wipers and related components	wipers|and|related|components	Wipers and related components
Interior > Interior > Componentes del interior	category	interior-components	Componentes del interior						Interior components		
Interior > Interior > Cerraduras y componentes asociados	category	locks-and-related-components	Cerraduras y componentes asociados						Locks and related components		
Interior > Interior > Componentes eléctricos	category	electrical-components	Componentes eléctricos						Electrical components		
Interior > Interior > Componentes del sistema de iluminación y señalización	category	lighting-and-signaling-system-components	Componentes del sistema de iluminación y señalización						Lighting and signaling system components		
Carrocería > Sistema de lavado de parabrisas > Componentes del motor del limpiaparabrisas	category	wiper-motor-components	Componentes del motor del limpiaparabrisas	componentes|del|motor|limpiaparabrisas	Componentes del motor del limpiaparabrisas	Bauteile des Scheibenwischerantriebs	bauteile|des|scheibenwischerantriebs	Bauteile des Scheibenwischerantriebs	Wiper motor components	wiper|motor|components	Wiper motor components
Carrocería > Sistema de lavado de parabrisas > Componentes del sistema de lavado de parabrisas y luneta trasera	category	windshield-and-rear-window-washer-components	Componentes del sistema de lavado de parabrisas y luneta trasera	componentes|del|sistema|de|lavado|parabrisas|y|luneta|trasera	Componentes del sistema de lavado de parabrisas y luneta trasera	Bauteile der Windschutz- und Heckscheibenwaschanlage	bauteile|der|windschutz|und|heckscheibenwaschanlage	Bauteile der Windschutz- und Heckscheibenwaschanlage	Windshield and rear window washer components	windshield|and|rear|window|washer|components	Windshield and rear window washer components
Carrocería > Sistema de lavado de parabrisas > Componentes electrónicos del sistema de limpiaparabrisas	category	electronic-components-of-the-wiper-system	Componentes electrónicos del sistema de limpiaparabrisas	componentes|electr|nicos|del|sistema|de|limpiaparabrisas	Componentes electrónicos del sistema de limpiaparabrisas	Elektronische Bauteile der Scheibenwischanlage	elektronische|bauteile|der|scheibenwischanlage	Elektronische Bauteile der Scheibenwischanlage	Electronic components of the wiper system	electronic|components|of|the|wiper|system	Electronic components of the wiper system
Carrocería > Carrocería > Espejos retrovisores y componentes asociados	category	rearview-mirrors-and-related-components	Espejos retrovisores y componentes asociados	espejos|retrovisores|y|componentes|asociados	Espejos retrovisores y componentes asociados	Rückspiegel und zugehörige Bauteile	r|ckspiegel|und|zugeh|rige|bauteile	Rückspiegel und zugehörige Bauteile	Rearview mirrors and related components	rearview|mirrors|and|related|components	Rearview mirrors and related components
Carrocería > Carrocería > Guardabarros y componentes asociados	category	fenders-and-related-components	Guardabarros y componentes asociados	guardabarros|y|componentes|asociados	Guardabarros y componentes asociados	Kotflügel und zugehörige Bauteile	kotfl|gel|und|zugeh|rige|bauteile	Kotflügel und zugehörige Bauteile	Fenders and related components	fenders|and|related|components	Fenders and related components
Carrocería > Carrocería > Componentes del sistema de iluminación y señalización	category	lighting-and-signaling-system-components	Componentes del sistema de iluminación y señalización	componentes|del|sistema|de|iluminaci|n|y|se|alizaci	Componentes del sistema de iluminación y señalización	Bauteile der Beleuchtungs- und Signalanlage	bauteile|der|beleuchtungs|und|signalanlage	Bauteile der Beleuchtungs- und Signalanlage	Lighting and signaling system components	lighting|and|signaling|system|components	Lighting and signaling system components
Carrocería > Carrocería > Parachoques y componentes asociados	category	bumpers-and-related-components	Parachoques y componentes asociados	parachoques|y|componentes|asociados	Parachoques y componentes asociados	Stoßstangen und zugehörige Bauteile	sto|stangen|und|zugeh|rige|bauteile	Stoßstangen und zugehörige Bauteile	Bumpers and related components	bumpers|and|related|components	Bumpers and related components
Carrocería > Carrocería > Lámparas	category	bulbs	Lámparas	l|mparas	Lámparas	Glühlampen	gl|hlampen	Glühlampen	Bulbs	bulbs	Bulbs
Carrocería > Carrocería > Capó y componentes asociados	category	hoods-and-related-components	Capó y componentes asociados	cap|y|componentes|asociados	Capó y componentes asociados	Motorhauben und zugehörige Bauteile	motorhauben|und|zugeh|rige|bauteile	Motorhauben und zugehörige Bauteile	Hoods and related components	hoods|and|related|components	Hoods and related components
Carrocería > Carrocería > Puertas y componentes asociados	category	doors-and-related-components	Puertas y componentes asociados	puertas|y|componentes|asociados	Puertas y componentes asociados	Türen und zugehörige Bauteile	t|ren|und|zugeh|rige|bauteile	Türen und zugehörige Bauteile	Doors and related components	doors|and|related|components	Doors and related components
Carrocería > Carrocería > Depósitos de combustible y componentes asociados	category	fuel-tanks-and-related-components	Depósitos de combustible y componentes asociados	dep|sitos|de|combustible|y|componentes|asociados	Depósitos de combustible y componentes asociados	Kraftstofftanks und zugehörige Bauteile	kraftstofftanks|und|zugeh|rige|bauteile	Kraftstofftanks und zugehörige Bauteile	Fuel tanks and related components	fuel|tanks|and|related|components	Fuel tanks and related components
Carrocería > Carrocería > Componentes de la carrocería y sus piezas	category	body-parts-and-related-components	Componentes de la carrocería y sus piezas	componentes|de|la|carrocer|a|y|sus|piezas	Componentes de la carrocería y sus piezas	Karosserieteile und zugehörige Bauteile	karosserieteile|und|zugeh|rige|bauteile	Karosserieteile und zugehörige Bauteile	Body parts and related components	body|parts|and|related|components	Body parts and related components
clima > Calefacción y ventilación > Componentes del sistema de calefacción y ventilación	category	heating-and-ventilation-system-components	Componentes del sistema de calefacción y ventilación	componentes|del|sistema|de|calefacci|n|y|ventilaci	Componentes del sistema de calefacción y ventilación	Bauteile der Heizungs- und Lüftungsanlage	bauteile|der|heizungs|und|l|ftungsanlage	Bauteile der Heizungs- und Lüftungsanlage	Heating and ventilation system components	heating|and|ventilation|system|components	Heating and ventilation system components
Sistema de climatización > Aire acondicionado > Filtros de habitáculo y componentes asociados	category	cabin-filters-and-related-components	Filtros de habitáculo y componentes asociados	filtros|de|habit|culo|y|componentes|asociados	Filtros de habitáculo y componentes asociados	Innenraumfilter und zugehörige Bauteile	innenraumfilter|und|zugeh|rige|bauteile	Innenraumfilter und zugehörige Bauteile	Cabin filters and related components	cabin|filters|and|related|components	Cabin filters and related components
Sistema de climatización > Aire acondicionado > Intercambiadores de calor para sistemas de aire acondicionado y componentes asociados	category	heat-exchangers-for-ac-systems-and-related-components	Intercambiadores de calor para sistemas de aire acondicionado y componentes asociados	intercambiadores|de|calor|para|sistemas|aire|acondicionado|y|componentes|asociados	Intercambiadores de calor para sistemas de aire acondicionado y componentes asociados	Wärmetauscher für Klimaanlagen und zugehörige Bauteile	w|rmetauscher|f|r|klimaanlagen|und|zugeh|rige|bauteile	Wärmetauscher für Klimaanlagen und zugehörige Bauteile	Heat exchangers for AC systems and related components	heat|exchangers|for|ac|systems|and|related|components	Heat exchangers for AC systems and related components
Suspensión > Suspensión y brazos de control > Cuerpo del eje y componentes asociados	category	axle-body-and-related-components	Cuerpo del eje y componentes asociados	cuerpo del eje y componentes asociados	Cuerpo del eje y componentes asociados	Achskörper und zugehörige Bauteile	achskörper und zugehörige bauteile	Achskörper und zugehörige Bauteile	Axle body and related components	axle body and related components	Axle body and related components
Sistema de refrigeración > Refrigeración > Termostatos y componentes asociados	category	thermostats-and-related-components	Termostatos y componentes asociados	termostatos y componentes asociados	Termostatos y componentes asociados	Thermostate und zugehörige Bauteile	thermostate und zugehörige bauteile	Thermostate und zugehörige Bauteile	Thermostats and related components	thermostats and related components	Thermostats and related components
Sistema de refrigeración > Refrigeración > Radiador y componentes asociados	category	radiator-and-related-components	Radiador y componentes asociados	radiador y componentes asociados	Radiador y componentes asociados	Motorkühler und zugehörige Bauteile	motorkühler und zugehörige bauteile	Motorkühler und zugehörige Bauteile	Radiator and related components	radiator and related components	Radiator and related components
Sistema de refrigeración > Refrigeración > Refrigerante y productos asociados	category	coolant-and-related-products	Refrigerante y productos asociados	refrigerante y productos asociados	Refrigerante y productos asociados	Kühlmittel und zugehörige Produkte	kühlmittel und zugehörige produkte	Kühlmittel und zugehörige Produkte	Coolant and related products	coolant and related products	Coolant and related products
Sistema de refrigeración > Refrigeración > Sensores del sistema de refrigeración y componentes asociados	category	cooling-system-sensors-and-related-components	Sensores del sistema de refrigeración y componentes asociados		Sensores del sistema de refrigeración y componentes asociados	Kühlsensorsysteme und zugehörige Bauteile	kühlsensorsysteme und zugehörige bauteile	Kühlsensorsysteme und zugehörige Bauteile	Cooling system sensors and related components	cooling system sensors and related components	Cooling system sensors and related components
Sistema de refrigeración > Refrigeración > Ventilador del motor y componentes asociados	category	engine-fan-and-related-components	Ventilador del motor y componentes asociados	ventilador del motor y componentes asociados	Ventilador del motor y componentes asociados	Motorlüfter und zugehörige Bauteile	motorlüfter und zugehörige bauteile	Motorlüfter und zugehörige Bauteile	Engine fan and related components	engine fan and related components	Engine fan and related components
Sistema de refrigeración > Refrigeración > Enfriador de aceite y componentes asociados	category	oil-cooler-and-related-components	Enfriador de aceite y componentes asociados	enfriador de aceite y componentes asociados	Enfriador de aceite y componentes asociados	Ölkühler und zugehörige Bauteile	ölkühler und zugehörige bauteile	Ölkühler und zugehörige Bauteile	Oil cooler and related components	oil cooler and related components	Oil cooler and related components
Sistema de refrigeración > Refrigeración > Cuidado del automóvil	category	car-maintenance	Cuidado del automóvil	cuidado del automóvil	Cuidado del automóvil	Autopflege	autopflege	Autopflege	Car maintenance	car maintenance	Car maintenance
Aceites y líquidos > Aceites y líquidos > Aceites y líquidos	category	oils-and-fluids	Aceites y líquidos	aceites|y|l|quidos	Aceites y líquidos	Öle & Flüssigkeiten	le|fl|ssigkeiten	Öle & Flüssigkeiten	Oils and fluids	oils|and|fluids	Oils and fluids
Ruedas y neumáticos > Neumáticos y productos relacionados > Neumáticos y productos relacionados	category	tires-and-related-products	Neumáticos y productos relacionados	neum|ticos|y|productos|relacionados	Neumáticos y productos relacionados	Reifen und verwandte Produkte	reifen|und|verwandte|produkte	Reifen und verwandte Produkte	Tires and related products	tires|and|related|products	Tires and related products
Motor > Filtros > Componentes del sistema de aire acondicionado	category	air-conditioning-system-components	Componentes del sistema de aire acondicionado	componentes del sistema de aire acondicionado	Componentes del sistema de aire acondicionado	Bauteile der Klimaanlage	bauteile der klimaanlage	Bauteile der Klimaanlage	Air conditioning system components	air conditioning system components	Air conditioning system components
Motor > Filtros > Componentes del sistema de combustible	category	fuel-system-components	Componentes del sistema de combustible	componentes del sistema de combustible	Componentes del sistema de combustible	Bauteile des Kraftstoffsystems	bauteile des kraftstoffsystems	Bauteile des Kraftstoffsystems	Fuel system components	fuel system components	Fuel system components
Motor > Filtros > Componentes del motor	category	engine-components	Componentes del motor	componentes del motor	Componentes del motor	Motorteile	motorteile	Motorteile	Engine components	engine components	Engine components
Motor > Filtros > Herramientas	category	tools	Herramientas	herramientas	Herramientas	Werkzeuge	werkzeuge	Werkzeuge	Tools	tools	Tools
Motor > Filtros > Componentes de la transmisión	category	transmission-components	Componentes de la transmisión	componentes de la transmisión	Componentes de la transmisión	Getriebeteile	getriebeteile	Getriebeteile	Transmission components	transmission components	Transmission components
Motor > Filtros > Componentes del sistema de dirección	category	steering-system-components	Componentes del sistema de dirección	componentes del sistema de dirección	Componentes del sistema de dirección	Bauteile des Lenksystems	bauteile des lenksystems	Bauteile des Lenksystems	Steering system components	steering system components	Steering system components
Motor > Motor > Componentes eléctricos del motor	category	electrical-engine-components	Componentes eléctricos del motor	componentes eléctricos del motor	Componentes eléctricos del motor	Elektrische Bauteile des Motors	elektrische bauteile des motors	Elektrische Bauteile des Motors	Electrical engine components	electrical engine components	Electrical engine components
Motor > Motor > Sistema de lubricación del motor	category	engine-lubrication-system	Sistema de lubricación del motor	sistema de lubricación del motor	Sistema de lubricación del motor	Motorschmiersystem	motorschmiersystem	Motorschmiersystem	Engine lubrication system	engine lubrication system	Engine lubrication system
Motor > Motor > Componentes del control del motor	category	engine-control-components	Componentes del control del motor	componentes del control del motor	Componentes del control del motor	Bauteile der Motorsteuerung	bauteile der motorsteuerung	Bauteile der Motorsteuerung	Engine control components	engine control components	Engine control components
Motor > Motor > Componentes del sistema de transmisión auxiliar	category	auxiliary-drive-components	Componentes del sistema de transmisión auxiliar	componentes del sistema de transmisión auxiliar	Componentes del sistema de transmisión auxiliar	Bauteile des Nebenaggregateetriebs	bauteile des nebenaggregateetriebs	Bauteile des Nebenaggregateetriebs	Auxiliary drive components	auxiliary drive components	Auxiliary drive components
Motor > Motor > Culatas y sus componentes	category	cylinder-heads-and-related-components	Culatas y sus componentes	culatas y sus componentes	Culatas y sus componentes	Zylinderköpfe und zugehörige Bauteile	zylinderköpfe und zugehörige bauteile	Zylinderköpfe und zugehörige Bauteile	Cylinder heads and related components	cylinder heads and related components	Cylinder heads and related components
Motor > Motor > Componentes del sistema de enfriamiento del motor	category	engine-cooling-system-components	Componentes del sistema de enfriamiento del motor	componentes del sistema de enfriamiento del motor	Componentes del sistema de enfriamiento del motor	Bauteile des Motorkühlsystems	bauteile des motorkühlsystems	Bauteile des Motorkühlsystems	Engine cooling system components	engine cooling system components	Engine cooling system components
Motor > Motor > Componentes del sistema de encendido	category	ignition-system-components	Componentes del sistema de encendido	componentes del sistema de encendido	Componentes del sistema de encendido	Bauteile der Zündanlage	bauteile der zündanlage	Bauteile der Zündanlage	Ignition system components	ignition system components	Ignition system components
Motor > Motor > Componentes del sistema de admisión	category	intake-system-components	Componentes del sistema de admisión	componentes del sistema de admisión	Componentes del sistema de admisión	Bauteile des Ansaugsystems	bauteile des ansaugsystems	Bauteile des Ansaugsystems	Intake system components	intake system components	Intake system components
Motor > Motor > Componentes del sistema de suministro de combustible	category	fuel-supply-system-components	Componentes del sistema de suministro de combustible	componentes del sistema de suministro de combustible	Componentes del sistema de suministro de combustible	Bauteile der Kraftstoffversorgungsanlage	bauteile der kraftstoffversorgungsanlage	Bauteile der Kraftstoffversorgungsanlage	Fuel supply system components	fuel supply system components	Fuel supply system components
Motor > Motor > Herramientas para motores	category	engine-tools	Herramientas para motores	herramientas para motores	Herramientas para motores	Motorwerkzeuge	motorwerkzeuge	Motorwerkzeuge	Engine tools	engine tools	Engine tools
Motor > Correas, cadenas y poleas > Correa de distribución y componentes asociados	category	timing-belt-and-related-components	Correa de distribución y componentes asociados	correa de distribución y componentes asociados	Correa de distribución y componentes asociados	Zahnriemen und zugehörige Bauteile	zahnriemen und zugehörige bauteile	Zahnriemen und zugehörige Bauteile	Timing belt and related components	timing belt and related components	Timing belt and related components
Motor > Calefacción y ventilación > Componentes del sistema de calefacción y ventilación	category	heating-and-ventilation-system-components	Componentes del sistema de calefacción y ventilación	componentes del sistema de calefacción y ventilación	Componentes del sistema de calefacción y ventilación	Bauteile der Heizungs- und Lüftungsanlage	bauteile der heizungs- und lüftungsanlage	Bauteile der Heizungs- und Lüftungsanlage	Heating and ventilation system components	heating and ventilation system components	Heating and ventilation system components
Motor > Juntas y anillos de sellado > Juntas de colector de escape	category	exhaust-manifold-gaskets	Juntas de colector de escape	juntas de colector de escape	Juntas de colector de escape	Abgaskrümmerdichtungen	abgaskrümmerdichtungen	Abgaskrümmerdichtungen	Exhaust manifold gaskets	exhaust manifold gaskets	Exhaust manifold gaskets
Motor > Juntas y anillos de sellado > Juntas y anillos de sellado de culata	category	cylinder-head-gaskets-and-sealing-rings	Juntas y anillos de sellado de culata	juntas y anillos de sellado de culata	Juntas y anillos de sellado de culata	Zylinderkopfdichtungen und -dichtringe	zylinderkopfdichtungen und -dichtringe	Zylinderkopfdichtungen und -dichtringe	Cylinder head gaskets and sealing rings	cylinder head gaskets and sealing rings	Cylinder head gaskets and sealing rings
Motor > Juntas y anillos de sellado > Juntas y anillos de sellado del bloque motor	category	engine-block-gaskets-and-sealing-rings	Juntas y anillos de sellado del bloque motor	juntas y anillos de sellado del bloque motor	Juntas y anillos de sellado del bloque motor	Motorblockdichtungen und -dichtringe	motorblockdichtungen und -dichtringe	Motorblockdichtungen und -dichtringe	Engine block gaskets and sealing rings	engine block gaskets and sealing rings	Engine block gaskets and sealing rings
Motor > Juntas y anillos de sellado > Juntas y anillos de sellado del sistema de combustible	category	fuel-system-gaskets-and-sealing-rings	Juntas y anillos de sellado del sistema de combustible	juntas y anillos de sellado del sistema de combustible	Juntas y anillos de sellado del sistema de combustible	Kraftstoffsystemdichtungen und -dichtringe	kraftstoffsystemdichtungen und -dichtringe	Kraftstoffsystemdichtungen und -dichtringe	Fuel system gaskets and sealing rings	fuel system gaskets and sealing rings	Fuel system gaskets and sealing rings
Motor > Juntas y anillos de sellado > Juntas y anillos de sellado del sistema de lubricación	category	lubrication-system-gaskets-and-sealing-rings	Juntas y anillos de sellado del sistema de lubricación	juntas y anillos de sellado del sistema de lubricación	Juntas y anillos de sellado del sistema de lubricación	Schmiersystemdichtungen und -dichtringe	schmiersystemdichtungen und -dichtringe	Schmiersystemdichtungen und -dichtringe	Lubrication system gaskets and sealing rings	lubrication system gaskets and sealing rings	Lubrication system gaskets and sealing rings
Motor > Juntas y anillos de sellado > Juntas y anillos de sellado del sistema de refrigeración	category	cooling-system-gaskets-and-sealing-rings	Juntas y anillos de sellado del sistema de refrigeración		Juntas y anillos de sellado del sistema de refrigeración	Kühlsystemdichtungen und -dichtringe	kühlsystemdichtungen und -dichtringe	Kühlsystemdichtungen und -dichtringe	Cooling system gaskets and sealing rings	cooling system gaskets and sealing rings	Cooling system gaskets and sealing rings
Motor > Juntas y anillos de sellado > Juntas y anillos de sellado de la transmisión	category	transmission-gaskets-and-sealing-rings	Juntas y anillos de sellado de la transmisión	juntas y anillos de sellado de la transmisión	Juntas y anillos de sellado de la transmisión	Getriebedichtungen und -dichtringe	getriebedichtungen und -dichtringe	Getriebedichtungen und -dichtringe	Transmission gaskets and sealing rings	transmission gaskets and sealing rings	Transmission gaskets and sealing rings
Motor > Juntas y anillos de sellado > Listones de sellado	category	sealing-strips	Listones de sellado	listones de sellado	Listones de sellado	Dichtungsleisten	dichtungsleisten	Dichtungsleisten	Sealing strips	sealing strips	Sealing strips
Motor > Escape > Componentes del sistema de escape	category	exhaust-system-components	Componentes del sistema de escape	componentes del sistema de escape	Componentes del sistema de escape	Auspuffteile	auspuffteile	Auspuffteile	Exhaust system components	exhaust system components	Exhaust system components
Sistema de climatización > Tuberías y mangueras > Componentes del sistema de enfriamiento	category	cooling-system-components	Componentes del sistema de enfriamiento	componentes|del|sistema|de|enfriamiento	Componentes del sistema de enfriamiento	Bauteile der Kühlung	bauteile|der|k|hlung	Bauteile der Kühlung	Cooling system components	cooling|system|components	Cooling system components
Frenos > frenos > Pastillas de freno y componentes	category	zubehorsatz-scheibenbremsbelag	Pastillas de freno y componentes	pastillas de freno y componentes					Zubehörsatz, Scheibenbremsbelag	zubehörsatz scheibenbremsbelag	
Motor > Tuberías y mangueras > Componentes del sistema de combustible	category	fuel-system-components	Componentes del sistema de combustible	componentes del sistema de combustible	Componentes del sistema de combustible	Bauteile des Kraftstoffsystems	bauteile des kraftstoffsystems	Bauteile des Kraftstoffsystems	Fuel system components	fuel system components	Fuel system components
Frenos > frenos > Pastillas de freno y componentes relacionados	category	brakes-brakes-brakes-brake-pads-and-related-components	Pastillas de freno y componentes relacionados	pastillas de freno y componentes relacionados		Bremsbeläge und zugehörige Bauteile	bremsbeläge und zugehörige bauteile		Brake pads and related components	brake pads and related components	
Frenos > frenos > Discos de freno y componentes relacionados	category	brakes-brakes-brakes-brake-discs-and-related-components	Discos de freno y componentes relacionados	discos de freno y componentes relacionados		Bremsscheiben und zugehörige Bauteile	bremsscheiben und zugehörige bauteile		Brake discs and related components	brake discs and related components	
Frenos > frenos > Frenos de tambor y componentes relacionados	category	brakes-brakes-brakes-drum-brakes-and-related-components	Frenos de tambor y componentes relacionados	frenos de tambor y componentes relacionados		Trommelbremsen und zugehörige Bauteile	trommelbremsen und zugehörige bauteile		Drum brakes and related components	drum brakes and related components	
Frenos > frenos > Pinza de freno y componentes asociados	category	brakes-brakes-brakes-brake-caliper-and-associated-components	Pinza de freno y componentes asociados	pinza de freno y componentes asociados		Bremssattel und zugehörige Bauteile	bremssattel und zugehörige bauteile		Brake caliper and associated components	brake caliper and associated components	
Frenos > frenos > Frenos de mano y componentes relacionados	category	brakes-brakes-brakes-handbrakes-and-related-components	Frenos de mano y componentes relacionados	frenos de mano y componentes relacionados		Handbremsen und zugehörige Bauteile	handbremsen und zugehörige bauteile		Handbrakes and related components	handbrakes and related components	
Frenos > Kits de reparación > Componentes del freno	category	brakes-brakes-repair-kits-brake-components	Componentes del freno	componentes del freno		Bauteile der Bremsen	bauteile der bremsen		Brake components	brake components	
Frenos > Tuberías y mangueras > Componentes del freno	category	brakes-brakes-pipes-and-hoses-brake-components	Componentes del freno	componentes del freno		Bauteile der Bremsen	bauteile der bremsen		Brake components	brake components	
sistema eléctrico > sistema eléctrico > Componentes del sistema de arranque y carga	category	electrical-system-electrical-system-electrical-system-components-of-the-starting-and-charging-system	Componentes del sistema de arranque y carga	componentes del sistema de arranque y carga		Bauteile des Start- und Ladesystems	bauteile des start- und ladesystems		Components of the starting and charging system	components of the starting and charging system	
sistema eléctrico > sistema eléctrico > Componentes del sistema de iluminación y señalización	category	electrical-system-electrical-system-electrical-system-components-of-the-lighting-and-signaling-system	Componentes del sistema de iluminación y señalización	componentes del sistema de iluminación y señalización		Bauteile der Beleuchtungs- und Signalanlage	bauteile der beleuchtungs- und signalanlage		Components of the lighting and signaling system	components of the lighting and signaling system	
Frenos > frenos > Pastillas de freno y componentes	category	brake-pads-and-related-parts	Pastillas de freno y componentes	pastillas de freno y componentes	Pastillas de freno y componentes	Bremsbeläge und zugehörige Bauteile	bremsbeläge und zugehörige bauteile	Bremsbeläge und zugehörige Bauteile	Brake pads and related parts	brake pads and related parts	Brake pads and related parts
Frenos > frenos > Pastillas de freno y componentes	category	zubeh-rsatz-scheibenbremsbelag	Pastillas de freno y componentes	pastillas de freno y componentes	Pastillas de freno y componentes	Bremsbeläge und zugehörige Bauteile	bremsbeläge und zugehörige bauteile	Bremsbeläge und zugehörige Bauteile	Zubehörsatz, Scheibenbremsbelag	zubehörsatz scheibenbremsbelag	Zubehörsatz, Scheibenbremsbelag
Frenos > frenos > Frenos de tambor y componentes	category	zubeh-rsatz-bremsbacken	Frenos de tambor y componentes	frenos de tambor y componentes	Frenos de tambor y componentes	Trommelbremsen und zugehörige Bauteile	trommelbremsen und zugehörige bauteile	Trommelbremsen und zugehörige Bauteile	Zubehörsatz, Bremsbacken	zubehörsatz bremsbacken	Zubehörsatz, Bremsbacken
Sistema eléctrico > Electricidad > Componentes del sistema de iluminación y señalización	category	lighting-and-signaling-system-components	Componentes del sistema de iluminación y señalización	componentes del sistema de iluminación y señalización	Componentes del sistema de iluminación y señalización	Bauteile der Beleuchtungs- und Signalanlage	bauteile der beleuchtungs- und signalanlage	Bauteile der Beleuchtungs- und Signalanlage	Lighting and signaling system components	lighting and signaling system components	Lighting and signaling system components
Suspensión > Suspensión y brazos de control > Soportes de motor y transmisión	category	engine-and-transmission-mounts	Soportes de motor y transmisión	soportes de motor y transmisión	Soportes de motor y transmisión	Motor- und Getriebelager	motor- und getriebelager	Motor- und Getriebelager	Engine and transmission mounts	engine and transmission mounts	Engine and transmission mounts
Suspensión > suspensión > Amortiguadores, muelles helicoidales, ballestas y componentes relacionados	category	shock-absorbers-coil-springs-leaf-springs-and-related-components	Amortiguadores, muelles helicoidales, ballestas y componentes relacionados		Amortiguadores, resortes helicoidales, ballestas y componentes relacionados	Stoßdämpfer, Schraubenfedern, Blattfedern und zugehörige Bauteile		Stoßdämpfer, Schraubenfedern, Blattfedern und zugehörige Bauteile	Shock absorbers, coil springs, leaf springs and related components		Shock absorbers, coil springs, leaf springs and related components
innenraum > Interior > Componentes del interior	category	interior-components	Componentes del interior	componentes|del|interior	Componentes del interior	Innenraumteile	innenraumteile	Innenraumteile	Interior components	interior|components	Interior components
innenraum > Interior > Cerraduras y componentes asociados	category	locks-and-related-components	Cerraduras y componentes asociados	cerraduras|y|componentes|asociados	Cerraduras y componentes asociados	Schlösser und zugehörige Bauteile	schl|sser|und|zugeh|rige|bauteile	Schlösser und zugehörige Bauteile	Locks and related components	locks|and|related|components	Locks and related components
innenraum > Interior > Componentes eléctricos	category	electrical-components	Componentes eléctricos	componentes|el|ctricos	Componentes eléctricos	Elektrische Bauteile	elektrische|bauteile	Elektrische Bauteile	Electrical components	electrical|components	Electrical components
innenraum > Interior > Componentes del sistema de iluminación y señalización	category	lighting-and-signaling-system-components	Componentes del sistema de iluminación y señalización	componentes|del|sistema|de|iluminaci|n|y|se|alizaci	Componentes del sistema de iluminación y señalización	Bauteile der Beleuchtungs- und Signalanlage	bauteile|der|beleuchtungs|und|signalanlage	Bauteile der Beleuchtungs- und Signalanlage	Lighting and signaling system components	lighting|and|signaling|system|components	Lighting and signaling system components
Sistema de climatización > Aire acondicionado > Compresores para sistemas de aire acondicionado y componentes asociados	category	compressors-for-ac-systems-and-related-components	Compresores para sistemas de aire acondicionado y componentes asociados	compresores|para|sistemas|de|aire|acondicionado|y|componentes|asociados	Compresores para sistemas de aire acondicionado y componentes asociados	Kompressoren für Klimaanlagen und zugehörige Bauteile	kompressoren|f|r|klimaanlagen|und|zugeh|rige|bauteile	Kompressoren für Klimaanlagen und zugehörige Bauteile	Compressors for AC systems and related components	compressors|for|ac|systems|and|related|components	Compressors for AC systems and related components
Motor > Sistema de encendido y bujías de precalentamiento > Componentes del sistema de encendido y bujías de precalentamiento	category	ignition-and-glow-plug-system-components	Componentes del sistema de encendido y bujías de precalentamiento		Componentes del sistema de encendido y bujías de precalentamiento	Bauteile der Zünd- und Glühkerzenanlage	bauteile der zünd- und glühkerzenanlage	Bauteile der Zünd- und Glühkerzenanlage	Ignition and glow plug system components	ignition and glow plug system components	Ignition and glow plug system components
Motor > Escape > Colectores de escape y componentes asociados	category	exhaust-manifolds-and-related-components	Colectores de escape y componentes asociados	colectores de escape y componentes asociados	Colectores de escape y componentes asociados	Abgaskrümmer und zugehörige Bauteile	abgaskrümmer und zugehörige bauteile	Abgaskrümmer und zugehörige Bauteile	Exhaust manifolds and related components	exhaust manifolds and related components	Exhaust manifolds and related components
Motor > Sistema de combustible > Filtro de combustible y componentes asociados	category	fuel-filter-and-related-components	Filtro de combustible y componentes asociados	filtro de combustible y componentes asociados	Filtro de combustible y componentes asociados	Kraftstofffilter und zugehörige Bauteile	kraftstofffilter und zugehörige bauteile	Kraftstofffilter und zugehörige Bauteile	Fuel filter and related components	fuel filter and related components	Fuel filter and related components
Motor > Sistema de combustible > Componentes del sistema de suministro de combustible	category	fuel-supply-system-components	Componentes del sistema de suministro de combustible	componentes del sistema de suministro de combustible	Componentes del sistema de suministro de combustible	Bauteile der Kraftstoffversorgungsanlage	bauteile der kraftstoffversorgungsanlage	Bauteile der Kraftstoffversorgungsanlage	Fuel supply system components	fuel supply system components	Fuel supply system components
Motor > Sistema de combustible > Componentes del sistema de inyección de combustible	category	fuel-injection-system-components	Componentes del sistema de inyección de combustible	componentes del sistema de inyección de combustible	Componentes del sistema de inyección de combustible	Bauteile der Kraftstoffeinspritzung	bauteile der kraftstoffeinspritzung	Bauteile der Kraftstoffeinspritzung	Fuel injection system components	fuel injection system components	Fuel injection system components
Motor > Sistema de combustible > Componentes del sistema de combustible	category	fuel-system-components	Componentes del sistema de combustible	componentes del sistema de combustible	Componentes del sistema de combustible	Bauteile des Kraftstoffsystems	bauteile des kraftstoffsystems	Bauteile des Kraftstoffsystems	Fuel system components	fuel system components	Fuel system components
Motor > Sistema de combustible > Componentes del sistema de admisión	category	intake-system-components	Componentes del sistema de admisión	componentes del sistema de admisión	Componentes del sistema de admisión	Bauteile des Ansaugsystems	bauteile des ansaugsystems	Bauteile des Ansaugsystems	Intake system components	intake system components	Intake system components
Motor > Sistema de combustible > Depósitos de combustible y componentes asociados	category	fuel-tanks-and-related-components	Depósitos de combustible y componentes asociados	depósitos de combustible y componentes asociados	Depósitos de combustible y componentes asociados	Kraftstofftanks und zugehörige Bauteile	kraftstofftanks und zugehörige bauteile	Kraftstofftanks und zugehörige Bauteile	Fuel tanks and related components	fuel tanks and related components	Fuel tanks and related components
Motor > Ejes de transmisión y juntas > Juntas homocinéticas y componentes asociados	category	constant-velocity-joints-and-related-components	Juntas homocinéticas y componentes asociados	juntas homocinéticas y componentes asociados	Juntas homocinéticas y componentes asociados	Gleichlaufgelenke und zugehörige Bauteile	gleichlaufgelenke und zugehörige bauteile	Gleichlaufgelenke und zugehörige Bauteile	Constant velocity joints and related components	constant velocity joints and related components	Constant velocity joints and related components
Motor > Kits de reparación > Componentes del sistema de combustible	category	fuel-system-components	Componentes del sistema de combustible	componentes del sistema de combustible	Componentes del sistema de combustible	Bauteile des Kraftstoffsystems	bauteile des kraftstoffsystems	Bauteile des Kraftstoffsystems	Fuel system components	fuel system components	Fuel system components
sistema eléctrico > sistema eléctrico > bombillas incandescentes	category	electrical-system-electrical-system-electrical-system-incandescent-light-bulbs	bombillas incandescentes	bombillas incandescentes		Glühlampen	glühlampen		Incandescent light bulbs	incandescent light bulbs	
sistema eléctrico > sistema eléctrico > Componentes del freno	category	electrical-system-electrical-system-electrical-system-brake-components	Componentes del freno	componentes del freno		Bauteile der Bremsen	bauteile der bremsen		Brake components	brake components	
sistema eléctrico > sistema eléctrico > Componentes del sistema de encendido	category	electrical-system-electrical-system-electrical-system-components-of-the-ignition-system	Componentes del sistema de encendido	componentes del sistema de encendido		Bauteile der Zündanlage	bauteile der zündanlage		Components of the ignition system	components of the ignition system	
sistema eléctrico > sistema eléctrico > Componentes de refrigeración	category	electrical-system-electrical-system-electrical-system-cooling-components	Componentes de refrigeración	componentes de refrigeración		Bauteile der Kühlung	bauteile der kühlung		Cooling components	cooling components	
sistema eléctrico > sistema eléctrico > Componentes de la carrocería y sistema de confort	category	electrical-system-electrical-system-electrical-system-body-components-and-comfort-system	Componentes de la carrocería y sistema de confort	componentes de la carrocería y sistema de confort		Bauteile der Karosserie und des Komfortsystems	bauteile der karosserie und des komfortsystems		Body components and comfort system	body components and comfort system	
sistema eléctrico > sistema eléctrico > Componentes del sistema de lubricación	category	electrical-system-electrical-system-electrical-system-components-of-the-lubrication-system	Componentes del sistema de lubricación	componentes del sistema de lubricación		Bauteile des Schmiersystems	bauteile des schmiersystems		Components of the lubrication system	components of the lubrication system	
sistema eléctrico > Unidades de control, sensores, relés > Componentes de refrigeración	category	electrical-system-electrical-system-control-units-sensors-relays-cooling-components	Componentes de refrigeración	componentes de refrigeración		Bauteile der Kühlung	bauteile der kühlung		Cooling components	cooling components	
sistema eléctrico > Unidades de control, sensores, relés > Componentes del freno	category	electrical-system-electrical-system-control-units-sensors-relays-brake-components	Componentes del freno	componentes del freno		Bauteile der Bremsen	bauteile der bremsen		Brake components	brake components	
sistema eléctrico > Unidades de control, sensores, relés > Componentes del sistema de encendido	category	electrical-system-electrical-system-control-units-sensors-relays-components-of-the-ignition-system	Componentes del sistema de encendido	componentes del sistema de encendido		Bauteile der Zündanlage	bauteile der zündanlage		Components of the ignition system	components of the ignition system	
sistema eléctrico > Unidades de control, sensores, relés > Componentes del sistema de lubricación	category	electrical-system-electrical-system-control-units-sensors-relays-components-of-the-lubrication-system	Componentes del sistema de lubricación	componentes del sistema de lubricación		Bauteile des Schmiersystems	bauteile des schmiersystems		Components of the lubrication system	components of the lubrication system	
sistema eléctrico > Unidades de control, sensores, relés > Alternadores y componentes relacionados	category	electrical-system-electrical-system-control-units-sensors-relays-alternators-and-related-components	Alternadores y componentes relacionados	alternadores y componentes relacionados		Lichtmaschinen und zugehörige Bauteile	lichtmaschinen und zugehörige bauteile		Alternators and related components	alternators and related components	
sistema eléctrico > Unidades de control, sensores, relés > Componentes del sistema de iluminación y señalización	category	electrical-system-electrical-system-control-units-sensors-relays-components-of-the-lighting-and-signaling-system	Componentes del sistema de iluminación y señalización	componentes del sistema de iluminación y señalización		Bauteile der Beleuchtungs- und Signalanlage	bauteile der beleuchtungs- und signalanlage		Components of the lighting and signaling system	components of the lighting and signaling system	
sistema eléctrico > Unidades de control, sensores, relés > Componentes eléctricos	category	electrical-system-electrical-system-control-units-sensors-relays-electrical-components	Componentes eléctricos	componentes eléctricos		Elektrische Bauteile	elektrische bauteile		Electrical components	electrical components	
sistema eléctrico > Unidades de control, sensores, relés > Motor de arranque y componentes asociados	category	electrical-system-electrical-system-control-units-sensors-relays-starter-motor-and-associated-components	Motor de arranque y componentes asociados	motor de arranque y componentes asociados		Anlasser und zugehörige Bauteile	anlasser und zugehörige bauteile		Starter motor and associated components	starter motor and associated components	
sistema eléctrico > Kits de reparación > Componentes eléctricos	category	electrical-system-electrical-system-repair-kits-electrical-components	Componentes eléctricos	componentes eléctricos		Elektrische Bauteile	elektrische bauteile		Electrical components	electrical components	
Chasis y dirección > gobierno > Extremos de barra de acoplamiento y componentes asociados	category	chassis-and-steering-chassis-and-steering-steering-tie-rod-ends-and-associated-components	Extremos de barra de acoplamiento y componentes asociados			Spurstangenköpfe und zugehörige Bauteile	spurstangenköpfe und zugehörige bauteile		Tie rod ends and associated components	tie rod ends and associated components	
Chasis y dirección > gobierno > Barras de acoplamiento, barras de dirección y componentes relacionados	category	chassis-and-steering-chassis-and-steering-steering-tie-rods-steering-rods-and-related-components	Barras de acoplamiento, barras de dirección y componentes relacionados			Spurstangen, Lenkstangen und zugehörige Bauteile	spurstangen lenkstangen und zugehörige bauteile		Tie rods, steering rods and related components	tie rods steering rods and related components	
Chasis y dirección > gobierno > Bombas de dirección asistida y componentes relacionados	category	chassis-and-steering-chassis-and-steering-steering-power-steering-pumps-and-related-components	Bombas de dirección asistida y componentes relacionados	bombas de dirección asistida y componentes relacionados		Servopumpen und zugehörige Bauteile	servopumpen und zugehörige bauteile		Power steering pumps and related components	power steering pumps and related components	
Chasis y dirección > gobierno > Componentes de dirección	category	chassis-and-steering-chassis-and-steering-steering-steering-components	Componentes de dirección	componentes de dirección		Lenkungsteile	lenkungsteile		Steering components	steering components	
Chasis y dirección > Enganche de remolque y accesorios > Enganches de remolque y componentes relacionados	category	chassis-and-steering-chassis-and-steering-towbar-and-accessories-trailer-hitches-and-related-components	Enganches de remolque y componentes relacionados	enganches de remolque y componentes relacionados		Anhängerkupplungen und zugehörige Bauteile	anhängerkupplungen und zugehörige bauteile		Trailer hitches and related components	trailer hitches and related components	
Chasis y dirección > Almacenamiento > Piezas de suspensión	category	chassis-and-steering-chassis-and-steering-storage-suspension-parts	Piezas de suspensión	piezas de suspensión		Aufhängungsteile	aufhängungsteile		Suspension parts	suspension parts	
Chasis y dirección > Almacenamiento > Piezas del embrague	category	chassis-and-steering-chassis-and-steering-storage-clutch-parts	Piezas del embrague	piezas del embrague		Kupplungsteile	kupplungsteile		Clutch parts	clutch parts	
Chasis y dirección > Almacenamiento > Piezas del motor	category	chassis-and-steering-chassis-and-steering-storage-engine-parts	Piezas del motor	piezas del motor		Motorteile	motorteile		Engine parts	engine parts	
Chasis y dirección > Kits de reparación > Componentes del sistema de dirección	category	chassis-and-steering-chassis-and-steering-repair-kits-components-of-the-steering-system	Componentes del sistema de dirección	componentes del sistema de dirección		Bauteile des Lenksystems	bauteile des lenksystems		Components of the steering system	components of the steering system	
Suspensión > Suspensión de ruedas y manillar > Cojinetes de rueda y componentes relacionados	category	suspension-suspension-wheel-suspension-handlebars-wheel-bearings-and-related-components	Cojinetes de rueda y componentes relacionados	cojinetes de rueda y componentes relacionados		Radlager und zugehörige Bauteile	radlager und zugehörige bauteile		Wheel bearings and related components	wheel bearings and related components	
Suspensión > Suspensión de ruedas y manillar > Rótulas y componentes relacionados	category	suspension-suspension-wheel-suspension-handlebars-ball-joints-and-related-components	Rótulas y componentes relacionados	rótulas y componentes relacionados		Kugelgelenke und zugehörige Bauteile	kugelgelenke und zugehörige bauteile		Ball joints and related components	ball joints and related components	
Suspensión > Suspensión de ruedas y manillar > Componentes de dirección	category	suspension-suspension-wheel-suspension-handlebars-steering-components	Componentes de dirección	componentes de dirección		Lenkungsteile	lenkungsteile		Steering components	steering components	
Suspensión > Suspensión de ruedas y manillar > Piezas de montaje de ruedas	category	suspension-suspension-wheel-suspension-handlebars-wheel-mounting-parts	Piezas de montaje de ruedas	piezas de montaje de ruedas		Radbefestigungsteile	radbefestigungsteile		Wheel mounting parts	wheel mounting parts	
Suspensión > Suspensión de ruedas y manillar > Soportes de motor y transmisión	category	suspension-suspension-wheel-suspension-handlebars-engine-and-transmission-mounts	Soportes de motor y transmisión	soportes de motor y transmisión		Motor- und Getriebelager	motor- und getriebelager		Engine and transmission mounts	engine and transmission mounts	
Suspensión > Suspensión de ruedas y manillar > Cuerpo del eje y componentes asociados	category	suspension-suspension-wheel-suspension-handlebars-axle-body-and-associated-components	Cuerpo del eje y componentes asociados	cuerpo del eje y componentes asociados		Achskörper und zugehörige Bauteile	achskörper und zugehörige bauteile		Axle body and associated components	axle body and associated components	
Suspensión > Suspensión de ruedas y manillar > Componentes del sistema ABS	category	suspension-suspension-wheel-suspension-handlebars-abs-system-components	Componentes del sistema ABS	componentes del sistema abs		ABS-Systemteile	abs-systemteile		ABS system components	abs system components	
Suspensión > Suspensión de ruedas y manillar > Elementos de amortiguación	category	suspension-suspension-wheel-suspension-handlebars-damping-elements	Elementos de amortiguación	elementos de amortiguación		Dämpfungselemente	dämpfungselemente		Damping elements	damping elements	
Suspensión > Suspensión de ruedas y manillar > Muñón de dirección y componentes asociados	category	suspension-suspension-wheel-suspension-handlebars-steering-knuckle-and-associated-components	Muñón de dirección y componentes asociados	muñón de dirección y componentes asociados		Achsschenkel und zugehörige Bauteile	achsschenkel und zugehörige bauteile		Steering knuckle and associated components	steering knuckle and associated components	
Suspensión > Suspensión de ruedas y manillar > Componentes eléctricos	category	suspension-suspension-wheel-suspension-handlebars-electrical-components	Componentes eléctricos	componentes eléctricos		Elektrische Bauteile	elektrische bauteile		Electrical components	electrical components	
Suspensión > suspensión > Amortiguadores, muelles helicoidales, ballestas y componentes relacionados	category	suspension-suspension-suspension-shock-absorbers-coil-springs-leaf-springs-and-related-components	Amortiguadores, muelles helicoidales, ballestas y componentes relacionados			Stoßdämpfer, Schraubenfedern, Blattfedern und zugehörige Bauteile			Shock absorbers, coil springs, leaf springs and related components		
Transmisión > Embrague/accesorios > Kits de embrague y componentes relacionados	category	transmission-transmission-clutch-attachments-clutch-kits-and-related-components	Kits de embrague y componentes relacionados	kits de embrague y componentes relacionados		Kupplungssätze und zugehörige Bauteile	kupplungssätze und zugehörige bauteile		Clutch kits and related components	clutch kits and related components	
Transmisión > Embrague/accesorios > Componentes del mecanismo de liberación del embrague	category	transmission-transmission-clutch-attachments-components-of-the-clutch-release-mechanism	Componentes del mecanismo de liberación del embrague	componentes del mecanismo de liberación del embrague		Bauteile des Kupplungsausrückmechanismus	bauteile des kupplungsausrückmechanismus		Components of the clutch release mechanism	components of the clutch release mechanism	
Transmisión > Embrague/accesorios > Volantes y componentes relacionados	category	transmission-transmission-clutch-attachments-flywheels-and-related-components	Volantes y componentes relacionados	volantes y componentes relacionados		Schwungräder und zugehörige Bauteile	schwungräder und zugehörige bauteile		Flywheels and related components	flywheels and related components	
Transmisión > Embrague/accesorios > Herramientas	category	transmission-transmission-clutch-attachments-tools	Herramientas	herramientas		Werkzeuge	werkzeuge		Tools	tools	
Transmisión > Embrague/accesorios > Cuidado del coche	category	transmission-transmission-clutch-attachments-car-care	Cuidado del coche	cuidado del coche		Autopflege	autopflege		Car care	car care	
Transmisión > transmisión > Productos para la lubricación de cajas de cambios	category	transmission-transmission-transmission-products-for-gearbox-lubrication	Productos para la lubricación de cajas de cambios	productos para la lubricación de cajas de cambios		Produkte für die Getriebeschmierung	produkte für die getriebeschmierung		Products for gearbox lubrication	products for gearbox lubrication	
Transmisión > transmisión > cojinete de caja de cambios	category	transmission-transmission-transmission-gearbox-bearing	cojinete de caja de cambios	cojinete de caja de cambios		Getriebelager	getriebelager		gearbox bearing	gearbox bearing	
Transmisión > transmisión > Piezas de transmisión eléctrica	category	transmission-transmission-transmission-electrical-transmission-parts	Piezas de transmisión eléctrica	piezas de transmisión eléctrica		Elektrische Getriebeteile	elektrische getriebeteile		Electrical transmission parts	electrical transmission parts	
Transmisión > transmisión > Volantes y componentes relacionados	category	transmission-transmission-transmission-flywheels-and-related-components	Volantes y componentes relacionados	volantes y componentes relacionados		Schwungräder und zugehörige Bauteile	schwungräder und zugehörige bauteile		Flywheels and related components	flywheels and related components	
Transmisión > Ejes cardán y diferencial > Ejes cardán y componentes relacionados	category	transmission-transmission-cardan-shafts-differential-cardan-shafts-and-related-components	Ejes cardán y componentes relacionados	ejes cardán y componentes relacionados		Kardanwellen und zugehörige Bauteile	kardanwellen und zugehörige bauteile		Cardan shafts and related components	cardan shafts and related components	
Transmisión > Ejes cardán y diferencial > Aceites y líquidos	category	transmission-transmission-cardan-shafts-differential-oils-and-liquids	Aceites y líquidos	aceites y líquidos		Öle und Flüssigkeiten	öle und flüssigkeiten		Oils and liquids	oils and liquids	
Transmisión > Kits de reparación > Piezas del embrague	category	transmission-transmission-repair-kits-clutch-parts	Piezas del embrague	piezas del embrague		Kupplungsteile	kupplungsteile		Clutch parts	clutch parts	
Interior > interior-interior > Partes interiores	category	interior-interior-interior-interior-parts	Partes interiores			Innenraumteile			Interior parts		
Interior > interior-interior > Cerraduras y componentes relacionados	category	interior-interior-interior-locks-and-related-components	Cerraduras y componentes relacionados			Schlösser und zugehörige Bauteile			Locks and related components		
Interior > interior-interior > Componentes eléctricos	category	interior-interior-interior-electrical-components	Componentes eléctricos			Elektrische Bauteile			Electrical components		
Interior > interior-interior > Componentes del sistema de iluminación y señalización	category	interior-interior-interior-components-of-the-lighting-and-signaling-system	Componentes del sistema de iluminación y señalización			Bauteile der Beleuchtungs- und Signalanlage			Components of the lighting and signaling system		
Carrocería > Sistema lavaparabrisas > Limpiaparabrisas y componentes relacionados	category	body-body-windscreen-washer-system-windscreen-wipers-and-related-components	Limpiaparabrisas y componentes relacionados			Scheibenwischer und zugehörige Bauteile			Windscreen wipers and related components		
Carrocería > Sistema lavaparabrisas > Componentes del accionamiento del limpiaparabrisas	category	body-body-windscreen-washer-system-components-of-the-windshield-wiper-drive	Componentes del accionamiento del limpiaparabrisas			Bauteile des Scheibenwischerantriebs			Components of the windshield wiper drive		
Carrocería > Sistema lavaparabrisas > Componentes del sistema lavaparabrisas y lavaparabrisas trasero	category	body-body-windscreen-washer-system-components-of-the-windshield-and-rear-window-washer-system	Componentes del sistema lavaparabrisas y lavaparabrisas trasero			Bauteile der Windschutz- und Heckscheibenwaschanlage			Components of the windshield and rear window washer system		
Carrocería > Sistema lavaparabrisas > Componentes electrónicos del sistema limpiaparabrisas	category	body-body-windscreen-washer-system-electronic-components-of-the-windshield-wiper-system	Componentes electrónicos del sistema limpiaparabrisas			Elektronische Bauteile der Scheibenwischanlage			Electronic components of the windshield wiper system		
Carrocería > cuerpo > Espejos retrovisores y componentes relacionados	category	body-body-body-rearview-mirrors-and-related-components	Espejos retrovisores y componentes relacionados			Rückspiegel und zugehörige Bauteile			Rearview mirrors and related components		
Carrocería > cuerpo > guardabarros y componentes asociados	category	body-body-body-mudguards-and-associated-components	guardabarros y componentes asociados			Kotflügel und zugehörige Bauteile			mudguards and associated components		
Carrocería > cuerpo > Componentes del sistema de iluminación y señalización	category	body-body-body-components-of-the-lighting-and-signaling-system	Componentes del sistema de iluminación y señalización			Bauteile der Beleuchtungs- und Signalanlage			Components of the lighting and signaling system		
Carrocería > cuerpo > Parachoques y componentes relacionados	category	body-body-body-bumpers-and-related-components	Parachoques y componentes relacionados			Stoßstangen und zugehörige Bauteile			Bumpers and related components		
Carrocería > cuerpo > bombillas incandescentes	category	body-body-body-incandescent-light-bulbs	bombillas incandescentes			Glühlampen			Incandescent light bulbs		
Carrocería > cuerpo > Campanas y componentes relacionados	category	body-body-body-hoods-and-related-components	Campanas y componentes relacionados			Motorhauben und zugehörige Bauteile			Hoods and related components		
Carrocería > cuerpo > Puertas y componentes relacionados	category	body-body-body-doors-and-related-components	Puertas y componentes relacionados			Türen und zugehörige Bauteile			Doors and related components		
Carrocería > cuerpo > Tanques de combustible y componentes asociados	category	body-body-body-fuel-tanks-and-associated-components	Tanques de combustible y componentes asociados			Kraftstofftanks und zugehörige Bauteile			Fuel tanks and associated components		
Carrocería > cuerpo > Partes del cuerpo y componentes relacionados	category	body-body-body-body-parts-and-related-components	Partes del cuerpo y componentes relacionados			Karosserieteile und zugehörige Bauteile			Body parts and related components		
clima > Calefacción y ventilación > Componentes del sistema de calefacción y ventilación	category	climate-climate-heating-and-ventilation-components-of-the-heating-and-ventilation-system	Componentes del sistema de calefacción y ventilación			Bauteile der Heizungs- und Lüftungsanlage			Components of the heating and ventilation system		
Sistemas climáticos > aire acondicionado > Filtros de aire de cabina y componentes relacionados	category	climate-systems-climate-systems-air-conditioning-cabin-air-filters-and-related-components	Filtros de aire de cabina y componentes relacionados			Innenraumfilter und zugehörige Bauteile			Cabin air filters and related components		
Sistemas climáticos > aire acondicionado > Intercambiadores de calor para sistemas de aire acondicionado y componentes relacionados	category	climate-systems-climate-systems-air-conditioning-heat-exchangers-for-air-conditioning-systems-and-related-components	Intercambiadores de calor para sistemas de aire acondicionado y componentes relacionados			Wärmetauscher für Klimaanlagen und zugehörige Bauteile			Heat exchangers for air conditioning systems and related components		
Sistemas climáticos > aire acondicionado > Compresores para sistemas de aire acondicionado y componentes relacionados	category	climate-systems-climate-systems-air-conditioning-compressors-for-air-conditioning-systems-and-related-components	Compresores para sistemas de aire acondicionado y componentes relacionados			Kompressoren für Klimaanlagen und zugehörige Bauteile			Compressors for air conditioning systems and related components		
Sistemas climáticos > Tuberías y mangueras > Componentes de refrigeración	category	climate-systems-climate-systems-pipes-and-hoses-cooling-components	Componentes de refrigeración			Bauteile der Kühlung			Cooling components		
enfriamiento > enfriamiento > Termostatos y componentes relacionados	category	cooling-cooling-cooling-thermostats-and-related-components	Termostatos y componentes relacionados	termostatos y componentes relacionados		Thermostate und zugehörige Bauteile	thermostate und zugehörige bauteile		Thermostats and related components	thermostats and related components	
enfriamiento > enfriamiento > Radiador del motor y componentes relacionados	category	cooling-cooling-cooling-engine-radiator-and-related-components	Radiador del motor y componentes relacionados	radiador del motor y componentes relacionados		Motorkühler und zugehörige Bauteile	motorkühler und zugehörige bauteile		Engine radiator and related components	engine radiator and related components	
enfriamiento > enfriamiento > Refrigerantes y productos relacionados	category	cooling-cooling-cooling-refrigerants-and-related-products	Refrigerantes y productos relacionados	refrigerantes y productos relacionados		Kühlmittel und zugehörige Produkte	kühlmittel und zugehörige produkte		Refrigerants and related products	refrigerants and related products	
enfriamiento > enfriamiento > Sistemas de sensores de refrigeración y componentes relacionados	category	cooling-cooling-cooling-cooling-sensor-systems-and-related-components	Sistemas de sensores de refrigeración y componentes relacionados			Kühlsensorsysteme und zugehörige Bauteile	kühlsensorsysteme und zugehörige bauteile		Cooling sensor systems and related components	cooling sensor systems and related components	
enfriamiento > enfriamiento > Ventilador del motor y componentes asociados	category	cooling-cooling-cooling-engine-fan-and-associated-components	Ventilador del motor y componentes asociados	ventilador del motor y componentes asociados		Motorlüfter und zugehörige Bauteile	motorlüfter und zugehörige bauteile		Engine fan and associated components	engine fan and associated components	
enfriamiento > enfriamiento > Enfriador de aceite y componentes relacionados	category	cooling-cooling-cooling-oil-cooler-and-related-components	Enfriador de aceite y componentes relacionados	enfriador de aceite y componentes relacionados		Ölkühler und zugehörige Bauteile	ölkühler und zugehörige bauteile		Oil cooler and related components	oil cooler and related components	
enfriamiento > enfriamiento > Cuidado del coche	category	cooling-cooling-cooling-car-care	Cuidado del coche	cuidado del coche		Autopflege	autopflege		Car care	car care	
Aceites y líquidos > Aceites y líquidos > Aceites y líquidos	category	oils-liquids-oils-liquids-oils-liquids-oils-liquids	Aceites y líquidos			Öle & Flüssigkeiten			Oils & Liquids		
Ruedas y neumáticos > Neumáticos y productos relacionados > Neumáticos y productos relacionados	category	tires-tires-tires-and-related-products-tires-and-related-products	Neumáticos y productos relacionados			Reifen und verwandte Produkte			Tires and related products		
Unidad de motor > filtrar > Componentes del aire acondicionado	category	engine-unit-engine-unit-filter-air-conditioning-components	Componentes del aire acondicionado	componentes del aire acondicionado		Bauteile der Klimaanlage	bauteile der klimaanlage		Air conditioning components	air conditioning components	
Unidad de motor > filtrar > Componentes del sistema de combustible	category	engine-unit-engine-unit-filter-components-of-the-fuel-system	Componentes del sistema de combustible	componentes del sistema de combustible		Bauteile des Kraftstoffsystems	bauteile des kraftstoffsystems		Components of the fuel system	components of the fuel system	
Unidad de motor > filtrar > Piezas del motor	category	engine-unit-engine-unit-filter-engine-parts	Piezas del motor	piezas del motor		Motorteile	motorteile		Engine parts	engine parts	
Unidad de motor > filtrar > Herramientas	category	engine-unit-engine-unit-filter-tools	Herramientas	herramientas		Werkzeuge	werkzeuge		Tools	tools	
Unidad de motor > filtrar > Piezas de la caja de cambios	category	engine-unit-engine-unit-filter-gearbox-parts	Piezas de la caja de cambios	piezas de la caja de cambios		Getriebeteile	getriebeteile		Gearbox parts	gearbox parts	
Unidad de motor > filtrar > Componentes del sistema de dirección	category	engine-unit-engine-unit-filter-components-of-the-steering-system	Componentes del sistema de dirección	componentes del sistema de dirección		Bauteile des Lenksystems	bauteile des lenksystems		Components of the steering system	components of the steering system	
Unidad de motor > engine-unit-motor > Componentes eléctricos del motor	category	engine-unit-engine-unit-motor-electrical-components-of-the-motor	Componentes eléctricos del motor	componentes eléctricos del motor		Elektrische Bauteile des Motors	elektrische bauteile des motors		Electrical components of the motor	electrical components of the motor	
Unidad de motor > engine-unit-motor > Sistema de lubricación del motor	category	engine-unit-engine-unit-motor-engine-lubrication-system	Sistema de lubricación del motor	sistema de lubricación del motor		Motorschmiersystem	motorschmiersystem		Engine lubrication system	engine lubrication system	
Unidad de motor > engine-unit-motor > Componentes de control del motor	category	engine-unit-engine-unit-motor-engine-control-components	Componentes de control del motor	componentes de control del motor		Bauteile der Motorsteuerung	bauteile der motorsteuerung		Engine control components	engine control components	
Unidad de motor > engine-unit-motor > Componentes del accionamiento auxiliar	category	engine-unit-engine-unit-motor-components-of-the-auxiliary-drive	Componentes del accionamiento auxiliar	componentes del accionamiento auxiliar		Bauteile des Nebenaggregateetriebs	bauteile des nebenaggregateetriebs		Components of the auxiliary drive	components of the auxiliary drive	
Unidad de motor > engine-unit-motor > Culatas y componentes asociados	category	engine-unit-engine-unit-motor-cylinder-heads-and-associated-components	Culatas y componentes asociados	culatas y componentes asociados		Zylinderköpfe und zugehörige Bauteile	zylinderköpfe und zugehörige bauteile		Cylinder heads and associated components	cylinder heads and associated components	
Unidad de motor > engine-unit-motor > Componentes del sistema de refrigeración del motor	category	engine-unit-engine-unit-motor-components-of-the-engine-cooling-system	Componentes del sistema de refrigeración del motor	componentes del sistema de refrigeración del motor		Bauteile des Motorkühlsystems	bauteile des motorkühlsystems		Components of the engine cooling system	components of the engine cooling system	
Unidad de motor > engine-unit-motor > Componentes del sistema de encendido	category	engine-unit-engine-unit-motor-components-of-the-ignition-system	Componentes del sistema de encendido	componentes del sistema de encendido		Bauteile der Zündanlage	bauteile der zündanlage		Components of the ignition system	components of the ignition system	
Unidad de motor > engine-unit-motor > Componentes del sistema de admisión	category	engine-unit-engine-unit-motor-components-of-the-intake-system	Componentes del sistema de admisión	componentes del sistema de admisión		Bauteile des Ansaugsystems	bauteile des ansaugsystems		Components of the intake system	components of the intake system	
Unidad de motor > engine-unit-motor > Componentes del sistema de suministro de combustible	category	engine-unit-engine-unit-motor-components-of-the-fuel-supply-system	Componentes del sistema de suministro de combustible	componentes del sistema de suministro de combustible		Bauteile der Kraftstoffversorgungsanlage	bauteile der kraftstoffversorgungsanlage		Components of the fuel supply system	components of the fuel supply system	
Unidad de motor > engine-unit-motor > Herramientas de motor	category	engine-unit-engine-unit-motor-motor-tools	Herramientas de motor	herramientas de motor		Motorwerkzeuge	motorwerkzeuge		Motor tools	motor tools	
Unidad de motor > Sistema de encendido y sistema de bujías incandescentes > Componentes del sistema de encendido y bujías incandescentes	category	engine-unit-engine-unit-ignition-system-glow-plug-system-components-of-the-ignition-and-glow-plug-system	Componentes del sistema de encendido y bujías incandescentes			Bauteile der Zünd- und Glühkerzenanlage	bauteile der zünd- und glühkerzenanlage		Components of the ignition and glow plug system	components of the ignition and glow plug system	
Unidad de motor > Correas, cadenas, poleas > Correas de distribución y componentes relacionados	category	engine-unit-engine-unit-belts-chains-pulleys-timing-belts-and-related-components	Correas de distribución y componentes relacionados	correas de distribución y componentes relacionados		Zahnriemen und zugehörige Bauteile	zahnriemen und zugehörige bauteile		Timing belts and related components	timing belts and related components	
Unidad de motor > Calefacción y ventilación > Componentes del sistema de calefacción y ventilación	category	engine-unit-engine-unit-heating-and-ventilation-components-of-the-heating-and-ventilation-system	Componentes del sistema de calefacción y ventilación	componentes del sistema de calefacción y ventilación		Bauteile der Heizungs- und Lüftungsanlage	bauteile der heizungs- und lüftungsanlage		Components of the heating and ventilation system	components of the heating and ventilation system	
Unidad de motor > Sellos y anillos de sellado > Juntas del colector de escape	category	engine-unit-engine-unit-seals-and-sealing-rings-exhaust-manifold-gaskets	Juntas del colector de escape	juntas del colector de escape		Abgaskrümmerdichtungen	abgaskrümmerdichtungen		Exhaust manifold gaskets	exhaust manifold gaskets	
Unidad de motor > Sellos y anillos de sellado > Juntas de culata y anillos de sellado	category	engine-unit-engine-unit-seals-and-sealing-rings-cylinder-head-gaskets-and-sealing-rings	Juntas de culata y anillos de sellado	juntas de culata y anillos de sellado		Zylinderkopfdichtungen und -dichtringe	zylinderkopfdichtungen und -dichtringe		Cylinder head gaskets and sealing rings	cylinder head gaskets and sealing rings	
Unidad de motor > Sellos y anillos de sellado > Juntas y anillos de sellado del bloque del motor	category	engine-unit-engine-unit-seals-and-sealing-rings-engine-block-gaskets-and-sealing-rings	Juntas y anillos de sellado del bloque del motor	juntas y anillos de sellado del bloque del motor		Motorblockdichtungen und -dichtringe	motorblockdichtungen und -dichtringe		Engine block gaskets and sealing rings	engine block gaskets and sealing rings	
Unidad de motor > Sellos y anillos de sellado > Sellos y anillos de sellado del sistema de combustible	category	engine-unit-engine-unit-seals-and-sealing-rings-fuel-system-seals-and-sealing-rings	Sellos y anillos de sellado del sistema de combustible	sellos y anillos de sellado del sistema de combustible		Kraftstoffsystemdichtungen und -dichtringe	kraftstoffsystemdichtungen und -dichtringe		Fuel system seals and sealing rings	fuel system seals and sealing rings	
Unidad de motor > Sellos y anillos de sellado > Sellos y anillos de sellado del sistema de lubricación	category	engine-unit-engine-unit-seals-and-sealing-rings-lubrication-system-seals-and-sealing-rings	Sellos y anillos de sellado del sistema de lubricación	sellos y anillos de sellado del sistema de lubricación		Schmiersystemdichtungen und -dichtringe	schmiersystemdichtungen und -dichtringe		Lubrication system seals and sealing rings	lubrication system seals and sealing rings	
Unidad de motor > Sellos y anillos de sellado > Sellos y anillos de sellado del sistema de refrigeración	category	engine-unit-engine-unit-seals-and-sealing-rings-cooling-system-seals-and-sealing-rings	Sellos y anillos de sellado del sistema de refrigeración			Kühlsystemdichtungen und -dichtringe	kühlsystemdichtungen und -dichtringe		Cooling system seals and sealing rings	cooling system seals and sealing rings	
Unidad de motor > Sellos y anillos de sellado > Sellos y anillos de sellado de caja de cambios	category	engine-unit-engine-unit-seals-and-sealing-rings-gearbox-seals-and-sealing-rings	Sellos y anillos de sellado de caja de cambios	sellos y anillos de sellado de caja de cambios		Getriebedichtungen und -dichtringe	getriebedichtungen und -dichtringe		Gearbox seals and sealing rings	gearbox seals and sealing rings	
Transmisión > Kits de reparación > Piezas del embrague	category	clutch-parts	Piezas del embrague	piezas del embrague		Kupplungsteile	kupplungsteile		Clutch parts	clutch parts	
Unidad de motor > Sellos y anillos de sellado > Tiras de sellado	category	engine-unit-engine-unit-seals-and-sealing-rings-sealing-strips	Tiras de sellado	tiras de sellado		Dichtungsleisten	dichtungsleisten		Sealing strips	sealing strips	
Unidad de motor > escape > Piezas de escape	category	engine-unit-engine-unit-exhaust-exhaust-parts	Piezas de escape	piezas de escape		Auspuffteile	auspuffteile		Exhaust parts	exhaust parts	
Unidad de motor > escape > Colector de escape y componentes asociados	category	engine-unit-engine-unit-exhaust-exhaust-manifold-and-associated-components	Colector de escape y componentes asociados	colector de escape y componentes asociados		Abgaskrümmer und zugehörige Bauteile	abgaskrümmer und zugehörige bauteile		Exhaust manifold and associated components	exhaust manifold and associated components	
Unidad de motor > Sistema de combustible > Filtros de combustible y componentes relacionados	category	engine-unit-engine-unit-fuel-system-fuel-filters-and-related-components	Filtros de combustible y componentes relacionados	filtros de combustible y componentes relacionados		Kraftstofffilter und zugehörige Bauteile	kraftstofffilter und zugehörige bauteile		Fuel filters and related components	fuel filters and related components	
Unidad de motor > Sistema de combustible > Componentes del sistema de suministro de combustible	category	engine-unit-engine-unit-fuel-system-components-of-the-fuel-supply-system	Componentes del sistema de suministro de combustible	componentes del sistema de suministro de combustible		Bauteile der Kraftstoffversorgungsanlage	bauteile der kraftstoffversorgungsanlage		Components of the fuel supply system	components of the fuel supply system	
Unidad de motor > Sistema de combustible > Componentes de inyección de combustible	category	engine-unit-engine-unit-fuel-system-fuel-injection-components	Componentes de inyección de combustible	componentes de inyección de combustible		Bauteile der Kraftstoffeinspritzung	bauteile der kraftstoffeinspritzung		Fuel injection components	fuel injection components	
Unidad de motor > Sistema de combustible > Componentes del sistema de combustible	category	engine-unit-engine-unit-fuel-system-components-of-the-fuel-system	Componentes del sistema de combustible	componentes del sistema de combustible		Bauteile des Kraftstoffsystems	bauteile des kraftstoffsystems		Components of the fuel system	components of the fuel system	
Unidad de motor > Sistema de combustible > Componentes del sistema de admisión	category	engine-unit-engine-unit-fuel-system-components-of-the-intake-system	Componentes del sistema de admisión	componentes del sistema de admisión		Bauteile des Ansaugsystems	bauteile des ansaugsystems		Components of the intake system	components of the intake system	
Unidad de motor > Sistema de combustible > Tanques de combustible y componentes asociados	category	engine-unit-engine-unit-fuel-system-fuel-tanks-and-associated-components	Tanques de combustible y componentes asociados	tanques de combustible y componentes asociados		Kraftstofftanks und zugehörige Bauteile	kraftstofftanks und zugehörige bauteile		Fuel tanks and associated components	fuel tanks and associated components	
Unidad de motor > Ejes y juntas de la unidad del motor > Juntas de velocidad constante y componentes asociados	category	engine-unit-engine-unit-engine-unit-shafts-joints-constant-velocity-joints-and-associated-components	Juntas de velocidad constante y componentes asociados	juntas de velocidad constante y componentes asociados		Gleichlaufgelenke und zugehörige Bauteile	gleichlaufgelenke und zugehörige bauteile		Constant velocity joints and associated components	constant velocity joints and associated components	
Unidad de motor > Kits de reparación > Componentes del sistema de combustible	category	engine-unit-engine-unit-repair-kits-components-of-the-fuel-system	Componentes del sistema de combustible	componentes del sistema de combustible		Bauteile des Kraftstoffsystems	bauteile des kraftstoffsystems		Components of the fuel system	components of the fuel system	
Unidad de motor > Tuberías y mangueras > Componentes del sistema de combustible	category	engine-unit-engine-unit-pipes-and-hoses-components-of-the-fuel-system	Componentes del sistema de combustible	componentes del sistema de combustible		Bauteile des Kraftstoffsystems	bauteile des kraftstoffsystems		Components of the fuel system	components of the fuel system	
sistema eléctrico > sistema eléctrico > bombillas incandescentes	category	incandescent-light-bulbs	bombillas incandescentes	bombillas incandescentes		Glühlampen	glühlampen		Incandescent light bulbs	incandescent light bulbs	
Carrocería > cuerpo > bombillas incandescentes	category	incandescent-light-bulbs	bombillas incandescentes			Glühlampen			Incandescent light bulbs		
sistema eléctrico > sistema eléctrico > Componentes del freno	category	brake-components	Componentes del freno	componentes del freno		Bauteile der Bremsen	bauteile der bremsen		Brake components	brake components	
sistema eléctrico > Unidades de control, sensores, relés > Componentes del freno	category	brake-components	Componentes del freno	componentes del freno		Bauteile der Bremsen	bauteile der bremsen		Brake components	brake components	
Suspensión > Suspensión de ruedas y manillar > Componentes del sistema ABS	category	abs-system-components	Componentes del sistema ABS	componentes del sistema abs	Componentes del sistema ABS	ABS-Systemteile	abs-systemteile	ABS-Systemteile	ABS system components	abs system components	ABS system components
Suspensión > Suspensión de ruedas y manillar > Cuerpo del eje y componentes asociados	category	axle-body-and-associated-components	Cuerpo del eje y componentes asociados	cuerpo del eje y componentes asociados		Achskörper und zugehörige Bauteile	achskörper und zugehörige bauteile		Axle body and associated components	axle body and associated components	
Unidad de motor > Ejes y juntas de la unidad del motor > Juntas de velocidad constante y componentes asociados	category	constant-velocity-joints-and-associated-components	Juntas de velocidad constante y componentes asociados	juntas de velocidad constante y componentes asociados		Gleichlaufgelenke und zugehörige Bauteile	gleichlaufgelenke und zugehörige bauteile		Constant velocity joints and associated components	constant velocity joints and associated components	
Suspensión > Suspensión de ruedas y manillar > Muñón de dirección y componentes asociados	category	steering-knuckle-and-associated-components	Muñón de dirección y componentes asociados	muñón de dirección y componentes asociados		Achsschenkel und zugehörige Bauteile	achsschenkel und zugehörige bauteile		Steering knuckle and associated components	steering knuckle and associated components	
Chasis y dirección > Enganche de remolque y accesorios > Enganches de remolque y componentes relacionados	category	trailer-hitches-and-related-components	Enganches de remolque y componentes relacionados	enganches de remolque y componentes relacionados	Enganches de remolque y componentes asociados	Anhängerkupplungen und zugehörige Bauteile	anhängerkupplungen und zugehörige bauteile	Anhängerkupplungen und zugehörige Bauteile	Trailer hitches and related components	trailer hitches and related components	Trailer hitches and related components
sistema eléctrico > sistema eléctrico > Componentes del sistema de arranque y carga	category	components-of-the-starting-and-charging-system	Componentes del sistema de arranque y carga	componentes del sistema de arranque y carga		Bauteile des Start- und Ladesystems	bauteile des start- und ladesystems		Components of the starting and charging system	components of the starting and charging system	
Unidad de motor > Sellos y anillos de sellado > Juntas del colector de escape	category	exhaust-manifold-gaskets	Juntas del colector de escape	juntas del colector de escape	Juntas de colector de escape	Abgaskrümmerdichtungen	abgaskrümmerdichtungen	Abgaskrümmerdichtungen	Exhaust manifold gaskets	exhaust manifold gaskets	Exhaust manifold gaskets
Unidad de motor > escape > Piezas de escape	category	exhaust-parts	Piezas de escape	piezas de escape		Auspuffteile	auspuffteile		Exhaust parts	exhaust parts	
Unidad de motor > escape > Colector de escape y componentes asociados	category	exhaust-manifold-and-associated-components	Colector de escape y componentes asociados	colector de escape y componentes asociados		Abgaskrümmer und zugehörige Bauteile	abgaskrümmer und zugehörige bauteile		Exhaust manifold and associated components	exhaust manifold and associated components	
Chasis y dirección > Almacenamiento > Piezas del embrague	category	clutch-parts	Piezas del embrague	piezas del embrague		Kupplungsteile	kupplungsteile		Clutch parts	clutch parts	
Transmisión > Embrague/accesorios > Kits de embrague y componentes relacionados	category	clutch-kits-and-related-components	Kits de embrague y componentes relacionados	kits de embrague y componentes relacionados	Kits de embrague y componentes asociados	Kupplungssätze und zugehörige Bauteile	kupplungssätze und zugehörige bauteile	Kupplungssätze und zugehörige Bauteile	Clutch kits and related components	clutch kits and related components	Clutch kits and related components
Carrocería > cuerpo > Espejos retrovisores y componentes relacionados	category	rearview-mirrors-and-related-components	Espejos retrovisores y componentes relacionados	espejos|retrovisores|y|componentes|asociados	Espejos retrovisores y componentes asociados	Rückspiegel und zugehörige Bauteile	r|ckspiegel|und|zugeh|rige|bauteile	Rückspiegel und zugehörige Bauteile	Rearview mirrors and related components	rearview|mirrors|and|related|components	Rearview mirrors and related components
Unidad de motor > filtrar > Piezas de la caja de cambios	category	gearbox-parts	Piezas de la caja de cambios	piezas de la caja de cambios		Getriebeteile	getriebeteile		Gearbox parts	gearbox parts	
Transmisión > transmisión > Productos para la lubricación de cajas de cambios	category	products-for-gearbox-lubrication	Productos para la lubricación de cajas de cambios	productos para la lubricación de cajas de cambios		Produkte für die Getriebeschmierung	produkte für die getriebeschmierung		Products for gearbox lubrication	products for gearbox lubrication	
Transmisión > Ejes cardán y diferencial > Aceites y líquidos	category	oils-and-liquids	Aceites y líquidos	aceites y líquidos		Öle und Flüssigkeiten	öle und flüssigkeiten		Oils and liquids	oils and liquids	
Aceites y líquidos > Aceites y líquidos > Aceites y líquidos	category	oils-liquids	Aceites y líquidos			Öle & Flüssigkeiten			Oils & Liquids		
Chasis y dirección > gobierno > Barras de acoplamiento, barras de dirección y componentes relacionados	category	tie-rods-steering-rods-and-related-components	Barras de acoplamiento, barras de dirección y componentes relacionados			Spurstangen, Lenkstangen und zugehörige Bauteile	spurstangen lenkstangen und zugehörige bauteile		Tie rods, steering rods and related components	tie rods steering rods and related components	
Suspensión > Suspensión de ruedas y manillar > Componentes de dirección	category	steering-components	Componentes de dirección	componentes de dirección		Lenkungsteile	lenkungsteile		Steering components	steering components	
Suspensión > Suspensión de ruedas y manillar > Elementos de amortiguación	category	damping-elements	Elementos de amortiguación	elementos de amortiguación	Elementos de amortiguación	Dämpfungselemente	dämpfungselemente	Dämpfungselemente	Damping elements	damping elements	Damping elements
Carrocería > cuerpo > Componentes del sistema de iluminación y señalización	category	components-of-the-lighting-and-signaling-system	Componentes del sistema de iluminación y señalización			Bauteile der Beleuchtungs- und Signalanlage			Components of the lighting and signaling system		
sistema eléctrico > sistema eléctrico > Componentes del sistema de iluminación y señalización	category	components-of-the-lighting-and-signaling-system	Componentes del sistema de iluminación y señalización	componentes del sistema de iluminación y señalización		Bauteile der Beleuchtungs- und Signalanlage	bauteile der beleuchtungs- und signalanlage		Components of the lighting and signaling system	components of the lighting and signaling system	
sistema eléctrico > Unidades de control, sensores, relés > Componentes del sistema de iluminación y señalización	category	components-of-the-lighting-and-signaling-system	Componentes del sistema de iluminación y señalización	componentes del sistema de iluminación y señalización		Bauteile der Beleuchtungs- und Signalanlage	bauteile der beleuchtungs- und signalanlage		Components of the lighting and signaling system	components of the lighting and signaling system	
Interior > interior > Componentes del sistema de iluminación y señalización	category	components-of-the-lighting-and-signaling-system	Componentes del sistema de iluminación y señalización			Bauteile der Beleuchtungs- und Signalanlage			Components of the lighting and signaling system		
Unidad de motor > Sistema de combustible > Componentes del sistema de admisión	category	components-of-the-intake-system	Componentes del sistema de admisión	componentes del sistema de admisión		Bauteile des Ansaugsystems	bauteile des ansaugsystems		Components of the intake system	components of the intake system	
Frenos > frenos > Frenos de tambor y componentes relacionados	category	drum-brakes-and-related-components	Frenos de tambor y componentes relacionados	frenos de tambor y componentes relacionados		Trommelbremsen und zugehörige Bauteile	trommelbremsen und zugehörige bauteile		Drum brakes and related components	drum brakes and related components	
Frenos > frenos > Pastillas de freno y componentes relacionados	category	brake-pads-and-related-components	Pastillas de freno y componentes relacionados	pastillas de freno y componentes relacionados		Bremsbeläge und zugehörige Bauteile	bremsbeläge und zugehörige bauteile		Brake pads and related components	brake pads and related components	
Interior > interior > Componentes eléctricos	category	electrical-components	Componentes eléctricos			Elektrische Bauteile			Electrical components		
Frenos > frenos > Pinza de freno y componentes asociados	category	brake-caliper-and-associated-components	Pinza de freno y componentes asociados	pinza de freno y componentes asociados		Bremssattel und zugehörige Bauteile	bremssattel und zugehörige bauteile		Brake caliper and associated components	brake caliper and associated components	
Frenos > Kits de reparación > Componentes del freno	category	brake-components	Componentes del freno	componentes del freno		Bauteile der Bremsen	bauteile der bremsen		Brake components	brake components	
Frenos > frenos > Discos de freno y componentes relacionados	category	brake-discs-and-related-components	Discos de freno y componentes relacionados	discos de freno y componentes relacionados		Bremsscheiben und zugehörige Bauteile	bremsscheiben und zugehörige bauteile		Brake discs and related components	brake discs and related components	
Frenos > Tuberías y mangueras > Componentes del freno	category	brake-components	Componentes del freno	componentes del freno		Bauteile der Bremsen	bauteile der bremsen		Brake components	brake components	
enfriamiento > enfriamiento > Radiador del motor y componentes relacionados	category	engine-radiator-and-related-components	Radiador del motor y componentes relacionados	radiador del motor y componentes relacionados		Motorkühler und zugehörige Bauteile	motorkühler und zugehörige bauteile		Engine radiator and related components	engine radiator and related components	
Unidad de motor > Sellos y anillos de sellado > Sellos y anillos de sellado del sistema de combustible	category	fuel-system-seals-and-sealing-rings	Sellos y anillos de sellado del sistema de combustible	sellos y anillos de sellado del sistema de combustible		Kraftstoffsystemdichtungen und -dichtringe	kraftstoffsystemdichtungen und -dichtringe		Fuel system seals and sealing rings	fuel system seals and sealing rings	
Unidad de motor > Sistema de combustible > Componentes de inyección de combustible	category	fuel-injection-components	Componentes de inyección de combustible	componentes de inyección de combustible		Bauteile der Kraftstoffeinspritzung	bauteile der kraftstoffeinspritzung		Fuel injection components	fuel injection components	
enfriamiento > enfriamiento > Termostatos y componentes relacionados	category	thermostats-and-related-components	Termostatos y componentes relacionados	termostatos y componentes relacionados	Termostatos y componentes asociados	Thermostate und zugehörige Bauteile	thermostate und zugehörige bauteile	Thermostate und zugehörige Bauteile	Thermostats and related components	thermostats and related components	Thermostats and related components
Unidad de motor > Sellos y anillos de sellado > Sellos y anillos de sellado del sistema de refrigeración	category	cooling-system-seals-and-sealing-rings	Sellos y anillos de sellado del sistema de refrigeración			Kühlsystemdichtungen und -dichtringe	kühlsystemdichtungen und -dichtringe		Cooling system seals and sealing rings	cooling system seals and sealing rings	
Unidad de motor > Sistema de combustible > Tanques de combustible y componentes asociados	category	fuel-tanks-and-associated-components	Tanques de combustible y componentes asociados	tanques de combustible y componentes asociados		Kraftstofftanks und zugehörige Bauteile	kraftstofftanks und zugehörige bauteile		Fuel tanks and associated components	fuel tanks and associated components	
Unidad de motor > Sellos y anillos de sellado > Juntas de culata y anillos de sellado	category	cylinder-head-gaskets-and-sealing-rings	Juntas de culata y anillos de sellado	juntas de culata y anillos de sellado	Juntas y anillos de sellado de culata	Zylinderkopfdichtungen und -dichtringe	zylinderkopfdichtungen und -dichtringe	Zylinderkopfdichtungen und -dichtringe	Cylinder head gaskets and sealing rings	cylinder head gaskets and sealing rings	Cylinder head gaskets and sealing rings
Unidad de motor > Sellos y anillos de sellado > Sellos y anillos de sellado de caja de cambios	category	gearbox-seals-and-sealing-rings	Sellos y anillos de sellado de caja de cambios	sellos y anillos de sellado de caja de cambios		Getriebedichtungen und -dichtringe	getriebedichtungen und -dichtringe		Gearbox seals and sealing rings	gearbox seals and sealing rings	
Unidad de motor > motor > Componentes del sistema de suministro de combustible	category	components-of-the-fuel-supply-system	Componentes del sistema de suministro de combustible	componentes del sistema de suministro de combustible		Bauteile der Kraftstoffversorgungsanlage	bauteile der kraftstoffversorgungsanlage		Components of the fuel supply system	components of the fuel supply system	
Carrocería > cuerpo > Puertas y componentes relacionados	category	doors-and-related-components	Puertas y componentes relacionados	puertas|y|componentes|asociados	Puertas y componentes asociados	Türen und zugehörige Bauteile	t|ren|und|zugeh|rige|bauteile	Türen und zugehörige Bauteile	Doors and related components	doors|and|related|components	Doors and related components
Unidad de motor > Sellos y anillos de sellado > Tiras de sellado	category	sealing-strips	Tiras de sellado	tiras de sellado	Listones de sellado	Dichtungsleisten	dichtungsleisten	Dichtungsleisten	Sealing strips	sealing strips	Sealing strips
Unidad de motor > filtrar > Herramientas	category	tools	Herramientas	herramientas		Werkzeuge	werkzeuge		Tools	tools	
enfriamiento > enfriamiento > Cuidado del coche	category	car-care	Cuidado del coche	cuidado del coche		Autopflege	autopflege		Car care	car care	
Unidad de motor > Correas, cadenas, poleas > Correas de distribución y componentes relacionados	category	timing-belts-and-related-components	Correas de distribución y componentes relacionados	correas de distribución y componentes relacionados		Zahnriemen und zugehörige Bauteile	zahnriemen und zugehörige bauteile		Timing belts and related components	timing belts and related components	
Carrocería > cuerpo > Partes del cuerpo y componentes relacionados	category	body-parts-and-related-components	Partes del cuerpo y componentes relacionados	componentes|de|la|carrocer|a|y|sus|piezas	Componentes de la carrocería y sus piezas	Karosserieteile und zugehörige Bauteile	karosserieteile|und|zugeh|rige|bauteile	Karosserieteile und zugehörige Bauteile	Body parts and related components	body|parts|and|related|components	Body parts and related components
Suspensión > Suspensión de ruedas y manillar > Soportes de motor y transmisión	category	engine-and-transmission-mounts	Soportes de motor y transmisión	soportes de motor y transmisión	Soportes de motor y transmisión	Motor- und Getriebelager	motor- und getriebelager	Motor- und Getriebelager	Engine and transmission mounts	engine and transmission mounts	Engine and transmission mounts
Transmisión > transmisión > cojinete de caja de cambios	category	gearbox-bearing	cojinete de caja de cambios	cojinete de caja de cambios		Getriebelager	getriebelager		gearbox bearing	gearbox bearing	
Unidad de motor > Sistema de encendido y sistema de bujías incandescentes > Componentes del sistema de encendido y bujías incandescentes	category	components-of-the-ignition-and-glow-plug-system	Componentes del sistema de encendido y bujías incandescentes			Bauteile der Zünd- und Glühkerzenanlage	bauteile der zünd- und glühkerzenanlage		Components of the ignition and glow plug system	components of the ignition and glow plug system	
sistema eléctrico > sistema eléctrico > Componentes del sistema de encendido	category	components-of-the-ignition-system	Componentes del sistema de encendido	componentes del sistema de encendido		Bauteile der Zündanlage	bauteile der zündanlage		Components of the ignition system	components of the ignition system	
sistema eléctrico > Unidades de control, sensores, relés > Componentes del sistema de encendido	category	components-of-the-ignition-system	Componentes del sistema de encendido	componentes del sistema de encendido		Bauteile der Zündanlage	bauteile der zündanlage		Components of the ignition system	components of the ignition system	
Unidad de motor > filtrar > Piezas del motor	category	engine-parts	Piezas del motor	piezas del motor		Motorteile	motorteile		Engine parts	engine parts	
Suspensión > Suspensión de ruedas y manillar > Cojinetes de rueda y componentes relacionados	category	wheel-bearings-and-related-components	Cojinetes de rueda y componentes relacionados	cojinetes de rueda y componentes relacionados	Rodamientos y componentes asociados	Radlager und zugehörige Bauteile	radlager und zugehörige bauteile	Radlager und zugehörige Bauteile	Wheel bearings and related components	wheel bearings and related components	Wheel bearings and related components
Frenos > frenos > Frenos de mano y componentes relacionados	category	handbrakes-and-related-components	Frenos de mano y componentes relacionados	frenos de mano y componentes relacionados		Handbremsen und zugehörige Bauteile	handbremsen und zugehörige bauteile		Handbrakes and related components	handbrakes and related components	
Transmisión > Ejes cardán y diferencial > Ejes cardán y componentes relacionados	category	cardan-shafts-and-related-components	Ejes cardán y componentes relacionados	ejes cardán y componentes relacionados		Kardanwellen und zugehörige Bauteile	kardanwellen und zugehörige bauteile		Cardan shafts and related components	cardan shafts and related components	
Chasis y dirección > gobierno > Bombas de dirección asistida y componentes relacionados	category	power-steering-pumps-and-related-components	Bombas de dirección asistida y componentes relacionados	bombas de dirección asistida y componentes relacionados	Bomba de dirección asistida y componentes asociados	Servopumpen und zugehörige Bauteile	servopumpen und zugehörige bauteile	Servopumpen und zugehörige Bauteile	Power steering pumps and related components	power steering pumps and related components	Power steering pumps and related components
Unidad de motor > filtrar > Componentes del sistema de dirección	category	components-of-the-steering-system	Componentes del sistema de dirección	componentes del sistema de dirección		Bauteile des Lenksystems	bauteile des lenksystems		Components of the steering system	components of the steering system	
sistema eléctrico > sistema eléctrico > Componentes de la carrocería y sistema de confort	category	body-components-and-comfort-system	Componentes de la carrocería y sistema de confort	componentes de la carrocería y sistema de confort		Bauteile der Karosserie und des Komfortsystems	bauteile der karosserie und des komfortsystems		Body components and comfort system	body components and comfort system	
Sistemas climáticos > aire acondicionado > Filtros de aire de cabina y componentes relacionados	category	cabin-air-filters-and-related-components	Filtros de aire de cabina y componentes relacionados			Innenraumfilter und zugehörige Bauteile			Cabin air filters and related components		
Unidad de motor > filtrar > Componentes del aire acondicionado	category	air-conditioning-components	Componentes del aire acondicionado	componentes del aire acondicionado		Bauteile der Klimaanlage	bauteile der klimaanlage		Air conditioning components	air conditioning components	
Unidad de motor > Calefacción y ventilación > Componentes del sistema de calefacción y ventilación	category	components-of-the-heating-and-ventilation-system	Componentes del sistema de calefacción y ventilación	componentes del sistema de calefacción y ventilación		Bauteile der Heizungs- und Lüftungsanlage	bauteile der heizungs- und lüftungsanlage		Components of the heating and ventilation system	components of the heating and ventilation system	
Unidad de motor > motor > Componentes del accionamiento auxiliar	category	components-of-the-auxiliary-drive	Componentes del accionamiento auxiliar	componentes del accionamiento auxiliar		Bauteile des Nebenaggregateetriebs	bauteile des nebenaggregateetriebs		Components of the auxiliary drive	components of the auxiliary drive	
Sistemas climáticos > aire acondicionado > Compresores para sistemas de aire acondicionado y componentes relacionados	category	compressors-for-air-conditioning-systems-and-related-components	Compresores para sistemas de aire acondicionado y componentes relacionados			Kompressoren für Klimaanlagen und zugehörige Bauteile			Compressors for air conditioning systems and related components		
Carrocería > cuerpo > guardabarros y componentes asociados	category	mudguards-and-associated-components	guardabarros y componentes asociados			Kotflügel und zugehörige Bauteile			mudguards and associated components		
Unidad de motor > Sistema de combustible > Componentes del sistema de combustible	category	components-of-the-fuel-system	Componentes del sistema de combustible	componentes del sistema de combustible		Bauteile des Kraftstoffsystems	bauteile des kraftstoffsystems		Components of the fuel system	components of the fuel system	
Unidad de motor > filtrar > Componentes del sistema de combustible	category	components-of-the-fuel-system	Componentes del sistema de combustible	componentes del sistema de combustible		Bauteile des Kraftstoffsystems	bauteile des kraftstoffsystems		Components of the fuel system	components of the fuel system	
Unidad de motor > Sistema de combustible > Filtros de combustible y componentes relacionados	category	fuel-filters-and-related-components	Filtros de combustible y componentes relacionados	filtros de combustible y componentes relacionados		Kraftstofffilter und zugehörige Bauteile	kraftstofffilter und zugehörige bauteile		Fuel filters and related components	fuel filters and related components	
Unidad de motor > Sistema de combustible > Componentes del sistema de suministro de combustible	category	components-of-the-fuel-supply-system	Componentes del sistema de suministro de combustible	componentes del sistema de suministro de combustible		Bauteile der Kraftstoffversorgungsanlage	bauteile der kraftstoffversorgungsanlage		Components of the fuel supply system	components of the fuel supply system	
Unidad de motor > Tuberías y mangueras > Componentes del sistema de combustible	category	components-of-the-fuel-system	Componentes del sistema de combustible	componentes del sistema de combustible		Bauteile des Kraftstoffsystems	bauteile des kraftstoffsystems		Components of the fuel system	components of the fuel system	
Unidad de motor > Kits de reparación > Componentes del sistema de combustible	category	components-of-the-fuel-system	Componentes del sistema de combustible	componentes del sistema de combustible		Bauteile des Kraftstoffsystems	bauteile des kraftstoffsystems		Components of the fuel system	components of the fuel system	
Carrocería > cuerpo > Tanques de combustible y componentes asociados	category	fuel-tanks-and-associated-components	Tanques de combustible y componentes asociados			Kraftstofftanks und zugehörige Bauteile			Fuel tanks and associated components		
Unidad de motor > motor > Componentes del sistema de refrigeración del motor	category	components-of-the-engine-cooling-system	Componentes del sistema de refrigeración del motor	componentes del sistema de refrigeración del motor		Bauteile des Motorkühlsystems	bauteile des motorkühlsystems		Components of the engine cooling system	components of the engine cooling system	
Carrocería > cuerpo > Parachoques y componentes relacionados	category	bumpers-and-related-components	Parachoques y componentes relacionados	parachoques|y|componentes|asociados	Parachoques y componentes asociados	Stoßstangen und zugehörige Bauteile	sto|stangen|und|zugeh|rige|bauteile	Stoßstangen und zugehörige Bauteile	Bumpers and related components	bumpers|and|related|components	Bumpers and related components
Sistemas climáticos > Tuberías y mangueras > Componentes de refrigeración	category	cooling-components	Componentes de refrigeración			Bauteile der Kühlung			Cooling components		
enfriamiento > enfriamiento > Refrigerantes y productos relacionados	category	refrigerants-and-related-products	Refrigerantes y productos relacionados	refrigerantes y productos relacionados		Kühlmittel und zugehörige Produkte	kühlmittel und zugehörige produkte		Refrigerants and related products	refrigerants and related products	
sistema eléctrico > sistema eléctrico > Componentes de refrigeración	category	cooling-components	Componentes de refrigeración	componentes de refrigeración		Bauteile der Kühlung	bauteile der kühlung		Cooling components	cooling components	
sistema eléctrico > Unidades de control, sensores, relés > Componentes de refrigeración	category	cooling-components	Componentes de refrigeración	componentes de refrigeración		Bauteile der Kühlung	bauteile der kühlung		Cooling components	cooling components	
enfriamiento > enfriamiento > Sistemas de sensores de refrigeración y componentes relacionados	category	cooling-sensor-systems-and-related-components	Sistemas de sensores de refrigeración y componentes relacionados			Kühlsensorsysteme und zugehörige Bauteile	kühlsensorsysteme und zugehörige bauteile		Cooling sensor systems and related components	cooling sensor systems and related components	
Transmisión > Embrague/accesorios > Cuidado del coche	category	car-care	Cuidado del coche	cuidado del coche	Cuidado del automóvil	Autopflege	autopflege	Autopflege	Car care	car care	Car care
Transmisión > Embrague/accesorios > Componentes del mecanismo de liberación del embrague	category	components-of-the-clutch-release-mechanism	Componentes del mecanismo de liberación del embrague	componentes del mecanismo de liberación del embrague		Bauteile des Kupplungsausrückmechanismus	bauteile des kupplungsausrückmechanismus		Components of the clutch release mechanism	components of the clutch release mechanism	
Transmisión > Embrague/accesorios > Herramientas	category	tools	Herramientas	herramientas	Herramientas	Werkzeuge	werkzeuge	Werkzeuge	Tools	tools	Tools
Unidad de motor > Sellos y anillos de sellado > Juntas y anillos de sellado del bloque del motor	category	engine-block-gaskets-and-sealing-rings	Juntas y anillos de sellado del bloque del motor	juntas y anillos de sellado del bloque del motor	Juntas y anillos de sellado del bloque motor	Motorblockdichtungen und -dichtringe	motorblockdichtungen und -dichtringe	Motorblockdichtungen und -dichtringe	Engine block gaskets and sealing rings	engine block gaskets and sealing rings	Engine block gaskets and sealing rings
Chasis y dirección > Almacenamiento > Piezas del motor	category	engine-parts	Piezas del motor	piezas del motor		Motorteile	motorteile		Engine parts	engine parts	
Unidad de motor > motor > Componentes del sistema de admisión	category	components-of-the-intake-system	Componentes del sistema de admisión	componentes del sistema de admisión		Bauteile des Ansaugsystems	bauteile des ansaugsystems		Components of the intake system	components of the intake system	
Carrocería > Sistema lavaparabrisas > Componentes electrónicos del sistema limpiaparabrisas	category	electronic-components-of-the-windshield-wiper-system	Componentes electrónicos del sistema limpiaparabrisas			Elektronische Bauteile der Scheibenwischanlage			Electronic components of the windshield wiper system		
sistema eléctrico > Kits de reparación > Componentes eléctricos	category	electrical-components	Componentes eléctricos	componentes eléctricos		Elektrische Bauteile	elektrische bauteile		Electrical components	electrical components	
sistema eléctrico > Unidades de control, sensores, relés > Alternadores y componentes relacionados	category	alternators-and-related-components	Alternadores y componentes relacionados	alternadores y componentes relacionados	Alternadores y componentes asociados	Lichtmaschinen und zugehörige Bauteile	lichtmaschinen und zugehörige bauteile	Lichtmaschinen und zugehörige Bauteile	Alternators and related components	alternators and related components	Alternators and related components
enfriamiento > enfriamiento > Ventilador del motor y componentes asociados	category	engine-fan-and-associated-components	Ventilador del motor y componentes asociados	ventilador del motor y componentes asociados		Motorlüfter und zugehörige Bauteile	motorlüfter und zugehörige bauteile		Engine fan and associated components	engine fan and associated components	
sistema eléctrico > Unidades de control, sensores, relés > Motor de arranque y componentes asociados	category	starter-motor-and-associated-components	Motor de arranque y componentes asociados	motor de arranque y componentes asociados		Anlasser und zugehörige Bauteile	anlasser und zugehörige bauteile		Starter motor and associated components	starter motor and associated components	
Chasis y dirección > Almacenamiento > Piezas de suspensión	category	suspension-parts	Piezas de suspensión	piezas de suspensión		Aufhängungsteile	aufhängungsteile		Suspension parts	suspension parts	
Unidad de motor > motor > Componentes eléctricos del motor	category	electrical-components-of-the-motor	Componentes eléctricos del motor	componentes eléctricos del motor		Elektrische Bauteile des Motors	elektrische bauteile des motors		Electrical components of the motor	electrical components of the motor	
Carrocería > cuerpo > Campanas y componentes relacionados	category	hoods-and-related-components	Campanas y componentes relacionados	cap|y|componentes|asociados	Capó y componentes asociados	Motorhauben und zugehörige Bauteile	motorhauben|und|zugeh|rige|bauteile	Motorhauben und zugehörige Bauteile	Hoods and related components	hoods|and|related|components	Hoods and related components
Unidad de motor > motor > Herramientas de motor	category	motor-tools	Herramientas de motor	herramientas de motor		Motorwerkzeuge	motorwerkzeuge		Motor tools	motor tools	
sistema eléctrico > Unidades de control, sensores, relés > Componentes eléctricos	category	electrical-components	Componentes eléctricos	componentes eléctricos		Elektrische Bauteile	elektrische bauteile		Electrical components	electrical components	
Unidad de motor > motor > Componentes del sistema de encendido	category	components-of-the-ignition-system	Componentes del sistema de encendido	componentes del sistema de encendido		Bauteile der Zündanlage	bauteile der zündanlage		Components of the ignition system	components of the ignition system	
Unidad de motor > motor > Sistema de lubricación del motor	category	engine-lubrication-system	Sistema de lubricación del motor	sistema de lubricación del motor	Sistema de lubricación del motor	Motorschmiersystem	motorschmiersystem	Motorschmiersystem	Engine lubrication system	engine lubrication system	Engine lubrication system
sistema eléctrico > sistema eléctrico > Componentes del sistema de lubricación	category	components-of-the-lubrication-system	Componentes del sistema de lubricación	componentes del sistema de lubricación		Bauteile des Schmiersystems	bauteile des schmiersystems		Components of the lubrication system	components of the lubrication system	
sistema eléctrico > Unidades de control, sensores, relés > Componentes del sistema de lubricación	category	components-of-the-lubrication-system	Componentes del sistema de lubricación	componentes del sistema de lubricación		Bauteile des Schmiersystems	bauteile des schmiersystems		Components of the lubrication system	components of the lubrication system	
Unidad de motor > Sellos y anillos de sellado > Sellos y anillos de sellado del sistema de lubricación	category	lubrication-system-seals-and-sealing-rings	Sellos y anillos de sellado del sistema de lubricación	sellos y anillos de sellado del sistema de lubricación		Schmiersystemdichtungen und -dichtringe	schmiersystemdichtungen und -dichtringe		Lubrication system seals and sealing rings	lubrication system seals and sealing rings	
enfriamiento > enfriamiento > Enfriador de aceite y componentes relacionados	category	oil-cooler-and-related-components	Enfriador de aceite y componentes relacionados	enfriador de aceite y componentes relacionados	Enfriador de aceite y componentes asociados	Ölkühler und zugehörige Bauteile	ölkühler und zugehörige bauteile	Ölkühler und zugehörige Bauteile	Oil cooler and related components	oil cooler and related components	Oil cooler and related components
Interior > interior > Partes interiores	category	interior-parts	Partes interiores			Innenraumteile			Interior parts		
Suspensión > Suspensión de ruedas y manillar > Piezas de montaje de ruedas	category	wheel-mounting-parts	Piezas de montaje de ruedas	piezas de montaje de ruedas		Radbefestigungsteile	radbefestigungsteile		Wheel mounting parts	wheel mounting parts	
Suspensión > Suspensión de ruedas y manillar > Componentes eléctricos	category	electrical-components	Componentes eléctricos	componentes eléctricos	Componentes eléctricos	Elektrische Bauteile	elektrische bauteile	Elektrische Bauteile	Electrical components	electrical components	Electrical components
Chasis y dirección > gobierno > Componentes de dirección	category	steering-components	Componentes de dirección	componentes de dirección	Componentes de dirección	Lenkungsteile	lenkungsteile	Lenkungsteile	Steering components	steering components	Steering components
Chasis y dirección > Kits de reparación > Componentes del sistema de dirección	category	components-of-the-steering-system	Componentes del sistema de dirección	componentes del sistema de dirección		Bauteile des Lenksystems	bauteile des lenksystems		Components of the steering system	components of the steering system	
Transmisión > transmisión > Piezas de transmisión eléctrica	category	electrical-transmission-parts	Piezas de transmisión eléctrica	piezas de transmisión eléctrica		Elektrische Getriebeteile	elektrische getriebeteile		Electrical transmission parts	electrical transmission parts	
Carrocería > Sistema lavaparabrisas > Limpiaparabrisas y componentes relacionados	category	windscreen-wipers-and-related-components	Limpiaparabrisas y componentes relacionados			Scheibenwischer und zugehörige Bauteile			Windscreen wipers and related components		
Carrocería > Sistema lavaparabrisas > Componentes del accionamiento del limpiaparabrisas	category	components-of-the-windshield-wiper-drive	Componentes del accionamiento del limpiaparabrisas			Bauteile des Scheibenwischerantriebs			Components of the windshield wiper drive		
Transmisión > Embrague/accesorios > Volantes y componentes relacionados	category	flywheels-and-related-components	Volantes y componentes relacionados	volantes y componentes relacionados	Volantes de inercia y componentes asociados	Schwungräder und zugehörige Bauteile	schwungräder und zugehörige bauteile	Schwungräder und zugehörige Bauteile	Flywheels and related components	flywheels and related components	Flywheels and related components
Chasis y dirección > gobierno > Extremos de barra de acoplamiento y componentes asociados	category	tie-rod-ends-and-associated-components	Extremos de barra de acoplamiento y componentes asociados			Spurstangenköpfe und zugehörige Bauteile	spurstangenköpfe und zugehörige bauteile		Tie rod ends and associated components	tie rod ends and associated components	
Unidad de motor > motor > Componentes de control del motor	category	engine-control-components	Componentes de control del motor	componentes de control del motor	Componentes del control del motor	Bauteile der Motorsteuerung	bauteile der motorsteuerung	Bauteile der Motorsteuerung	Engine control components	engine control components	Engine control components
Suspensión > Suspensión de ruedas y manillar > Rótulas y componentes relacionados	category	ball-joints-and-related-components	Rótulas y componentes relacionados	rótulas y componentes relacionados	Rótulas y componentes asociados	Kugelgelenke und zugehörige Bauteile	kugelgelenke und zugehörige bauteile	Kugelgelenke und zugehörige Bauteile	Ball joints and related components	ball joints and related components	Ball joints and related components
Interior > interior > Cerraduras y componentes relacionados	category	locks-and-related-components	Cerraduras y componentes relacionados	cerraduras|y|componentes|asociados	Cerraduras y componentes asociados	Schlösser und zugehörige Bauteile	schl|sser|und|zugeh|rige|bauteile	Schlösser und zugehörige Bauteile	Locks and related components	locks|and|related|components	Locks and related components
Unidad de motor > motor > Culatas y componentes asociados	category	cylinder-heads-and-associated-components	Culatas y componentes asociados	culatas y componentes asociados		Zylinderköpfe und zugehörige Bauteile	zylinderköpfe und zugehörige bauteile		Cylinder heads and associated components	cylinder heads and associated components	
clima > Calefacción y ventilación > Componentes del sistema de calefacción y ventilación	category	components-of-the-heating-and-ventilation-system	Componentes del sistema de calefacción y ventilación			Bauteile der Heizungs- und Lüftungsanlage			Components of the heating and ventilation system		
Sistemas climáticos > aire acondicionado > Intercambiadores de calor para sistemas de aire acondicionado y componentes relacionados	category	heat-exchangers-for-air-conditioning-systems-and-related-components	Intercambiadores de calor para sistemas de aire acondicionado y componentes relacionados			Wärmetauscher für Klimaanlagen und zugehörige Bauteile			Heat exchangers for air conditioning systems and related components		
Carrocería > Sistema lavaparabrisas > Componentes del sistema lavaparabrisas y lavaparabrisas trasero	category	components-of-the-windshield-and-rear-window-washer-system	Componentes del sistema lavaparabrisas y lavaparabrisas trasero			Bauteile der Windschutz- und Heckscheibenwaschanlage			Components of the windshield and rear window washer system		
Frenos > Freno de disco > Pastillas de freno	category	brake-pads	Pastillas de freno	pastillas de freno|pastillas freno|pastillas|balatas|ferodos			bremsbeläge|bremsklötze|bremsbelag|bremsklotz		Brake pads	brake pads|brake pad|disc pads	Brake pads
Frenos > Freno de disco > Discos de freno	category	brake-discs	Discos de freno	disco de freno|discos de freno|disco freno|discos freno			bremsscheibe|bremsscheiben		Brake discs (rotors)	brake disc|brake discs|brake rotor|brake rotors	
Frenos > Freno de disco > Pinzas de freno	category	brake-calipers	Pinzas de freno	pinzas de freno					Brake calipers	brake calipers	
Frenos > Freno de disco > Herrajes de pinza	category	caliper-hardware	Herrajes de pinza	herrajes de pinza					Caliper hardware	caliper hardware	
Frenos > Freno de tambor > Zapatas de freno	category	brake-shoes	Zapatas de freno	zapatas de freno|zapatas freno|zapatas|ferodos tambor			bremsbacken		Brake shoes	brake shoes|brake shoe	
Frenos > Freno de tambor > Tambores de freno	category	brake-drums	Tambores de freno	tambores de freno					Brake drums	brake drums	
Frenos > Freno de tambor > Bombines de rueda	category	wheel-cylinders	Bombines de rueda	bombines de rueda					Wheel cylinders	wheel cylinders	
Frenos > Freno de tambor > Herrajes de freno de tambor	category	drum-hardware	Herrajes de freno de tambor	herrajes de freno de tambor					Drum brake hardware	drum brake hardware	
Frenos > Freno de mano > Cables del freno de mano	category	parking-brake-cables	Cables del freno de mano	cables del freno de mano					Parking brake cables	parking brake cables	
Frenos > Freno de mano > Mecanismo de la palanca	category	parking-brake-lever-mechanism	Mecanismo de la palanca	mecanismo de la palanca					Lever mechanism	lever mechanism	
Frenos > Freno de mano > Freno de mano eléctrico	category	electric-parking-brake	Freno de mano eléctrico	freno de mano eléctrico					Electric parking brake (EPB)	electric parking brake (epb)	
Frenos > Sistema hidráulico de frenos > Bomba de freno	category	master-cylinder	Bomba de freno	bomba de freno|bomba de frenos|cilindro maestro de freno|maestra de freno			hauptbremszylinder|bremszylinder haupt		Master cylinder	brake master cylinder|master cylinder	
Frenos > Sistema hidráulico de frenos > Tubos y latiguillos de freno	category	brake-lines-and-hoses	Tubos y latiguillos de freno	tubos y latiguillos de freno					Brake lines and hoses	brake lines and hoses	
Frenos > Sistema hidráulico de frenos > Líquido de frenos	category	brake-fluid	Líquido de frenos	líquido de frenos					Brake fluid	brake fluid	
Frenos > Sistema hidráulico de frenos > Herrajes de purgado	category	brake-bleeding	Herrajes de purgado	herrajes de purgado					Bleeding hardware	bleeding hardware	
Frenos > Sistema hidráulico de frenos > Válvula reguladora	category	proportioning-valve	Válvula reguladora	válvula reguladora					Proportioning valve	proportioning valve	
Frenos > ABS y control de tracción > Módulo ABS	category	abs-module	Módulo ABS	módulo abs					ABS module	abs module	
Frenos > ABS y control de tracción > Sensores de velocidad de rueda	category	wheel-speed-sensors	Sensores de velocidad de rueda	sensores de velocidad de rueda					Wheel speed sensors	wheel speed sensors	
Frenos > ABS y control de tracción > Unidad hidráulica de control	category	hydraulic-control-unit	Unidad hidráulica de control	unidad hidráulica de control					Hydraulic control unit	hydraulic control unit	
Frenos > Servofreno > Servofreno de vacío	category	vacuum-brake-booster	Servofreno de vacío	servofreno de vacío					Vacuum brake booster	vacuum brake booster	
Frenos > Servofreno > Bomba de vacío del freno	category	vacuum-pump	Bomba de vacío del freno	bomba de vacío|bomba de vacío freno|depresor|bomba depresora			unterdruckpumpe|vakuumpumpe bremse|tandempumpe		Brake vacuum pump	brake vacuum pump|vacuum pump	
Frenos > Servofreno > Servofreno hidráulico (hydro-boost)	category	hydro-boost	Servofreno hidráulico (hydro-boost)	servofreno hidráulico (hydro-boost)					Hydro-boost unit	hydro-boost unit	
Ruedas y neumáticos > Llantas > Llantas de aleación	category	alloy-wheels	Llantas de aleación						Alloy wheels		
Ruedas y neumáticos > Llantas > Llantas de acero	category	steel-wheels	Llantas de acero						Steel wheels		
Ruedas y neumáticos > Llantas > Ruedas de repuesto	category	spare-wheels	Ruedas de repuesto						Spare wheels		
Ruedas y neumáticos > Llantas > Tapacubos y embellecedores	category	hubcaps-and-trims	Tapacubos y embellecedores						Hubcaps and wheel trims		
Ruedas y neumáticos > Neumáticos > Neumáticos de verano	category	summer-tires	Neumáticos de verano						Summer tires		
Ruedas y neumáticos > Neumáticos > Neumáticos de invierno	category	winter-tires	Neumáticos de invierno						Winter tires		
Ruedas y neumáticos > Neumáticos > Neumáticos todo tiempo	category	all-season-tires	Neumáticos todo tiempo						All-season tires		
Ruedas y neumáticos > Neumáticos > Neumáticos todoterreno	category	off-road-tires	Neumáticos todoterreno						Off-road tires		
Ruedas y neumáticos > Bujes y rodamientos > Rodamientos de rueda	category	wheel-bearings	Rodamientos de rueda						Wheel bearings		
Ruedas y neumáticos > Bujes y rodamientos > Retenes y tapas de buje	category	hub-seals-and-caps	Retenes y tapas de buje						Hub seals and caps		
Ruedas y neumáticos > Tornillería y valvulería de rueda > Tuercas y espárragos de rueda	category	lug-nuts-and-bolts	Tuercas y espárragos de rueda						Lug nuts and bolts		
Ruedas y neumáticos > Tornillería y valvulería de rueda > Herrajes antirrobo	category	anti-theft-hardware	Herrajes antirrobo						Anti-theft hardware		
Ruedas y neumáticos > Tornillería y valvulería de rueda > Válvulas y TPMS	category	valves-and-tpms	Válvulas y TPMS						Valves and TPMS		
Ruedas y neumáticos > Accesorios de rueda > Separadores y adaptadores	category	spacers-and-adapters	Separadores y adaptadores						Spacers and adapters		
Ruedas y neumáticos > Accesorios de rueda > Anillos centradores	category	centering-rings	Anillos centradores						Centering rings		
Ruedas y neumáticos > Accesorios de rueda > Portarruedas de repuesto	category	spare-tire-carriers	Portarruedas de repuesto						Spare tire carriers		
Sistema eléctrico > Electricidad > Componentes del sistema de arranque y carga > Batería	element	starting-and-charging-system-components-battery	Batería	batería|batería de coche|acumulador			batterie|autobatterie|starterbatterie		Battery	battery|car battery	
Sistema eléctrico > Electricidad > Componentes del sistema de arranque y carga > Regulador del alternador	element	starting-and-charging-system-components-alternator-regulator	Regulador del alternador	regulador del alternador|regulador de tensión|regulador de voltaje			lichtmaschinenregler|generatorregler|spannungsregler		Alternator regulator	alternator regulator|voltage regulator	
Carrocería > Carrocería > Lámparas > Lámpara de luz de marcha atrás	element	bulbs-reverse-light-bulb	Lámpara de luz de marcha atrás						Reverse light bulb		
Sistema eléctrico > Electricidad > Componentes del sistema de arranque y carga > Alternador	element	starting-and-charging-system-components-alternator	Alternador	alternador|dinamo|generador|alternador coche			lichtmaschine|generator|lima		Alternator	alternator|generator	
Frenos > frenos > Pastillas de freno y componentes > Pastillas de freno	element	brake-pads-and-related-parts-brake-pads	Pastillas de freno	pastillas de freno|pastillas freno|pastillas|balatas|ferodos			bremsbeläge|bremsklötze|bremsbelag|bremsklotz		Brake pads	brake pads|brake pad|disc pads	
Frenos > frenos > Pastillas de freno y componentes > Indicador de desgaste de frenos	element	brake-pads-and-related-parts-brake-wear-indicator	Indicador de desgaste de frenos	indicador de desgaste|sensor de desgaste|contacto de desgaste|testigo de pastillas|avisador de pastillas			bremsverschleißanzeige|verschleißanzeige|warnkontakt bremsbelag|verschleißsensor		Brake wear indicator	brake wear indicator|brake wear sensor|pad wear sensor	
Frenos > frenos > Pastillas de freno y componentes > Accessory kit, disc brake pad	element	zubehorsatz-scheibenbremsbelag-accessory-kit-disc-brake-pad	Accessory kit, disc brake pad	kit de accesorios pastillas|herrajes pastillas freno|kit montaje pastillas		Accessory kit, disc brake pad	zubehörsatz bremsbeläge|montagesatz bremsbeläge|zubehör scheibenbremsbelag			brake pad fitting kit|brake pad hardware kit|accessory kit brake pads	
Frenos > frenos > Discos de freno y componentes > Discos de freno	element	brake-discs-and-related-parts-brake-discs	Discos de freno	disco de freno|discos de freno|disco freno|discos freno			bremsscheibe|bremsscheiben		Brake discs	brake disc|brake discs|brake rotor|brake rotors	
Frenos > frenos > Discos de freno y componentes > Discos y pastillas de freno	element	brake-discs-and-related-parts-brake-discs-and-pads	Discos y pastillas de freno	discos y pastillas de freno|kit discos y pastillas|conjunto discos pastillas			bremsscheiben und beläge|bremsen set|bremsscheiben belag satz		Brake discs and pads	brake discs and pads|brake kit disc pad	
Frenos > frenos > Frenos de tambor y componentes > Freno de tambor	element	drum-brakes-and-related-parts-drum-brake	Freno de tambor	freno de tambor|tambor de freno|frenos de tambor			trommelbremse		Drum brake	drum brake	
Frenos > frenos > Frenos de tambor y componentes > Zapatas de freno	element	drum-brakes-and-related-parts-brake-shoes	Zapatas de freno	zapatas de freno|zapatas freno|zapatas|ferodos tambor			bremsbacken		Brake shoes	brake shoes|brake shoe	
Frenos > frenos > Frenos de tambor y componentes > Accessory kit, brake shoes	element	zubehorsatz-bremsbacken-accessory-kit-brake-shoes	Accessory kit, brake shoes	juego de zapatas de freno|kit de zapatas de freno|zapatas con herrajes|kit herrajes zapatas		Accessory kit, brake shoes	bremsbackensatz|bremsbacken satz|zubehörsatz bremsbacken|montagesatz bremsbacken			brake shoe set|brake shoe kit|brake shoe fitting kit	
Frenos > frenos > Frenos de tambor y componentes > Tambor de freno	element	drum-brakes-and-related-parts-brake-drum	Tambor de freno	tambor de freno|tambor freno|tambores de freno			bremstrommel		Brake drum	brake drum|brake drums	
Frenos > frenos > Pinzas de freno y componentes > Pinza de freno	element	brake-calipers-and-related-parts-brake-caliper	Pinza de freno	pinza de freno|pinza freno|mordaza de freno|caliper			bremssattel|bremszange		Brake caliper	brake caliper|caliper|brake calipers	
Frenos > frenos > Pinzas de freno y componentes > Pistón de pinza de freno	element	brake-calipers-and-related-parts-brake-caliper-piston	Pistón de pinza de freno	pistón de pinza|pistón de freno|piston pinza freno			bremssattelkolben|bremskolben|kolben bremssattel		Brake caliper piston	brake caliper piston|caliper piston	
Frenos > frenos > Frenos de mano y componentes > Freno de mano	element	handbrakes-and-related-parts-handbrake	Freno de mano	freno de mano|freno mano|freno de estacionamiento			handbremse|feststellbremse		Handbrake	handbrake|parking brake	
Frenos > frenos > Frenos de mano y componentes > Cable de freno de mano	element	handbrakes-and-related-parts-handbrake-cable	Cable de freno de mano	cable de freno de mano|cable freno mano|cable de freno estacionamiento			handbremsseil|feststellbremsseil|bremsseil		Handbrake cable	handbrake cable|parking brake cable	
Frenos > frenos > Frenos de mano y componentes > Pastillas de freno de mano	element	handbrakes-and-related-parts-handbrake-pads	Pastillas de freno de mano	pastillas de freno de mano|zapatas freno de mano|zapatas freno estacionamiento			handbremsbeläge|handbremsbacken|feststellbremsbeläge		Handbrake pads	handbrake pads|parking brake shoes	
Frenos > Kits de reparación > Componentes del sistema de frenos > Kit de reparación de pinzas de freno	element	brake-system-components-brake-caliper-repair-kit	Kit de reparación de pinzas de freno	kit de reparación de pinza|kit reparacion pinza freno|reparacion pinza de freno			bremssattel reparatursatz|reparatursatz bremssattel		Brake caliper repair kit	brake caliper repair kit|caliper repair kit	
Frenos > Kits de reparación > Componentes del sistema de frenos > Kit de reparación de cilindro maestro de freno	element	brake-system-components-master-brake-cylinder-repair-kit	Kit de reparación de cilindro maestro de freno	bomba de freno|bomba de frenos|cilindro maestro de freno|maestra de freno			hauptbremszylinder|bremszylinder haupt		Master brake cylinder repair kit	brake master cylinder|master cylinder	
Frenos > Kits de reparación > Componentes del sistema de frenos > Kit de reparación de cilindro de freno de rueda	element	brake-system-components-wheel-brake-cylinder-repair-kit	Kit de reparación de cilindro de freno de rueda	kit de reparación de bombín|kit reparacion cilindro de rueda|reparacion bombin freno			radbremszylinder reparatursatz|reparatursatz radbremszylinder		Wheel brake cylinder repair kit	wheel cylinder repair kit|wheel brake cylinder repair kit	
Frenos > Tuberías y mangueras > Componentes del sistema de frenos > Manguera de freno	element	brake-system-components-brake-hose	Manguera de freno	manguera de freno|latiguillo de freno|flexible de freno|tubo flexible freno			bremsschlauch		Brake hose	brake hose|flexible brake hose|brake line hose	
Sistema eléctrico > Electricidad > Componentes del sistema de arranque y carga > Motor de arranque	element	starting-and-charging-system-components-starter-motor	Motor de arranque	motor de arranque|arranque|burro de arranque|motor de arranque coche			anlasser|starter|startermotor		Starter motor	starter motor|starter	
Sistema eléctrico > Electricidad > Componentes del sistema de arranque y carga > Repuestos de alternador	element	starting-and-charging-system-components-alternator-spare-parts	Repuestos de alternador	repuestos de alternador					Alternator spare parts	alternator spare parts	
Carrocería > Carrocería > Lámparas > Lámpara de faro antiniebla	element	bulbs-fog-light-bulb	Lámpara de faro antiniebla						Fog light bulb		
Carrocería > Carrocería > Componentes del sistema de iluminación y señalización > Pilotos traseros	element	lighting-and-signaling-system-components-tail-lights	Pilotos traseros						Tail lights		
Carrocería > Carrocería > Lámparas > Lámpara de luz alta	element	bulbs-high-beam-bulb	Lámpara de luz alta						High beam bulb		
Sistema eléctrico > Electricidad > Componentes del sistema de encendido > Relé multifunción	element	ignition-system-components-multifunction-relay	Relé multifunción	relé multifunción|relé multifuncional			multifunktionsrelais		Multifunction relay	multifunction relay	
Sistema eléctrico > Electricidad > Componentes del sistema de arranque y carga > Rueda libre del alternador	element	starting-and-charging-system-components-alternator-freewheel	Rueda libre del alternador	polea del alternador|polea de rueda libre|polea libre alternador|polea unidireccional			freilauf lichtmaschine|generatorfreilauf|freilaufriemenscheibe		Alternator freewheel	alternator freewheel pulley|overrunning alternator pulley	
Sistema eléctrico > Electricidad > Componentes del sistema de arranque y carga > Escobillas del motor de arranque	element	starting-and-charging-system-components-starter-motor-brushes	Escobillas del motor de arranque	escobillas de arranque|carbones de arranque|escobillas motor de arranque			anlasser kohlebürsten|starter kohlebürsten|kohlebürsten anlasser		Starter motor brushes	starter motor brushes|starter carbon brushes	
Sistema eléctrico > Electricidad > Componentes del sistema de arranque y carga > Solenoide del motor de arranque	element	starting-and-charging-system-components-starter-solenoid	Solenoide del motor de arranque	solenoide de arranque|relé de arranque|automático de arranque|contactor de arranque			magnetschalter anlasser|anlasser magnetschalter|starterrelais		Starter solenoid	starter solenoid	
Sistema eléctrico > Electricidad > Componentes del sistema de arranque y carga > Engranaje libre de arranque	element	starting-and-charging-system-components-starter-freewheel-gear	Engranaje libre de arranque	engranaje libre de arranque					Starter freewheel gear	starter freewheel gear	
Sistema eléctrico > Electricidad > Componentes del sistema de arranque y carga > Componentes individuales del motor de arranque	element	starting-and-charging-system-components-starter-individual-parts	Componentes individuales del motor de arranque	componentes individuales del motor de arranque					Starter individual parts	starter individual parts	
Sistema eléctrico > Unidades de control, sensores y relés > Componentes del sistema de frenos > Sensor ABS	element	brake-system-components-abs-sensor	Sensor ABS	sensor abs|sensor de rueda abs|captador abs|sensor de revoluciones rueda			abs sensor|raddrehzahlsensor|drehzahlsensor rad		ABS sensor	abs sensor|wheel speed sensor	
Carrocería > Carrocería > Lámparas > Lámpara de intermitente	element	bulbs-indicator-bulb	Lámpara de intermitente						Indicator bulb		
Carrocería > Carrocería > Lámparas > Lámpara de luz de matrícula	element	bulbs-license-plate-light-bulb	Lámpara de luz de matrícula						License plate light bulb		
Carrocería > Carrocería > Lámparas > Lámpara de luz de freno	element	bulbs-brake-light-bulb	Lámpara de luz de freno						Brake light bulb		
Carrocería > Carrocería > Lámparas > Lámpara de luz de cruce	element	bulbs-low-beam-bulb	Lámpara de luz de cruce						Low beam bulb		
Sistema eléctrico > Electricidad > Componentes del sistema de frenos > Indicador de desgaste de frenos	element	brake-system-components-brake-wear-sensor	Indicador de desgaste de frenos	indicador de desgaste|sensor de desgaste|contacto de desgaste|testigo de pastillas|avisador de pastillas			bremsverschleißanzeige|verschleißanzeige|warnkontakt bremsbelag|verschleißsensor		Brake wear sensor	brake wear indicator|brake wear sensor|pad wear sensor	
Sistema eléctrico > Electricidad > Componentes del sistema de iluminación y señalización > Faro antiniebla	element	lighting-and-signaling-system-components-fog-light	Faro antiniebla	faro antiniebla|faros antiniebla|antinieblas|proyector antiniebla			nebelscheinwerfer|nebellampe		Fog light	fog light|fog lamp	
Sistema eléctrico > Electricidad > Componentes del sistema de iluminación y señalización > Interruptor de luz de freno	element	lighting-and-signaling-system-components-brake-light-switch	Interruptor de luz de freno	interruptor de luz de freno|interruptor de freno|contacto de luz de freno|manocontacto freno			bremslichtschalter		Brake light switch	brake light switch	
Sistema eléctrico > Electricidad > Componentes del sistema de iluminación y señalización > Luz de posición	element	lighting-and-signaling-system-components-parking-light	Luz de posición	luz de posición|luces de estacionamiento|luz de gálibo			standlicht|positionsleuchte|begrenzungsleuchte		Parking light	parking light|position light	
Sistema eléctrico > Electricidad > Componentes de la carrocería y del sistema de confort > Iluminación del maletero	element	body-and-comfort-system-components-trunk-light	Iluminación del maletero	luz del maletero|luz de maletero|iluminación de maletero			kofferraumbeleuchtung|kofferraumleuchte		Trunk light	trunk light|boot light	
Sistema eléctrico > Electricidad > Componentes de la carrocería y del sistema de confort > Iluminación interior	element	body-and-comfort-system-components-interior-lighting	Iluminación interior	iluminación interior|luz interior|plafón interior|luz de techo			innenraumbeleuchtung|innenleuchte|leseleuchte		Interior lighting	interior lighting|interior light|dome light	
Sistema eléctrico > Unidades de control, sensores y relés > Componentes del sistema de frenos > Indicador de desgaste de frenos	element	brake-system-components-brake-wear-indicator	Indicador de desgaste de frenos	indicador de desgaste|sensor de desgaste|contacto de desgaste|testigo de pastillas|avisador de pastillas			bremsverschleißanzeige|verschleißanzeige|warnkontakt bremsbelag|verschleißsensor		Brake wear indicator	brake wear indicator|brake wear sensor|pad wear sensor	
Sistema eléctrico > Unidades de control, sensores y relés > Componentes del sistema de refrigeración > Sensor de temperatura	element	cooling-system-components-temperature-sensor	Sensor de temperatura	sensor de temperatura|sonda de temperatura			temperatursensor|temperaturgeber		Temperature sensor	temperature sensor	
Sistema eléctrico > Unidades de control, sensores y relés > Componentes del sistema de refrigeración > Sensor de temperatura del refrigerante	element	cooling-system-components-coolant-temperature-sensor	Sensor de temperatura del refrigerante	sensor de temperatura del refrigerante|sensor temperatura refrigerante|sonda de temperatura agua|termocontacto			kühlmitteltemperatursensor|kühlmittelsensor|temperaturgeber kühlmittel		Coolant temperature sensor	coolant temperature sensor|coolant temp sensor	
Sistema eléctrico > Unidades de control, sensores y relés > Componentes del sistema de frenos > Interruptor de luz de freno	element	brake-system-components-brake-light-switch	Interruptor de luz de freno	interruptor de luz de freno|interruptor de freno|contacto de luz de freno|manocontacto freno			bremslichtschalter		Brake light switch	brake light switch	
Sistema eléctrico > Unidades de control, sensores y relés > Componentes del sistema de frenos > Relé ABS	element	brake-system-components-abs-relay	Relé ABS	relé abs			abs relais|relais abs		ABS relay	abs relay	
Sistema eléctrico > Unidades de control, sensores y relés > Componentes del sistema de frenos > Unidad de control del freno/dinámica de conducción	element	brake-system-components-brake-dynamic-driving-control-unit	Unidad de control del freno/dinámica de conducción	unidad de control del freno dinámica de conducción					Brake/dynamic driving control unit	brake dynamic driving control unit	
Sistema eléctrico > Unidades de control, sensores y relés > Componentes del sistema de encendido > Unidad de control de bujías incandescentes	element	ignition-system-components-glow-plug-control-unit	Unidad de control de bujías incandescentes	relé de calentadores|unidad de control de calentadores|centralita de calentadores|rele precalentamiento			glühkerzen steuergerät|glührelais|vorglührelais|glühzeitsteuergerät		Glow plug control unit	glow plug control unit|glow plug relay	
Sistema eléctrico > Unidades de control, sensores y relés > Componentes del sistema de lubricación > Interruptor de presión de aceite	element	lubrication-system-components-oil-pressure-switch	Interruptor de presión de aceite	interruptor de presión de aceite|manocontacto de aceite|bulbo de aceite|presostato de aceite			öldruckschalter|öldruckgeber|öldrucksensor		Oil pressure switch	oil pressure switch|oil pressure sender	
Sistema eléctrico > Unidades de control, sensores y relés > Alternadores y componentes asociados > Regulador del alternador	element	alternators-and-related-components-alternator-regulator	Regulador del alternador	regulador del alternador|regulador de tensión|regulador de voltaje			lichtmaschinenregler|generatorregler|spannungsregler		Alternator regulator	alternator regulator|voltage regulator	
Sistema eléctrico > Unidades de control, sensores y relés > Componentes del sistema de iluminación y señalización > Relé de intermitencia	element	lighting-and-signaling-system-components-blinker-relay	Relé de intermitencia	relé de intermitencia|relé de intermitentes|central de intermitencia|relé de destellos			blinkerrelais|blinkgeber		Blinker relay	flasher relay|indicator relay|turn signal relay	
Sistema eléctrico > Unidades de control, sensores y relés > Arranques y componentes asociados > Solenoide de arranque	element	starters-and-related-components-starter-solenoid	Solenoide de arranque	solenoide de arranque|relé de arranque|automático de arranque|contactor de arranque			magnetschalter anlasser|anlasser magnetschalter|starterrelais		Starter solenoid	starter solenoid	
Sistema eléctrico > Kits de reparación > Componentes eléctricos > Alternador, piezas de repuesto	element	electrical-components-alternator-spare-parts	Alternador, piezas de repuesto	alternador piezas de repuesto					Alternator, spare parts	alternator spare parts	
Sistema eléctrico > Kits de reparación > Componentes eléctricos > Piezas de repuesto de arranque	element	electrical-components-starter-spare-parts	Piezas de repuesto de arranque	piezas de repuesto de arranque					Starter spare parts	starter spare parts	
Chasis y dirección > Dirección > Rótulas de dirección y componentes asociados > Rótula de dirección	element	tie-rod-ends-and-related-components-tie-rod-end	Rótula de dirección	rótula de dirección|terminal de dirección|rótula axial exterior|extremo de barra de dirección			spurstangenkopf|spurstangengelenk|axialgelenk aussen		Tie rod end	tie rod end|track rod end	
Chasis y dirección > Dirección > Barras de dirección, barras de acoplamiento y componentes asociados > Biela de dirección	element	steering-rods-tie-rods-and-related-components-tie-rod	Biela de dirección	barra de acoplamiento|barra de dirección|tirante de dirección|biela de dirección			spurstange|lenkstange		Tie rod	tie rod|track rod	
Chasis y dirección > Dirección > Barras de dirección, barras de acoplamiento y componentes asociados > Articulación axial	element	steering-rods-tie-rods-and-related-components-axial-joint	Articulación axial	rótula axial|articulación axial|barra axial|rótula interior dirección			axialgelenk|axialstange|innerer spurstangenkopf		Axial joint	axial joint|inner tie rod	
Chasis y dirección > Dirección > Barras de dirección, barras de acoplamiento y componentes asociados > Bastón de dirección	element	steering-rods-tie-rods-and-related-components-steering-shaft	Bastón de dirección	columna de dirección|árbol de dirección|eje de dirección|bastón de dirección			lenksäule|lenkwelle|lenkspindel		Steering shaft	steering column|steering shaft	
Chasis y dirección > Dirección > Bomba de dirección asistida y componentes asociados > Bomba de dirección asistida	element	power-steering-pumps-and-related-components-power-steering-pump	Bomba de dirección asistida	bomba de dirección asistida|bomba de servodirección|bomba servo|bomba hidráulica dirección			servopumpe|lenkhilfepumpe|servolenkungspumpe		Power steering pump	power steering pump	
Chasis y dirección > Dirección > Bomba de dirección asistida y componentes asociados > Filtro hidráulico de dirección	element	power-steering-pumps-and-related-components-power-steering-hydraulic-filter	Filtro hidráulico de dirección	filtro hidráulico de dirección					Power steering hydraulic filter	power steering hydraulic filter	
Chasis y dirección > Dirección > Componentes de la dirección > Kit de reparación de la caja de dirección	element	steering-components-steering-gear-repair-kit	Kit de reparación de la caja de dirección	kit de reparación de caja de dirección|reparacion cremallera de dirección|kit reparacion direccion			reparatursatz lenkgetriebe|lenkgetriebe reparatursatz		Steering gear repair kit	steering gear repair kit|steering rack repair kit	
Chasis y dirección > Enganche de remolque y accesorios > Enganches de remolque y componentes asociados > Enganche de remolque	element	trailer-hitches-and-related-components-trailer-hitch	Enganche de remolque	enganche de remolque|bola de remolque|gancho de remolque|barra de remolque			anhängerkupplung|anhängevorrichtung|kugelkopf anhänger		Trailer hitch	towbar|tow hitch|trailer hitch	
Chasis y dirección > Cojinetes > Componentes de suspensión > Cojinete de rueda	element	suspension-components-wheel-bearing	Cojinete de rueda	rodamiento de rueda|cojinete de rueda|rodamiento de buje|rodamiento de maza			radlager|radlagersatz		Wheel bearing	wheel bearing	
Chasis y dirección > Cojinetes > Componentes de suspensión > Cojinete central del eje de transmisión	element	suspension-components-center-bearing-driveshaft	Cojinete central del eje de transmisión	cojinete central de transmisión|soporte central de cardán|rodamiento central transmisión			mittellager kardanwelle|hardy mittellager|mittellager gelenkwelle		Center bearing, driveshaft"	center bearing driveshaft|carrier bearing	
Chasis y dirección > Cojinetes > Componentes de suspensión > Retén del cubo de rueda	element	suspension-components-wheel-hub-seal	Retén del cubo de rueda	retén de buje|retén de maza|reten cubo de rueda			radnabe simmerring|wellendichtring radnabe		Wheel hub seal	wheel hub seal	
Chasis y dirección > Cojinetes > Componentes del embrague > Rodamiento de empuje	element	clutch-components-release-bearing	Rodamiento de empuje	cojinete de embrague|collarín de embrague|rodamiento de empuje|cojinete de empuje			ausrücklager|kupplungsausrücklager		Release bearing	release bearing|clutch release bearing|throwout bearing	
Chasis y dirección > Cojinetes > Componentes del motor > Cojinete de biela	element	engine-components-connecting-rod-bearing	Cojinete de biela	cojinete de biela|casquillo de biela|semicojinete de biela|metales de biela			pleuellager|pleuellagerschalen		Connecting rod bearing	connecting rod bearing|rod bearing	
Chasis y dirección > Cojinetes > Componentes del motor > Cojinete del cigüeñal	element	engine-components-crankshaft-bearing	Cojinete del cigüeñal	cojinete de bancada|cojinete de cigüeñal|casquillo de bancada|metales de bancada			kurbelwellenlager|hauptlager|kurbelwellenlagerschalen		Crankshaft bearing	crankshaft bearing|main bearing	
Chasis y dirección > Kits de reparación > Componentes del sistema de dirección > Kit de reparación de caja de dirección	element	steering-system-components-steering-gearbox-repair-kit	Kit de reparación de caja de dirección	kit de reparación de caja de dirección|reparacion cremallera de dirección|kit reparacion direccion			reparatursatz lenkgetriebe|lenkgetriebe reparatursatz		Steering gearbox repair kit	steering gear repair kit|steering rack repair kit	
Suspensión > Suspensión y brazos de control > Rodamientos y componentes asociados > Maza de rueda	element	wheel-bearings-and-related-components-wheel-hub	Maza de rueda	buje de rueda|maza de rueda|cubo de rueda|mangueta con buje			radnabe|radnabe mit lager|radlagergehäuse		Wheel hub	wheel hub|wheel hub assembly	
Interior > Interior > Componentes del sistema de iluminación y señalización > Relé de intermitentes	element	lighting-and-signaling-system-components-turn-signal-relay	Relé de intermitentes						Turn signal relay		
Carrocería > Carrocería > Componentes del sistema de iluminación y señalización > Luz diurna	element	lighting-and-signaling-system-components-daytime-running-light	Luz diurna						Daytime running light		
Suspensión > Suspensión y brazos de control > Rodamientos y componentes asociados > Retén de la maza de rueda	element	wheel-bearings-and-related-components-wheel-hub-seal	Retén de la maza de rueda	retén de buje|retén de maza|reten cubo de rueda			radnabe simmerring|wellendichtring radnabe		Wheel hub seal	wheel hub seal	
Suspensión > Suspensión y brazos de control > Rodamientos y componentes asociados > Barra de acoplamiento	element	wheel-bearings-and-related-components-stabilizer-link	Barra de acoplamiento	bieleta estabilizadora|bieleta de estabilizadora|enlace de estabilizadora|tirante estabilizador			koppelstange|pendelstütze|stabilenker|stabistrebe		Stabilizer link	stabilizer link|sway bar link|drop link	
Suspensión > Suspensión y brazos de control > Rodamientos y componentes asociados > Gomas de estabilizador	element	wheel-bearings-and-related-components-stabilizer-bushings	Gomas de estabilizador	gomas de estabilizadora|casquillos de estabilizadora|silentblock de estabilizadora|caucho estabilizadora			stabigummis|stabilisator gummilager|stabilisatorlager|stabilager		Stabilizer bushings	stabilizer bushings|sway bar bushings	
Suspensión > Suspensión y brazos de control > Rodamientos y componentes asociados > Barra estabilizadora	element	wheel-bearings-and-related-components-stabilizer-bar	Barra estabilizadora	barra estabilizadora|barra antivuelco|estabilizadora			stabilisator|stabistange|stabilisatorstange		Stabilizer bar	stabilizer bar|sway bar|anti roll bar	
Suspensión > Suspensión y brazos de control > Rodamientos y componentes asociados > Soporte del estabilizador	element	wheel-bearings-and-related-components-stabilizer-mounting-bracket	Soporte del estabilizador	soporte de estabilizadora|abrazadera de estabilizadora|brida estabilizadora			stabilisator halter|haltebügel stabilisator|halter stabilisatorlagerung		Stabilizer mounting bracket	stabilizer bracket|sway bar bracket	
Suspensión > Suspensión y brazos de control > Rodamientos y componentes asociados > Buje de brazo de control	element	wheel-bearings-and-related-components-control-arm-bushing	Buje de brazo de control	silentblock de brazo|casquillo de brazo de control|goma de trapecio|buje de trapecio			querlenkerlager|querlenker buchse|lagerbuchse querlenker|querlenkergummi		Control arm bushing	control arm bushing|wishbone bush	
Suspensión > Suspensión y brazos de control > Rodamientos y componentes asociados > Kit de reparación de brazo de control	element	wheel-bearings-and-related-components-control-arm-repair-kit	Kit de reparación de brazo de control	kit de reparación de brazo|kit brazo de suspensión|reparacion trapecio			reparatursatz querlenker|querlenker reparatursatz		Control arm repair kit	control arm repair kit	
Suspensión > Suspensión y brazos de control > Rodamientos y componentes asociados > Kit de montaje de brazo de control	element	wheel-bearings-and-related-components-control-arm-mounting-kit	Kit de montaje de brazo de control	kit de montaje de brazo|kit silentblocks brazo|kit montaje trapecio			montagesatz querlenker|montagesatz lenker		Control arm mounting kit	control arm mounting kit	
Suspensión > Suspensión y brazos de control > Rótulas y componentes asociados > Rótula de suspensión	element	ball-joints-and-related-components-ball-joint	Rótula de suspensión	rótula|rótula de suspensión|rótula inferior|rótula de brazo			traggelenk|kugelgelenk|führungsgelenk		Ball joint	ball joint|suspension ball joint	
Suspensión > Suspensión y brazos de control > Componentes de dirección > Rótula de dirección	element	steering-components-tie-rod-end	Rótula de dirección	rótula de dirección|terminal de dirección|rótula axial exterior|extremo de barra de dirección			spurstangenkopf|spurstangengelenk|axialgelenk aussen		Tie rod end	tie rod end|track rod end	
Suspensión > Suspensión y brazos de control > Componentes de dirección > Rótula axial	element	steering-components-axial-joint	Rótula axial	rótula axial|articulación axial|barra axial|rótula interior dirección			axialgelenk|axialstange|innerer spurstangenkopf		Axial joint	axial joint|inner tie rod	
Suspensión > Suspensión y brazos de control > Piezas de fijación de ruedas > Tornillos y tuercas de rueda	element	wheel-fastening-parts-wheel-bolts-and-nuts	Tornillos y tuercas de rueda	tornillos de rueda|tuercas de rueda|bulones de rueda|espárragos de rueda			radschrauben|radmuttern|radbolzen		Wheel bolts and nuts	wheel bolts|wheel nuts|lug nuts	
Suspensión > Suspensión y brazos de control > Soportes de motor y transmisión > Soporte de motor	element	engine-and-transmission-mounts-engine-mount	Soporte de motor	soporte de motor|taco de motor|silentblock de motor|soporte de motor coche			motorlager|motorhalter|motoraufhängung		Engine mount	engine mount|motor mount|engine mounting	
Suspensión > Suspensión y brazos de control > Soportes de motor y transmisión > Soporte de transmisión	element	engine-and-transmission-mounts-transmission-mount	Soporte de transmisión	soporte de caja de cambios|taco de cambio|silentblock de cambio|soporte de transmisión			getriebelager|getriebehalter|getriebeaufhängung		Transmission mount	transmission mount|gearbox mount	
Suspensión > Suspensión y brazos de control > Cuerpo del eje y componentes asociados > Cuerpo del eje	element	axle-body-and-related-components-axle-body	Cuerpo del eje	cuerpo del eje|travesaño del eje|cuna de motor|puente delantero|bastidor auxiliar			achskörper|achsträger|fahrschemel|hilfsrahmen		Axle body	axle body|axle carrier|subframe|axle crossmember	
Suspensión > Suspensión y brazos de control > Cuerpo del eje y componentes asociados > Travesaño del eje	element	axle-body-and-related-components-axle-crossmember	Travesaño del eje	cuerpo del eje|travesaño del eje|cuna de motor|puente delantero|bastidor auxiliar			achskörper|achsträger|fahrschemel|hilfsrahmen		Axle crossmember	axle body|axle carrier|subframe|axle crossmember	
Suspensión > Suspensión y brazos de control > Componentes del sistema ABS > Sensor ABS	element	abs-system-components-abs-sensor	Sensor ABS	sensor abs|sensor de rueda abs|captador abs|sensor de revoluciones rueda			abs sensor|raddrehzahlsensor|drehzahlsensor rad		ABS sensor	abs sensor|wheel speed sensor	
Suspensión > Suspensión y brazos de control > Elementos de amortiguación > Kit de protección contra polvo y tope de amortiguador	element	damping-elements-shock-absorber-dust-cover-and-bump-stop-set	Kit de protección contra polvo y tope de amortiguador	fuelle de amortiguador|tope de amortiguador|kit guardapolvo amortiguador|topes de suspensión			staubschutzsatz stoßdämpfer|anschlagpuffer|faltenbalg stoßdämpfer|staubmanschette stoßdämpfer		Shock absorber dust cover and bump stop set	shock absorber dust cover|bump stop|bump stop kit	
Suspensión > Suspensión y brazos de control > Elementos de amortiguación > Ballesta	element	damping-elements-leaf-spring	Ballesta	ballesta|ballestas|hoja de ballesta|paquete de ballestas			blattfeder|blattfedern		Leaf spring	leaf spring|leaf springs	
Suspensión > Suspensión y brazos de control > Elementos de amortiguación > Cojinete del amortiguador	element	damping-elements-shock-absorber-mounting	Cojinete del amortiguador	soporte de amortiguador|copela de amortiguador|cojinete de amortiguador|torreta de amortiguador|silentblock amortiguador			domlager|stoßdämpferlager|federbeinstützlager|stützlager		Shock absorber mounting	shock absorber mount|strut mount|strut top mount	
Suspensión > Suspensión y brazos de control > Elementos de amortiguación > Soporte del amortiguador	element	damping-elements-shock-absorber-bracket	Soporte del amortiguador	soporte de amortiguador|copela de amortiguador|cojinete de amortiguador|torreta de amortiguador|silentblock amortiguador			domlager|stoßdämpferlager|federbeinstützlager|stützlager		Shock absorber bracket	shock absorber mount|strut mount|strut top mount	
Suspensión > Suspensión y brazos de control > Mangueta y componentes asociados > Perno de mangueta	element	steering-knuckle-and-related-components-steering-knuckle-pin	Perno de mangueta	pivote de mangueta|perno de mangueta|pivote maestro|bulón de mangueta			achsschenkelbolzen|königsbolzen		Steering knuckle pin	kingpin|steering knuckle pin	
Suspensión > Suspensión y brazos de control > Mangueta y componentes asociados > Casquillo de perno de mangueta	element	steering-knuckle-and-related-components-steering-knuckle-bushing	Casquillo de perno de mangueta	casquillo de mangueta|buje de pivote|casquillo pivote mangueta			achsschenkelbolzen buchse|königsbolzen buchse|buchse achsschenkelbolzen		Steering knuckle bushing	kingpin bushing|steering knuckle bushing	
Suspensión > Suspensión y brazos de control > Componentes eléctricos > Sensor de presión de neumáticos	element	electrical-components-tire-pressure-sensor-tpms	Sensor de presión de neumáticos	sensor de presión de neumáticos|sensor tpms|válvula tpms|sensor presion ruedas			reifendrucksensor|rdks sensor		Tire pressure sensor (TPMS)	tire pressure sensor|tpms sensor	
Suspensión > suspensión > Amortiguadores, muelles helicoidales, ballestas y componentes relacionados > Amortiguador	element	shock-absorbers-coil-springs-leaf-springs-and-related-components-shock-absorber	Amortiguador	amortiguador|amortiguadores|amortiguador de gas|amortidor			stoßdämpfer|stossdämpfer|dämpfer		Shock absorber	shock absorber|shock|damper	
Suspensión > suspensión > Amortiguadores, muelles helicoidales, ballestas y componentes relacionados > Kit de protección contra polvo y tope de amortiguador	element	shock-absorbers-coil-springs-leaf-springs-and-related-components-shock-absorber-dust-cover-and-bump-stop-set	Kit de protección contra polvo y tope de amortiguador	fuelle de amortiguador|tope de amortiguador|kit guardapolvo amortiguador|topes de suspensión			staubschutzsatz stoßdämpfer|anschlagpuffer|faltenbalg stoßdämpfer|staubmanschette stoßdämpfer		Shock absorber dust cover and bump stop set	shock absorber dust cover|bump stop|bump stop kit	
Suspensión > suspensión > Amortiguadores, muelles helicoidales, ballestas y componentes relacionados > Ballesta	element	shock-absorbers-coil-springs-leaf-springs-and-related-components-leaf-spring	Ballesta	ballesta|ballestas|hoja de ballesta|paquete de ballestas		Blattfeder	blattfeder|blattfedern	Blattfeder	Leaf spring	leaf spring|leaf springs	
Transmisión > Embrague y componentes > Kits de embrague y componentes asociados > Kit de embrague	element	clutch-kits-and-related-components-clutch-kit	Kit de embrague	kit de embrague|conjunto de embrague|embrague completo|kit embrague			kupplungssatz|kupplungskit		Clutch kit	clutch kit	
Transmisión > Embrague y componentes > Kits de embrague y componentes asociados > Rodamiento de empuje	element	clutch-kits-and-related-components-release-bearing	Rodamiento de empuje	cojinete de embrague|collarín de embrague|rodamiento de empuje|cojinete de empuje			ausrücklager|kupplungsausrücklager		Release bearing	release bearing|clutch release bearing|throwout bearing	
Transmisión > Embrague y componentes > Kits de embrague y componentes asociados > Disco de embrague	element	clutch-kits-and-related-components-clutch-disc	Disco de embrague	disco de embrague|plato de embrague|disco de fricción			kupplungsscheibe		Clutch disc	clutch disc|clutch plate	
Transmisión > Embrague y componentes > Kits de embrague y componentes asociados > Plato de presión del embrague	element	clutch-kits-and-related-components-clutch-pressure-plate	Plato de presión del embrague	plato de presión de embrague|maza de embrague|prensa de embrague			kupplungsdruckplatte|druckplatte kupplung		Clutch pressure plate	clutch pressure plate|clutch cover	
Transmisión > Embrague y componentes > Kits de embrague y componentes asociados > Rodamiento guía	element	clutch-kits-and-related-components-pilot-bearing	Rodamiento guía	cojinete piloto|rodamiento guía|casquillo guía volante|cojinete de volante			führungslager|pilotlager|nadellager kurbelwelle		Pilot bearing	pilot bearing|spigot bearing	
Transmisión > Embrague y componentes > Componentes del mecanismo de liberación del embrague > Cilindro maestro del embrague	element	clutch-release-mechanism-components-clutch-master-cylinder	Cilindro maestro del embrague	bomba de embrague|cilindro maestro de embrague|emisor de embrague|cilindro emisor embrague			kupplungsgeberzylinder|geberzylinder kupplung		Clutch master cylinder	clutch master cylinder	
Transmisión > Embrague y componentes > Componentes del mecanismo de liberación del embrague > Cilindro receptor del embrague	element	clutch-release-mechanism-components-clutch-slave-cylinder	Cilindro receptor del embrague	bombín de embrague|cilindro receptor de embrague|cilindro esclavo embrague			kupplungsnehmerzylinder|nehmerzylinder kupplung		Clutch slave cylinder	clutch slave cylinder	
Transmisión > Embrague y componentes > Componentes del mecanismo de liberación del embrague > Pedales y cubrepedales	element	clutch-release-mechanism-components-pedals-and-pedal-covers	Pedales y cubrepedales	gomas de pedal|cubrepedales|forros de pedal|almohadillas de pedal			pedalbelag|pedalgummi|pedalauflage		Pedals and pedal covers	pedal covers|pedal rubbers|pedal pads	
Transmisión > Embrague y componentes > Componentes del mecanismo de liberación del embrague > Kit de reparación del cilindro receptor de embrague	element	clutch-release-mechanism-components-clutch-slave-cylinder-repair-kit	Kit de reparación del cilindro receptor de embrague	kit de reparación bombín de embrague|reparacion cilindro receptor embrague			reparatursatz kupplungsnehmerzylinder|kupplungsnehmerzylinder reparatursatz		Clutch slave cylinder repair kit	clutch slave cylinder repair kit	
Transmisión > Embrague y componentes > Volantes de inercia y componentes asociados > Tornillos del volante de inercia	element	flywheels-and-related-components-flywheel-bolts	Tornillos del volante de inercia	tornillos de volante|pernos de volante|tornillos volante motor			schwungradschrauben|schwungrad schrauben		Flywheel bolts	flywheel bolts	
Transmisión > Embrague y componentes > Herramientas > Herramienta para embrague	element	tools-clutch-tool	Herramienta para embrague	herramienta para embrague					Clutch tool	clutch tool	
Transmisión > Embrague y componentes > Cuidado del automóvil > Limpiador de embrague y frenos	element	car-care-clutch-and-brake-cleaner	Limpiador de embrague y frenos	limpiador de frenos|limpia frenos|limpiador de embrague|spray limpiafrenos			bremsenreiniger|kupplungsreiniger|bremsen und kupplungsreiniger		Clutch and brake cleaner	brake cleaner|brake and clutch cleaner	
Transmisión > transmisión > Productos para la lubricación de la transmisión > Aceite de transmisión y caja de transferencia	element	products-for-transmission-lubrication-transmission-and-transfer-case-oil	Aceite de transmisión y caja de transferencia	aceite de transmisión y caja de transferencia					Transmission and transfer case oil	transmission and transfer case oil	
Transmisión > transmisión > Productos para la lubricación de la transmisión > Filtro de aceite de transmisión automática,	element	products-for-transmission-lubrication-automatic-transmission-oil-filter	Filtro de aceite de transmisión automática,	filtro de aceite cambio automático|filtro caja automática|filtro atf			automatikgetriebe ölfilter|getriebeölfilter		Automatic transmission oil filter	automatic transmission oil filter|atf filter	
Transmisión > transmisión > Productos para la lubricación de la transmisión > Junta del cárter de la transmisión automática	element	products-for-transmission-lubrication-automatic-transmission-oil-pan-gasket	Junta del cárter de la transmisión automática	junta del cárter de la transmisión automática					Automatic transmission oil pan gasket	automatic transmission oil pan gasket	
Transmisión > transmisión > Productos para la lubricación de la transmisión > Retén de transmisión	element	products-for-transmission-lubrication-transmission-seal	Retén de transmisión	retén de caja de cambios|retén de transmisión|reten de salida de cambio			getriebe simmerring|getriebedichtring|wellendichtring getriebe		Transmission seal	gearbox oil seal|transmission oil seal	
Transmisión > transmisión > Productos para la lubricación de la transmisión > Aceite de transmisión automática	element	products-for-transmission-lubrication-automatic-transmission-oil	Aceite de transmisión automática	aceite de cambio automático|líquido de transmisión automática|aceite atf|valvulina automática			automatikgetriebeöl|atf öl		Automatic transmission oil	automatic transmission fluid|automatic transmission oil	
Transmisión > transmisión > Productos para la lubricación de la transmisión > Cárter de aceite de la transmisión	element	products-for-transmission-lubrication-transmission-oil-pan	Cárter de aceite de la transmisión	cárter de cambio|cárter de aceite de transmisión|cárter de caja de cambios			getriebeölwanne|ölwanne getriebe		Transmission oil pan	transmission oil pan	
Transmisión > transmisión > Cojinetes de transmisión > Cojinete de transmisión	element	transmission-bearings-transmission-bearing	Cojinete de transmisión	cojinete de transmisión					Transmission bearing	transmission bearing	
Transmisión > transmisión > Componentes eléctricos de la transmisión > Válvula de cambio de transmisión automática	element	electrical-transmission-components-automatic-transmission-shift-valve	Válvula de cambio de transmisión automática	válvula de cambio automático|electroválvula de cambio|solenoide de cambio			schaltventil automatikgetriebe|magnetventil getriebe		Automatic transmission shift valve	shift valve automatic transmission|transmission solenoid	
Transmisión > transmisión > Volantes y componentes relacionados > Volante de inercia	element	flywheels-and-related-components-flywheel	Volante de inercia	volante motor|volante de inercia|volante bimasa|volante de embrague		Schwungrad	schwungrad|zweimassenschwungrad|schwungscheibe	Schwungrad	Flywheel	flywheel|dual mass flywheel	
Transmisión > Árbol de transmisión y diferencial > Árboles de transmisión y componentes asociados > Acoplamiento flexible	element	driveshafts-and-related-components-flex-disc	Acoplamiento flexible	disco hardy|acoplamiento flexible|junta elástica de transmisión|trisqueta			hardyscheibe|gelenkscheibe|flexscheibe		Flex disc	flex disc|hardy disc|flex joint	
Transmisión > Árbol de transmisión y diferencial > Árboles de transmisión y componentes asociados > Cojinete central del eje de transmisión	element	driveshafts-and-related-components-center-bearing-driveshaft	Cojinete central del eje de transmisión	cojinete central de transmisión|soporte central de cardán|rodamiento central transmisión			mittellager kardanwelle|hardy mittellager|mittellager gelenkwelle		Center bearing, driveshaft	center bearing driveshaft|carrier bearing	
Transmisión > Árbol de transmisión y diferencial > Árboles de transmisión y componentes asociados > Retén del diferencial	element	driveshafts-and-related-components-differential-seal	Retén del diferencial	retén de diferencial|reten de palier diferencial|reten salida diferencial			differential simmerring|wellendichtring differential|simmerring differential		Differential seal	differential seal	
Transmisión > Árbol de transmisión y diferencial > Aceites y fluidos > Aceite de transmisión automática	element	oils-and-fluids-automatic-transmission-oil	Aceite de transmisión automática	aceite de cambio automático|líquido de transmisión automática|aceite atf|valvulina automática			automatikgetriebeöl|atf öl		Automatic transmission oil	automatic transmission fluid|automatic transmission oil	
Transmisión > Kits de reparación > Componentes del embrague > Kit de reparación de cilindro maestro de embrague	element	clutch-components-clutch-master-cylinder-repair-kit	Kit de reparación de cilindro maestro de embrague	kit de reparación bomba de embrague|reparacion cilindro maestro embrague			reparatursatz kupplungsgeberzylinder|kupplungsgeberzylinder reparatursatz		Clutch master cylinder repair kit	clutch master cylinder repair kit	
Transmisión > Kits de reparación > Componentes del embrague > Kit de reparación de cilindro receptor de embrague	element	clutch-components-clutch-slave-cylinder-repair-kit	Kit de reparación de cilindro receptor de embrague	kit de reparación bombín de embrague|reparacion cilindro receptor embrague			reparatursatz kupplungsnehmerzylinder|kupplungsnehmerzylinder reparatursatz		Clutch slave cylinder repair kit	clutch slave cylinder repair kit	
Interior > Interior > Componentes del interior > Pedales y cubrepedales	element	interior-components-pedals-and-pedal-covers	Pedales y cubrepedales	gomas de pedal|cubrepedales|forros de pedal|almohadillas de pedal			pedalbelag|pedalgummi|pedalauflage		Pedals and pedal covers	pedal covers|pedal rubbers|pedal pads	
Interior > Interior > Componentes del interior > Revestimiento	element	interior-components-trim-panel	Revestimiento						Trim panel		
Interior > Interior > Cerraduras y componentes asociados > Manija de puerta	element	locks-and-related-components-door-handle	Manija de puerta						Door handle		
Interior > Interior > Componentes eléctricos > Iluminación del tablero	element	electrical-components-dashboard-lighting	Iluminación del tablero						Dashboard lighting		
Interior > Interior > Componentes eléctricos > Interruptor de luz de freno	element	electrical-components-brake-light-switch	Interruptor de luz de freno	interruptor de luz de freno|interruptor de freno|contacto de luz de freno|manocontacto freno			bremslichtschalter		Brake light switch	brake light switch	
Interior > Interior > Componentes eléctricos > Interruptor de luces de emergencia	element	electrical-components-hazard-light-switch	Interruptor de luces de emergencia	interruptor de emergencia|botón de warning|interruptor de warning|pulsador de emergencia|interruptor luces emergencia			warnblinkschalter|warnblinker schalter		Hazard light switch	hazard switch|hazard warning switch	
Interior > Interior > Componentes eléctricos > Relé multifunción	element	electrical-components-multifunction-relay	Relé multifunción	relé multifunción|relé multifuncional			multifunktionsrelais		Multifunction relay	multifunction relay	
Interior > Interior > Componentes del sistema de iluminación y señalización > Iluminación interior	element	lighting-and-signaling-system-components-interior-lighting	Iluminación interior	iluminación interior|luz interior|plafón interior|luz de techo			innenraumbeleuchtung|innenleuchte|leseleuchte		Interior lighting	interior lighting|interior light|dome light	
Interior > Interior > Componentes del sistema de iluminación y señalización > Luz de puerta	element	lighting-and-signaling-system-components-door-light	Luz de puerta						Door light		
Carrocería > Sistema de lavado de parabrisas > Limpiaparabrisas y componentes relacionados > Limpiaparabrisas	element	wipers-and-related-components-windshield-wiper	Limpiaparabrisas						Windshield wiper		
Carrocería > Sistema de lavado de parabrisas > Limpiaparabrisas y componentes relacionados > Brazo del limpiaparabrisas	element	wipers-and-related-components-wiper-arm	Brazo del limpiaparabrisas						Wiper arm		
Carrocería > Sistema de lavado de parabrisas > Limpiaparabrisas y componentes relacionados > Limpiaparabrisas de faros	element	wipers-and-related-components-headlight-wiper	Limpiaparabrisas de faros						Headlight wiper		
Carrocería > Sistema de lavado de parabrisas > Componentes del motor del limpiaparabrisas > Motor del limpiaparabrisas	element	wiper-motor-components-wiper-motor	Motor del limpiaparabrisas						Wiper motor		
Carrocería > Sistema de lavado de parabrisas > Componentes del sistema de lavado de parabrisas y luneta trasera > Bomba de agua del limpiaparabrisas	element	windshield-and-rear-window-washer-components-washer-pump	Bomba de agua del limpiaparabrisas						Washer pump		
Carrocería > Sistema de lavado de parabrisas > Componentes del sistema de lavado de parabrisas y luneta trasera > Depósito de agua del limpiaparabrisas	element	windshield-and-rear-window-washer-components-washer-fluid-reservoir	Depósito de agua del limpiaparabrisas						Washer fluid reservoir		
Carrocería > Sistema de lavado de parabrisas > Componentes del sistema de lavado de parabrisas y luneta trasera > Bomba de agua para la limpieza de faros	element	windshield-and-rear-window-washer-components-headlight-washer-pump	Bomba de agua para la limpieza de faros						Headlight washer pump		
Carrocería > Sistema de lavado de parabrisas > Componentes del sistema de lavado de parabrisas y luneta trasera > Conector de manguera del limpiaparabrisas	element	windshield-and-rear-window-washer-components-wiper-fluid-hose-connector	Conector de manguera del limpiaparabrisas						Wiper fluid hose connector		
Carrocería > Sistema de lavado de parabrisas > Componentes electrónicos del sistema de limpiaparabrisas > Interruptor de la columna de dirección	element	electronic-components-of-the-wiper-system-steering-column-switch	Interruptor de la columna de dirección						Steering column switch		
Carrocería > Sistema de lavado de parabrisas > Componentes electrónicos del sistema de limpiaparabrisas > Relé del limpiaparabrisas	element	electronic-components-of-the-wiper-system-wiper-relay	Relé del limpiaparabrisas						Wiper relay		
Carrocería > Carrocería > Espejos retrovisores y componentes asociados > Espejo exterior	element	rearview-mirrors-and-related-components-side-mirror	Espejo exterior						Side mirror		
Carrocería > Carrocería > Guardabarros y componentes asociados > Guardabarros	element	fenders-and-related-components-fender	Guardabarros						Fender		
Carrocería > Carrocería > Componentes del sistema de iluminación y señalización > Intermitentes	element	lighting-and-signaling-system-components-turn-signals	Intermitentes						Turn signals		
Carrocería > Carrocería > Componentes del sistema de iluminación y señalización > Faros antiniebla	element	lighting-and-signaling-system-components-fog-lights	Faros antiniebla	faro antiniebla|faros antiniebla|antinieblas|proyector antiniebla			nebelscheinwerfer|nebellampe		Fog lights	fog light|fog lamp	
Carrocería > Carrocería > Componentes del sistema de iluminación y señalización > Iluminación de matrícula	element	lighting-and-signaling-system-components-license-plate-lighting	Iluminación de matrícula						License plate lighting		
Carrocería > Carrocería > Componentes del sistema de iluminación y señalización > Repuestos de faros	element	lighting-and-signaling-system-components-headlight-spare-parts	Repuestos de faros						Headlight spare parts		
Carrocería > Carrocería > Componentes del sistema de iluminación y señalización > Cristal del faro	element	lighting-and-signaling-system-components-headlight-lens	Cristal del faro						Headlight lens		
Carrocería > Carrocería > Parachoques y componentes asociados > Rejilla de ventilación	element	bumpers-and-related-components-air-intake-grille	Rejilla de ventilación						Air intake grille		
Carrocería > Carrocería > Parachoques y componentes asociados > Parachoques	element	bumpers-and-related-components-bumper	Parachoques						Bumper		
Carrocería > Carrocería > Parachoques y componentes asociados > Parrilla del radiador	element	bumpers-and-related-components-radiator-grille	Parrilla del radiador						Radiator grille		
Carrocería > Carrocería > Parachoques y componentes asociados > Soporte del parachoques	element	bumpers-and-related-components-bumper-bracket	Soporte del parachoques						Bumper bracket		
Carrocería > Carrocería > Lámparas > Lámpara de piloto trasero	element	bulbs-tail-light-bulb	Lámpara de piloto trasero						Tail light bulb		
Carrocería > Carrocería > Capó y componentes asociados > Capó	element	hoods-and-related-components-hood	Capó						Hood		
Carrocería > Carrocería > Capó y componentes asociados > Piezas individuales del capó	element	hoods-and-related-components-hood-individual-parts	Piezas individuales del capó						Hood individual parts		
Carrocería > Carrocería > Puertas y componentes asociados > Puertas y piezas individuales	element	doors-and-related-components-doors-and-individual-parts	Puertas y piezas individuales						Doors and individual parts		
Carrocería > Carrocería > Puertas y componentes asociados > Manija de puerta	element	doors-and-related-components-door-handle	Manija de puerta						Door handle		
Carrocería > Carrocería > Puertas y componentes asociados > Puerta trasera	element	doors-and-related-components-rear-door	Puerta trasera						Rear door		
Carrocería > Carrocería > Puertas y componentes asociados > Sellado de ventana	element	doors-and-related-components-window-seal	Sellado de ventana						Window seal		
Carrocería > Carrocería > Depósitos de combustible y componentes asociados > Depósito de combustible	element	fuel-tanks-and-related-components-fuel-tank	Depósito de combustible	depósito de combustible|tanque de combustible|depósito de gasolina|depósito de gasoil			kraftstofftank|benzintank|dieseltank		Fuel tank	fuel tank|gas tank|petrol tank	
Carrocería > Carrocería > Componentes de la carrocería y sus piezas > Soporte de cerradura	element	body-parts-and-related-components-lock-carrier	Soporte de cerradura						Lock carrier		
Carrocería > Carrocería > Componentes de la carrocería y sus piezas > Umbral de puerta	element	body-parts-and-related-components-door-sill	Umbral de puerta						Door sill		
Carrocería > Carrocería > Componentes de la carrocería y sus piezas > Cubierta del motor	element	body-parts-and-related-components-engine-cover	Cubierta del motor						Engine cover		
Carrocería > Carrocería > Componentes de la carrocería y sus piezas > Marco de parabrisas / techo	element	body-parts-and-related-components-windshield-roof-frame	Marco de parabrisas / techo						Windshield / roof frame		
Carrocería > Carrocería > Componentes de la carrocería y sus piezas > Cubierta trasera	element	body-parts-and-related-components-rear-cover	Cubierta trasera						Rear cover		
Carrocería > Carrocería > Componentes de la carrocería y sus piezas > Parabrisas	element	body-parts-and-related-components-windshield	Parabrisas						Windshield		
Carrocería > Carrocería > Componentes de la carrocería y sus piezas > Panel lateral	element	body-parts-and-related-components-side-panel	Panel lateral						Side panel		
clima > Calefacción y ventilación > Componentes del sistema de calefacción y ventilación > Intercambiador de calor	element	heating-and-ventilation-system-components-heat-exchanger	Intercambiador de calor						Heat exchanger		
Sistema de climatización > Aire acondicionado > Filtros de habitáculo y componentes asociados > Filtro de habitáculo	element	cabin-filters-and-related-components-cabin-filter	Filtro de habitáculo	filtro de habitáculo|filtro de polen|filtro antipolen|filtro de cabina|filtro aire acondicionado			innenraumfilter|pollenfilter|innenraumluftfilter|mikrofilter		Cabin filter	cabin air filter|cabin filter|pollen filter	
Sistema de climatización > Aire acondicionado > Intercambiadores de calor para sistemas de aire acondicionado y componentes asociados > Intercambiador de calor	element	heat-exchangers-for-ac-systems-and-related-components-heat-exchanger	Intercambiador de calor						Heat exchanger		
Sistema de climatización > Aire acondicionado > Compresores para sistemas de aire acondicionado y componentes asociados > Compresor de aire acondicionado	element	compressors-for-ac-systems-and-related-components-ac-compressor	Compresor de aire acondicionado						AC compressor		
Sistema de climatización > Tuberías y mangueras > Componentes del sistema de enfriamiento > Manguera del radiador	element	cooling-system-components-radiator-hose	Manguera del radiador	manguera del radiador|manguito radiador|manguera de refrigeración|tubo radiador			kühlerschlauch|kühlwasserschlauch		Radiator hose	radiator hose|coolant hose	
Sistema de refrigeración > Refrigeración > Termostatos y componentes asociados > Termostato	element	thermostats-and-related-components-thermostat	Termostato	termostato|termostato refrigeración			thermostat		Thermostat	thermostat	
Sistema de refrigeración > Refrigeración > Termostatos y componentes asociados > Junta de termostato	element	thermostats-and-related-components-thermostat-gasket	Junta de termostato	junta de termostato|junta del termostato|junta de caja termostato			thermostatdichtung|dichtung thermostat		Thermostat gasket	thermostat gasket|thermostat seal	
Sistema de refrigeración > Refrigeración > Radiador y componentes asociados > Radiador	element	radiator-and-related-components-radiator	Radiador	radiador|radiador de agua|panal radiador|radiador refrigeración			kühler|wasserkühler|motorkühler		Radiator	radiator|engine radiator	
Sistema de refrigeración > Refrigeración > Radiador y componentes asociados > Tapa del depósito de refrigerante	element	radiator-and-related-components-coolant-reservoir-cap	Tapa del depósito de refrigerante	tapa del depósito de refrigerante|tapón depósito refrigerante|tapón vaso expansión|tapon expansion			deckel kühlmittelbehälter|verschlussdeckel kühlmittel|ausgleichsbehälter deckel		Coolant reservoir cap	coolant reservoir cap|expansion tank cap	
Sistema de refrigeración > Refrigeración > Radiador y componentes asociados > Manguera del radiador	element	radiator-and-related-components-radiator-hose	Manguera del radiador	manguera del radiador|manguito radiador|manguera de refrigeración|tubo radiador			kühlerschlauch|kühlwasserschlauch		Radiator hose	radiator hose|coolant hose	
Sistema de refrigeración > Refrigeración > Radiador y componentes asociados > Tapa del radiador	element	radiator-and-related-components-radiator-cap	Tapa del radiador	tapa del radiador|tapón radiador|tapon de radiador			kühlerdeckel|kühlerverschlussdeckel|verschlussdeckel kühler		Radiator cap	radiator cap	
Sistema de refrigeración > Refrigeración > Radiador y componentes asociados > Junta de la bomba de agua	element	radiator-and-related-components-water-pump-gasket	Junta de la bomba de agua	junta de bomba de agua|junta bomba agua			wasserpumpendichtung|dichtung wasserpumpe		Water pump gasket	water pump gasket|water pump seal	
Motor > Sistema de combustible > Componentes del sistema de inyección de combustible > Rampa de inyectores	element	fuel-injection-system-components-fuel-rail	Rampa de inyectores	rampa de inyectores|rail de inyección|flauta de inyectores|distribuidor de combustible|regleta inyectores			kraftstoffverteiler|einspritzleiste|verteilerrohr kraftstoff		Fuel rail	fuel rail|injector rail	
Sistema de refrigeración > Refrigeración > Radiador y componentes asociados > Piezas de fijación del radiador	element	radiator-and-related-components-radiator-mounting-parts	Piezas de fijación del radiador	soportes de radiador|piezas de fijación radiador|silentblocks radiador|gomas de radiador			kühler befestigungsteile|kühlerhalter|halter kühler		Radiator mounting parts	radiator mounting parts|radiator mounts	
Sistema de refrigeración > Refrigeración > Radiador y componentes asociados > Tapón anticongelante	element	radiator-and-related-components-frost-plug	Tapón anticongelante	tapón anticongelante|tapón de bloque|tapón de escarcha|tapon de agua motor			froststopfen|frostschutzstopfen|kühlwasserstopfen		Frost plug	frost plug|freeze plug|core plug	
Sistema de refrigeración > Refrigeración > Radiador y componentes asociados > Bomba de agua	element	radiator-and-related-components-water-pump	Bomba de agua	bomba de agua|bomba agua|bomba de refrigerante			wasserpumpe|kühlmittelpumpe		Water pump	water pump|coolant pump	
Sistema de refrigeración > Refrigeración > Refrigerante y productos asociados > Refrigerante	element	coolant-and-related-products-coolant	Refrigerante	refrigerante|anticongelante|líquido refrigerante|liquido anticongelante			kühlmittel|kühlflüssigkeit|frostschutzmittel		Coolant	coolant|antifreeze	
Sistema de refrigeración > Refrigeración > Refrigerante y productos asociados > Sellador de agua del sistema de refrigeración	element	coolant-and-related-products-coolant-water-sealant	Sellador de agua del sistema de refrigeración	sellador de agua del sistema de refrigeración					Coolant water sealant	coolant water sealant	
Sistema de refrigeración > Refrigeración > Sensores del sistema de refrigeración y componentes asociados > Sensor de temperatura del refrigerante	element	cooling-system-sensors-and-related-components-coolant-temperature-sensor	Sensor de temperatura del refrigerante	sensor de temperatura del refrigerante|sensor temperatura refrigerante|sonda de temperatura agua|termocontacto			kühlmitteltemperatursensor|kühlmittelsensor|temperaturgeber kühlmittel		Coolant temperature sensor	coolant temperature sensor|coolant temp sensor	
Sistema de refrigeración > Refrigeración > Ventilador del motor y componentes asociados > Embrague del ventilador	element	engine-fan-and-related-components-fan-clutch	Embrague del ventilador	embrague del ventilador|acoplamiento del ventilador|viscoso del ventilador|ventilador viscoso			visco lüfterkupplung|lüfterkupplung|viscokupplung		Fan clutch	fan clutch|fan coupling|viscous fan coupling	
Sistema de refrigeración > Refrigeración > Ventilador del motor y componentes asociados > Aspas del ventilador de refrigeración	element	engine-fan-and-related-components-cooling-fan-blades	Aspas del ventilador de refrigeración	ventilador de refrigeración|electroventilador|aspas del ventilador|hélice del ventilador|ventilador motor			kühlerlüfter|lüfterrad|elektrolüfter|kühlerventilator		Cooling fan blades	cooling fan|radiator fan|fan blade|fan wheel	
Sistema de refrigeración > Refrigeración > Enfriador de aceite y componentes asociados > Enfriador de aceite	element	oil-cooler-and-related-components-oil-cooler	Enfriador de aceite	enfriador de aceite|radiador de aceite|intercambiador de aceite			ölkühler		Oil cooler	oil cooler	
Sistema de refrigeración > Refrigeración > Cuidado del automóvil > Limpiador de radiador	element	car-maintenance-radiator-cleaner	Limpiador de radiador	limpiador de radiador|limpia radiadores|limpiador circuito refrigeración			kühlerreiniger		Radiator cleaner	radiator cleaner|cooling system cleaner	
Sistema de refrigeración > Refrigeración > Cuidado del automóvil > Sellador de radiador	element	car-maintenance-radiator-sealant	Sellador de radiador	sellador de radiador|tapafugas radiador|sellafugas refrigeración			kühlerdichtmittel|kühlerdicht|dichtmittel kühler		Radiator sealant	radiator sealant|radiator stop leak	
Sistema de refrigeración > Refrigeración > Cuidado del automóvil > Juntas planas	element	car-maintenance-flat-seals	Juntas planas	juntas planas					Flat seals	flat seals	
Sistema de refrigeración > Refrigeración > Cuidado del automóvil > Sellador universal	element	car-maintenance-universal-sealant	Sellador universal	sellador de radiador|tapafugas radiador|sellafugas refrigeración			kühlerdichtmittel|kühlerdicht|dichtmittel kühler		Universal sealant	radiator sealant|radiator stop leak	
Aceites y líquidos > Aceites y líquidos > Aceites y líquidos > Aceite de motor	element	oils-and-fluids-engine-oil	Aceite de motor						Engine oil		
Aceites y líquidos > Aceites y líquidos > Aceites y líquidos > Refrigerante	element	oils-and-fluids-coolant	Refrigerante	refrigerante|anticongelante|líquido refrigerante|liquido anticongelante			kühlmittel|kühlflüssigkeit|frostschutzmittel		Coolant	coolant|antifreeze	
Aceites y líquidos > Aceites y líquidos > Aceites y líquidos > Líquido de frenos	element	oils-and-fluids-brake-fluid	Líquido de frenos						Brake fluid		
Aceites y líquidos > Aceites y líquidos > Aceites y líquidos > Aceite hidráulico	element	oils-and-fluids-hydraulic-oil	Aceite hidráulico						Hydraulic oil		
Aceites y líquidos > Aceites y líquidos > Aceites y líquidos > Aceite para transmisiones automáticas	element	oils-and-fluids-automatic-transmission-fluid	Aceite para transmisiones automáticas						Automatic transmission fluid		
Aceites y líquidos > Aceites y líquidos > Aceites y líquidos > Aceite de dirección asistida	element	oils-and-fluids-power-steering-oil	Aceite de dirección asistida						Power steering oil		
Ruedas y neumáticos > Neumáticos y productos relacionados > Neumáticos y productos relacionados > Neumáticos	element	tires-and-related-products-tires	Neumáticos			Reifen	reifen	Reifen	Tires		
Ruedas y neumáticos > Neumáticos y productos relacionados > Neumáticos y productos relacionados > Tapacubos	element	tires-and-related-products-hubcaps	Tapacubos						Hubcaps		
Ruedas y neumáticos > Neumáticos y productos relacionados > Neumáticos y productos relacionados > Bolsas para neumáticos	element	tires-and-related-products-tire-bags	Bolsas para neumáticos			Reifentaschen	reifentaschen	Reifentaschen	Tire bags		
Ruedas y neumáticos > Neumáticos y productos relacionados > Neumáticos y productos relacionados > Cuñas de rueda	element	tires-and-related-products-wheel-chocks	Cuñas de rueda			Unterlegkeile	unterlegkeile	Unterlegkeile	Wheel chocks		
Ruedas y neumáticos > Neumáticos y productos relacionados > Neumáticos y productos relacionados > Llave para tuercas de rueda	element	tires-and-related-products-lug-wrench	Llave para tuercas de rueda						Lug wrench		
Ruedas y neumáticos > Neumáticos y productos relacionados > Neumáticos y productos relacionados > Cadenas para nieve	element	tires-and-related-products-snow-chains	Cadenas para nieve			Schneeketten	schneeketten	Schneeketten	Snow chains		
Ruedas y neumáticos > Neumáticos y productos relacionados > Neumáticos y productos relacionados > Gato hidráulico	element	tires-and-related-products-car-jack	Gato hidráulico						Car jack		
Ruedas y neumáticos > Neumáticos y productos relacionados > Neumáticos y productos relacionados > Mini compresor	element	tires-and-related-products-mini-compressor	Mini compresor			Mini-Kompressor	mini|kompressor	Mini-Kompressor	Mini compressor		
Ruedas y neumáticos > Neumáticos y productos relacionados > Neumáticos y productos relacionados > Kit de reparación de neumáticos	element	tires-and-related-products-tire-repair-kit	Kit de reparación de neumáticos			Reifenreparaturset	reifenreparaturset	Reifenreparaturset	Tire repair kit		
Ruedas y neumáticos > Neumáticos y productos relacionados > Neumáticos y productos relacionados > Tornillos y tuercas de rueda	element	tires-and-related-products-wheel-bolts-and-nuts	Tornillos y tuercas de rueda	tornillos de rueda|tuercas de rueda|bulones de rueda|espárragos de rueda			radschrauben|radmuttern|radbolzen		Wheel bolts and nuts	wheel bolts|wheel nuts|lug nuts	
Ruedas y neumáticos > Neumáticos y productos relacionados > Neumáticos y productos relacionados > Limpiadores y productos de cuidado interior del auto	element	tires-and-related-products-interior-car-cleaners-and-care-products	Limpiadores y productos de cuidado interior del auto						Interior car cleaners and care products		
Ruedas y neumáticos > Neumáticos y productos relacionados > Neumáticos y productos relacionados > Pegamento para caucho	element	tires-and-related-products-rubber-glue	Pegamento para caucho						Rubber glue		
Ruedas y neumáticos > Neumáticos y productos relacionados > Neumáticos y productos relacionados > Sensor de presión de neumáticos	element	tires-and-related-products-tire-pressure-sensor-tpms	Sensor de presión de neumáticos	sensor de presión de neumáticos|sensor tpms|válvula tpms|sensor presion ruedas		Reifendrucksensor (RDKS)	reifendrucksensor|rdks sensor	Reifendrucksensor (RDKS)	Tire pressure sensor (TPMS)	tire pressure sensor|tpms sensor	
Ruedas y neumáticos > Neumáticos y productos relacionados > Neumáticos y productos relacionados > Pasta de montaje	element	tires-and-related-products-mounting-paste	Pasta de montaje						Mounting paste		
Motor > Filtros > Componentes del sistema de aire acondicionado > Filtro de habitáculo	element	air-conditioning-system-components-cabin-filter	Filtro de habitáculo	filtro de habitáculo|filtro de polen|filtro antipolen|filtro de cabina|filtro aire acondicionado			innenraumfilter|pollenfilter|innenraumluftfilter|mikrofilter		Cabin filter	cabin air filter|cabin filter|pollen filter	
Motor > Filtros > Componentes del sistema de combustible > Filtro de combustible	element	fuel-system-components-fuel-filter	Filtro de combustible	filtro de combustible|filtro de gasoil|filtro de gasolina|filtro gasoil|filtro gasolina			kraftstofffilter|dieselfilter|benzinfilter		Fuel filter	fuel filter|diesel filter	
Motor > Filtros > Componentes del motor > Filtro de aceite	element	engine-components-oil-filter	Filtro de aceite	filtro de aceite|filtro aceite			ölfilter		Oil filter	oil filter	
Motor > Filtros > Componentes del motor > Filtro de aire	element	engine-components-air-filter	Filtro de aire	filtro de aire|filtro aire|filtro de aire motor			luftfilter|motorluftfilter		Air filter	air filter|engine air filter	
Motor > Filtros > Componentes del motor > Soporte del alojamiento del filtro de aire	element	engine-components-air-filter-housing-bracket	Soporte del alojamiento del filtro de aire	soporte del alojamiento del filtro de aire					Air filter housing bracket	air filter housing bracket	
Motor > Filtros > Herramientas > Herramienta para filtros	element	tools-filter-tool	Herramienta para filtros	llave de filtro|llave de filtro de aceite|herramienta filtro aceite			ölfilterschlüssel|filterschlüssel|ölfilterband		Filter tool	oil filter wrench|oil filter tool	
Motor > Filtros > Componentes de la transmisión > Kit de cambio de aceite para transmisión automática	element	transmission-components-automatic-transmission-oil-change-kit	Kit de cambio de aceite para transmisión automática	kit de cambio de aceite para transmisión automática					Automatic transmission oil change kit	automatic transmission oil change kit	
Motor > Filtros > Componentes del sistema de dirección > Filtro hidráulico de dirección	element	steering-system-components-power-steering-hydraulic-filter	Filtro hidráulico de dirección	filtro hidráulico de dirección					Power steering hydraulic filter	power steering hydraulic filter	
Motor > Motor > Componentes eléctricos del motor > Electrónica del motor	element	electrical-engine-components-engine-electronics	Electrónica del motor	electrónica del motor					Engine electronics	engine electronics	
Motor > Motor > Sistema de lubricación del motor > Tornillo de drenaje de aceite	element	engine-lubrication-system-oil-drain-plug	Tornillo de drenaje de aceite	tapón de vaciado de aceite|tapón de cárter|tornillo de vaciado aceite			ölablassschraube|ablassschraube öl		Oil drain plug	oil drain plug|sump plug	
Motor > Motor > Sistema de lubricación del motor > Cárter de aceite	element	engine-lubrication-system-oil-pan	Cárter de aceite	cárter de aceite|cárter|sumidero de aceite			ölwanne		Oil pan	oil pan|oil sump	
Motor > Motor > Sistema de lubricación del motor > Filtro de aceite	element	engine-lubrication-system-oil-filter	Filtro de aceite	filtro de aceite|filtro aceite			ölfilter		Oil filter	oil filter	
Motor > Motor > Componentes del control del motor > Kit de cadena de distribución	element	engine-control-components-timing-chain-kit	Kit de cadena de distribución	kit de cadena de distribución|kit distribución cadena|conjunto cadena distribución			steuerkettensatz|steuerkette satz		Timing chain kit	timing chain kit	
Motor > Motor > Componentes del control del motor > Cadena de distribución	element	engine-control-components-timing-chain	Cadena de distribución	cadena de distribución|cadena distribución|cadena de reparto			steuerkette		Timing chain	timing chain	
Motor > Motor > Componentes del sistema de transmisión auxiliar > Correa de accesorios	element	auxiliary-drive-components-serpentine-belt	Correa de accesorios	correa de accesorios|correa poli v|correa serpentina|correa multiv|correa auxiliar			keilrippenriemen|rippenriemen|mehrrippenriemen		Serpentine belt	serpentine belt|multi rib belt|drive belt|auxiliary belt	
Motor > Motor > Componentes del sistema de transmisión auxiliar > Tensor de correa	element	auxiliary-drive-components-belt-tensioner	Tensor de correa	tensor de correa|rodillo tensor|polea tensora|tensor correa accesorios			riemenspanner|spannrolle		Belt tensioner	belt tensioner|tensioner pulley	
Motor > Motor > Culatas y sus componentes > Pernos de la culata	element	cylinder-heads-and-related-components-cylinder-head-bolts	Pernos de la culata	tornillos de culata|pernos de culata|espárragos de culata			zylinderkopfschrauben|kopfschrauben		Cylinder head bolts	cylinder head bolts|head bolts	
Motor > Motor > Componentes del sistema de enfriamiento del motor > Bomba de agua	element	engine-cooling-system-components-water-pump	Bomba de agua	bomba de agua|bomba agua|bomba de refrigerante			wasserpumpe|kühlmittelpumpe		Water pump	water pump|coolant pump	
Motor > Motor > Componentes del sistema de enfriamiento del motor > Termostato	element	engine-cooling-system-components-thermostat	Termostato	termostato|termostato refrigeración			thermostat		Thermostat	thermostat	
Motor > Motor > Componentes del sistema de enfriamiento del motor > Radiador	element	engine-cooling-system-components-radiator	Radiador	radiador|radiador de agua|panal radiador|radiador refrigeración			kühler|wasserkühler|motorkühler		Radiator	radiator|engine radiator	
Motor > Motor > Componentes del sistema de encendido > Sensor de árbol de levas	element	ignition-system-components-camshaft-sensor	Sensor de árbol de levas	sensor del árbol de levas|captador de árbol de levas|sensor de fase|sensor posicion arbol de levas			nockenwellensensor|nockenwellengeber		Camshaft sensor	camshaft sensor|camshaft position sensor	
Motor > Motor > Componentes del sistema de encendido > Distribuidor de encendido	element	ignition-system-components-ignition-distributor	Distribuidor de encendido	delco|distribuidor de encendido|distribuidor			zündverteiler|verteiler		Ignition distributor	distributor|ignition distributor	
Motor > Motor > Componentes del sistema de admisión > Turbocompresor	element	intake-system-components-turbocharger	Turbocompresor	turbocompresor|turbo|turbina|turbo compresor			turbolader|abgasturbolader|lader		Turbocharger	turbocharger|turbo	
Motor > Motor > Componentes del sistema de admisión > Manguera de aire de carga	element	intake-system-components-charge-air-hose	Manguera de aire de carga	manguera de aire de carga|manguito intercooler|tubo de turbo|manguera turbo			ladeluftschlauch|turboschlauch|druckschlauch turbo		Charge air hose	charge air hose|intercooler hose|boost hose	
Motor > Motor > Componentes del sistema de suministro de combustible > Inyector de combustible	element	fuel-supply-system-components-fuel-injector	Inyector de combustible	inyector|inyector de combustible|inyector gasolina|inyector diesel|inyector diésel			einspritzdüse|einspritzventil|injektor		Fuel injector	fuel injector|injector	
Motor > Motor > Componentes del sistema de suministro de combustible > Bomba de alta presión	element	fuel-supply-system-components-high-pressure-pump	Bomba de alta presión	bomba de alta presión|bomba alta presión|bomba inyección alta presión			hochdruckpumpe|kraftstoff hochdruckpumpe		High-pressure pump	high pressure pump|hp fuel pump	
Motor > Motor > Herramientas para motores > Herramienta para motores	element	engine-tools-engine-tool	Herramienta para motores	herramienta para motores					Engine tool	engine tool	
Motor > Sistema de encendido y bujías de precalentamiento > Componentes del sistema de encendido y bujías de precalentamiento > Bujías de precalentamiento	element	ignition-and-glow-plug-system-components-glow-plugs	Bujías de precalentamiento	bujías de precalentamiento|calentadores|bujías incandescentes|caloríferas|bujias calentadoras			glühkerzen|glühstifte		Glow plugs	glow plugs	
Motor > Sistema de encendido y bujías de precalentamiento > Componentes del sistema de encendido y bujías de precalentamiento > Unidad de control de bujías de precalentamiento	element	ignition-and-glow-plug-system-components-glow-plug-control-unit	Unidad de control de bujías de precalentamiento	relé de calentadores|unidad de control de calentadores|centralita de calentadores|rele precalentamiento			glühkerzen steuergerät|glührelais|vorglührelais|glühzeitsteuergerät		Glow plug control unit	glow plug control unit|glow plug relay	
Motor > Sistema de encendido y bujías de precalentamiento > Componentes del sistema de encendido y bujías de precalentamiento > Sensor del cigüeñal	element	ignition-and-glow-plug-system-components-crankshaft-sensor	Sensor del cigüeñal	sensor del cigüeñal|captador de cigüeñal|sensor de revoluciones|sensor pms			kurbelwellensensor|kurbelwellengeber		Crankshaft sensor	crankshaft sensor|crankshaft position sensor	
Motor > Sistema de encendido y bujías de precalentamiento > Componentes del sistema de encendido y bujías de precalentamiento > Sensor del árbol de levas	element	ignition-and-glow-plug-system-components-camshaft-sensor	Sensor del árbol de levas	sensor del árbol de levas|captador de árbol de levas|sensor de fase|sensor posicion arbol de levas			nockenwellensensor|nockenwellengeber		Camshaft sensor	camshaft sensor|camshaft position sensor	
Motor > Sistema de encendido y bujías de precalentamiento > Componentes del sistema de encendido y bujías de precalentamiento > Distribuidor de encendido	element	ignition-and-glow-plug-system-components-ignition-distributor	Distribuidor de encendido	delco|distribuidor de encendido|distribuidor			zündverteiler|verteiler		Ignition distributor	distributor|ignition distributor	
Motor > Sistema de encendido y bujías de precalentamiento > Componentes del sistema de encendido y bujías de precalentamiento > Junta de la carcasa de distribución	element	ignition-and-glow-plug-system-components-timing-case-gasket	Junta de la carcasa de distribución	junta de la carcasa de distribución					Timing case gasket	timing case gasket	
Motor > Correas, cadenas y poleas > Correa de distribución y componentes asociados > Correa trapezoidal	element	timing-belt-and-related-components-v-belt	Correa trapezoidal	correa trapezoidal|correa en v|correa ventilador			keilriemen		V-belt	v-belt|fan belt	
Motor > Correas, cadenas y poleas > Correa de distribución y componentes asociados > Bomba de agua	element	timing-belt-and-related-components-water-pump	Bomba de agua	bomba de agua|bomba agua|bomba de refrigerante			wasserpumpe|kühlmittelpumpe		Water pump	water pump|coolant pump	
Motor > Correas, cadenas y poleas > Correa de distribución y componentes asociados > Cadena de distribución	element	timing-belt-and-related-components-timing-chain	Cadena de distribución	cadena de distribución|cadena distribución|cadena de reparto			steuerkette		Timing chain	timing chain	
Motor > Correas, cadenas y poleas > Correa de distribución y componentes asociados > Kit de cadena de distribución	element	timing-belt-and-related-components-timing-chain-kit	Kit de cadena de distribución	kit de cadena de distribución|kit distribución cadena|conjunto cadena distribución			steuerkettensatz|steuerkette satz		Timing chain kit	timing chain kit	
Motor > Correas, cadenas y poleas > Correa de distribución y componentes asociados > Tensor de cadena de distribución	element	timing-belt-and-related-components-timing-chain-tensioner	Tensor de cadena de distribución	tensor de cadena|tensor cadena distribución|tensor de cadena de reparto			kettenspanner|steuerkettenspanner		Timing chain tensioner	timing chain tensioner|chain tensioner	
Motor > Correas, cadenas y poleas > Correa de distribución y componentes asociados > Guía de cadena de distribución	element	timing-belt-and-related-components-timing-chain-guide	Guía de cadena de distribución	guía de cadena|patín de cadena|riel de cadena distribución			kettenführung|führungsschiene steuerkette|gleitschiene steuerkette		Timing chain guide	timing chain guide|chain guide	
Motor > Correas, cadenas y poleas > Correa de distribución y componentes asociados > Rueda libre del alternador	element	timing-belt-and-related-components-alternator-freewheel-pulley	Rueda libre del alternador	polea del alternador|polea de rueda libre|polea libre alternador|polea unidireccional			freilauf lichtmaschine|generatorfreilauf|freilaufriemenscheibe		Alternator freewheel pulley	alternator freewheel pulley|overrunning alternator pulley	
Motor > Calefacción y ventilación > Componentes del sistema de calefacción y ventilación > Filtro de habitáculo	element	heating-and-ventilation-system-components-cabin-air-filter	Filtro de habitáculo	filtro de habitáculo|filtro de polen|filtro antipolen|filtro de cabina|filtro aire acondicionado			innenraumfilter|pollenfilter|innenraumluftfilter|mikrofilter		Cabin air filter	cabin air filter|cabin filter|pollen filter	
Motor > Juntas y anillos de sellado > Juntas de colector de escape > Junta del colector de admisión	element	exhaust-manifold-gaskets-intake-manifold-gasket	Junta del colector de admisión	junta de colector de admisión|junta de admisión|junta múltiple admisión			ansaugkrümmerdichtung|ansaugdichtung|saugrohrdichtung		Intake manifold gasket	intake manifold gasket	
Motor > Juntas y anillos de sellado > Juntas de colector de escape > Junta de escape	element	exhaust-manifold-gaskets-exhaust-gasket	Junta de escape	junta de escape|junta de tubo de escape|junta de bajante escape			auspuffdichtung|abgasdichtung|dichtung abgasrohr		Exhaust gasket	exhaust gasket	
Motor > Juntas y anillos de sellado > Juntas de colector de escape > Junta del múltiple de escape	element	exhaust-manifold-gaskets-exhaust-manifold-gasket	Junta del múltiple de escape	junta de colector de escape|junta múltiple de escape|junta de escape colector			auspuffkrümmerdichtung|abgaskrümmerdichtung|krümmerdichtung		Exhaust manifold gasket	exhaust manifold gasket	
Motor > Juntas y anillos de sellado > Juntas y anillos de sellado de culata > Junta de culata	element	cylinder-head-gaskets-and-sealing-rings-cylinder-head-gasket	Junta de culata	junta de culata|junta culata|empaque de culata|empaquetadura culata			zylinderkopfdichtung|kopfdichtung		Cylinder head gasket	cylinder head gasket|head gasket	
Motor > Juntas y anillos de sellado > Juntas y anillos de sellado de culata > Junta de vástago de válvula	element	cylinder-head-gaskets-and-sealing-rings-valve-stem-seal	Junta de vástago de válvula	retén de válvula|sello de válvula|junta de vástago de válvula|reten de guia de valvula			ventilschaftdichtung|ventilschaftabdichtung		Valve stem seal	valve stem seal|valve seal	
Motor > Juntas y anillos de sellado > Juntas y anillos de sellado de culata > Junta del árbol de levas	element	cylinder-head-gaskets-and-sealing-rings-camshaft-seal	Junta del árbol de levas	retén de árbol de levas|reten de arbol de levas			nockenwellendichtung|nockenwellensimmerring|nockenwellendichtring		Camshaft seal	camshaft seal|camshaft oil seal	
Motor > Juntas y anillos de sellado > Juntas y anillos de sellado de culata > Junta de tapa de llenado de aceite	element	cylinder-head-gaskets-and-sealing-rings-oil-filler-cap-gasket	Junta de tapa de llenado de aceite	junta de tapa de llenado de aceite					Oil filler cap gasket	oil filler cap gasket	
Motor > Juntas y anillos de sellado > Juntas y anillos de sellado del bloque motor > Junta del tapón de drenaje de aceite	element	engine-block-gaskets-and-sealing-rings-oil-drain-plug-gasket	Junta del tapón de drenaje de aceite	junta de tapón de vaciado|arandela de tapón cárter|junta tapon carter			ölablassschraube dichtung|dichtring ölablassschraube		Oil drain plug gasket	oil drain plug gasket|drain plug washer	
Motor > Juntas y anillos de sellado > Juntas y anillos de sellado del bloque motor > Retén del cigüeñal	element	engine-block-gaskets-and-sealing-rings-crankshaft-seal	Retén del cigüeñal	retén de cigüeñal|reten delantero de cigüeñal|reten trasero cigüeñal			kurbelwellensimmerring|kurbelwellendichtring|simmerring kurbelwelle		Crankshaft seal	crankshaft seal|crankshaft oil seal	
Motor > Juntas y anillos de sellado > Juntas y anillos de sellado del bloque motor > Junta del cárter de aceite	element	engine-block-gaskets-and-sealing-rings-oil-pan-gasket	Junta del cárter de aceite	junta de cárter|junta del cárter de aceite|junta de cárter aceite			ölwannendichtung|dichtung ölwanne		Oil pan gasket	oil pan gasket|sump gasket	
Motor > Juntas y anillos de sellado > Juntas y anillos de sellado del bloque motor > Junta del cárter del cigüeñal	element	engine-block-gaskets-and-sealing-rings-crankcase-gasket	Junta del cárter del cigüeñal	junta del cárter del cigüeñal					Crankcase gasket	crankcase gasket	
Motor > Juntas y anillos de sellado > Juntas y anillos de sellado del bloque motor > Kit de juntas del motor	element	engine-block-gaskets-and-sealing-rings-engine-gasket-set	Kit de juntas del motor	juego de juntas de motor|kit de juntas motor|juego de juntas completo			motordichtsatz|zylinderkopfdichtungssatz|dichtungssatz motor		Engine gasket set	engine gasket set|full gasket set	
Motor > Juntas y anillos de sellado > Juntas y anillos de sellado del sistema de combustible > Junta de inyectores	element	fuel-system-gaskets-and-sealing-rings-injector-gasket	Junta de inyectores	juntas de inyector|arandelas de inyector|sellos de inyector|juntas cobre inyector			einspritzdüsen dichtung|injektor dichtung|dichtung einspritzdüse		Injector gasket	injector seals|injector washers	
Motor > Juntas y anillos de sellado > Juntas y anillos de sellado del sistema de combustible > Junta de la bomba de inyección	element	fuel-system-gaskets-and-sealing-rings-injection	Junta de la bomba de inyección	junta de la bomba de inyección					Injection	injection	
Motor > Juntas y anillos de sellado > Juntas y anillos de sellado del sistema de lubricación > Junta de carcasa del filtro de aceite	element	lubrication-system-gaskets-and-sealing-rings-oil-filter-housing-gasket	Junta de carcasa del filtro de aceite	junta de carcasa del filtro de aceite					Oil filter housing gasket	oil filter housing gasket	
Motor > Juntas y anillos de sellado > Juntas y anillos de sellado del sistema de refrigeración > Junta del agua de refrigeración	element	cooling-system-gaskets-and-sealing-rings-coolant-water-seal	Junta del agua de refrigeración	junta del agua de refrigeración					Coolant water seal	coolant water seal	
Motor > Juntas y anillos de sellado > Juntas y anillos de sellado del sistema de refrigeración > Junta del termostato	element	cooling-system-gaskets-and-sealing-rings-thermostat-gasket	Junta del termostato	junta de termostato|junta del termostato|junta de caja termostato			thermostatdichtung|dichtung thermostat		Thermostat gasket	thermostat gasket|thermostat seal	
Motor > Juntas y anillos de sellado > Juntas y anillos de sellado del sistema de refrigeración > Junta de la bomba de agua	element	cooling-system-gaskets-and-sealing-rings-water-pump-gasket	Junta de la bomba de agua	junta de bomba de agua|junta bomba agua			wasserpumpendichtung|dichtung wasserpumpe		Water pump gasket	water pump gasket|water pump seal	
Motor > Juntas y anillos de sellado > Juntas y anillos de sellado del sistema de refrigeración > Retén del diferencial	element	cooling-system-gaskets-and-sealing-rings-differential-seal	Retén del diferencial	retén de diferencial|reten de palier diferencial|reten salida diferencial			differential simmerring|wellendichtring differential|simmerring differential		Differential seal	differential seal	
Motor > Juntas y anillos de sellado > Juntas y anillos de sellado de la transmisión > Retén de la transmisión	element	transmission-gaskets-and-sealing-rings-transmission-oil-seal	Retén de la transmisión	retén de caja de cambios|retén de transmisión|reten de salida de cambio			getriebe simmerring|getriebedichtring|wellendichtring getriebe		Transmission oil seal	gearbox oil seal|transmission oil seal	
Motor > Juntas y anillos de sellado > Juntas y anillos de sellado de la transmisión > Retén del eje intermedio	element	transmission-gaskets-and-sealing-rings-intermediate-shaft-seal	Retén del eje intermedio	retén del eje intermedio					Intermediate shaft seal	intermediate shaft seal	
Motor > Juntas y anillos de sellado > Listones de sellado > Junta de ventana	element	sealing-strips-window-seal	Junta de ventana	junta de ventana					Window seal	window seal	
Motor > Juntas y anillos de sellado > Listones de sellado > Retén del cubo de rueda	element	sealing-strips-wheel-hub-seal	Retén del cubo de rueda	retén de buje|retén de maza|reten cubo de rueda			radnabe simmerring|wellendichtring radnabe		Wheel hub seal	wheel hub seal	
Motor > Escape > Componentes del sistema de escape > Silenciador trasero	element	exhaust-system-components-rear-muffler	Silenciador trasero	silenciador trasero|silencioso trasero			endschalldämpfer|nachschalldämpfer		Rear muffler	rear muffler|back box	
Motor > Escape > Componentes del sistema de escape > Silenciador central	element	exhaust-system-components-middle-muffler	Silenciador central	silenciador central|silencioso central			mittelschalldämpfer|mittelschalldämpfer auspuff		Middle muffler	center muffler|middle silencer	
Motor > Escape > Componentes del sistema de escape > Tubo de escape	element	exhaust-system-components-exhaust-pipe	Tubo de escape	tubo de escape|tubos de escape|caño de escape|bajante de escape			auspuffrohr|abgasrohr|auspuffrohre		Exhaust pipe	exhaust pipe|exhaust tube	
Motor > Escape > Componentes del sistema de escape > Silenciador delantero	element	exhaust-system-components-front-muffler	Silenciador delantero	silenciador delantero|silencioso delantero			vorschalldämpfer		Front muffler	front muffler	
Motor > Escape > Componentes del sistema de escape > Soporte de escape	element	exhaust-system-components-exhaust-mount	Soporte de escape	soporte de escape|goma de escape|silentblock de escape|colgador de escape			auspuffhalter|auspuffgummi|gummilager auspuff|halter auspuff		Exhaust mount	exhaust mount|exhaust hanger|exhaust rubber	
Motor > Escape > Componentes del sistema de escape > Junta del escape	element	exhaust-system-components-exhaust-gasket	Junta del escape	junta de escape|junta de tubo de escape|junta de bajante escape			auspuffdichtung|abgasdichtung|dichtung abgasrohr		Exhaust gasket	exhaust gasket	
Motor > Escape > Componentes del sistema de escape > Abrazadera de escape	element	exhaust-system-components-exhaust-clamp	Abrazadera de escape	abrazadera de escape|brida de escape|grapa de escape			auspuffschelle|abgasschelle|rohrschelle auspuff		Exhaust clamp	exhaust clamp	
Motor > Escape > Componentes del sistema de escape > Abrazadera del sistema de escape	element	exhaust-system-components-exhaust-system-clamp	Abrazadera del sistema de escape	abrazadera de escape|brida de escape|grapa de escape			auspuffschelle|abgasschelle|rohrschelle auspuff		Exhaust system clamp	exhaust clamp	
Motor > Escape > Colectores de escape y componentes asociados > Junta del colector de escape	element	exhaust-manifolds-and-related-components-exhaust-manifold-gasket	Junta del colector de escape	junta de colector de escape|junta múltiple de escape|junta de escape colector			auspuffkrümmerdichtung|abgaskrümmerdichtung|krümmerdichtung		Exhaust manifold gasket	exhaust manifold gasket	
Motor > Sistema de combustible > Filtro de combustible y componentes asociados > Filtro de combustible	element	fuel-filter-and-related-components-fuel-filter	Filtro de combustible	filtro de combustible|filtro de gasoil|filtro de gasolina|filtro gasoil|filtro gasolina			kraftstofffilter|dieselfilter|benzinfilter		Fuel filter	fuel filter|diesel filter	
Motor > Sistema de combustible > Componentes del sistema de suministro de combustible > Bomba de combustible	element	fuel-supply-system-components-fuel-pump	Bomba de combustible	bomba de combustible|bomba de gasolina|bomba de gasoil|aforador|bomba nodriza			kraftstoffpumpe|benzinpumpe|förderpumpe		Fuel pump	fuel pump	
Motor > Sistema de combustible > Componentes del sistema de suministro de combustible > Línea de combustible	element	fuel-supply-system-components-fuel-line	Línea de combustible	línea de combustible|tubo de combustible|conducto de combustible|cañería combustible|manguera combustible			kraftstoffleitung|benzinleitung|dieselleitung		Fuel line	fuel line|fuel pipe	
Motor > Sistema de combustible > Componentes del sistema de suministro de combustible > Manguera de retorno de combustible	element	fuel-supply-system-components-fuel-return-hose	Manguera de retorno de combustible	manguera de retorno de combustible|tubo retorno combustible|retorno de inyectores			kraftstoffrücklaufschlauch|rücklaufschlauch kraftstoff		Fuel return hose	fuel return hose	
Motor > Sistema de combustible > Componentes del sistema de suministro de combustible > Kit de reparación de la bomba de combustible	element	fuel-supply-system-components-fuel-pump-repair-kit	Kit de reparación de la bomba de combustible	kit de reparación bomba de combustible|reparacion bomba gasolina			kraftstoffpumpe reparatursatz|reparatursatz kraftstoffpumpe		Fuel pump repair kit	fuel pump repair kit	
Motor > Sistema de combustible > Componentes del sistema de inyección de combustible > Depósito de combustible	element	fuel-injection-system-components-fuel-tank	Depósito de combustible	depósito de combustible|tanque de combustible|depósito de gasolina|depósito de gasoil			kraftstofftank|benzintank|dieseltank		Fuel tank	fuel tank|gas tank|petrol tank	
Motor > Sistema de combustible > Componentes del sistema de inyección de combustible > Inyector de combustible	element	fuel-injection-system-components-fuel-injector	Inyector de combustible	inyector|inyector de combustible|inyector gasolina|inyector diesel|inyector diésel			einspritzdüse|einspritzventil|injektor		Fuel injector	fuel injector|injector	
Motor > Sistema de combustible > Componentes del sistema de inyección de combustible > Junta del inyector de combustible	element	fuel-injection-system-components-fuel-injector-gasket	Junta del inyector de combustible	juntas de inyector|arandelas de inyector|sellos de inyector|juntas cobre inyector			einspritzdüsen dichtung|injektor dichtung|dichtung einspritzdüse		Fuel injector gasket	injector seals|injector washers	
Frenos > frenos > Pinzas de freno y componentes > Kit de reparación de pinza de freno	element	brake-calipers-and-related-parts-brake-caliper-repair-kit	Kit de reparación de pinza de freno	kit de reparación de pinza|kit reparacion pinza freno|reparacion pinza de freno			bremssattel reparatursatz|reparatursatz bremssattel		Brake caliper repair kit	brake caliper repair kit|caliper repair kit	
Sistema eléctrico > Unidades de control, sensores y relés > Componentes del sistema de iluminación y señalización > Interruptor de luces de emergencia	element	lighting-and-signaling-system-components-hazard-light-switch	Interruptor de luces de emergencia	interruptor de emergencia|botón de warning|interruptor de warning|pulsador de emergencia|interruptor luces emergencia			warnblinkschalter|warnblinker schalter		Hazard light switch	hazard switch|hazard warning switch	
Suspensión > Suspensión y brazos de control > Rodamientos y componentes asociados > Rodamiento de rueda	element	wheel-bearings-and-related-components-wheel-bearing	Rodamiento de rueda	rodamiento de rueda|cojinete de rueda|rodamiento de buje|rodamiento de maza			radlager|radlagersatz		Wheel bearing	wheel bearing	
Interior > Interior > Componentes del sistema de iluminación y señalización > Iluminación del maletero	element	lighting-and-signaling-system-components-trunk-lighting	Iluminación del maletero	luz del maletero|luz de maletero|iluminación de maletero			kofferraumbeleuchtung|kofferraumleuchte		Trunk lighting	trunk light|boot light	
Carrocería > Carrocería > Guardabarros y componentes asociados > Revestimiento del paso de rueda	element	fenders-and-related-components-wheel-arch-liner	Revestimiento del paso de rueda						Wheel arch liner		
Carrocería > Carrocería > Componentes del sistema de iluminación y señalización > Faros	element	lighting-and-signaling-system-components-headlights	Faros						Headlights		
Aceites y líquidos > Aceites y líquidos > Aceites y líquidos > Aceite de transmisión y caja de transferencia	element	oils-and-fluids-transmission-and-transfer-case-oil	Aceite de transmisión y caja de transferencia						Transmission and transfer case oil		
Motor > Filtros > Componentes del motor > Junta del alojamiento del filtro de aceite	element	engine-components-oil-filter-housing-gasket	Junta del alojamiento del filtro de aceite	junta del alojamiento del filtro de aceite					Oil filter housing gasket	oil filter housing gasket	
Motor > Filtros > Componentes de la transmisión > Filtro de aceite para transmisión automática	element	transmission-components-automatic-transmission-oil-filter	Filtro de aceite para transmisión automática	filtro de aceite cambio automático|filtro caja automática|filtro atf			automatikgetriebe ölfilter|getriebeölfilter		Automatic transmission oil filter	automatic transmission oil filter|atf filter	
Motor > Motor > Culatas y sus componentes > Junta de tapa de válvulas	element	cylinder-heads-and-related-components-valve-cover-gasket	Junta de tapa de válvulas	junta de tapa de válvulas|junta tapa de balancines|junta de balancines|junta tapa culata			ventildeckeldichtung|zylinderkopfhaubendichtung		Valve cover gasket	valve cover gasket|rocker cover gasket	
Motor > Juntas y anillos de sellado > Juntas y anillos de sellado de culata > Junta de tapa de válvulas	element	cylinder-head-gaskets-and-sealing-rings-valve-cover-gasket	Junta de tapa de válvulas	junta de tapa de válvulas|junta tapa de balancines|junta de balancines|junta tapa culata			ventildeckeldichtung|zylinderkopfhaubendichtung		Valve cover gasket	valve cover gasket|rocker cover gasket	
Motor > Juntas y anillos de sellado > Juntas y anillos de sellado de la transmisión > Junta del cárter de la transmisión automática	element	transmission-gaskets-and-sealing-rings-automatic-transmission-oil-pan-gasket	Junta del cárter de la transmisión automática	junta del cárter de la transmisión automática					Automatic transmission oil pan gasket	automatic transmission oil pan gasket	
Motor > Sistema de combustible > Componentes del sistema de inyección de combustible > Pantalla térmica del sistema de inyección	element	fuel-injection-system-components-heat-shield-for-fuel-injection-system	Pantalla térmica del sistema de inyección	pantalla térmica del sistema de inyección					Heat shield for fuel injection system	heat shield for fuel injection system	
Motor > Sistema de combustible > Componentes del sistema de combustible > Acumulador de presión de combustible	element	fuel-system-components-fuel-pressure-accumulator	Acumulador de presión de combustible	acumulador de presión de combustible|acumulador de combustible|regulador de presión combustible			kraftstoffdruckspeicher|druckspeicher kraftstoff		Fuel pressure accumulator	fuel pressure accumulator	
Motor > Sistema de combustible > Componentes del sistema de admisión > Cable Bowden	element	intake-system-components-bowden-cable	Cable Bowden	cable bowden					Bowden cable	bowden cable	
Motor > Sistema de combustible > Depósitos de combustible y componentes asociados > Junta de la bomba de inyección	element	fuel-tanks-and-related-components-injection-pump-gasket	Junta de la bomba de inyección	junta de la bomba de inyección					Injection pump gasket	injection pump gasket	
Motor > Sistema de combustible > Depósitos de combustible y componentes asociados > Tapa del tanque de combustible	element	fuel-tanks-and-related-components-fuel-tank-cap	Tapa del tanque de combustible	tapón de combustible|tapa del depósito combustible|tapón de gasolina|tapon deposito gasoil			tankdeckel|tankverschluss|kraftstoff tankdeckel		Fuel tank cap	fuel cap|fuel tank cap|gas cap	
Motor > Ejes de transmisión y juntas > Juntas homocinéticas y componentes asociados > Fuelle del eje	element	constant-velocity-joints-and-related-components-axle-boot	Fuelle del eje	fuelle de palier|guardapolvo de palier|fuelle de transmisión|bota de homocinética|fuelle homocinetica			achsmanschette|antriebswellenmanschette|faltenbalg antriebswelle|gelenkmanschette		Axle boot	cv boot|axle boot|drive shaft boot	
Motor > Kits de reparación > Componentes del sistema de combustible > Kit de reparación de la bomba de combustible	element	fuel-system-components-fuel-pump-repair-kit	Kit de reparación de la bomba de combustible	kit de reparación bomba de combustible|reparacion bomba gasolina			kraftstoffpumpe reparatursatz|reparatursatz kraftstoffpumpe		Fuel pump repair kit	fuel pump repair kit	
Motor > Tuberías y mangueras > Componentes del sistema de combustible > Línea de combustible	element	fuel-system-components-fuel-line	Línea de combustible	línea de combustible|tubo de combustible|conducto de combustible|cañería combustible|manguera combustible			kraftstoffleitung|benzinleitung|dieselleitung		Fuel line	fuel line|fuel pipe	
Frenos > frenos > Pastillas de freno y componentes > pastillas de freno	element	D22	pastillas de freno	pastillas de freno|pastillas freno|pastillas|balatas|ferodos	Pastillas de freno	Bremsbeläge	bremsbeläge|bremsklötze|bremsbelag|bremsklotz	Bremsbeläge	brake pads	brake pads|brake pad|disc pads	Brake pads
Frenos > frenos > Pastillas de freno y componentes > Indicador de desgaste de frenos	element	D23	Indicador de desgaste de frenos	indicador de desgaste|sensor de desgaste|contacto de desgaste|testigo de pastillas|avisador de pastillas	Indicador de desgaste de frenos	Bremsverschleißanzeige	bremsverschleißanzeige|verschleißanzeige|warnkontakt bremsbelag|verschleißsensor	Bremsverschleißanzeige	Brake wear indicator	brake wear indicator|brake wear sensor|pad wear sensor	Brake wear indicator
Frenos > frenos > Pastillas de freno y componentes > Kit de accesorios para pastillas de freno de disco.	element	D24	Kit de accesorios para pastillas de freno de disco.	kit de accesorios pastillas|herrajes pastillas freno|kit montaje pastillas	Accessory kit, disc brake pad	Kit de accesorios para pastillas de freno de disco	zubehörsatz bremsbeläge|montagesatz bremsbeläge|zubehör scheibenbremsbelag	Kit de accesorios para pastillas de freno de disco,"	Kit de accessories for pastillas de freno de disco	brake pad fitting kit|brake pad hardware kit|accessory kit brake pads	Accessory kit, disc brake pad
Frenos > frenos > Discos de freno y componentes > discos de freno	element	D25	discos de freno	disco de freno|discos de freno|disco freno|discos freno	Discos de freno	Bremsscheiben	bremsscheibe|bremsscheiben	Bremsscheiben	brake discs	brake disc|brake discs|brake rotor|brake rotors	Brake discs
Frenos > frenos > Discos de freno y componentes > discos y pastillas de freno	element	D26	discos y pastillas de freno	discos y pastillas de freno|kit discos y pastillas|conjunto discos pastillas	Discos y pastillas de freno	Bremsscheiben und -beläge	bremsscheiben und beläge|bremsen set|bremsscheiben belag satz	Bremsscheiben und -beläge	brake discs and pads	brake discs and pads|brake kit disc pad	Brake discs and pads
Frenos > frenos > Frenos de tambor y componentes > freno de tambor	element	D27	freno de tambor	freno de tambor|tambor de freno|frenos de tambor	Freno de tambor	Trommelbremse	trommelbremse	Trommelbremse	drum brake	drum brake	Drum brake
Frenos > frenos > Frenos de tambor y componentes > zapatas de freno	element	D28	zapatas de freno	zapatas de freno|zapatas freno|zapatas|ferodos tambor	Zapatas de freno	Bremsbacken	bremsbacken	Bremsbacken	brake shoes	brake shoes|brake shoe	Brake shoes
Frenos > frenos > Frenos de tambor y componentes > Kit de accesorios para zapatas de freno	element	D29	Kit de accesorios para zapatas de freno	juego de zapatas de freno|kit de zapatas de freno|zapatas con herrajes|kit herrajes zapatas	Accessory kit, brake shoes	Kit de accesorios para zapatas de freno	bremsbackensatz|bremsbacken satz|zubehörsatz bremsbacken|montagesatz bremsbacken	Kit de accesorios para zapatas de freno	Kit for accessories for brake shoes	brake shoe set|brake shoe kit|brake shoe fitting kit	Accessory kit, brake shoes
Frenos > frenos > Frenos de tambor y componentes > tambor de freno	element	D30	tambor de freno	tambor de freno|tambor freno|tambores de freno	Tambor de freno	Bremstrommel	bremstrommel	Bremstrommel	brake drum	brake drum|brake drums	Brake drum
Frenos > frenos > Pinzas de freno y componentes > pinza de freno	element	D31	pinza de freno	pinza de freno|pinza freno|mordaza de freno|caliper	Pinza de freno	Bremssattel	bremssattel|bremszange	Bremssattel	brake caliper	brake caliper|caliper|brake calipers	Brake caliper
Frenos > frenos > Pinzas de freno y componentes > Kit de reparación de pinzas de freno	element	D32	Kit de reparación de pinzas de freno	kit de reparación de pinza|kit reparacion pinza freno|reparacion pinza de freno	Kit de reparación de pinza de freno	Bremssattel-Reparatursatz	bremssattel reparatursatz|reparatursatz bremssattel	Bremssattel-Reparatursatz	Brake caliper repair kit	brake caliper repair kit|caliper repair kit	Brake caliper repair kit
Frenos > frenos > Pinzas de freno y componentes > Pistón, pinza de freno	element	D33	Pistón, pinza de freno	pistón de pinza|pistón de freno|piston pinza freno	Pistón de pinza de freno	Kolben, Bremssattel	bremssattelkolben|bremskolben|kolben bremssattel	Kolben, Bremssattel	Piston, brake caliper	brake caliper piston|caliper piston	Brake caliper piston
Frenos > frenos > Frenos de mano y componentes > freno de mano	element	D34	freno de mano	freno de mano|freno mano|freno de estacionamiento	Freno de mano	Handbremse	handbremse|feststellbremse	Handbremse	handbrake	handbrake|parking brake	Handbrake
Frenos > frenos > Frenos de mano y componentes > cable del freno de mano	element	D35	cable del freno de mano	cable de freno de mano|cable freno mano|cable de freno estacionamiento	Cable de freno de mano	Handbremsseil	handbremsseil|feststellbremsseil|bremsseil	Handbremsseil	handbrake cable	handbrake cable|parking brake cable	Handbrake cable
Frenos > frenos > Frenos de mano y componentes > Pastillas de freno de mano	element	D36	Pastillas de freno de mano	pastillas de freno de mano|zapatas freno de mano|zapatas freno estacionamiento	Pastillas de freno de mano	Handbremsbeläge	handbremsbeläge|handbremsbacken|feststellbremsbeläge	Handbremsbeläge	Handbrake pads	handbrake pads|parking brake shoes	Handbrake pads
Frenos > Kits de reparación > Componentes del sistema de frenos > Kit de reparación de pinzas de freno	element	D339	Kit de reparación de pinzas de freno	kit de reparación de pinza|kit reparacion pinza freno|reparacion pinza de freno	Kit de reparación de pinzas de freno	Bremssattel-Reparatursatz	bremssattel reparatursatz|reparatursatz bremssattel	Bremssattel-Reparatursatz	Brake caliper repair kit	brake caliper repair kit|caliper repair kit	Brake caliper repair kit
Frenos > Kits de reparación > Componentes del sistema de frenos > Kit de reparación, cilindro maestro de freno	element	D340	Kit de reparación, cilindro maestro de freno	kit de reparación de bomba de freno|kit reparacion cilindro maestro|reparacion bomba freno	Kit de reparación de cilindro maestro de freno	Reparatursatz, Hauptbremszylinder	hauptbremszylinder reparatursatz|reparatursatz hauptbremszylinder	Reparatursatz, Hauptbremszylinder	Repair kit, master brake cylinder	master brake cylinder repair kit|master cylinder repair kit	Master brake cylinder repair kit
Frenos > Kits de reparación > Componentes del sistema de frenos > Kit de reparación, cilindro de freno de rueda",	element	D341	Kit de reparación, cilindro de freno de rueda",	kit de reparación cilindro de freno de rueda	Kit de reparación de cilindro de freno de rueda	Reparatursatz, Radbremszylinder",	reparatursatz radbremszylinder	Reparatursatz, Radbremszylinder",	Repair kit, wheel brake cylinder",	repair kit wheel brake cylinder	Wheel brake cylinder repair kit
Frenos > Tuberías y mangueras > Componentes del sistema de frenos > manguera de freno	element	D349	manguera de freno	manguera de freno|latiguillo de freno|flexible de freno|tubo flexible freno	Manguera de freno	Bremsschlauch	bremsschlauch	Bremsschlauch	brake hose	brake hose|flexible brake hose|brake line hose	Brake hose
Sistema eléctrico > Electricidad > Componentes del sistema de arranque y carga > alternador	element	D109	alternador	alternador|dinamo|generador|alternador coche	Alternador	Lichtmaschine	lichtmaschine|generator|lima	Lichtmaschine	alternator	alternator|generator	Alternator
Sistema eléctrico > Electricidad > Componentes del sistema de arranque y carga > motor de arranque	element	D110	motor de arranque	motor de arranque|arranque|burro de arranque|motor de arranque coche	Motor de arranque	Anlasser	anlasser|starter|startermotor	Anlasser	starter	starter motor|starter	Starter motor
Sistema eléctrico > Electricidad > Componentes del sistema de arranque y carga > batería	element	D111	batería	batería|batería de coche|acumulador	Batería	Batterie	batterie|autobatterie|starterbatterie	Batterie	battery	battery|car battery	Battery
Sistema eléctrico > Electricidad > Componentes del sistema de arranque y carga > regulador del alternador	element	D112	regulador del alternador	regulador del alternador|regulador de tensión|regulador de voltaje	Regulador del alternador	Lichtmaschinenregler	lichtmaschinenregler|generatorregler|spannungsregler	Lichtmaschinenregler	alternator regulator	alternator regulator|voltage regulator	Alternator regulator
Sistema eléctrico > Electricidad > Lámparas > Bombilla de luz de cruce	element	D113	Bombilla de luz de cruce	bombilla de cruce|lámpara de cruce|bombilla luz corta	Lámpara de luz de cruce	Abblendlicht-Glühlampe	abblendlicht birne|abblendlicht lampe|abblendlicht glühlampe	Abblendlicht-Glühlampe	Low beam headlight bulb	low beam bulb|dipped beam bulb	Low beam bulb
Sistema eléctrico > Electricidad > Lámparas > Bombilla de luz alta	element	D114	Bombilla de luz alta	bombilla de luz larga|bombilla de carretera|lámpara de largas	Lámpara de luz alta	Fernlicht-Birne	fernlicht birne|fernlicht lampe	Fernlicht-Birne	High beam bulb	high beam bulb	High beam bulb
Sistema eléctrico > Electricidad > Componentes del sistema de frenos > Sensor ABS	element	D115	Sensor ABS	sensor abs|sensor de rueda abs|captador abs|sensor de revoluciones rueda	Sensor ABS		abs sensor|raddrehzahlsensor|drehzahlsensor rad	ABS Sensor	ABS sensor	abs sensor|wheel speed sensor	ABS sensor
Sistema eléctrico > Electricidad > Componentes del sistema de iluminación y señalización > luces traseras	element	D116	luces traseras	luces traseras|pilotos traseros|faros traseros|piloto trasero|grupo óptico trasero	Pilotos traseros	Rückleuchten	rückleuchten|heckleuchten|rücklicht	Rückleuchten	taillights	taillights|tail lights|rear lights	Tail lights
Sistema eléctrico > Electricidad > Componentes del sistema de encendido > Relé multifuncional	element	D117	Relé multifuncional	relé multifunción|relé multifuncional	Relé multifunción	Multifunktionsrelais	multifunktionsrelais	Multifunktionsrelais	Multifunctional relay	multifunction relay	Multifunction relay
Sistema eléctrico > Electricidad > Componentes del sistema de refrigeración > Sensor de temperatura del refrigerante	element	D118	Sensor de temperatura del refrigerante	sensor de temperatura del refrigerante|sensor temperatura refrigerante|sonda de temperatura agua|termocontacto	Sensor de temperatura del refrigerante	Kühlmitteltemperatursensor	kühlmitteltemperatursensor|kühlmittelsensor|temperaturgeber kühlmittel	Kühlmitteltemperatursensor	Coolant temperature sensor	coolant temperature sensor|coolant temp sensor	Coolant temperature sensor
Sistema eléctrico > Electricidad > Componentes del sistema de arranque y carga > alternador	element	D119	alternador	alternador|dinamo|generador|alternador coche	Alternador	Lichtmaschine	lichtmaschine|generator|lima	Lichtmaschine	alternator	alternator|generator	Alternator
Sistema eléctrico > Electricidad > Componentes del sistema de arranque y carga > motor de arranque	element	D120	motor de arranque	motor de arranque|arranque|burro de arranque|motor de arranque coche	Motor de arranque	Anlasser	anlasser|starter|startermotor	Anlasser	starter	starter motor|starter	Starter motor
Sistema eléctrico > Electricidad > Componentes del sistema de arranque y carga > batería	element	D121	batería	batería|batería de coche|acumulador	Batería	Batterie	batterie|autobatterie|starterbatterie	Batterie	battery	battery|car battery	Battery
Sistema eléctrico > Electricidad > Componentes del sistema de arranque y carga > regulador del alternador	element	D122	regulador del alternador	regulador del alternador|regulador de tensión|regulador de voltaje	Regulador del alternador	Lichtmaschinenregler	lichtmaschinenregler|generatorregler|spannungsregler	Lichtmaschinenregler	alternator regulator	alternator regulator|voltage regulator	Alternator regulator
Sistema eléctrico > Electricidad > Lámparas > Bombilla de luz de cruce	element	D123	Bombilla de luz de cruce	bombilla de cruce|lámpara de cruce|bombilla luz corta	Lámpara de luz de cruce	Abblendlicht-Glühlampe	abblendlicht birne|abblendlicht lampe|abblendlicht glühlampe	Abblendlicht-Glühlampe	Low beam headlight bulb	low beam bulb|dipped beam bulb	Low beam bulb
Sistema eléctrico > Electricidad > Lámparas > Bombilla de luz alta	element	D124	Bombilla de luz alta	bombilla de luz larga|bombilla de carretera|lámpara de largas	Lámpara de luz alta	Fernlicht-Birne	fernlicht birne|fernlicht lampe	Fernlicht-Birne	High beam bulb	high beam bulb	High beam bulb
Sistema eléctrico > Electricidad > Componentes del sistema de frenos > Sensor ABS	element	D125	Sensor ABS	sensor abs|sensor de rueda abs|captador abs|sensor de revoluciones rueda	Sensor ABS		abs sensor|raddrehzahlsensor|drehzahlsensor rad	ABS Sensor	ABS sensor	abs sensor|wheel speed sensor	ABS sensor
Sistema eléctrico > Electricidad > Componentes del sistema de iluminación y señalización > luces traseras	element	D126	luces traseras	luces traseras|pilotos traseros|faros traseros|piloto trasero|grupo óptico trasero	Pilotos traseros	Rückleuchten	rückleuchten|heckleuchten|rücklicht	Rückleuchten	taillights	taillights|tail lights|rear lights	Tail lights
Sistema eléctrico > Electricidad > Componentes del sistema de encendido > Relé multifuncional	element	D127	Relé multifuncional	relé multifunción|relé multifuncional	Relé multifunción	Multifunktionsrelais	multifunktionsrelais	Multifunktionsrelais	Multifunctional relay	multifunction relay	Multifunction relay
Sistema eléctrico > Electricidad > Componentes del sistema de refrigeración > Sensor de temperatura del refrigerante	element	D128	Sensor de temperatura del refrigerante	sensor de temperatura del refrigerante|sensor temperatura refrigerante|sonda de temperatura agua|termocontacto	Sensor de temperatura del refrigerante	Kühlmitteltemperatursensor	kühlmitteltemperatursensor|kühlmittelsensor|temperaturgeber kühlmittel	Kühlmitteltemperatursensor	Coolant temperature sensor	coolant temperature sensor|coolant temp sensor	Coolant temperature sensor
Sistema eléctrico > Electricidad > Componentes del sistema de arranque y carga > Alternador, repuestos	element	D129	Alternador, repuestos	alternador|dinamo|generador|alternador coche	Repuestos de alternador	Lichtmaschine, Ersatzteile	lichtmaschine|generator|lima	Lichtmaschine, Ersatzteile	Alternator, spare parts	alternator|generator	Alternator spare parts
Sistema eléctrico > Electricidad > Componentes del sistema de arranque y carga > alternador de rueda libre	element	D130	alternador de rueda libre	polea del alternador|polea de rueda libre|polea libre alternador|polea unidireccional	Rueda libre del alternador	Freilauf Lichtmaschine	freilauf lichtmaschine|generatorfreilauf|freilaufriemenscheibe	Freilauf Lichtmaschine	freewheel alternator	alternator freewheel pulley|overrunning alternator pulley	Alternator freewheel
Sistema eléctrico > Electricidad > Componentes del sistema de arranque y carga > Escobillas de carbón del motor de arranque	element	D131	Escobillas de carbón del motor de arranque	escobillas de arranque|carbones de arranque|escobillas motor de arranque	Escobillas del motor de arranque	Anlasser-Kohlebürsten	anlasser kohlebürsten|starter kohlebürsten|kohlebürsten anlasser	Anlasser-Kohlebürsten	Starter motor carbon brushes	starter motor brushes|starter carbon brushes	Starter motor brushes
Sistema eléctrico > Electricidad > Componentes del sistema de arranque y carga > Solenoide de arranque	element	D132	Solenoide de arranque	solenoide de arranque|relé de arranque|automático de arranque|contactor de arranque	Solenoide del motor de arranque	Magnetschalter Anlasser	magnetschalter anlasser|anlasser magnetschalter|starterrelais	Magnetschalter Anlasser	Starter solenoid	starter solenoid	Starter solenoid
Sistema eléctrico > Electricidad > Componentes del sistema de arranque y carga > Caja de cambios de rueda libre, arranque	element	D133	Caja de cambios de rueda libre, arranque	caja de cambios de rueda libre arranque	Engranaje libre de arranque	Freilaufgetriebe, Starter	freilaufgetriebe starter	Freilaufgetriebe, Starter	Freewheel gearbox, starter	freewheel gearbox starter	Starter freewheel gear
Sistema eléctrico > Electricidad > Componentes del sistema de arranque y carga > Piezas de arranque	element	D134	Piezas de arranque	piezas de arranque	Componentes individuales del motor de arranque	Starter Einzelteile	starter einzelteile	Starter Einzelteile	Starter parts	starter parts	Starter individual parts
Sistema eléctrico > Electricidad > Lámparas > bombilla de luz antiniebla	element	D135	bombilla de luz antiniebla	bombilla antiniebla|lámpara antiniebla	Lámpara de faro antiniebla	Nebelscheinwerfer-Birne	nebelscheinwerfer birne|nebellampe	Nebelscheinwerfer-Birne	fog light bulb	fog light bulb	Fog light bulb
Sistema eléctrico > Electricidad > Lámparas > bombilla intermitente	element	D136	bombilla intermitente	bombilla intermitente|bombilla de intermitente|lámpara intermitente	Lámpara de intermitente	Blinkerbirne	blinkerbirne|blinker birne|blinklampe	Blinkerbirne	indicator bulb	indicator bulb|turn signal bulb	Indicator bulb
Sistema eléctrico > Electricidad > Lámparas > Bombilla de luz de matrícula	element	D137	Bombilla de luz de matrícula	bombilla de matrícula|lámpara de matrícula	Lámpara de luz de matrícula	Kennzeichenleuchten Glühlampe	kennzeichenleuchten birne|kennzeichenlampe	Kennzeichenleuchten Glühlampe	License plate light bulb	license plate light bulb|number plate bulb	License plate light bulb
Sistema eléctrico > Electricidad > Lámparas > bombilla de luz de freno	element	D138	bombilla de luz de freno	bombilla de freno|bombilla luz de freno|lámpara de freno	Lámpara de luz de freno	Bremslicht-Birne	bremslicht birne|bremslicht lampe	Bremslicht-Birne	brake light bulb	brake light bulb	Brake light bulb
Sistema eléctrico > Electricidad > Lámparas > Bombilla de luz de marcha atrás	element	D139	Bombilla de luz de marcha atrás	bombilla de marcha atrás|bombilla luz de reversa|lámpara marcha atrás	Lámpara de luz de marcha atrás	Rückfahrleuchten Glühlampe	rückfahrleuchten birne|rückfahrlicht lampe	Rückfahrleuchten Glühlampe	Reversing light bulb	reversing light bulb|reverse light bulb	Reverse light bulb
Sistema eléctrico > Electricidad > Componentes del sistema de frenos > Indicador de desgaste de frenos	element	D140	Indicador de desgaste de frenos	indicador de desgaste|sensor de desgaste|contacto de desgaste|testigo de pastillas|avisador de pastillas	Indicador de desgaste de frenos	Bremsverschleißanzeige	bremsverschleißanzeige|verschleißanzeige|warnkontakt bremsbelag|verschleißsensor	Bremsverschleißanzeige	Brake wear indicator	brake wear indicator|brake wear sensor|pad wear sensor	Brake wear sensor
Sistema eléctrico > Electricidad > Componentes del sistema de iluminación y señalización > faros antiniebla	element	D141	faros antiniebla	faro antiniebla|faros antiniebla|antinieblas|proyector antiniebla	Faro antiniebla	Nebelscheinwerfer	nebelscheinwerfer|nebellampe	Nebelscheinwerfer	fog lights	fog light|fog lamp	Fog light
Sistema eléctrico > Electricidad > Componentes del sistema de iluminación y señalización > Relé de intermitencia	element	D142	Relé de intermitencia	relé de intermitencia|relé de intermitentes|central de intermitencia|relé de destellos	Relé de intermitentes	Blinkerrelais	blinkerrelais|blinkgeber	Blinkerrelais	Flasher relay	flasher relay|indicator relay|turn signal relay	Turn signal relay
Sistema eléctrico > Electricidad > Componentes del sistema de iluminación y señalización > interruptor de luz de freno	element	D143	interruptor de luz de freno	interruptor de luz de freno|interruptor de freno|contacto de luz de freno|manocontacto freno	Interruptor de luz de freno	Bremslichtschalter	bremslichtschalter	Bremslichtschalter	brake light switch	brake light switch	Brake light switch
Sistema eléctrico > Electricidad > Componentes del sistema de iluminación y señalización > Interruptor de advertencia de peligro	element	D144	Interruptor de advertencia de peligro	interruptor de emergencia|botón de warning|interruptor de warning|pulsador de emergencia|interruptor luces emergencia	Interruptor de luces de emergencia	Warnblinkschalter	warnblinkschalter|warnblinker schalter	Warnblinkschalter	Hazard warning switch	hazard switch|hazard warning switch	Hazard light switch
Sistema eléctrico > Electricidad > Componentes del sistema de iluminación y señalización > Luces de estacionamiento	element	D145	Luces de estacionamiento	luz de posición|luces de estacionamiento|luz de gálibo	Luz de posición	Standlicht	standlicht|positionsleuchte|begrenzungsleuchte	Standlicht	Parking lights	parking light|position light	Parking light
Sistema eléctrico > Electricidad > Componentes del sistema de iluminación y señalización > Luces de circulación diurna	element	D146	Luces de circulación diurna	luces diurnas|luz de circulación diurna|luces de día	Luz diurna	Tagfahrlicht	tagfahrlicht|tagfahrleuchte	Tagfahrlicht	Daytime running lights	daytime running lights|running lights	Daytime running light
Sistema eléctrico > Electricidad > Componentes de la carrocería y del sistema de confort > luz del maletero	element	D147	luz del maletero	luz del maletero|luz de maletero|iluminación de maletero	Iluminación del maletero	Kofferraumbeleuchtung	kofferraumbeleuchtung|kofferraumleuchte	Kofferraumbeleuchtung	trunk light	trunk light|boot light	Trunk light
Sistema eléctrico > Electricidad > Componentes de la carrocería y del sistema de confort > Iluminación interior	element	D148	Iluminación interior	iluminación interior|luz interior|plafón interior|luz de techo	Iluminación interior	Innenraumbeleuchtung	innenraumbeleuchtung|innenleuchte|leseleuchte	Innenraumbeleuchtung	Interior lighting	interior lighting|interior light|dome light	Interior lighting
Sistema eléctrico > Electricidad > Componentes del sistema de encendido > Unidad de control de bujías incandescentes	element	D149	Unidad de control de bujías incandescentes	relé de calentadores|unidad de control de calentadores|centralita de calentadores|rele precalentamiento	Unidad de control de bujías de precalentamiento	Glühkerzen-Steuergerät	glühkerzen steuergerät|glührelais|vorglührelais|glühzeitsteuergerät	Glühkerzen-Steuergerät	Glow plug control unit	glow plug control unit|glow plug relay	Glow plug control unit
Sistema eléctrico > Electricidad > Componentes del sistema de refrigeración > Sensor de temperatura del refrigerante	element	D150	Sensor de temperatura del refrigerante	sensor de temperatura del refrigerante|sensor temperatura refrigerante|sonda de temperatura agua|termocontacto	Sensor de temperatura del refrigerante	Kühlmitteltemperatursensor	kühlmitteltemperatursensor|kühlmittelsensor|temperaturgeber kühlmittel	Kühlmitteltemperatursensor	Coolant temperature sensor	coolant temperature sensor|coolant temp sensor	Coolant temperature sensor
Sistema eléctrico > Electricidad > Componentes del sistema de lubricación > Interruptor de presión de aceite	element	D151	Interruptor de presión de aceite	interruptor de presión de aceite|manocontacto de aceite|bulbo de aceite|presostato de aceite	Interruptor de presión de aceite	Öldruckschalter	öldruckschalter|öldruckgeber|öldrucksensor	Öldruckschalter	Oil pressure switch	oil pressure switch|oil pressure sender	Oil pressure switch
Sistema eléctrico > Unidades de control, sensores y relés > Componentes del sistema de refrigeración > sensor de temperatura	element	D325	sensor de temperatura	sensor de temperatura|sonda de temperatura	Sensor de temperatura	Temperatursensor	temperatursensor|temperaturgeber	Temperatursensor	temperature sensor	temperature sensor	Temperature sensor
Sistema eléctrico > Unidades de control, sensores y relés > Componentes del sistema de refrigeración > Sensor de temperatura del refrigerante	element	D326	Sensor de temperatura del refrigerante	sensor de temperatura del refrigerante|sensor temperatura refrigerante|sonda de temperatura agua|termocontacto	Sensor de temperatura del refrigerante	Kühlmitteltemperatursensor	kühlmitteltemperatursensor|kühlmittelsensor|temperaturgeber kühlmittel	Kühlmitteltemperatursensor	Coolant temperature sensor	coolant temperature sensor|coolant temp sensor	Coolant temperature sensor
Sistema eléctrico > Unidades de control, sensores y relés > Componentes del sistema de frenos > Sensor ABS	element	D327	Sensor ABS	sensor abs|sensor de rueda abs|captador abs|sensor de revoluciones rueda	Sensor ABS		abs sensor|raddrehzahlsensor|drehzahlsensor rad	ABS Sensor	ABS sensor	abs sensor|wheel speed sensor	ABS sensor
Sistema eléctrico > Unidades de control, sensores y relés > Componentes del sistema de frenos > Indicador de desgaste de frenos	element	D328	Indicador de desgaste de frenos	indicador de desgaste|sensor de desgaste|contacto de desgaste|testigo de pastillas|avisador de pastillas	Indicador de desgaste de frenos	Bremsverschleißanzeige	bremsverschleißanzeige|verschleißanzeige|warnkontakt bremsbelag|verschleißsensor	Bremsverschleißanzeige	Brake wear indicator	brake wear indicator|brake wear sensor|pad wear sensor	Brake wear indicator
Sistema eléctrico > Unidades de control, sensores y relés > Componentes del sistema de frenos > interruptor de luz de freno	element	D329	interruptor de luz de freno	interruptor de luz de freno|interruptor de freno|contacto de luz de freno|manocontacto freno	Interruptor de luz de freno	Bremslichtschalter	bremslichtschalter	Bremslichtschalter	brake light switch	brake light switch	Brake light switch
Sistema eléctrico > Unidades de control, sensores y relés > Componentes del sistema de frenos > Relé, ABS	element	D330	Relé, ABS	relé abs	Relé ABS	Relais, ABS	abs relais|relais abs	Relais, ABS	Relay, ABS	abs relay	ABS relay
Sistema eléctrico > Unidades de control, sensores y relés > Componentes del sistema de frenos > Unidad de control, dinámica de frenado/conducción	element	D331	Unidad de control, dinámica de frenado/conducción	unidad de control dinámica de frenado conducción	Unidad de control del freno/dinámica de conducción	Steuergerät, Brems- / Fahrdynamik	steuergerät brems- fahrdynamik	Steuergerät, Brems- / Fahrdynamik	Control unit, brake/driving dynamics	control unit brake driving dynamics	Brake/dynamic driving control unit
Sistema eléctrico > Unidades de control, sensores y relés > Componentes del sistema de encendido > Unidad de control de bujías incandescentes	element	D332	Unidad de control de bujías incandescentes	relé de calentadores|unidad de control de calentadores|centralita de calentadores|rele precalentamiento	Unidad de control de bujías incandescentes	Glühkerzen-Steuergerät	glühkerzen steuergerät|glührelais|vorglührelais|glühzeitsteuergerät	Glühkerzen-Steuergerät	Glow plug control unit	glow plug control unit|glow plug relay	Glow plug control unit
Sistema eléctrico > Unidades de control, sensores y relés > Componentes del sistema de lubricación > Interruptor de presión de aceite	element	D333	Interruptor de presión de aceite	interruptor de presión de aceite|manocontacto de aceite|bulbo de aceite|presostato de aceite	Interruptor de presión de aceite	Öldruckschalter	öldruckschalter|öldruckgeber|öldrucksensor	Öldruckschalter	Oil pressure switch	oil pressure switch|oil pressure sender	Oil pressure switch
Sistema eléctrico > Unidades de control, sensores y relés > Alternadores y componentes asociados > regulador del alternador	element	D334	regulador del alternador	regulador del alternador|regulador de tensión|regulador de voltaje	Regulador del alternador	Lichtmaschinenregler	lichtmaschinenregler|generatorregler|spannungsregler	Lichtmaschinenregler	alternator regulator	alternator regulator|voltage regulator	Alternator regulator
Sistema eléctrico > Unidades de control, sensores y relés > Componentes del sistema de iluminación y señalización > Relé de intermitencia	element	D335	Relé de intermitencia	relé de intermitencia|relé de intermitentes|central de intermitencia|relé de destellos	Relé de intermitencia	Blinkerrelais	blinkerrelais|blinkgeber	Blinkerrelais	Flasher relay	flasher relay|indicator relay|turn signal relay	Blinker relay
Sistema eléctrico > Unidades de control, sensores y relés > Componentes del sistema de iluminación y señalización > Interruptor de advertencia de peligro	element	D336	Interruptor de advertencia de peligro	interruptor de emergencia|botón de warning|interruptor de warning|pulsador de emergencia|interruptor luces emergencia	Interruptor de luces de emergencia	Warnblinkschalter	warnblinkschalter|warnblinker schalter	Warnblinkschalter	Hazard warning switch	hazard switch|hazard warning switch	Hazard light switch
Sistema eléctrico > Unidades de control, sensores y relés > Componentes eléctricos > Relé multifuncional	element	D337	Relé multifuncional	relé multifunción|relé multifuncional	Relé multifuncional	Multifunktionsrelais	multifunktionsrelais	Multifunktionsrelais	Multifunctional relay	multifunction relay	Multifunction relay
Sistema eléctrico > Unidades de control, sensores y relés > Arranques y componentes asociados > Solenoide de arranque	element	D338	Solenoide de arranque	solenoide de arranque|relé de arranque|automático de arranque|contactor de arranque	Solenoide de arranque	Magnetschalter Anlasser	magnetschalter anlasser|anlasser magnetschalter|starterrelais	Magnetschalter Anlasser	Starter solenoid	starter solenoid	Starter solenoid
Sistema eléctrico > Kits de reparación > Componentes eléctricos > Alternador, repuestos	element	D342	Alternador, repuestos	alternador|dinamo|generador|alternador coche	Alternador, piezas de repuesto	Lichtmaschine, Ersatzteile	lichtmaschine|generator|lima	Lichtmaschine, Ersatzteile	Alternator, spare parts	alternator|generator	Alternator, spare parts
Sistema eléctrico > Kits de reparación > Componentes eléctricos > Piezas de arranque	element	D343	Piezas de arranque	piezas de arranque	Piezas de repuesto de arranque	Starter Einzelteile	starter einzelteile	Starter Einzelteile	Starter parts	starter parts	Starter spare parts
Chasis y dirección > Dirección > Rótulas de dirección y componentes asociados > extremo de la barra de acoplamiento	element	D280	extremo de la barra de acoplamiento	rótula de dirección|terminal de dirección|rótula axial exterior|extremo de barra de dirección	Rótula de dirección	Spurstangenkopf	spurstangenkopf|spurstangengelenk|axialgelenk aussen	Spurstangenkopf	tie rod end	tie rod end|track rod end	Tie rod end
Chasis y dirección > Dirección > Barras de dirección, barras de acoplamiento y componentes asociados > barra de acoplamiento	element	D281	barra de acoplamiento	bieleta estabilizadora|bieleta de estabilizadora|enlace de estabilizadora|tirante estabilizador	Biela de dirección	Spurstange	koppelstange|pendelstütze|stabilenker|stabistrebe	Spurstange	tie rod	stabilizer link|sway bar link|drop link	Tie rod
Chasis y dirección > Dirección > Barras de dirección, barras de acoplamiento y componentes asociados > Articulación axial	element	D282	Articulación axial	rótula axial|articulación axial|barra axial|rótula interior dirección	Articulación axial	Axialgelenk	axialgelenk|axialstange|innerer spurstangenkopf	Axialgelenk	Axial joint	axial joint|inner tie rod	Axial joint
Chasis y dirección > Dirección > Barras de dirección, barras de acoplamiento y componentes asociados > manillar	element	D283	manillar	manillar	Bastón de dirección	Lenkstange	lenkstange	Lenkstange	handlebar	handlebar	Steering shaft
Chasis y dirección > Dirección > Bomba de dirección asistida y componentes asociados > bomba de dirección asistida	element	D284	bomba de dirección asistida	bomba de dirección asistida|bomba de servodirección|bomba servo|bomba hidráulica dirección	Bomba de dirección asistida	Servopumpe	servopumpe|lenkhilfepumpe|servolenkungspumpe	Servopumpe	power steering pump	power steering pump	Power steering pump
Chasis y dirección > Dirección > Bomba de dirección asistida y componentes asociados > Dirección con filtro hidráulico	element	D285	Dirección con filtro hidráulico	dirección con filtro hidráulico	Filtro hidráulico de dirección	Hydraulikfilter Lenkung	hydraulikfilter lenkung	Hydraulikfilter Lenkung	Hydraulic filter steering	hydraulic filter steering	Power steering hydraulic filter
Chasis y dirección > Dirección > Componentes de la dirección > Kit de reparación, mecanismo de dirección	element	D286	Kit de reparación, mecanismo de dirección	kit de reparación de caja de dirección|reparacion cremallera de dirección|kit reparacion direccion	Kit de reparación de la caja de dirección	Reparatursatz, Lenkgetriebe	reparatursatz lenkgetriebe|lenkgetriebe reparatursatz	Reparatursatz, Lenkgetriebe	Repair kit, steering gear	steering gear repair kit|steering rack repair kit	Steering gear repair kit
Chasis y dirección > Enganche de remolque y accesorios > Enganches de remolque y componentes asociados > Barra de remolque	element	D301	Barra de remolque	enganche de remolque|bola de remolque|gancho de remolque|barra de remolque	Enganche de remolque	Anhängerkupplung	anhängerkupplung|anhängevorrichtung|kugelkopf anhänger	Anhängerkupplung	Towbar	towbar|tow hitch|trailer hitch	Trailer hitch
Chasis y dirección > Cojinetes > Componentes de suspensión > cojinete de rueda	element	D314	cojinete de rueda	rodamiento de rueda|cojinete de rueda|rodamiento de buje|rodamiento de maza	Cojinete de rueda	Radlager	radlager|radlagersatz	Radlager	wheel bearing	wheel bearing	Wheel bearing
Chasis y dirección > Cojinetes > Componentes de suspensión > Cojinete central, eje cardán	element	D315	Cojinete central, eje cardán	cojinete central de transmisión|soporte central de cardán|rodamiento central transmisión	Cojinete central del eje de transmisión	Mittellager, Kardanwelle	mittellager kardanwelle|hardy mittellager|mittellager gelenkwelle	Mittellager, Kardanwelle	Center bearing, cardan shaft	center bearing driveshaft|carrier bearing	Center bearing, driveshaft"
Chasis y dirección > Cojinetes > Componentes de suspensión > Sello del eje, cubo de la rueda	element	D316	Sello del eje, cubo de la rueda	sello del eje cubo de la rueda	Retén del cubo de rueda	Wellendichtring, Radnabe	wellendichtring radnabe	Wellendichtring, Radnabe	Shaft seal, wheel hub	shaft seal wheel hub	Wheel hub seal
Chasis y dirección > Cojinetes > Componentes del embrague > Cojinete de liberación	element	D317	Cojinete de liberación	cojinete de embrague|collarín de embrague|rodamiento de empuje|cojinete de empuje	Rodamiento de empuje	Ausrücklager	ausrücklager|kupplungsausrücklager	Ausrücklager	Release bearing	release bearing|clutch release bearing|throwout bearing	Release bearing
Chasis y dirección > Cojinetes > Componentes del motor > Cojinetes de biela	element	D318	Cojinetes de biela	cojinete de biela|casquillo de biela|semicojinete de biela|metales de biela	Cojinete de biela	Pleuellager	pleuellager|pleuellagerschalen	Pleuellager	Connecting rod bearings	connecting rod bearing|rod bearing	Connecting rod bearing
Chasis y dirección > Cojinetes > Componentes del motor > Cojinetes del cigüeñal	element	D319	Cojinetes del cigüeñal	cojinete de bancada|cojinete de cigüeñal|casquillo de bancada|metales de bancada	Cojinete del cigüeñal	Kurbelwellenlager	kurbelwellenlager|hauptlager|kurbelwellenlagerschalen	Kurbelwellenlager	Crankshaft bearings	crankshaft bearing|main bearing	Crankshaft bearing
Chasis y dirección > Kits de reparación > Componentes del sistema de dirección > Kit de reparación, mecanismo de dirección	element	D347	Kit de reparación, mecanismo de dirección	kit de reparación de caja de dirección|reparacion cremallera de dirección|kit reparacion direccion	Kit de reparación de caja de dirección	Reparatursatz, Lenkgetriebe	reparatursatz lenkgetriebe|lenkgetriebe reparatursatz	Reparatursatz, Lenkgetriebe	Repair kit, steering gear	steering gear repair kit|steering rack repair kit	Steering gearbox repair kit
Suspensión > Suspensión y brazos de control > Rodamientos y componentes asociados > cubo de rueda	element	D83	cubo de rueda	buje de rueda|maza de rueda|cubo de rueda|mangueta con buje	Maza de rueda	Radnabe	radnabe|radnabe mit lager|radlagergehäuse	Radnabe	wheel hub	wheel hub|wheel hub assembly	Wheel hub
Suspensión > Suspensión y brazos de control > Rodamientos y componentes asociados > cojinete de rueda	element	D84	cojinete de rueda	rodamiento de rueda|cojinete de rueda|rodamiento de buje|rodamiento de maza	Rodamiento de rueda	Radlager	radlager|radlagersatz	Radlager	wheel bearing	wheel bearing	Wheel bearing
Suspensión > Suspensión y brazos de control > Rodamientos y componentes asociados > Sello del eje, cubo de la rueda	element	D85	Sello del eje, cubo de la rueda	sello del eje cubo de la rueda	Retén de la maza de rueda	Wellendichtring, Radnabe	wellendichtring radnabe	Wellendichtring, Radnabe	Shaft seal, wheel hub	shaft seal wheel hub	Wheel hub seal
Suspensión > Suspensión y brazos de control > Rodamientos y componentes asociados > Enlace estabilizador	element	D86	Enlace estabilizador	bieleta estabilizadora|bieleta de estabilizadora|enlace de estabilizadora|tirante estabilizador	Barra de acoplamiento	Koppelstange	koppelstange|pendelstütze|stabilenker|stabistrebe	Koppelstange	Stabilizer link	stabilizer link|sway bar link|drop link	Stabilizer link
Suspensión > Suspensión y brazos de control > Rodamientos y componentes asociados > Cauchos estabilizadores	element	D87	Cauchos estabilizadores	gomas de estabilizadora|casquillos de estabilizadora|silentblock de estabilizadora|caucho estabilizadora	Gomas de estabilizador	Stabilgummis	stabigummis|stabilisator gummilager|stabilisatorlager|stabilager	Stabilgummis	Stabilizing rubbers	stabilizer bushings|sway bar bushings	Stabilizer bushings
Suspensión > Suspensión y brazos de control > Rodamientos y componentes asociados > estabilizador	element	D88	estabilizador	estabilizador|barra estabilizadora	Barra estabilizadora	Stabilisator	stabilisator	Stabilisator	stabilizer	stabilizer|sway bar	Stabilizer bar
Suspensión > Suspensión y brazos de control > Rodamientos y componentes asociados > Soporte, cojinete estabilizador	element	D89	Soporte, cojinete estabilizador	soporte de estabilizadora|abrazadera de estabilizadora|brida estabilizadora	Soporte del estabilizador	Halter, Stabilisatorlagerung	stabilisator halter|haltebügel stabilisator|halter stabilisatorlagerung	Halter, Stabilisatorlagerung	Bracket, stabilizer bearing	stabilizer bracket|sway bar bracket	Stabilizer mounting bracket
Suspensión > Suspensión y brazos de control > Rodamientos y componentes asociados > Cojinete del brazo de control	element	D90	Cojinete del brazo de control	silentblock de brazo|casquillo de brazo de control|goma de trapecio|buje de trapecio	Buje de brazo de control	Querlenkerlager	querlenkerlager|querlenker buchse|lagerbuchse querlenker|querlenkergummi	Querlenkerlager	Control arm bearing	control arm bushing|wishbone bush	Control arm bushing
Suspensión > Suspensión y brazos de control > Rodamientos y componentes asociados > Kit de reparación, brazo de control	element	D91	Kit de reparación, brazo de control	kit de reparación de brazo|kit brazo de suspensión|reparacion trapecio	Kit de reparación de brazo de control	Reparatursatz, Querlenker	reparatursatz querlenker|querlenker reparatursatz	Reparatursatz, Querlenker	Repair kit, control arm	control arm repair kit	Control arm repair kit
Suspensión > Suspensión y brazos de control > Rodamientos y componentes asociados > Kit de montaje, manillar	element	D92	Kit de montaje, manillar	kit de montaje de brazo|kit silentblocks brazo|kit montaje trapecio	Kit de montaje de brazo de control	Montagesatz, Lenker	montagesatz querlenker|montagesatz lenker	Montagesatz, Lenker	Mounting kit, handlebars	control arm mounting kit	Control arm mounting kit
Suspensión > Suspensión y brazos de control > Rótulas y componentes asociados > Rótula	element	D93	Rótula	rótula|rótula de suspensión|rótula inferior|rótula de brazo	Rótula de suspensión	Traggelenk	traggelenk|kugelgelenk|führungsgelenk	Traggelenk	Ball joint	ball joint|suspension ball joint	Ball joint
Suspensión > Suspensión y brazos de control > Componentes de dirección > extremo de la barra de acoplamiento	element	D94	extremo de la barra de acoplamiento	rótula de dirección|terminal de dirección|rótula axial exterior|extremo de barra de dirección	Rótula de dirección	Spurstangenkopf	spurstangenkopf|spurstangengelenk|axialgelenk aussen	Spurstangenkopf	tie rod end	tie rod end|track rod end	Tie rod end
Suspensión > Suspensión y brazos de control > Componentes de dirección > Articulación axial	element	D95	Articulación axial	rótula axial|articulación axial|barra axial|rótula interior dirección	Rótula axial	Axialgelenk	axialgelenk|axialstange|innerer spurstangenkopf	Axialgelenk	Axial joint	axial joint|inner tie rod	Axial joint
Suspensión > Suspensión y brazos de control > Piezas de fijación de ruedas > Pernos y tuercas de rueda	element	D96	Pernos y tuercas de rueda	tornillos de rueda|tuercas de rueda|bulones de rueda|espárragos de rueda	Tornillos y tuercas de rueda	Radschrauben und Radmuttern	radschrauben|radmuttern|radbolzen	Radschrauben und Radmuttern	Wheel bolts and wheel nuts	wheel bolts|wheel nuts|lug nuts	Wheel bolts and nuts
Suspensión > Suspensión y brazos de control > Soportes de motor y transmisión > soportes del motor	element	D97	soportes del motor	soporte de motor|taco de motor|silentblock de motor|soporte de motor coche	Soporte de motor	Motorlager	motorlager|motorhalter|motoraufhängung	Motorlager	engine mounts	engine mount|motor mount|engine mounting	Engine mount
Suspensión > Suspensión y brazos de control > Soportes de motor y transmisión > cojinete de caja de cambios	element	D98	cojinete de caja de cambios	cojinete de caja de cambios	Soporte de transmisión	Getriebelager	getriebelager	Getriebelager	gearbox bearing	gearbox bearing	Transmission mount
Suspensión > Suspensión y brazos de control > Cuerpo del eje y componentes asociados > cuerpo del eje	element	D99	cuerpo del eje	cuerpo del eje|travesaño del eje|cuna de motor|puente delantero|bastidor auxiliar	Cuerpo del eje	Achskörper	achskörper|achsträger|fahrschemel|hilfsrahmen	Achskörper	axle body	axle body|axle carrier|subframe|axle crossmember	Axle body
Suspensión > Suspensión y brazos de control > Cuerpo del eje y componentes asociados > portaejes	element	D100	portaejes	cuerpo del eje|travesaño del eje|cuna de motor|puente delantero|bastidor auxiliar	Travesaño del eje	Achsträger	achskörper|achsträger|fahrschemel|hilfsrahmen	Achsträger	axle carrier	axle body|axle carrier|subframe|axle crossmember	Axle crossmember
Suspensión > Suspensión y brazos de control > Componentes del sistema ABS > Sensor ABS	element	D101	Sensor ABS	sensor abs|sensor de rueda abs|captador abs|sensor de revoluciones rueda	Sensor ABS		abs sensor|raddrehzahlsensor|drehzahlsensor rad	ABS Sensor	ABS sensor	abs sensor|wheel speed sensor	ABS sensor
Suspensión > Suspensión y brazos de control > Elementos de amortiguación > Kit de cubierta antipolvo de amortiguador y tope de impacto	element	D102	Kit de cubierta antipolvo de amortiguador y tope de impacto	fuelle de amortiguador|tope de amortiguador|kit guardapolvo amortiguador|topes de suspensión	Kit de protección contra polvo y tope de amortiguador	Stoßdämpfer Staubschutzsatz und Anschlagpuffer	staubschutzsatz stoßdämpfer|anschlagpuffer|faltenbalg stoßdämpfer|staubmanschette stoßdämpfer	Stoßdämpfer Staubschutzsatz und Anschlagpuffer	Shock absorber dust cover kit and bump stop	shock absorber dust cover|bump stop|bump stop kit	Shock absorber dust cover and bump stop set
Suspensión > Suspensión y brazos de control > Elementos de amortiguación > ballesta	element	D103	ballesta	ballesta|ballestas|hoja de ballesta|paquete de ballestas	Ballesta	Blattfeder	blattfeder|blattfedern	Blattfeder	leaf spring	leaf spring|leaf springs	Leaf spring
Suspensión > Suspensión y brazos de control > Elementos de amortiguación > Cojinetes, amortiguadores	element	D104	Cojinetes, amortiguadores	soporte de amortiguador|copela de amortiguador|cojinete de amortiguador|torreta de amortiguador|silentblock amortiguador	Cojinete del amortiguador	Lagerung, Stoßdämpfer	domlager|stoßdämpferlager|federbeinstützlager|stützlager	Lagerung, Stoßdämpfer	Bearings, shock absorbers	shock absorber mount|strut mount|strut top mount	Shock absorber mounting
Suspensión > Suspensión y brazos de control > Elementos de amortiguación > Soporte de amortiguador	element	D105	Soporte de amortiguador	soporte de amortiguador|copela de amortiguador|cojinete de amortiguador|torreta de amortiguador|silentblock amortiguador	Soporte del amortiguador	Stoßdämpfer Halterung	domlager|stoßdämpferlager|federbeinstützlager|stützlager	Stoßdämpfer Halterung	Shock absorber mount	shock absorber mount|strut mount|strut top mount	Shock absorber bracket
Suspensión > Suspensión y brazos de control > Mangueta y componentes asociados > piedra angular	element	D106	piedra angular	pivote de mangueta|perno de mangueta|pivote maestro|bulón de mangueta	Perno de mangueta	Achsschenkelbolzen	achsschenkelbolzen|königsbolzen	Achsschenkelbolzen	kingpin	kingpin|steering knuckle pin	Steering knuckle pin
Suspensión > Suspensión y brazos de control > Mangueta y componentes asociados > Buje, pivote central	element	D107	Buje, pivote central	casquillo de mangueta|buje de pivote|casquillo pivote mangueta	Casquillo de perno de mangueta	Buchse, Achsschenkelbolzen	achsschenkelbolzen buchse|königsbolzen buchse|buchse achsschenkelbolzen	Buchse, Achsschenkelbolzen	Bushing, kingpin	kingpin bushing|steering knuckle bushing	Steering knuckle bushing
Suspensión > Suspensión y brazos de control > Componentes eléctricos > Sensor de presión de neumáticos	element	D108	Sensor de presión de neumáticos	sensor de presión de neumáticos|sensor tpms|válvula tpms|sensor presion ruedas	Sensor de presión de neumáticos	Reifendrucksensor	reifendrucksensor|rdks sensor	Reifendrucksensor (RDKS)	Tire pressure sensor	tire pressure sensor|tpms sensor	Tire pressure sensor (TPMS)
Suspensión > suspensión > Amortiguadores, muelles helicoidales, ballestas y componentes relacionados > amortiguadores	element	D152	amortiguadores	amortiguador|amortiguadores|amortiguador de gas|amortidor	Amortiguador	Stoßdämpfer	stoßdämpfer|stossdämpfer|dämpfer	Stoßdämpfer	shock absorbers	shock absorber|shock|damper	Shock absorber
Suspensión > suspensión > Amortiguadores, muelles helicoidales, ballestas y componentes relacionados > Kit de cubierta antipolvo de amortiguador y tope de impacto	element	D153	Kit de cubierta antipolvo de amortiguador y tope de impacto	fuelle de amortiguador|tope de amortiguador|kit guardapolvo amortiguador|topes de suspensión	Kit de protección contra polvo y tope de amortiguador	Stoßdämpfer Staubschutzsatz und Anschlagpuffer	staubschutzsatz stoßdämpfer|anschlagpuffer|faltenbalg stoßdämpfer|staubmanschette stoßdämpfer	Stoßdämpfer Staubschutzsatz und Anschlagpuffer	Shock absorber dust cover kit and bump stop	shock absorber dust cover|bump stop|bump stop kit	Shock absorber dust cover and bump stop set
Suspensión > suspensión > Amortiguadores, muelles helicoidales, ballestas y componentes relacionados > ballesta	element	D154	ballesta	ballesta|ballestas|hoja de ballesta|paquete de ballestas	Ballesta	Blattfeder	blattfeder|blattfedern	Blattfeder	leaf spring	leaf spring|leaf springs	Leaf spring
Transmisión > Embrague y componentes > Kits de embrague y componentes asociados > Kit de embrague	element	D287	Kit de embrague	kit de embrague|conjunto de embrague|embrague completo|kit embrague	Kit de embrague	Kupplungssatz	kupplungssatz|kupplungskit	Kupplungssatz	Clutch kit	clutch kit	Clutch kit
Transmisión > Embrague y componentes > Kits de embrague y componentes asociados > Cojinete de liberación	element	D288	Cojinete de liberación	cojinete de embrague|collarín de embrague|rodamiento de empuje|cojinete de empuje	Rodamiento de empuje	Ausrücklager	ausrücklager|kupplungsausrücklager	Ausrücklager	Release bearing	release bearing|clutch release bearing|throwout bearing	Release bearing
Transmisión > Embrague y componentes > Kits de embrague y componentes asociados > disco de embrague	element	D289	disco de embrague	disco de embrague|plato de embrague|disco de fricción	Disco de embrague	Kupplungsscheibe	kupplungsscheibe	Kupplungsscheibe	clutch disc	clutch disc|clutch plate	Clutch disc
Transmisión > Embrague y componentes > Kits de embrague y componentes asociados > Placa de presión del embrague	element	D290	Placa de presión del embrague	plato de presión de embrague|maza de embrague|prensa de embrague	Plato de presión del embrague	Kupplungsdruckplatte	kupplungsdruckplatte|druckplatte kupplung	Kupplungsdruckplatte	Clutch pressure plate	clutch pressure plate|clutch cover	Clutch pressure plate
Transmisión > Embrague y componentes > Kits de embrague y componentes asociados > Campamento de mando	element	D291	Campamento de mando	campamento de mando	Rodamiento guía	Führungslager	führungslager	Führungslager	Command camp	command camp	Pilot bearing
Transmisión > Embrague y componentes > Componentes del mecanismo de liberación del embrague > Cilindro maestro del embrague	element	D292	Cilindro maestro del embrague	bomba de embrague|cilindro maestro de embrague|emisor de embrague|cilindro emisor embrague	Cilindro maestro del embrague	Kupplungsgeberzylinder	kupplungsgeberzylinder|geberzylinder kupplung	Kupplungsgeberzylinder	Clutch master cylinder	clutch master cylinder	Clutch master cylinder
Transmisión > Embrague y componentes > Componentes del mecanismo de liberación del embrague > Cilindro esclavo del embrague	element	D293	Cilindro esclavo del embrague	bombín de embrague|cilindro receptor de embrague|cilindro esclavo embrague	Cilindro receptor del embrague	Kupplungsnehmerzylinder	kupplungsnehmerzylinder|nehmerzylinder kupplung	Kupplungsnehmerzylinder	Clutch slave cylinder	clutch slave cylinder	Clutch slave cylinder
Transmisión > Embrague y componentes > Componentes del mecanismo de liberación del embrague > Pedales y cubiertas de pedales	element	D294	Pedales y cubiertas de pedales	gomas de pedal|cubrepedales|forros de pedal|almohadillas de pedal	Pedales y cubrepedales	Pedals und Pedalbelag	pedalbelag|pedalgummi|pedalauflage	Pedals und Pedalbelag	Pedals and pedal coverings	pedal covers|pedal rubbers|pedal pads	Pedals and pedal covers
Transmisión > Embrague y componentes > Componentes del mecanismo de liberación del embrague > Kit de reparación, cilindro esclavo del embrague	element	D295	Kit de reparación, cilindro esclavo del embrague	kit de reparación bombín de embrague|reparacion cilindro receptor embrague	Kit de reparación del cilindro receptor de embrague	Reparatursatz, Kupplungsnehmerzylinder	reparatursatz kupplungsnehmerzylinder|kupplungsnehmerzylinder reparatursatz	Reparatursatz, Kupplungsnehmerzylinder	Repair kit, clutch slave cylinder	clutch slave cylinder repair kit	Clutch slave cylinder repair kit
Transmisión > Embrague y componentes > Volantes de inercia y componentes asociados > volante	element	D296	volante	volante motor|volante de inercia|volante bimasa|volante de embrague	Volante de inercia	Schwungrad	schwungrad|zweimassenschwungrad|schwungscheibe	Schwungrad	flywheel	flywheel|dual mass flywheel	Flywheel
Transmisión > Embrague y componentes > Volantes de inercia y componentes asociados > tornillo del volante	element	D297	tornillo del volante	tornillos de volante|pernos de volante|tornillos volante motor	Tornillos del volante de inercia	Schwungradschaube	schwungradschrauben|schwungrad schrauben	Schwungradschaube	flywheel screw	flywheel bolts	Flywheel bolts
Transmisión > Embrague y componentes > Herramientas > Herramienta de embrague	element	D298	Herramienta de embrague	herramienta de embrague	Herramienta para embrague	Kupplungswerkzeug	kupplungswerkzeug	Kupplungswerkzeug	Clutch tool	clutch tool	Clutch tool
Transmisión > Embrague y componentes > Cuidado del automóvil > Limpiador de embrague y frenos	element	D299	Limpiador de embrague y frenos	limpiador de frenos|limpia frenos|limpiador de embrague|spray limpiafrenos	Limpiador de embrague y frenos	Kupplungs- und Bremsenreiniger	bremsenreiniger|kupplungsreiniger|bremsen und kupplungsreiniger	Kupplungs- und Bremsenreiniger	Clutch and brake cleaner	brake cleaner|brake and clutch cleaner	Clutch and brake cleaner
Transmisión > transmisión > Productos para la lubricación de la transmisión > Aceite para engranajes y aceite para caja de transferencia	element	D302	Aceite para engranajes y aceite para caja de transferencia		Aceite de transmisión y caja de transferencia	Getriebeöl und Verteilergetriebeöl	getriebeöl und verteilergetriebeöl	Getriebeöl und Verteilergetriebeöl	Gear oil and transfer case oil	gear oil and transfer case oil	Transmission and transfer case oil
Transmisión > transmisión > Productos para la lubricación de la transmisión > Transmisión automática, filtro de aceite"	element	D303	Transmisión automática, filtro de aceite"	transmisión automática filtro de aceite	Filtro de aceite de transmisión automática,	Automatikgetriebe, Ölfilter"	automatikgetriebe ölfilter	Automatikgetriebe, Ölfilter"	Automatic transmission, oil filter"	automatic transmission oil filter	Automatic transmission oil filter
Transmisión > transmisión > Productos para la lubricación de la transmisión > Junta del cárter de aceite de transmisión automática	element	D304	Junta del cárter de aceite de transmisión automática	junta del cárter de aceite de transmisión automática	Junta del cárter de la transmisión automática	Dichtung, Ölwanne-Automatikgetriebe	dichtung ölwanne-automatikgetriebe	Dichtung, Ölwanne-Automatikgetriebe	Automatic transmission oil pan gasket	automatic transmission oil pan gasket	Automatic transmission oil pan gasket
Transmisión > transmisión > Productos para la lubricación de la transmisión > Sello de aceite de la caja de cambios	element	D305	Sello de aceite de la caja de cambios	retén de caja de cambios|retén de transmisión|reten de salida de cambio	Retén de transmisión	Getriebe Simmering	getriebe simmerring|getriebedichtring|wellendichtring getriebe	Getriebe Simmering	Gearbox oil seal	gearbox oil seal|transmission oil seal	Transmission seal
Transmisión > transmisión > Productos para la lubricación de la transmisión > Líquido de transmisión automática	element	D306	Líquido de transmisión automática	aceite de cambio automático|líquido de transmisión automática|aceite atf|valvulina automática	Aceite de transmisión automática	Automatikgetriebeöl	automatikgetriebeöl|atf öl	Automatikgetriebeöl	Automatic transmission fluid	automatic transmission fluid|automatic transmission oil	Automatic transmission oil
Transmisión > transmisión > Productos para la lubricación de la transmisión > cárter de aceite de transmisión	element	D307	cárter de aceite de transmisión	cárter de cambio|cárter de aceite de transmisión|cárter de caja de cambios	Cárter de aceite de la transmisión	Getriebeölwanne	getriebeölwanne|ölwanne getriebe	Getriebeölwanne	transmission oil pan	transmission oil pan	Transmission oil pan
Transmisión > transmisión > Cojinetes de transmisión > cojinete de caja de cambios	element	D308	cojinete de caja de cambios	cojinete de caja de cambios	Cojinete de transmisión	Getriebelager	getriebelager	Getriebelager	gearbox bearing	gearbox bearing	Transmission bearing
Transmisión > transmisión > Componentes eléctricos de la transmisión > Válvula de cambio, transmisión automática	element	D309	Válvula de cambio, transmisión automática	válvula de cambio automático|electroválvula de cambio|solenoide de cambio	Válvula de cambio de transmisión automática	Schaltventil, Automatikgetriebe	schaltventil automatikgetriebe|magnetventil getriebe	Schaltventil, Automatikgetriebe	Shift valve, automatic transmission	shift valve automatic transmission|transmission solenoid	Automatic transmission shift valve
Transmisión > transmisión > Volantes y componentes relacionados > volante	element	D310	volante	volante motor|volante de inercia|volante bimasa|volante de embrague	Volante de inercia	Schwungrad	schwungrad|zweimassenschwungrad|schwungscheibe	Schwungrad	flywheel	flywheel|dual mass flywheel	Flywheel
Transmisión > Árbol de transmisión y diferencial > Árboles de transmisión y componentes asociados > Disco Hardy	element	D320	Disco Hardy	disco hardy|acoplamiento flexible|junta elástica de transmisión|trisqueta	Acoplamiento flexible	Hardyscheibe	hardyscheibe|gelenkscheibe|flexscheibe	Hardyscheibe	Hardy disc	flex disc|hardy disc|flex joint	Flex disc
Transmisión > Árbol de transmisión y diferencial > Árboles de transmisión y componentes asociados > Cojinete central, eje cardán	element	D321	Cojinete central, eje cardán	cojinete central de transmisión|soporte central de cardán|rodamiento central transmisión	Cojinete central del eje de transmisión	Mittellager, Kardanwelle	mittellager kardanwelle|hardy mittellager|mittellager gelenkwelle	Mittellager, Kardanwelle	Center bearing, cardan shaft	center bearing driveshaft|carrier bearing	Center bearing, driveshaft
Transmisión > Árbol de transmisión y diferencial > Árboles de transmisión y componentes asociados > Sello de eje, diferencial	element	D322	Sello de eje, diferencial	retén de diferencial|reten de palier diferencial|reten salida diferencial	Retén del diferencial	Wellendichtring, Differential	differential simmerring|wellendichtring differential|simmerring differential	Wellendichtring, Differential	Shaft seal, differential	differential seal	Differential seal
Transmisión > Árbol de transmisión y diferencial > Aceites y fluidos > Aceite para engranajes y aceite para caja de transferencia	element	D323	Aceite para engranajes y aceite para caja de transferencia		Aceite de transmisión y caja de transferencia	Getriebeöl und Verteilergetriebeöl	getriebeöl und verteilergetriebeöl	Getriebeöl und Verteilergetriebeöl	Gear oil and transfer case oil	gear oil and transfer case oil	Transmission and transfer case oil
Transmisión > Árbol de transmisión y diferencial > Aceites y fluidos > Líquido de transmisión automática	element	D324	Líquido de transmisión automática	aceite de cambio automático|líquido de transmisión automática|aceite atf|valvulina automática	Aceite de transmisión automática	Automatikgetriebeöl	automatikgetriebeöl|atf öl	Automatikgetriebeöl	Automatic transmission fluid	automatic transmission fluid|automatic transmission oil	Automatic transmission oil
Transmisión > Kits de reparación > Componentes del embrague > Kit de reparación, cilindro maestro del embrague	element	D344	Kit de reparación, cilindro maestro del embrague	kit de reparación bomba de embrague|reparacion cilindro maestro embrague	Kit de reparación de cilindro maestro de embrague	Reparatursatz, Kupplungsgeberzylinder	reparatursatz kupplungsgeberzylinder|kupplungsgeberzylinder reparatursatz	Reparatursatz, Kupplungsgeberzylinder	Repair kit, clutch master cylinder	clutch master cylinder repair kit	Clutch master cylinder repair kit
Transmisión > Kits de reparación > Componentes del embrague > Kit de reparación, cilindro esclavo del embrague	element	D345	Kit de reparación, cilindro esclavo del embrague	kit de reparación bombín de embrague|reparacion cilindro receptor embrague	Kit de reparación de cilindro receptor de embrague	Reparatursatz, Kupplungsnehmerzylinder	reparatursatz kupplungsnehmerzylinder|kupplungsnehmerzylinder reparatursatz	Reparatursatz, Kupplungsnehmerzylinder	Repair kit, clutch slave cylinder	clutch slave cylinder repair kit	Clutch slave cylinder repair kit
innenraum > Interior > Componentes del interior > Pedales y cubiertas de pedales	element	D255	Pedales y cubiertas de pedales	gomas de pedal|cubrepedales|forros de pedal|almohadillas de pedal	Pedales y cubrepedales	Pedals und Pedalbelag	pedalbelag|pedalgummi|pedalauflage	Pedals und Pedalbelag	Pedals and pedal coverings	pedal covers|pedal rubbers|pedal pads	Pedals and pedal covers
innenraum > Interior > Componentes del interior > revestimiento	element	D256	revestimiento	revestimiento	Revestimiento	Verkleidung	verkleidung	Verkleidung	cladding	trim|panel	Trim panel
innenraum > Interior > Cerraduras y componentes asociados > manija de la puerta	element	D257	manija de la puerta	manija|de|puerta	Manija de puerta	Türgriff	t|rgriff	Türgriff	door handle	door|handle	Door handle
innenraum > Interior > Componentes eléctricos > Iluminación del velocímetro	element	D258	Iluminación del velocímetro	iluminaci|n|del|tablero	Iluminación del tablero	Tachobeleuchtung	tachobeleuchtung	Tachobeleuchtung	Speedometer illumination	dashboard|lighting	Dashboard lighting
innenraum > Interior > Componentes eléctricos > interruptor de luz de freno	element	D259	interruptor de luz de freno	interruptor de luz de freno|interruptor de freno|contacto de luz de freno|manocontacto freno	Interruptor de luz de freno	Bremslichtschalter	bremslichtschalter	Bremslichtschalter	brake light switch	brake light switch	Brake light switch
innenraum > Interior > Componentes eléctricos > Interruptor de advertencia de peligro	element	D260	Interruptor de advertencia de peligro	interruptor de emergencia|botón de warning|interruptor de warning|pulsador de emergencia|interruptor luces emergencia	Interruptor de luces de emergencia	Warnblinkschalter	warnblinkschalter|warnblinker schalter	Warnblinkschalter	Hazard warning switch	hazard switch|hazard warning switch	Hazard light switch
innenraum > Interior > Componentes eléctricos > Relé multifuncional	element	D261	Relé multifuncional	relé multifunción|relé multifuncional	Relé multifunción	Multifunktionsrelais	multifunktionsrelais	Multifunktionsrelais	Multifunctional relay	multifunction relay	Multifunction relay
innenraum > Interior > Componentes del sistema de iluminación y señalización > Iluminación interior	element	D262	Iluminación interior	iluminación interior|luz interior|plafón interior|luz de techo	Iluminación interior	Innenraumbeleuchtung	innenraumbeleuchtung|innenleuchte|leseleuchte	Innenraumbeleuchtung	Interior lighting	interior lighting|interior light|dome light	Interior lighting
innenraum > Interior > Componentes del sistema de iluminación y señalización > luz de la puerta	element	D263	luz de la puerta	luz|de|puerta	Luz de puerta	Türleuchte	t|rleuchte	Türleuchte	door light	door|light	Door light
innenraum > Interior > Componentes del sistema de iluminación y señalización > luz del maletero	element	D264	luz del maletero	luz del maletero|luz de maletero|iluminación de maletero	Iluminación del maletero	Kofferraumbeleuchtung	kofferraumbeleuchtung|kofferraumleuchte	Kofferraumbeleuchtung	trunk light	trunk light|boot light	Trunk lighting
innenraum > Interior > Componentes del sistema de iluminación y señalización > Relé de intermitencia	element	D265	Relé de intermitencia	relé de intermitencia|relé de intermitentes|central de intermitencia|relé de destellos	Relé de intermitentes	Blinkerrelais	blinkerrelais|blinkgeber	Blinkerrelais	Flasher relay	flasher relay|indicator relay|turn signal relay	Turn signal relay
Carrocería > Sistema de lavado de parabrisas > Limpiaparabrisas y componentes relacionados > limpiaparabrisas	element	D67	limpiaparabrisas	limpiaparabrisas	Limpiaparabrisas	Scheibenwischer	scheibenwischer	Scheibenwischer	windshield wipers	windshield|wiper	Windshield wiper
Carrocería > Sistema de lavado de parabrisas > Limpiaparabrisas y componentes relacionados > brazo del limpiaparabrisas	element	D68	brazo del limpiaparabrisas	brazo|del|limpiaparabrisas	Brazo del limpiaparabrisas	Wischerarm	wischerarm	Wischerarm	wiper arm	wiper|arm	Wiper arm
Carrocería > Sistema de lavado de parabrisas > Limpiaparabrisas y componentes relacionados > Limpiaparabrisas	element	D69	Limpiaparabrisas	limpiaparabrisas|de|faros	Limpiaparabrisas de faros	Scheinwerfer-Wischer	scheinwerfer|wischer	Scheinwerfer-Wischer	Headlight wipers	headlight|wiper	Headlight wiper
Carrocería > Sistema de lavado de parabrisas > Componentes del motor del limpiaparabrisas > motor del limpiaparabrisas	element	D70	motor del limpiaparabrisas	motor|del|limpiaparabrisas	Motor del limpiaparabrisas	Scheibenwischermotor	scheibenwischermotor	Scheibenwischermotor	windshield wiper motor	wiper|motor	Wiper motor
Carrocería > Sistema de lavado de parabrisas > Componentes del sistema de lavado de parabrisas y luneta trasera > Bomba de lavado	element	D71	Bomba de lavado	bomba|de|agua|del|limpiaparabrisas	Bomba de agua del limpiaparabrisas	Waschwasserpumpe	waschwasserpumpe	Waschwasserpumpe	Washer pump	washer|pump	Washer pump
Carrocería > Sistema de lavado de parabrisas > Componentes del sistema de lavado de parabrisas y luneta trasera > Depósito de líquido lavaparabrisas	element	D72	Depósito de líquido lavaparabrisas	dep|sito|de|agua|del|limpiaparabrisas	Depósito de agua del limpiaparabrisas	Wischwasserbehälter	wischwasserbeh|lter	Wischwasserbehälter	Windshield washer fluid reservoir	washer|fluid|reservoir	Washer fluid reservoir
Carrocería > Sistema de lavado de parabrisas > Componentes del sistema de lavado de parabrisas y luneta trasera > Bomba lavaparabrisas, limpieza de faros	element	D73	Bomba lavaparabrisas, limpieza de faros	bomba|de|agua|para|la|limpieza|faros	Bomba de agua para la limpieza de faros	Waschwasserpumpe, Scheinwerferreinigung	waschwasserpumpe|scheinwerferreinigung	Waschwasserpumpe, Scheinwerferreinigung	Washer pump, headlight cleaning	headlight|washer|pump	Headlight washer pump
Carrocería > Sistema de lavado de parabrisas > Componentes del sistema de lavado de parabrisas y luneta trasera > Conector de la manguera del lavaparabrisas	element	D74	Conector de la manguera del lavaparabrisas	conector|de|manguera|del|limpiaparabrisas	Conector de manguera del limpiaparabrisas	Wischwasserschlauch-Verbinder	wischwasserschlauch|verbinder	Wischwasserschlauch-Verbinder	Windshield washer hose connector	wiper|fluid|hose|connector	Wiper fluid hose connector
Carrocería > Sistema de lavado de parabrisas > Componentes electrónicos del sistema de limpiaparabrisas > Interruptor de la columna de dirección	element	D75	Interruptor de la columna de dirección	interruptor|de|la|columna|direcci|n	Interruptor de la columna de dirección	Lenkstockschalter	lenkstockschalter	Lenkstockschalter	Steering column switch	steering|column|switch	Steering column switch
Carrocería > Sistema de lavado de parabrisas > Componentes electrónicos del sistema de limpiaparabrisas > Relé del limpiaparabrisas	element	D76	Relé del limpiaparabrisas	rel|del|limpiaparabrisas	Relé del limpiaparabrisas	Scheibenwischer-Relais	scheibenwischer|relais	Scheibenwischer-Relais	Windscreen wiper relay	wiper|relay	Wiper relay
Carrocería > Carrocería > Espejos retrovisores y componentes asociados > Espejos exteriores	element	D182	Espejos exteriores	espejo|exterior	Espejo exterior	Außenspiegel	au|enspiegel	Außenspiegel	Exterior mirrors	side|mirror	Side mirror
Carrocería > Carrocería > Guardabarros y componentes asociados > Revestimiento del paso de rueda	element	D183	Revestimiento del paso de rueda	revestimiento|del|paso|de|rueda	Revestimiento del paso de rueda	Radhausschale	radhausschale	Radhausschale	Wheel arch liner	wheel|arch|liner	Wheel arch liner
Carrocería > Carrocería > Guardabarros y componentes asociados > defensa	element	D184	defensa	guardabarros	Guardabarros	Kotflügel	kotfl|gel	Kotflügel	fender	fender	Fender
Carrocería > Carrocería > Componentes del sistema de iluminación y señalización > luces traseras	element	D185	luces traseras	luces traseras|pilotos traseros|faros traseros|piloto trasero|grupo óptico trasero	Pilotos traseros	Rückleuchten	rückleuchten|heckleuchten|rücklicht	Rückleuchten	taillights	taillights|tail lights|rear lights	Tail lights
Carrocería > Carrocería > Componentes del sistema de iluminación y señalización > faros delanteros	element	D186	faros delanteros	faros	Faros	Scheinwerfer	scheinwerfer	Scheinwerfer	headlights	headlights	Headlights
Carrocería > Carrocería > Componentes del sistema de iluminación y señalización > intermitente	element	D187	intermitente	intermitentes	Intermitentes		blinker	Blinker	blinker	turn|signals	Turn signals
Carrocería > Carrocería > Componentes del sistema de iluminación y señalización > faros antiniebla	element	D188	faros antiniebla	faro antiniebla|faros antiniebla|antinieblas|proyector antiniebla	Faros antiniebla	Nebelscheinwerfer	nebelscheinwerfer|nebellampe	Nebelscheinwerfer	fog lights	fog light|fog lamp	Fog lights
Carrocería > Carrocería > Componentes del sistema de iluminación y señalización > Luz de matrícula	element	D189	Luz de matrícula	iluminaci|n|de|matr|cula	Iluminación de matrícula	Kennzeichenbeleuchtung	kennzeichenbeleuchtung	Kennzeichenbeleuchtung	License plate light	license|plate|lighting	License plate lighting
Carrocería > Carrocería > Componentes del sistema de iluminación y señalización > Repuestos para faros delanteros	element	D190	Repuestos para faros delanteros	repuestos|de|faros	Repuestos de faros	Scheinwerfer-Ersatzteile	scheinwerfer|ersatzteile	Scheinwerfer-Ersatzteile	Headlight spare parts	headlight|spare|parts	Headlight spare parts
Carrocería > Carrocería > Componentes del sistema de iluminación y señalización > lente del faro	element	D191	lente del faro	cristal|del|faro	Cristal del faro	Scheinwerferglas	scheinwerferglas	Scheinwerferglas	headlight lens	headlight|lens	Headlight lens
Carrocería > Carrocería > Componentes del sistema de iluminación y señalización > Luces de circulación diurna	element	D192	Luces de circulación diurna	luces diurnas|luz de circulación diurna|luces de día	Luz diurna	Tagfahrlicht	tagfahrlicht|tagfahrleuchte	Tagfahrlicht	Daytime running lights	daytime running lights|running lights	Daytime running light
Carrocería > Carrocería > Parachoques y componentes asociados > Rejilla de ventilación	element	D193	Rejilla de ventilación	rejilla|de|ventilaci|n	Rejilla de ventilación	Lüftungsgitter	l|ftungsgitter	Lüftungsgitter	Ventilation grille	air|intake|grille	Air intake grille
Carrocería > Carrocería > Parachoques y componentes asociados > parachoques	element	D194	parachoques	parachoques	Parachoques	Stoßstange	sto|stange	Stoßstange	bumper	bumper	Bumper
Carrocería > Carrocería > Parachoques y componentes asociados > rejilla del radiador	element	D195	rejilla del radiador	parrilla|del|radiador	Parrilla del radiador	Kühlergrill	k|hlergrill	Kühlergrill	radiator grille	radiator|grille	Radiator grille
Carrocería > Carrocería > Parachoques y componentes asociados > Soportes de parachoques	element	D196	Soportes de parachoques	soporte|del|parachoques	Soporte del parachoques	Stoßstangenhalter	sto|stangenhalter	Stoßstangenhalter	Bumper brackets	bumper|bracket	Bumper bracket
Carrocería > Carrocería > Lámparas > Bombilla de luz alta	element	D197	Bombilla de luz alta	bombilla de luz larga|bombilla de carretera|lámpara de largas	Lámpara de luz alta	Fernlicht-Birne	fernlicht birne|fernlicht lampe	Fernlicht-Birne	High beam bulb	high beam bulb	High beam bulb
Carrocería > Carrocería > Lámparas > bombilla de luz antiniebla	element	D198	bombilla de luz antiniebla	bombilla antiniebla|lámpara antiniebla	Lámpara de faro antiniebla	Nebelscheinwerfer-Birne	nebelscheinwerfer birne|nebellampe	Nebelscheinwerfer-Birne	fog light bulb	fog light bulb	Fog light bulb
Carrocería > Carrocería > Lámparas > bombilla intermitente	element	D199	bombilla intermitente	bombilla intermitente|bombilla de intermitente|lámpara intermitente	Lámpara de intermitente	Blinkerbirne	blinkerbirne|blinker birne|blinklampe	Blinkerbirne	indicator bulb	indicator bulb|turn signal bulb	Indicator bulb
Carrocería > Carrocería > Lámparas > Bombilla de luz trasera	element	D200	Bombilla de luz trasera	l|mpara|de|piloto|trasero	Lámpara de piloto trasero	Heckleuchten Glühlampe	heckleuchten|gl|hlampe	Heckleuchten Glühlampe	Rear light bulb	tail|light|bulb	Tail light bulb
Carrocería > Carrocería > Lámparas > Bombilla de luz de matrícula	element	D201	Bombilla de luz de matrícula	bombilla de matrícula|lámpara de matrícula	Lámpara de luz de matrícula	Kennzeichenleuchten Glühlampe	kennzeichenleuchten birne|kennzeichenlampe	Kennzeichenleuchten Glühlampe	License plate light bulb	license plate light bulb|number plate bulb	License plate light bulb
Carrocería > Carrocería > Lámparas > bombilla de luz de freno	element	D202	bombilla de luz de freno	bombilla de freno|bombilla luz de freno|lámpara de freno	Lámpara de luz de freno	Bremslicht-Birne	bremslicht birne|bremslicht lampe	Bremslicht-Birne	brake light bulb	brake light bulb	Brake light bulb
Carrocería > Carrocería > Lámparas > Bombilla de luz de cruce	element	D203	Bombilla de luz de cruce	bombilla de cruce|lámpara de cruce|bombilla luz corta	Lámpara de luz de cruce	Abblendlicht-Glühlampe	abblendlicht birne|abblendlicht lampe|abblendlicht glühlampe	Abblendlicht-Glühlampe	Low beam headlight bulb	low beam bulb|dipped beam bulb	Low beam bulb
Carrocería > Carrocería > Lámparas > Bombilla de luz de marcha atrás	element	D204	Bombilla de luz de marcha atrás	bombilla de marcha atrás|bombilla luz de reversa|lámpara marcha atrás	Lámpara de luz de marcha atrás	Rückfahrleuchten Glühlampe	rückfahrleuchten birne|rückfahrlicht lampe	Rückfahrleuchten Glühlampe	Reversing light bulb	reversing light bulb|reverse light bulb	Reverse light bulb
Carrocería > Carrocería > Capó y componentes asociados > capó	element	D205	capó	cap	Capó	Motorhaube	motorhaube	Motorhaube	bonnet	hood	Hood
Carrocería > Carrocería > Capó y componentes asociados > Piezas del capó	element	D206	Piezas del capó	piezas|individuales|del|cap	Piezas individuales del capó	Motorhaube Einzelteile	motorhaube|einzelteile	Motorhaube Einzelteile	Hood parts	hood|individual|parts	Hood individual parts
Carrocería > Carrocería > Puertas y componentes asociados > Puertas y piezas individuales	element	D207	Puertas y piezas individuales	puertas|y|piezas|individuales	Puertas y piezas individuales	Türen und Einzelteile	t|ren|und|einzelteile	Türen und Einzelteile	Doors and individual parts	doors|and|individual|parts	Doors and individual parts
Carrocería > Carrocería > Puertas y componentes asociados > manija de la puerta	element	D208	manija de la puerta	manija|de|puerta	Manija de puerta	Türgriff	t|rgriff	Türgriff	door handle	door|handle	Door handle
Carrocería > Carrocería > Puertas y componentes asociados > puerta trasera	element	D209	puerta trasera	puerta|trasera	Puerta trasera	Hecktür	heckt|r	Hecktür	rear door	rear|door	Rear door
Carrocería > Carrocería > Puertas y componentes asociados > Junta de ventana	element	D210	Junta de ventana	sellado|de|ventana	Sellado de ventana	Fensterdichtung	fensterdichtung	Fensterdichtung	Window seal	window|seal	Window seal
Carrocería > Carrocería > Depósitos de combustible y componentes asociados > tanque de combustible	element	D211	tanque de combustible	depósito de combustible|tanque de combustible|depósito de gasolina|depósito de gasoil	Depósito de combustible	Kraftstofftank	kraftstofftank|benzintank|dieseltank	Kraftstofftank	fuel tank	fuel tank|gas tank|petrol tank	Fuel tank
Carrocería > Carrocería > Componentes de la carrocería y sus piezas > Portador de cerradura	element	D212	Portador de cerradura	soporte|de|cerradura	Soporte de cerradura	Schlossträger	schlosstr|ger	Schlossträger	Lock carrier	lock|carrier	Lock carrier
Carrocería > Carrocería > Componentes de la carrocería y sus piezas > Umbral	element	D213	Umbral	umbral|de|puerta	Umbral de puerta	Schweller	schweller	Schweller	Sill	door|sill	Door sill
Carrocería > Carrocería > Componentes de la carrocería y sus piezas > cubierta del motor	element	D214	cubierta del motor	cubierta|del|motor	Cubierta del motor	Motorabdeckung	motorabdeckung	Motorabdeckung	Engine cover	engine|cover	Engine cover
Carrocería > Carrocería > Componentes de la carrocería y sus piezas > Marco del parabrisas/techo	element	D215	Marco del parabrisas/techo	marco|de|parabrisas|techo	Marco de parabrisas / techo	Fronstscheiben- / Dachrahmen	fronstscheiben|dachrahmen	Fronstscheiben- / Dachrahmen	Windscreen/roof frame	windshield|roof|frame	Windshield / roof frame
Carrocería > Carrocería > Componentes de la carrocería y sus piezas > carenado trasero	element	D216	carenado trasero	cubierta|trasera	Cubierta trasera	Heckverkleidung	heckverkleidung	Heckverkleidung	rear fairing	rear|cover	Rear cover
Carrocería > Carrocería > Componentes de la carrocería y sus piezas > parabrisas	element	D217	parabrisas	parabrisas	Parabrisas	Windschutzscheibe	windschutzscheibe	Windschutzscheibe	windshield	windshield	Windshield
Carrocería > Carrocería > Componentes de la carrocería y sus piezas > pared lateral	element	D218	pared lateral	panel|lateral	Panel lateral	Seitenwand	seitenwand	Seitenwand	side wall	side|panel	Side panel
clima > Calefacción y ventilación > Componentes del sistema de calefacción y ventilación > Intercambiador de calor	element	D219	Intercambiador de calor	intercambiador|de|calor	Intercambiador de calor	Wärmetauscher	w|rmetauscher	Wärmetauscher	Heat exchanger	heat|exchanger	Heat exchanger
Sistema de climatización > Aire acondicionado > Filtros de habitáculo y componentes asociados > filtro de aire de cabina	element	D311	filtro de aire de cabina	filtro de habitáculo|filtro de polen|filtro antipolen|filtro de cabina|filtro aire acondicionado	Filtro de habitáculo	Innenraumfilter	innenraumfilter|pollenfilter|innenraumluftfilter|mikrofilter	Innenraumfilter	cabin air filter	cabin air filter|cabin filter|pollen filter	Cabin filter
Sistema de climatización > Aire acondicionado > Intercambiadores de calor para sistemas de aire acondicionado y componentes asociados > Intercambiador de calor	element	D312	Intercambiador de calor	intercambiador|de|calor	Intercambiador de calor	Wärmetauscher	w|rmetauscher	Wärmetauscher	Heat exchanger	heat|exchanger	Heat exchanger
Sistema de climatización > Aire acondicionado > Compresores para sistemas de aire acondicionado y componentes asociados > compresor de aire acondicionado	element	D313	compresor de aire acondicionado	compresor|de|aire|acondicionado	Compresor de aire acondicionado	Klimakompressor	klimakompressor	Klimakompressor	air conditioning compressor	ac|compressor	AC compressor
Sistema de climatización > Tuberías y mangueras > Componentes del sistema de enfriamiento > manguera del radiador	element	D348	manguera del radiador	manguera del radiador|manguito radiador|manguera de refrigeración|tubo radiador	Manguera del radiador	Kühlerschlauch	kühlerschlauch|kühlwasserschlauch	Kühlerschlauch	radiator hose	radiator hose|coolant hose	Radiator hose
Sistema de refrigeración > Refrigeración > Termostatos y componentes asociados > termostato	element	D162	termostato	termostato|termostato refrigeración	Termostato		thermostat	Thermostat	thermostat	thermostat	Thermostat
Sistema de refrigeración > Refrigeración > Termostatos y componentes asociados > Sello del termostato	element	D163	Sello del termostato	junta de termostato|junta del termostato|junta de caja termostato	Junta de termostato	Dichtung Thermostat	thermostatdichtung|dichtung thermostat	Dichtung Thermostat	Thermostat seal	thermostat gasket|thermostat seal	Thermostat gasket
Sistema de refrigeración > Refrigeración > Radiador y componentes asociados > enfriador	element	D164	enfriador	enfriador|radiador auxiliar	Radiador	Kühler	kühler	Kühler	cooler	cooler	Radiator
Sistema de refrigeración > Refrigeración > Radiador y componentes asociados > Tapa del depósito de refrigerante	element	D165	Tapa del depósito de refrigerante	tapa del depósito de refrigerante|tapón depósito refrigerante|tapón vaso expansión|tapon expansion	Tapa del depósito de refrigerante	Deckel Kühlmittelbehälter	deckel kühlmittelbehälter|verschlussdeckel kühlmittel|ausgleichsbehälter deckel	Deckel Kühlmittelbehälter	Coolant reservoir cap	coolant reservoir cap|expansion tank cap	Coolant reservoir cap
Sistema de refrigeración > Refrigeración > Radiador y componentes asociados > manguera del radiador	element	D166	manguera del radiador	manguera del radiador|manguito radiador|manguera de refrigeración|tubo radiador	Manguera del radiador	Kühlerschlauch	kühlerschlauch|kühlwasserschlauch	Kühlerschlauch	radiator hose	radiator hose|coolant hose	Radiator hose
Sistema de refrigeración > Refrigeración > Radiador y componentes asociados > Tapa del radiador	element	D167	Tapa del radiador	tapa del radiador|tapón radiador|tapon de radiador	Tapa del radiador	Kühlerdeckel	kühlerdeckel|kühlerverschlussdeckel|verschlussdeckel kühler	Kühlerdeckel	Radiator cap	radiator cap	Radiator cap
Sistema de refrigeración > Refrigeración > Radiador y componentes asociados > Sello de la bomba de agua	element	D168	Sello de la bomba de agua	junta de bomba de agua|junta bomba agua	Junta de la bomba de agua	Dichtung Wasserpumpe	wasserpumpendichtung|dichtung wasserpumpe	Dichtung Wasserpumpe	Water pump seal	water pump gasket|water pump seal	Water pump gasket
Sistema de refrigeración > Refrigeración > Radiador y componentes asociados > Piezas de montaje del radiador	element	D169	Piezas de montaje del radiador	soportes de radiador|piezas de fijación radiador|silentblocks radiador|gomas de radiador	Piezas de fijación del radiador	Kühler Befestigungsteile	kühler befestigungsteile|kühlerhalter|halter kühler	Kühler Befestigungsteile	Radiator mounting parts	radiator mounting parts|radiator mounts	Radiator mounting parts
Sistema de refrigeración > Refrigeración > Radiador y componentes asociados > Tapones de escarcha	element	D170	Tapones de escarcha	tapón anticongelante|tapón de bloque|tapón de escarcha|tapon de agua motor	Tapón anticongelante	Froststopfen	froststopfen|frostschutzstopfen|kühlwasserstopfen	Froststopfen	Frost plugs	frost plug|freeze plug|core plug	Frost plug
Sistema de refrigeración > Refrigeración > Radiador y componentes asociados > bomba de agua	element	D171	bomba de agua	bomba de agua|bomba agua|bomba de refrigerante	Bomba de agua	Wasserpumpe	wasserpumpe|kühlmittelpumpe	Wasserpumpe	water pump	water pump|coolant pump	Water pump
Sistema de refrigeración > Refrigeración > Refrigerante y productos asociados > refrigerante	element	D172	refrigerante	refrigerante|anticongelante|líquido refrigerante|liquido anticongelante	Refrigerante	Kühlmittel	kühlmittel|kühlflüssigkeit|frostschutzmittel	Kühlmittel	coolant	coolant|antifreeze	Coolant
Sistema de refrigeración > Refrigeración > Refrigerante y productos asociados > Sello de refrigerante	element	D173	Sello de refrigerante	sello de refrigerante	Sellador de agua del sistema de refrigeración	Kühlwasserabdichtung	kühlwasserabdichtung	Kühlwasserabdichtung	Coolant seal	coolant seal	Coolant water sealant
Sistema de refrigeración > Refrigeración > Sensores del sistema de refrigeración y componentes asociados > Sensor de temperatura del refrigerante	element	D174	Sensor de temperatura del refrigerante	sensor de temperatura del refrigerante|sensor temperatura refrigerante|sonda de temperatura agua|termocontacto	Sensor de temperatura del refrigerante	Kühlmitteltemperatursensor	kühlmitteltemperatursensor|kühlmittelsensor|temperaturgeber kühlmittel	Kühlmitteltemperatursensor	Coolant temperature sensor	coolant temperature sensor|coolant temp sensor	Coolant temperature sensor
Sistema de refrigeración > Refrigeración > Ventilador del motor y componentes asociados > Acoplamiento del ventilador	element	D175	Acoplamiento del ventilador	embrague del ventilador|acoplamiento del ventilador|viscoso del ventilador|ventilador viscoso	Embrague del ventilador	Lüfterkupplung	visco lüfterkupplung|lüfterkupplung|viscokupplung	Lüfterkupplung	Fan coupling	fan clutch|fan coupling|viscous fan coupling	Fan clutch
Sistema de refrigeración > Refrigeración > Ventilador del motor y componentes asociados > Rueda del ventilador, refrigeración del motor	element	D176	Rueda del ventilador, refrigeración del motor	ventilador de refrigeración|electroventilador|aspas del ventilador|hélice del ventilador|ventilador motor	Aspas del ventilador de refrigeración	Lüfterrad, Motorkühlung	kühlerlüfter|lüfterrad|elektrolüfter|kühlerventilator	Lüfterrad, Motorkühlung	Fan wheel, motor cooling	cooling fan|radiator fan|fan blade|fan wheel	Cooling fan blades
Sistema de refrigeración > Refrigeración > Enfriador de aceite y componentes asociados > Enfriador de aceite	element	D177	Enfriador de aceite	enfriador de aceite|radiador de aceite|intercambiador de aceite	Enfriador de aceite	Ölkühler	ölkühler	Ölkühler	Oil cooler	oil cooler	Oil cooler
Sistema de refrigeración > Refrigeración > Cuidado del automóvil > Limpiador de radiadores	element	D178	Limpiador de radiadores	limpiador de radiador|limpia radiadores|limpiador circuito refrigeración	Limpiador de radiador	Kühlerreiniger	kühlerreiniger	Kühlerreiniger	Radiator cleaner	radiator cleaner|cooling system cleaner	Radiator cleaner
Sistema de refrigeración > Refrigeración > Cuidado del automóvil > Sellador de radiador	element	D179	Sellador de radiador	sellador de radiador|tapafugas radiador|sellafugas refrigeración	Sellador de radiador	Kühlerdichtmittel	kühlerdichtmittel|kühlerdicht|dichtmittel kühler	Kühlerdichtmittel	Radiator sealant	radiator sealant|radiator stop leak	Radiator sealant
Sistema de refrigeración > Refrigeración > Cuidado del automóvil > Sellos de superficie	element	D180	Sellos de superficie	sellos de superficie	Juntas planas	Flächendichtungen	flächendichtungen	Flächendichtungen	Surface seals	surface seals	Flat seals
Sistema de refrigeración > Refrigeración > Cuidado del automóvil > Sellador universal	element	D181	Sellador universal	sellador de radiador|tapafugas radiador|sellafugas refrigeración	Sellador universal	Universal-Dichtmasse	kühlerdichtmittel|kühlerdicht|dichtmittel kühler	Universal-Dichtmasse	Universal sealant	radiator sealant|radiator stop leak	Universal sealant
Aceites y líquidos > Aceites y líquidos > Aceites y líquidos > Aceite de motor	element	D15	Aceite de motor	aceite|de|motor	Aceite de motor	Motoröl	motor|l	Motoröl	Engine oil	engine|oil	Engine oil
Aceites y líquidos > Aceites y líquidos > Aceites y líquidos > refrigerante	element	D16	refrigerante	refrigerante|anticongelante|líquido refrigerante|liquido anticongelante	Refrigerante	Kühlmittel	kühlmittel|kühlflüssigkeit|frostschutzmittel	Kühlmittel	coolant	coolant|antifreeze	Coolant
Aceites y líquidos > Aceites y líquidos > Aceites y líquidos > líquido de frenos	element	D17	líquido de frenos	l|quido|de|frenos	Líquido de frenos	Bremsflüssigkeit	bremsfl|ssigkeit	Bremsflüssigkeit	brake fluid	brake|fluid	Brake fluid
Aceites y líquidos > Aceites y líquidos > Aceites y líquidos > Aceite para engranajes y aceite para caja de transferencia	element	D18	Aceite para engranajes y aceite para caja de transferencia	aceite|de|transmisi|n|y|caja|transferencia	Aceite de transmisión y caja de transferencia	Getriebeöl und Verteilergetriebeöl	getriebe|l|und|verteilergetriebe	Getriebeöl und Verteilergetriebeöl	Gear oil and transfer case oil	transmission|and|transfer|case|oil	Transmission and transfer case oil
Aceites y líquidos > Aceites y líquidos > Aceites y líquidos > aceite hidráulico	element	D19	aceite hidráulico	aceite|hidr|ulico	Aceite hidráulico	Hydrauliköl	hydraulik|l	Hydrauliköl	Hydraulic oil	hydraulic|oil	Hydraulic oil
Aceites y líquidos > Aceites y líquidos > Aceites y líquidos > Líquido de transmisión automática	element	D20	Líquido de transmisión automática	aceite de cambio automático|líquido de transmisión automática|aceite atf|valvulina automática	Aceite para transmisiones automáticas	Automatikgetriebeöl	automatikgetriebeöl|atf öl	Automatikgetriebeöl	Automatic transmission fluid	automatic transmission fluid|automatic transmission oil	Automatic transmission fluid
Aceites y líquidos > Aceites y líquidos > Aceites y líquidos > líquido de dirección asistida	element	D21	líquido de dirección asistida	aceite|de|direcci|n|asistida	Aceite de dirección asistida	Servoöl	servo|l	Servoöl	power steering fluid	power|steering|oil	Power steering oil
Ruedas y neumáticos > Neumáticos y productos relacionados > Neumáticos y productos relacionados > Llantas	element	D1	Llantas	neum|ticos	Neumáticos	Reifen	reifen	Reifen	Tires	tires	Tires
Ruedas y neumáticos > Neumáticos y productos relacionados > Neumáticos y productos relacionados > cubiertas de ruedas	element	D2	cubiertas de ruedas	tapacubos	Tapacubos	Radkappen	radkappen	Radkappen	Wheel covers	hubcaps	Hubcaps
Ruedas y neumáticos > Neumáticos y productos relacionados > Neumáticos y productos relacionados > Bolsas para neumáticos	element	D3	Bolsas para neumáticos	bolsas|para|neum|ticos	Bolsas para neumáticos	Reifentaschen	reifentaschen	Reifentaschen	Tire bags	tire|bags	Tire bags
Ruedas y neumáticos > Neumáticos y productos relacionados > Neumáticos y productos relacionados > calzos para ruedas	element	D4	calzos para ruedas	cu|as|de|rueda	Cuñas de rueda	Unterlegkeile	unterlegkeile	Unterlegkeile	Wheel chocks	wheel|chocks	Wheel chocks
Ruedas y neumáticos > Neumáticos y productos relacionados > Neumáticos y productos relacionados > Llave para tuercas de rueda	element	D5	Llave para tuercas de rueda	llave|para|tuercas|de|rueda	Llave para tuercas de rueda	Radmutternschlüssel	radmutternschl|ssel	Radmutternschlüssel	Wheel nut wrench	lug|wrench	Lug wrench
Ruedas y neumáticos > Neumáticos y productos relacionados > Neumáticos y productos relacionados > cadenas para la nieve	element	D6	cadenas para la nieve	cadenas|para|nieve	Cadenas para nieve	Schneeketten	schneeketten	Schneeketten	snow chains	snow|chains	Snow chains
Ruedas y neumáticos > Neumáticos y productos relacionados > Neumáticos y productos relacionados > Jacobo	element	D7	Jacobo	gato|hidr|ulico	Gato hidráulico	Wagenheber	wagenheber	Wagenheber	jack	car|jack	Car jack
Ruedas y neumáticos > Neumáticos y productos relacionados > Neumáticos y productos relacionados > Mini compresor	element	D8	Mini compresor	mini|compresor	Mini compresor	Mini-Kompressor	mini|kompressor	Mini-Kompressor	Mini compressor	mini|compressor	Mini compressor
Ruedas y neumáticos > Neumáticos y productos relacionados > Neumáticos y productos relacionados > Kit de reparación de neumáticos	element	D9	Kit de reparación de neumáticos	kit|de|reparaci|n|neum|ticos	Kit de reparación de neumáticos	Reifenreparaturset	reifenreparaturset	Reifenreparaturset	Tire repair kit	tire|repair|kit	Tire repair kit
Ruedas y neumáticos > Neumáticos y productos relacionados > Neumáticos y productos relacionados > Pernos y tuercas de rueda	element	D10	Pernos y tuercas de rueda	tornillos de rueda|tuercas de rueda|bulones de rueda|espárragos de rueda	Tornillos y tuercas de rueda	Radschrauben und Radmuttern	radschrauben|radmuttern|radbolzen	Radschrauben und Radmuttern	Wheel bolts and wheel nuts	wheel bolts|wheel nuts|lug nuts	Wheel bolts and nuts
Ruedas y neumáticos > Neumáticos y productos relacionados > Neumáticos y productos relacionados > Productos de limpieza y cuidado del interior del coche	element	D11	Productos de limpieza y cuidado del interior del coche	limpiadores|y|productos|de|cuidado|interior|del|auto	Limpiadores y productos de cuidado interior del auto	Autoinnenreiniger und Pflegeprodukte	autoinnenreiniger|und|pflegeprodukte	Autoinnenreiniger und Pflegeprodukte	Car interior cleaners and care products	interior|car|cleaners|and|care|products	Interior car cleaners and care products
Ruedas y neumáticos > Neumáticos y productos relacionados > Neumáticos y productos relacionados > Adhesivo de caucho	element	D12	Adhesivo de caucho	pegamento|para|caucho	Pegamento para caucho	Gummikleber	gummikleber	Gummikleber	Rubber adhesive	rubber|glue	Rubber glue
Ruedas y neumáticos > Neumáticos y productos relacionados > Neumáticos y productos relacionados > Sensor de presión de neumáticos	element	D13	Sensor de presión de neumáticos	sensor de presión de neumáticos|sensor tpms|válvula tpms|sensor presion ruedas	Sensor de presión de neumáticos	Reifendrucksensor	reifendrucksensor|rdks sensor	Reifendrucksensor (RDKS)	Tire pressure sensor	tire pressure sensor|tpms sensor	Tire pressure sensor (TPMS)
Ruedas y neumáticos > Neumáticos y productos relacionados > Neumáticos y productos relacionados > Pasta de montaje	element	D14	Pasta de montaje	pasta|de|montaje	Pasta de montaje	Montagepaste	montagepaste	Montagepaste	Assembly paste	mounting|paste	Mounting paste
Motor > Filtros > Componentes del sistema de aire acondicionado > filtro de aire de cabina	element	D37	filtro de aire de cabina	filtro de habitáculo|filtro de polen|filtro antipolen|filtro de cabina|filtro aire acondicionado	Filtro de habitáculo	Innenraumfilter	innenraumfilter|pollenfilter|innenraumluftfilter|mikrofilter	Innenraumfilter	cabin air filter	cabin air filter|cabin filter|pollen filter	Cabin filter
Motor > Filtros > Componentes del sistema de combustible > filtro de combustible	element	D38	filtro de combustible	filtro de combustible|filtro de gasoil|filtro de gasolina|filtro gasoil|filtro gasolina	Filtro de combustible	Kraftstofffilter	kraftstofffilter|dieselfilter|benzinfilter	Kraftstofffilter	fuel filter	fuel filter|diesel filter	Fuel filter
Motor > Filtros > Componentes del motor > Filtro de aceite	element	D39	Filtro de aceite	filtro de aceite|filtro aceite	Filtro de aceite	Ölfilter	ölfilter	Ölfilter	Oil filter	oil filter	Oil filter
Motor > Filtros > Componentes del motor > Filtro de aire	element	D40	Filtro de aire	filtro de aire|filtro aire|filtro de aire motor	Filtro de aire	Luftfilter	luftfilter|motorluftfilter	Luftfilter	Air filter	air filter|engine air filter	Air filter
Motor > Filtros > Componentes del motor > Junta de la carcasa del filtro de aceite	element	D41	Junta de la carcasa del filtro de aceite	junta de la carcasa del filtro de aceite	Junta del alojamiento del filtro de aceite	Ölfiltergehäusedichtung	ölfiltergehäusedichtung	Ölfiltergehäusedichtung	Oil filter housing gasket	oil filter housing gasket	Oil filter housing gasket
Motor > Filtros > Componentes del motor > Soporte, carcasa del filtro de aire	element	D42	Soporte, carcasa del filtro de aire	soporte carcasa del filtro de aire	Soporte del alojamiento del filtro de aire	Halter, Luftfiltergehäuse	halter luftfiltergehäuse	Halter, Luftfiltergehäuse	Bracket, air filter housing	bracket air filter housing	Air filter housing bracket
Motor > Filtros > Herramientas > Herramienta de filtro	element	D43	Herramienta de filtro	llave de filtro|llave de filtro de aceite|herramienta filtro aceite	Herramienta para filtros	Filter Werkzeug	ölfilterschlüssel|filterschlüssel|ölfilterband	Filter Werkzeug	Filter tool	oil filter wrench|oil filter tool	Filter tool
Motor > Filtros > Componentes de la transmisión > Transmisión automática, filtro de aceite	element	D44	Transmisión automática, filtro de aceite	transmisión automática filtro de aceite	Filtro de aceite para transmisión automática	Automatikgetriebe, Ölfilter	automatikgetriebe ölfilter	Automatikgetriebe, Ölfilter	Automatic transmission, oil filter	automatic transmission oil filter	Automatic transmission oil filter
Motor > Filtros > Componentes de la transmisión > Kit de cambio de aceite de transmisión automática	element	D45	Kit de cambio de aceite de transmisión automática	kit de cambio de aceite de transmisión automática	Kit de cambio de aceite para transmisión automática	Automatikgetriebe Ölwechsel-Set	automatikgetriebe ölwechsel-set	Automatikgetriebe Ölwechsel-Set	Automatic transmission oil change kit	automatic transmission oil change kit	Automatic transmission oil change kit
Motor > Filtros > Componentes del sistema de dirección > Dirección con filtro hidráulico	element	D46	Dirección con filtro hidráulico	dirección con filtro hidráulico	Filtro hidráulico de dirección	Hydraulikfilter Lenkung	hydraulikfilter lenkung	Hydraulikfilter Lenkung	Hydraulic filter steering	hydraulic filter steering	Power steering hydraulic filter
Motor > Motor > Componentes eléctricos del motor > Sistema eléctrico del motor	element	D47	Sistema eléctrico del motor	sistema eléctrico del motor	Electrónica del motor	Motorelektrik	motorelektrik	Motorelektrik	Engine electrics	engine electrics	Engine electronics
Motor > Motor > Sistema de lubricación del motor > Tapón de drenaje de aceite	element	D48	Tapón de drenaje de aceite	tapón de vaciado de aceite|tapón de cárter|tornillo de vaciado aceite	Tornillo de drenaje de aceite	Ölablassschraube	ölablassschraube|ablassschraube öl	Ölablassschraube	Oil drain plug	oil drain plug|sump plug	Oil drain plug
Motor > Motor > Sistema de lubricación del motor > sumidero	element	D49	sumidero	cárter de aceite|cárter|sumidero de aceite	Cárter de aceite	Ölwanne	ölwanne	Ölwanne	sump	oil pan|oil sump	Oil pan
Motor > Motor > Sistema de lubricación del motor > Filtro de aceite	element	D50	Filtro de aceite	filtro de aceite|filtro aceite	Filtro de aceite	Ölfilter	ölfilter	Ölfilter	Oil filter	oil filter	Oil filter
Motor > Motor > Componentes del control del motor > Kit de cadena de distribución	element	D51	Kit de cadena de distribución	kit de cadena de distribución|kit distribución cadena|conjunto cadena distribución	Kit de cadena de distribución	Steuerkettensatz	steuerkettensatz|steuerkette satz	Steuerkettensatz	Timing chain kit	timing chain kit	Timing chain kit
Motor > Motor > Componentes del control del motor > Cadena de distribución	element	D52	Cadena de distribución	cadena de distribución|cadena distribución|cadena de reparto	Cadena de distribución	Steuerkette	steuerkette	Steuerkette	Timing chain	timing chain	Timing chain
Motor > Motor > Componentes del sistema de transmisión auxiliar > Correa serpentina	element	D53	Correa serpentina	correa de accesorios|correa poli v|correa serpentina|correa multiv|correa auxiliar	Correa de accesorios	Keilrippenriemen	keilrippenriemen|rippenriemen|mehrrippenriemen	Keilrippenriemen	Serpentine belt	serpentine belt|multi rib belt|drive belt|auxiliary belt	Serpentine belt
Motor > Motor > Componentes del sistema de transmisión auxiliar > Tensor de correa	element	D54	Tensor de correa	tensor de correa|rodillo tensor|polea tensora|tensor correa accesorios	Tensor de correa	Riemenspanner	riemenspanner|spannrolle	Riemenspanner	Belt tensioner	belt tensioner|tensioner pulley	Belt tensioner
Motor > Motor > Culatas y sus componentes > Junta de tapa de válvulas	element	D55	Junta de tapa de válvulas	junta de tapa de válvulas|junta tapa de balancines|junta de balancines|junta tapa culata	Junta de tapa de válvulas	Ventildeckeldichtung	ventildeckeldichtung|zylinderkopfhaubendichtung	Ventildeckeldichtung	Valve cover gasket	valve cover gasket|rocker cover gasket	Valve cover gasket
Motor > Motor > Culatas y sus componentes > Tornillos de cabeza cilíndrica	element	D56	Tornillos de cabeza cilíndrica	tornillos de culata|pernos de culata|espárragos de culata	Pernos de la culata	Zylinderkopfschrauben	zylinderkopfschrauben|kopfschrauben	Zylinderkopfschrauben	Cylinder head screws	cylinder head bolts|head bolts	Cylinder head bolts
Motor > Motor > Componentes del sistema de enfriamiento del motor > bomba de agua	element	D57	bomba de agua	bomba de agua|bomba agua|bomba de refrigerante	Bomba de agua	Wasserpumpe	wasserpumpe|kühlmittelpumpe	Wasserpumpe	water pump	water pump|coolant pump	Water pump
Motor > Motor > Componentes del sistema de enfriamiento del motor > termostato	element	D58	termostato	termostato|termostato refrigeración	Termostato		thermostat	Thermostat	thermostat	thermostat	Thermostat
Motor > Motor > Componentes del sistema de enfriamiento del motor > enfriador	element	D59	enfriador	enfriador|radiador auxiliar	Radiador	Kühler	kühler	Kühler	cooler	cooler	Radiator
Motor > Motor > Componentes del sistema de encendido > Sensor del árbol de levas	element	D60	Sensor del árbol de levas	sensor del árbol de levas|captador de árbol de levas|sensor de fase|sensor posicion arbol de levas	Sensor de árbol de levas	Nockenwellensensor	nockenwellensensor|nockenwellengeber	Nockenwellensensor	Camshaft sensor	camshaft sensor|camshaft position sensor	Camshaft sensor
Motor > Motor > Componentes del sistema de encendido > distribuidor	element	D61	distribuidor	delco|distribuidor de encendido|distribuidor	Distribuidor de encendido	Zündverteiler	zündverteiler|verteiler	Zündverteiler	distributor	distributor|ignition distributor	Ignition distributor
Motor > Motor > Componentes del sistema de admisión > turbocompresor	element	D62	turbocompresor	turbocompresor|turbo|turbina|turbo compresor	Turbocompresor	Turbolader	turbolader|abgasturbolader|lader	Turbolader	turbocharger	turbocharger|turbo	Turbocharger
Motor > Motor > Componentes del sistema de admisión > Manguera de aire de carga	element	D63	Manguera de aire de carga	manguera de aire de carga|manguito intercooler|tubo de turbo|manguera turbo	Manguera de aire de carga	Ladeluftschlauch	ladeluftschlauch|turboschlauch|druckschlauch turbo	Ladeluftschlauch	Charge air hose	charge air hose|intercooler hose|boost hose	Charge air hose
Motor > Motor > Componentes del sistema de suministro de combustible > inyector	element	D64	inyector	inyector|inyector de combustible|inyector gasolina|inyector diesel|inyector diésel	Inyector de combustible	Einspritzdüse	einspritzdüse|einspritzventil|injektor	Einspritzdüse	injector	fuel injector|injector	Fuel injector
Motor > Motor > Componentes del sistema de suministro de combustible > Bomba de alta presión	element	D65	Bomba de alta presión	bomba de alta presión|bomba alta presión|bomba inyección alta presión	Bomba de alta presión	Hochdruckpumpe	hochdruckpumpe|kraftstoff hochdruckpumpe	Hochdruckpumpe	High-pressure pump	high pressure pump|hp fuel pump	High-pressure pump
Motor > Motor > Herramientas para motores > Herramienta de motor	element	D66	Herramienta de motor	herramienta de motor	Herramienta para motores	Motorwerkzeug	motorwerkzeug	Motorwerkzeug	Motor tool	motor tool	Engine tool
Motor > Sistema de encendido y bujías de precalentamiento > Componentes del sistema de encendido y bujías de precalentamiento > Bujías incandescentes	element	D77	Bujías incandescentes	bujías de precalentamiento|calentadores|bujías incandescentes|caloríferas|bujias calentadoras	Bujías de precalentamiento	Glühkerzen	glühkerzen|glühstifte	Glühkerzen	Glow plugs	glow plugs	Glow plugs
Motor > Sistema de encendido y bujías de precalentamiento > Componentes del sistema de encendido y bujías de precalentamiento > Unidad de control de bujías incandescentes	element	D78	Unidad de control de bujías incandescentes	relé de calentadores|unidad de control de calentadores|centralita de calentadores|rele precalentamiento	Unidad de control de bujías de precalentamiento	Glühkerzen-Steuergerät	glühkerzen steuergerät|glührelais|vorglührelais|glühzeitsteuergerät	Glühkerzen-Steuergerät	Glow plug control unit	glow plug control unit|glow plug relay	Glow plug control unit
Motor > Sistema de encendido y bujías de precalentamiento > Componentes del sistema de encendido y bujías de precalentamiento > Sensor del cigüeñal	element	D79	Sensor del cigüeñal	sensor del cigüeñal|captador de cigüeñal|sensor de revoluciones|sensor pms	Sensor del cigüeñal	Kurbelwellensensor	kurbelwellensensor|kurbelwellengeber	Kurbelwellensensor	Crankshaft sensor	crankshaft sensor|crankshaft position sensor	Crankshaft sensor
Motor > Sistema de encendido y bujías de precalentamiento > Componentes del sistema de encendido y bujías de precalentamiento > Sensor del árbol de levas	element	D80	Sensor del árbol de levas	sensor del árbol de levas|captador de árbol de levas|sensor de fase|sensor posicion arbol de levas	Sensor del árbol de levas	Nockenwellensensor	nockenwellensensor|nockenwellengeber	Nockenwellensensor	Camshaft sensor	camshaft sensor|camshaft position sensor	Camshaft sensor
Motor > Sistema de encendido y bujías de precalentamiento > Componentes del sistema de encendido y bujías de precalentamiento > distribuidor	element	D81	distribuidor	delco|distribuidor de encendido|distribuidor	Distribuidor de encendido	Zündverteiler	zündverteiler|verteiler	Zündverteiler	distributor	distributor|ignition distributor	Ignition distributor
Motor > Sistema de encendido y bujías de precalentamiento > Componentes del sistema de encendido y bujías de precalentamiento > Junta de la carcasa de control	element	D82	Junta de la carcasa de control	junta de la carcasa de control	Junta de la carcasa de distribución	Steuergehäusedichtung	steuergehäusedichtung	Steuergehäusedichtung	Control housing gasket	control housing gasket	Timing case gasket
Motor > Correas, cadenas y poleas > Correa de distribución y componentes asociados > Correa trapezoidal	element	D155	Correa trapezoidal	correa trapezoidal|correa en v|correa ventilador	Correa trapezoidal	Keilriemen	keilriemen	Keilriemen	V-belt	v-belt|fan belt	V-belt
Motor > Correas, cadenas y poleas > Correa de distribución y componentes asociados > bomba de agua	element	D156	bomba de agua	bomba de agua|bomba agua|bomba de refrigerante	Bomba de agua	Wasserpumpe	wasserpumpe|kühlmittelpumpe	Wasserpumpe	water pump	water pump|coolant pump	Water pump
Motor > Correas, cadenas y poleas > Correa de distribución y componentes asociados > Cadena de distribución	element	D157	Cadena de distribución	cadena de distribución|cadena distribución|cadena de reparto	Cadena de distribución	Steuerkette	steuerkette	Steuerkette	Timing chain	timing chain	Timing chain
Motor > Correas, cadenas y poleas > Correa de distribución y componentes asociados > Kit de cadena de distribución	element	D158	Kit de cadena de distribución	kit de cadena de distribución|kit distribución cadena|conjunto cadena distribución	Kit de cadena de distribución	Steuerkettensatz	steuerkettensatz|steuerkette satz	Steuerkettensatz	Timing chain kit	timing chain kit	Timing chain kit
Motor > Correas, cadenas y poleas > Correa de distribución y componentes asociados > Tensor de cadena de distribución	element	D159	Tensor de cadena de distribución	tensor de cadena|tensor cadena distribución|tensor de cadena de reparto	Tensor de cadena de distribución	Steuerkettenspanner	kettenspanner|steuerkettenspanner	Steuerkettenspanner	Timing chain tensioner	timing chain tensioner|chain tensioner	Timing chain tensioner
Motor > Correas, cadenas y poleas > Correa de distribución y componentes asociados > Riel deslizante	element	D160	Riel deslizante	riel deslizante|patín deslizante|guía deslizante cadena	Guía de cadena de distribución	Gleitschiene	gleitschiene|führungsschiene	Gleitschiene	Slide rail	slide rail|guide rail	Timing chain guide
Motor > Correas, cadenas y poleas > Correa de distribución y componentes asociados > alternador de rueda libre	element	D161	alternador de rueda libre	polea del alternador|polea de rueda libre|polea libre alternador|polea unidireccional	Rueda libre del alternador	Freilauf Lichtmaschine	freilauf lichtmaschine|generatorfreilauf|freilaufriemenscheibe	Freilauf Lichtmaschine	freewheel alternator	alternator freewheel pulley|overrunning alternator pulley	Alternator freewheel pulley
Motor > Calefacción y ventilación > Componentes del sistema de calefacción y ventilación > filtro de aire de cabina	element	D220	filtro de aire de cabina	filtro de habitáculo|filtro de polen|filtro antipolen|filtro de cabina|filtro aire acondicionado	Filtro de habitáculo	Innenraumfilter	innenraumfilter|pollenfilter|innenraumluftfilter|mikrofilter	Innenraumfilter	cabin air filter	cabin air filter|cabin filter|pollen filter	Cabin air filter
Motor > Juntas y anillos de sellado > Juntas de colector de escape > Junta del colector de admisión	element	D221	Junta del colector de admisión	junta de colector de admisión|junta de admisión|junta múltiple admisión	Junta del colector de admisión	Ansaugkrümmerdichtung	ansaugkrümmerdichtung|ansaugdichtung|saugrohrdichtung	Ansaugkrümmerdichtung	Intake manifold gasket	intake manifold gasket	Intake manifold gasket
Motor > Juntas y anillos de sellado > Juntas de colector de escape > Junta de escape	element	D222	Junta de escape	junta de escape|junta de tubo de escape|junta de bajante escape	Junta de escape	Auspuffdichtung	auspuffdichtung|abgasdichtung|dichtung abgasrohr	Auspuffdichtung	Exhaust gasket	exhaust gasket	Exhaust gasket
Motor > Juntas y anillos de sellado > Juntas de colector de escape > Junta del colector de escape	element	D223	Junta del colector de escape	junta de colector de escape|junta múltiple de escape|junta de escape colector	Junta del múltiple de escape	Auspuffkrümmerdichtung	auspuffkrümmerdichtung|abgaskrümmerdichtung|krümmerdichtung	Auspuffkrümmerdichtung	Exhaust manifold gasket	exhaust manifold gasket	Exhaust manifold gasket
Motor > Juntas y anillos de sellado > Juntas y anillos de sellado de culata > Junta de tapa de válvulas	element	D224	Junta de tapa de válvulas	junta de tapa de válvulas|junta tapa de balancines|junta de balancines|junta tapa culata	Junta de tapa de válvulas	Ventildeckeldichtung	ventildeckeldichtung|zylinderkopfhaubendichtung	Ventildeckeldichtung	Valve cover gasket	valve cover gasket|rocker cover gasket	Valve cover gasket
Motor > Juntas y anillos de sellado > Juntas y anillos de sellado de culata > Junta de culata	element	D225	Junta de culata	junta de culata|junta culata|empaque de culata|empaquetadura culata	Junta de culata	Zylinderkopfdichtung	zylinderkopfdichtung|kopfdichtung	Zylinderkopfdichtung	Cylinder head gasket	cylinder head gasket|head gasket	Cylinder head gasket
Motor > Juntas y anillos de sellado > Juntas y anillos de sellado de culata > Sello del vástago de la válvula	element	D226	Sello del vástago de la válvula	retén de válvula|sello de válvula|junta de vástago de válvula|reten de guia de valvula	Junta de vástago de válvula	Ventilschaftdichtung	ventilschaftdichtung|ventilschaftabdichtung	Ventilschaftdichtung	Valve stem seal	valve stem seal|valve seal	Valve stem seal
Motor > Juntas y anillos de sellado > Juntas y anillos de sellado de culata > sello del árbol de levas	element	D227	sello del árbol de levas	retén de árbol de levas|reten de arbol de levas	Junta del árbol de levas	Nockenwellendichtung	nockenwellendichtung|nockenwellensimmerring|nockenwellendichtring	Nockenwellendichtung	camshaft seal	camshaft seal|camshaft oil seal	Camshaft seal
Motor > Juntas y anillos de sellado > Juntas y anillos de sellado de culata > Sello, tapa del cuello de llenado de aceite	element	D228	Sello, tapa del cuello de llenado de aceite	sello tapa del cuello de llenado de aceite	Junta de tapa de llenado de aceite	Dichtung, Öleinfüllstutzenverschluss	dichtung öleinfüllstutzenverschluss	Dichtung, Öleinfüllstutzenverschluss	Seal, oil filler neck cap	seal oil filler neck cap	Oil filler cap gasket
Motor > Juntas y anillos de sellado > Juntas y anillos de sellado del bloque motor > Junta del tapón de drenaje de aceite	element	D229	Junta del tapón de drenaje de aceite	junta de tapón de vaciado|arandela de tapón cárter|junta tapon carter	Junta del tapón de drenaje de aceite	Ölablaßschraube Dichtung	ölablassschraube dichtung|dichtring ölablassschraube	Ölablaßschraube Dichtung	Oil drain plug gasket	oil drain plug gasket|drain plug washer	Oil drain plug gasket
Motor > Juntas y anillos de sellado > Juntas y anillos de sellado del bloque motor > Sello de aceite del cigüeñal	element	D230	Sello de aceite del cigüeñal	retén de cigüeñal|reten delantero de cigüeñal|reten trasero cigüeñal	Retén del cigüeñal	Kurbelwellensimmerring	kurbelwellensimmerring|kurbelwellendichtring|simmerring kurbelwelle	Kurbelwellensimmerring	Crankshaft oil seal	crankshaft seal|crankshaft oil seal	Crankshaft seal
Motor > Juntas y anillos de sellado > Juntas y anillos de sellado del bloque motor > Junta del cárter de aceite	element	D231	Junta del cárter de aceite	junta de cárter|junta del cárter de aceite|junta de cárter aceite	Junta del cárter de aceite	Ölwannendichtung	ölwannendichtung|dichtung ölwanne	Ölwannendichtung	Oil pan gasket	oil pan gasket|sump gasket	Oil pan gasket
Motor > Juntas y anillos de sellado > Juntas y anillos de sellado del bloque motor > Junta del cárter	element	D232	Junta del cárter	junta de cárter|junta del cárter de aceite|junta de cárter aceite	Junta del cárter del cigüeñal	Kurbelgehäusedichtung	ölwannendichtung|dichtung ölwanne	Kurbelgehäusedichtung	Crankcase gasket	oil pan gasket|sump gasket	Crankcase gasket
Motor > Juntas y anillos de sellado > Juntas y anillos de sellado del bloque motor > Juego de juntas de motor	element	D233	Juego de juntas de motor	juego de juntas de motor|kit de juntas motor|juego de juntas completo	Kit de juntas del motor	Motordichtsatz	motordichtsatz|zylinderkopfdichtungssatz|dichtungssatz motor	Motordichtsatz	Engine gasket set	engine gasket set|full gasket set	Engine gasket set
Motor > Juntas y anillos de sellado > Juntas y anillos de sellado del sistema de combustible > Sellos de inyector	element	D234	Sellos de inyector	juntas de inyector|arandelas de inyector|sellos de inyector|juntas cobre inyector	Junta de inyectores	Dichtung Einspritzdüsen	einspritzdüsen dichtung|injektor dichtung|dichtung einspritzdüse	Dichtung Einspritzdüsen	Injector seals	injector seals|injector washers	Injector gasket
Motor > Juntas y anillos de sellado > Juntas y anillos de sellado del sistema de combustible > Sello, bomba de inyección	element	D235	Sello, bomba de inyección	sello bomba de inyección	Junta de la bomba de inyección	Dichtung, Einspritzpumpe	dichtung einspritzpumpe	Dichtung, Einspritzpumpe	Seal, injection pump	seal injection pump	Injection
Motor > Juntas y anillos de sellado > Juntas y anillos de sellado del sistema de lubricación > Junta de la carcasa del filtro de aceite	element	D236	Junta de la carcasa del filtro de aceite	junta de la carcasa del filtro de aceite	Junta de carcasa del filtro de aceite	Ölfiltergehäusedichtung	ölfiltergehäusedichtung	Ölfiltergehäusedichtung	Oil filter housing gasket	oil filter housing gasket	Oil filter housing gasket
Motor > Juntas y anillos de sellado > Juntas y anillos de sellado del sistema de refrigeración > Sello de refrigerante	element	D237	Sello de refrigerante	sello de refrigerante	Junta del agua de refrigeración	Kühlwasserabdichtung	kühlwasserabdichtung	Kühlwasserabdichtung	Coolant seal	coolant seal	Coolant water seal
Motor > Juntas y anillos de sellado > Juntas y anillos de sellado del sistema de refrigeración > Sello del termostato	element	D238	Sello del termostato	junta de termostato|junta del termostato|junta de caja termostato	Junta del termostato	Dichtung Thermostat	thermostatdichtung|dichtung thermostat	Dichtung Thermostat	Thermostat seal	thermostat gasket|thermostat seal	Thermostat gasket
Motor > Juntas y anillos de sellado > Juntas y anillos de sellado del sistema de refrigeración > Sello de la bomba de agua	element	D239	Sello de la bomba de agua	junta de bomba de agua|junta bomba agua	Junta de la bomba de agua	Dichtung Wasserpumpe	wasserpumpendichtung|dichtung wasserpumpe	Dichtung Wasserpumpe	Water pump seal	water pump gasket|water pump seal	Water pump gasket
Motor > Juntas y anillos de sellado > Juntas y anillos de sellado del sistema de refrigeración > Sello de eje, diferencial	element	D240	Sello de eje, diferencial	retén de diferencial|reten de palier diferencial|reten salida diferencial	Retén del diferencial	Wellendichtring, Differential	differential simmerring|wellendichtring differential|simmerring differential	Wellendichtring, Differential	Shaft seal, differential	differential seal	Differential seal
Motor > Juntas y anillos de sellado > Juntas y anillos de sellado de la transmisión > Sello de aceite de la caja de cambios	element	D241	Sello de aceite de la caja de cambios	retén de caja de cambios|retén de transmisión|reten de salida de cambio	Retén de la transmisión	Getriebe Simmerring	getriebe simmerring|getriebedichtring|wellendichtring getriebe	Getriebe Simmerring	Gearbox oil seal	gearbox oil seal|transmission oil seal	Transmission oil seal
Motor > Juntas y anillos de sellado > Juntas y anillos de sellado de la transmisión > Junta del cárter de aceite de transmisión automática	element	D242	Junta del cárter de aceite de transmisión automática	junta del cárter de aceite de transmisión automática	Junta del cárter de la transmisión automática	Dichtung, Ölwanne-Automatikgetriebe	dichtung ölwanne-automatikgetriebe	Dichtung, Ölwanne-Automatikgetriebe	Automatic transmission oil pan gasket	automatic transmission oil pan gasket	Automatic transmission oil pan gasket
Motor > Juntas y anillos de sellado > Juntas y anillos de sellado de la transmisión > Sello del eje, eje intermedio	element	D243	Sello del eje, eje intermedio	sello del eje eje intermedio	Retén del eje intermedio	Wellendichtring, Zwischenwelle	wellendichtring zwischenwelle	Wellendichtring, Zwischenwelle	Shaft seal, intermediate shaft	shaft seal intermediate shaft	Intermediate shaft seal
Motor > Juntas y anillos de sellado > Listones de sellado > Junta de ventana	element	D244	Junta de ventana	junta de ventana	Junta de ventana	Fensterdichtung	fensterdichtung	Fensterdichtung	Window seal	window seal	Window seal
Motor > Juntas y anillos de sellado > Listones de sellado > Sello del eje, cubo de la rueda	element	D245	Sello del eje, cubo de la rueda	sello del eje cubo de la rueda	Retén del cubo de rueda	Wellendichtring, Radnabe	wellendichtring radnabe	Wellendichtring, Radnabe	Shaft seal, wheel hub	shaft seal wheel hub	Wheel hub seal
Motor > Escape > Componentes del sistema de escape > Silenciador	element	D246	Silenciador	silenciador|silencioso|silenciador escape	Silenciador trasero	Endschalldämpfer	schalldämpfer|endschalldämpfer|auspufftopf	Endschalldämpfer	Muffler	muffler|silencer	Rear muffler
Motor > Escape > Componentes del sistema de escape > silenciador central	element	D247	silenciador central	silenciador central|silencioso central	Silenciador central	Mittelschalldämpfer	mittelschalldämpfer|mittelschalldämpfer auspuff	Mittelschalldämpfer	center muffler	center muffler|middle silencer	Middle muffler
Motor > Escape > Componentes del sistema de escape > Tubos de escape	element	D248	Tubos de escape	tubo de escape|tubos de escape|caño de escape|bajante de escape	Tubo de escape	Auspuffrohre	auspuffrohr|abgasrohr|auspuffrohre	Auspuffrohre	Exhaust pipes	exhaust pipe|exhaust tube	Exhaust pipe
Motor > Escape > Componentes del sistema de escape > pre-silenciador	element	D249	pre-silenciador	presilenciador|silenciador previo	Silenciador delantero	Vorschalldämpfer	vorschalldämpfer	Vorschalldämpfer	pre-muffler	pre muffler	Front muffler
Motor > Escape > Componentes del sistema de escape > Soporte de escape	element	D250	Soporte de escape	soporte de escape|goma de escape|silentblock de escape|colgador de escape	Soporte de escape	Auspuffhalter	auspuffhalter|auspuffgummi|gummilager auspuff|halter auspuff	Auspuffhalter	Exhaust bracket	exhaust mount|exhaust hanger|exhaust rubber	Exhaust mount
Motor > Escape > Componentes del sistema de escape > Junta de escape	element	D251	Junta de escape	junta de escape|junta de tubo de escape|junta de bajante escape	Junta del escape	Auspuffdichtung	auspuffdichtung|abgasdichtung|dichtung abgasrohr	Auspuffdichtung	Exhaust gasket	exhaust gasket	Exhaust gasket
Motor > Escape > Componentes del sistema de escape > Abrazadera de escape	element	D252	Abrazadera de escape	abrazadera de escape|brida de escape|grapa de escape	Abrazadera de escape	Auspuffschelle	auspuffschelle|abgasschelle|rohrschelle auspuff	Auspuffschelle	Exhaust clamp	exhaust clamp	Exhaust clamp
Motor > Escape > Componentes del sistema de escape > Pieza de sujeción, sistema de escape	element	D253	Pieza de sujeción, sistema de escape	pieza de sujeción sistema de escape	Abrazadera del sistema de escape	Klemmstück, Abgasanlage	klemmstück abgasanlage	Klemmstück, Abgasanlage	Clamping piece, exhaust system	clamping piece exhaust system	Exhaust system clamp
Motor > Escape > Colectores de escape y componentes asociados > Junta del colector de escape	element	D254	Junta del colector de escape	junta de colector de escape|junta múltiple de escape|junta de escape colector	Junta del colector de escape	Auspuffkrümmerdichtung	auspuffkrümmerdichtung|abgaskrümmerdichtung|krümmerdichtung	Auspuffkrümmerdichtung	Exhaust manifold gasket	exhaust manifold gasket	Exhaust manifold gasket
Motor > Sistema de combustible > Filtro de combustible y componentes asociados > filtro de combustible	element	D266	filtro de combustible	filtro de combustible|filtro de gasoil|filtro de gasolina|filtro gasoil|filtro gasolina	Filtro de combustible	Kraftstofffilter	kraftstofffilter|dieselfilter|benzinfilter	Kraftstofffilter	fuel filter	fuel filter|diesel filter	Fuel filter
Motor > Sistema de combustible > Componentes del sistema de suministro de combustible > bomba de combustible	element	D267	bomba de combustible	bomba de combustible|bomba de gasolina|bomba de gasoil|aforador|bomba nodriza	Bomba de combustible	Kraftstoffpumpe	kraftstoffpumpe|benzinpumpe|förderpumpe	Kraftstoffpumpe	fuel pump	fuel pump	Fuel pump
Motor > Sistema de combustible > Componentes del sistema de suministro de combustible > línea de combustible	element	D268	línea de combustible	línea de combustible|tubo de combustible|conducto de combustible|cañería combustible|manguera combustible	Línea de combustible	Kraftstoffleitung	kraftstoffleitung|benzinleitung|dieselleitung	Kraftstoffleitung	fuel line	fuel line|fuel pipe	Fuel line
Motor > Sistema de combustible > Componentes del sistema de suministro de combustible > Manguera, fuga de combustible	element	D269	Manguera, fuga de combustible	manguera fuga de combustible	Manguera de retorno de combustible	Schlauch, Leckkraftstoff	schlauch leckkraftstoff	Schlauch, Leckkraftstoff	Hose, leaking fuel	hose leaking fuel	Fuel return hose
Motor > Sistema de combustible > Componentes del sistema de suministro de combustible > Kit de reparación de bomba de combustible	element	D270	Kit de reparación de bomba de combustible	kit de reparación bomba de combustible|reparacion bomba gasolina	Kit de reparación de la bomba de combustible	Kraftstoffpumpe Reparatursatz	kraftstoffpumpe reparatursatz|reparatursatz kraftstoffpumpe	Kraftstoffpumpe Reparatursatz	Fuel pump repair kit	fuel pump repair kit	Fuel pump repair kit
Motor > Sistema de combustible > Componentes del sistema de inyección de combustible > tanque de combustible	element	D271	tanque de combustible	depósito de combustible|tanque de combustible|depósito de gasolina|depósito de gasoil	Depósito de combustible	Kraftstofftank	kraftstofftank|benzintank|dieseltank	Kraftstofftank	fuel tank	fuel tank|gas tank|petrol tank	Fuel tank
Motor > Sistema de combustible > Componentes del sistema de inyección de combustible > inyector	element	D272	inyector	inyector|inyector de combustible|inyector gasolina|inyector diesel|inyector diésel	Inyector de combustible	Einspritzdüse	einspritzdüse|einspritzventil|injektor	Einspritzdüse	injector	fuel injector|injector	Fuel injector
Motor > Sistema de combustible > Componentes del sistema de inyección de combustible > Sellos de inyector	element	D273	Sellos de inyector	juntas de inyector|arandelas de inyector|sellos de inyector|juntas cobre inyector	Junta del inyector de combustible	Dichtung Einspritzdüsen	einspritzdüsen dichtung|injektor dichtung|dichtung einspritzdüse	Dichtung Einspritzdüsen	Injector seals	injector seals|injector washers	Fuel injector gasket
Motor > Sistema de combustible > Componentes del sistema de inyección de combustible > Distribuidor de combustible	element	D274	Distribuidor de combustible	rampa de inyectores|rail de inyección|flauta de inyectores|distribuidor de combustible|regleta inyectores	Rampa de inyectores	Kraftstoffverteiler	kraftstoffverteiler|einspritzleiste|verteilerrohr kraftstoff	Kraftstoffverteiler	Fuel distributor	fuel rail|injector rail	Fuel rail
Motor > Sistema de combustible > Componentes del sistema de inyección de combustible > Parabrisas con aislamiento térmico, sistema de inyección de combustible	element	D275	Parabrisas con aislamiento térmico, sistema de inyección de combustible		Pantalla térmica del sistema de inyección	Wärmeschutzscheibe, Einspritzanlage	wärmeschutzscheibe einspritzanlage	Wärmeschutzscheibe, Einspritzanlage	Heat-insulating windscreen, fuel injection system	heat-insulating windscreen fuel injection system	Heat shield for fuel injection system
Motor > Sistema de combustible > Componentes del sistema de combustible > Acumulador de presión de combustible	element	D276	Acumulador de presión de combustible	acumulador de presión de combustible|acumulador de combustible|regulador de presión combustible	Acumulador de presión de combustible	Kraftstoffdruckspeicher	kraftstoffdruckspeicher|druckspeicher kraftstoff	Kraftstoffdruckspeicher	Fuel pressure accumulator	fuel pressure accumulator	Fuel pressure accumulator
Motor > Sistema de combustible > Componentes del sistema de admisión > Cable Bowden	element	D277	Cable Bowden	cable bowden	Cable Bowden	Bowdenzug	bowdenzug	Bowdenzug	Bowden cable	bowden cable	Bowden cable
Motor > Sistema de combustible > Depósitos de combustible y componentes asociados > Sello, bomba de inyección	element	D278	Sello, bomba de inyección	sello bomba de inyección	Junta de la bomba de inyección	Dichtung, Einspritzpumpe	dichtung einspritzpumpe	Dichtung, Einspritzpumpe	Seal, injection pump	seal injection pump	Injection pump gasket
Motor > Sistema de combustible > Depósitos de combustible y componentes asociados > tapa del depósito de combustible	element	D279	tapa del depósito de combustible	tapón de combustible|tapa del depósito combustible|tapón de gasolina|tapon deposito gasoil	Tapa del tanque de combustible	Tankdeckel	tankdeckel|tankverschluss|kraftstoff tankdeckel	Tankdeckel	Fuel cap	fuel cap|fuel tank cap|gas cap	Fuel tank cap
Motor > Ejes de transmisión y juntas > Juntas homocinéticas y componentes asociados > bota de CV	element	D300	bota de CV	fuelle de palier|guardapolvo de palier|fuelle de transmisión|bota de homocinética|fuelle homocinetica	Fuelle del eje	Achsmanschette	achsmanschette|antriebswellenmanschette|faltenbalg antriebswelle|gelenkmanschette	Achsmanschette	CV boot	cv boot|axle boot|drive shaft boot	Axle boot
Motor > Kits de reparación > Componentes del sistema de combustible > Kit de reparación de bomba de combustible	element	D346	Kit de reparación de bomba de combustible	kit de reparación bomba de combustible|reparacion bomba gasolina	Kit de reparación de la bomba de combustible	Kraftstoffpumpe Reparatursatz	kraftstoffpumpe reparatursatz|reparatursatz kraftstoffpumpe	Kraftstoffpumpe Reparatursatz	Fuel pump repair kit	fuel pump repair kit	Fuel pump repair kit
Motor > Tuberías y mangueras > Componentes del sistema de combustible > línea de combustible	element	D350	línea de combustible	línea de combustible|tubo de combustible|conducto de combustible|cañería combustible|manguera combustible	Línea de combustible	Kraftstoffleitung	kraftstoffleitung|benzinleitung|dieselleitung	Kraftstoffleitung	fuel line	fuel line|fuel pipe	Fuel line
Frenos > frenos > Pastillas de freno y componentes relacionados > pastillas de freno	element	brakes-brakes-brakes-brakes-brakes-brakes-brake-pads-and-related-components-brake-pads	pastillas de freno	pastillas de freno|pastillas freno|pastillas|balatas|ferodos		Bremsbeläge	bremsbeläge|bremsklötze|bremsbelag|bremsklotz		brake pads	brake pads|brake pad|disc pads	
Frenos > frenos > Pastillas de freno y componentes relacionados > Indicador de desgaste de frenos	element	brakes-brakes-brakes-brakes-brakes-brakes-brake-pads-and-related-components-brake-wear-indicator	Indicador de desgaste de frenos	indicador de desgaste|sensor de desgaste|contacto de desgaste|testigo de pastillas|avisador de pastillas		Bremsverschleißanzeige	bremsverschleißanzeige|verschleißanzeige|warnkontakt bremsbelag|verschleißsensor		Brake wear indicator	brake wear indicator|brake wear sensor|pad wear sensor	
Frenos > frenos > Pastillas de freno y componentes relacionados > Kit de accessories para pastillas de freno de disco, مجموعة الملحقات لأدوات فرينو ديسكو	element	brakes-brakes-brakes-brakes-brakes-brakes-brake-pads-and-related-components-kit-d-accessoires-pour-pastilles-de-frein-de-discoth-que-kit-de-accessories-para-pastillas-de-freno-de-disco	Kit de accessories para pastillas de freno de disco, مجموعة الملحقات لأدوات فرينو ديسكو			Kit de accesorios para pastillas de freno de disco, Kit de accesorios para pastillas de freno de disco,			Kit d'accessoires pour pastilles de frein de discothèque, Kit de accessories para pastillas de freno de disco,		
Frenos > frenos > Discos de freno y componentes relacionados > discos de freno	element	brakes-brakes-brakes-brakes-brakes-brakes-brake-discs-and-related-components-brake-discs	discos de freno	disco de freno|discos de freno|disco freno|discos freno		Bremsscheiben	bremsscheibe|bremsscheiben		brake discs	brake disc|brake discs|brake rotor|brake rotors	
Frenos > frenos > Discos de freno y componentes relacionados > discos y pastillas de freno	element	brakes-brakes-brakes-brakes-brakes-brakes-brake-discs-and-related-components-brake-discs-and-pads	discos y pastillas de freno	discos y pastillas de freno|kit discos y pastillas|conjunto discos pastillas		Bremsscheiben und -beläge	bremsscheiben und beläge|bremsen set|bremsscheiben belag satz		brake discs and pads	brake discs and pads|brake kit disc pad	
Frenos > frenos > Frenos de tambor y componentes relacionados > freno de tambor	element	brakes-brakes-brakes-brakes-brakes-brakes-drum-brakes-and-related-components-drum-brake	freno de tambor	freno de tambor|tambor de freno|frenos de tambor		Trommelbremse	trommelbremse		drum brake	drum brake	
Frenos > frenos > Frenos de tambor y componentes relacionados > zapatas de freno	element	brakes-brakes-brakes-brakes-brakes-brakes-drum-brakes-and-related-components-brake-shoes	zapatas de freno	zapatas de freno|zapatas freno|zapatas|ferodos tambor		Bremsbacken	bremsbacken		brake shoes	brake shoes|brake shoe	
Frenos > frenos > Frenos de tambor y componentes relacionados > Kit de accesorios para zapatas de freno	element	brakes-brakes-brakes-brakes-brakes-brakes-drum-brakes-and-related-components-kit-for-accessories-for-brake-shoes	Kit de accesorios para zapatas de freno	juego de zapatas de freno|kit de zapatas de freno|zapatas con herrajes|kit herrajes zapatas		Kit de accesorios para zapatas de freno	bremsbackensatz|bremsbacken satz|zubehörsatz bremsbacken|montagesatz bremsbacken		Kit for accessories for brake shoes	brake shoe set|brake shoe kit|brake shoe fitting kit	
Frenos > frenos > Frenos de tambor y componentes relacionados > tambor de freno	element	brakes-brakes-brakes-brakes-brakes-brakes-drum-brakes-and-related-components-brake-drum	tambor de freno	tambor de freno|tambor freno|tambores de freno		Bremstrommel	bremstrommel		brake drum	brake drum|brake drums	
Frenos > frenos > Pinza de freno y componentes asociados > pinza de freno	element	brakes-brakes-brakes-brakes-brakes-brakes-brake-caliper-and-associated-components-brake-caliper	pinza de freno	pinza de freno|pinza freno|mordaza de freno|caliper		Bremssattel	bremssattel|bremszange		brake caliper	brake caliper|caliper|brake calipers	
Frenos > frenos > Pinza de freno y componentes asociados > Kit de reparación de pinzas de freno	element	brakes-brakes-brakes-brakes-brakes-brakes-brake-caliper-and-associated-components-brake-caliper-repair-kit	Kit de reparación de pinzas de freno	kit de reparación de pinza|kit reparacion pinza freno|reparacion pinza de freno		Bremssattel-Reparatursatz	bremssattel reparatursatz|reparatursatz bremssattel		Brake caliper repair kit	brake caliper repair kit|caliper repair kit	
Frenos > frenos > Pinza de freno y componentes asociados > Pistón, pinza de freno	element	brakes-brakes-brakes-brakes-brakes-brakes-brake-caliper-and-associated-components-piston-brake-caliper	Pistón, pinza de freno	pistón de pinza|pistón de freno|piston pinza freno		Kolben, Bremssattel	bremssattelkolben|bremskolben|kolben bremssattel		Piston, brake caliper	brake caliper piston|caliper piston	
Frenos > frenos > Frenos de mano y componentes relacionados > freno de mano	element	brakes-brakes-brakes-brakes-brakes-brakes-handbrakes-and-related-components-handbrake	freno de mano	freno de mano|freno mano|freno de estacionamiento		Handbremse	handbremse|feststellbremse		handbrake	handbrake|parking brake	
Frenos > frenos > Frenos de mano y componentes relacionados > cable del freno de mano	element	brakes-brakes-brakes-brakes-brakes-brakes-handbrakes-and-related-components-handbrake-cable	cable del freno de mano	cable de freno de mano|cable freno mano|cable de freno estacionamiento		Handbremsseil	handbremsseil|feststellbremsseil|bremsseil		handbrake cable	handbrake cable|parking brake cable	
Frenos > frenos > Frenos de mano y componentes relacionados > Pastillas de freno de mano	element	brakes-brakes-brakes-brakes-brakes-brakes-handbrakes-and-related-components-handbrake-pads	Pastillas de freno de mano	pastillas de freno de mano|zapatas freno de mano|zapatas freno estacionamiento		Handbremsbeläge	handbremsbeläge|handbremsbacken|feststellbremsbeläge		Handbrake pads	handbrake pads|parking brake shoes	
Frenos > Kits de reparación > Componentes del freno > Kit de reparación de pinzas de freno	element	brakes-brakes-repair-kits-brakes-brakes-repair-kits-brake-components-brake-caliper-repair-kit	Kit de reparación de pinzas de freno	kit de reparación de pinza|kit reparacion pinza freno|reparacion pinza de freno		Bremssattel-Reparatursatz	bremssattel reparatursatz|reparatursatz bremssattel		Brake caliper repair kit	brake caliper repair kit|caliper repair kit	
Frenos > Kits de reparación > Componentes del freno > Kit de reparación, cilindro maestro de freno	element	brakes-brakes-repair-kits-brakes-brakes-repair-kits-brake-components-repair-kit-master-brake-cylinder	Kit de reparación, cilindro maestro de freno	kit de reparación de bomba de freno|kit reparacion cilindro maestro|reparacion bomba freno		Reparatursatz, Hauptbremszylinder	hauptbremszylinder reparatursatz|reparatursatz hauptbremszylinder		Repair kit, master brake cylinder	master brake cylinder repair kit|master cylinder repair kit	
Frenos > Kits de reparación > Componentes del freno > Repair kit, wheel brake cylinder, طقم إصلاح، أسطوانة فرامل العجلة،	element	brakes-brakes-repair-kits-brakes-brakes-repair-kits-brake-components-kit-de-r-paration-cylindre-de-frein-de-roue-komplet-za-popravak-ko-ioni-cilindar-kota-a-kit-di-riparazione-cilindro-freno-ruota	Repair kit, wheel brake cylinder, طقم إصلاح، أسطوانة فرامل العجلة،			Reparatursatz, Radbremszylinder, Kit de reparación, cilindro de freno de rueda,			Kit de réparation, cylindre de frein de roue, Komplet za popravak, kočioni cilindar kotača Kit di riparazione, cilindro freno ruota,		
Frenos > Tuberías y mangueras > Componentes del freno > manguera de freno	element	brakes-brakes-pipes-and-hoses-brakes-brakes-pipes-and-hoses-brake-components-brake-hose	manguera de freno	manguera de freno|latiguillo de freno|flexible de freno|tubo flexible freno		Bremsschlauch	bremsschlauch		brake hose	brake hose|flexible brake hose|brake line hose	
sistema eléctrico > sistema eléctrico > Componentes del sistema de arranque y carga > alternador	element	electrical-system-electrical-system-electrical-system-electrical-system-electrical-system-electrical-system-components-of-the-starting-and-charging-system-alternator	alternador	alternador|dinamo|generador|alternador coche		Lichtmaschine	lichtmaschine|generator|lima		alternator	alternator|generator	
sistema eléctrico > sistema eléctrico > Componentes del sistema de arranque y carga > motor de arranque	element	electrical-system-electrical-system-electrical-system-electrical-system-electrical-system-electrical-system-components-of-the-starting-and-charging-system-starter	motor de arranque	motor de arranque|arranque|burro de arranque|motor de arranque coche		Anlasser	anlasser|starter|startermotor		starter	starter motor|starter	
sistema eléctrico > sistema eléctrico > Componentes del sistema de arranque y carga > batería	element	electrical-system-electrical-system-electrical-system-electrical-system-electrical-system-electrical-system-components-of-the-starting-and-charging-system-battery	batería	batería|batería de coche|acumulador		Batterie	batterie|autobatterie|starterbatterie		battery	battery|car battery	
sistema eléctrico > sistema eléctrico > Componentes del sistema de arranque y carga > regulador del alternador	element	electrical-system-electrical-system-electrical-system-electrical-system-electrical-system-electrical-system-components-of-the-starting-and-charging-system-alternator-regulator	regulador del alternador	regulador del alternador|regulador de tensión|regulador de voltaje		Lichtmaschinenregler	lichtmaschinenregler|generatorregler|spannungsregler		alternator regulator	alternator regulator|voltage regulator	
sistema eléctrico > sistema eléctrico > bombillas incandescentes > Bombilla de luz de cruce	element	electrical-system-electrical-system-electrical-system-electrical-system-electrical-system-electrical-system-incandescent-light-bulbs-low-beam-headlight-bulb	Bombilla de luz de cruce	bombilla de cruce|lámpara de cruce|bombilla luz corta		Abblendlicht-Glühlampe	abblendlicht birne|abblendlicht lampe|abblendlicht glühlampe		Low beam headlight bulb	low beam bulb|dipped beam bulb	
sistema eléctrico > sistema eléctrico > bombillas incandescentes > Bombilla de luz alta	element	electrical-system-electrical-system-electrical-system-electrical-system-electrical-system-electrical-system-incandescent-light-bulbs-high-beam-bulb	Bombilla de luz alta	bombilla de luz larga|bombilla de carretera|lámpara de largas		Fernlicht-Birne	fernlicht birne|fernlicht lampe		High beam bulb	high beam bulb	
sistema eléctrico > sistema eléctrico > Componentes del freno > Sensor ABS	element	electrical-system-electrical-system-electrical-system-electrical-system-electrical-system-electrical-system-brake-components-abs-sensor	Sensor ABS	sensor abs|sensor de rueda abs|captador abs|sensor de revoluciones rueda			abs sensor|raddrehzahlsensor|drehzahlsensor rad		ABS sensor	abs sensor|wheel speed sensor	
sistema eléctrico > sistema eléctrico > Componentes del sistema de iluminación y señalización > luces traseras	element	electrical-system-electrical-system-electrical-system-electrical-system-electrical-system-electrical-system-components-of-the-lighting-and-signaling-system-taillights	luces traseras	luces traseras|pilotos traseros|faros traseros|piloto trasero|grupo óptico trasero		Rückleuchten	rückleuchten|heckleuchten|rücklicht		taillights	taillights|tail lights|rear lights	
sistema eléctrico > sistema eléctrico > Componentes del sistema de encendido > Relé multifuncional	element	electrical-system-electrical-system-electrical-system-electrical-system-electrical-system-electrical-system-components-of-the-ignition-system-multifunctional-relay	Relé multifuncional	relé multifunción|relé multifuncional		Multifunktionsrelais	multifunktionsrelais		Multifunctional relay	multifunction relay	
sistema eléctrico > sistema eléctrico > Componentes de refrigeración > Sensor de temperatura del refrigerante	element	electrical-system-electrical-system-electrical-system-electrical-system-electrical-system-electrical-system-cooling-components-coolant-temperature-sensor	Sensor de temperatura del refrigerante	sensor de temperatura del refrigerante|sensor temperatura refrigerante|sonda de temperatura agua|termocontacto		Kühlmitteltemperatursensor	kühlmitteltemperatursensor|kühlmittelsensor|temperaturgeber kühlmittel		Coolant temperature sensor	coolant temperature sensor|coolant temp sensor	
sistema eléctrico > sistema eléctrico > Componentes del sistema de arranque y carga > Alternador, repuestos	element	electrical-system-electrical-system-electrical-system-electrical-system-electrical-system-electrical-system-components-of-the-starting-and-charging-system-alternator-spare-parts	Alternador, repuestos	alternador|dinamo|generador|alternador coche		Lichtmaschine, Ersatzteile	lichtmaschine|generator|lima		Alternator, spare parts	alternator|generator	
sistema eléctrico > sistema eléctrico > Componentes del sistema de arranque y carga > alternador de rueda libre	element	electrical-system-electrical-system-electrical-system-electrical-system-electrical-system-electrical-system-components-of-the-starting-and-charging-system-freewheel-alternator	alternador de rueda libre	polea del alternador|polea de rueda libre|polea libre alternador|polea unidireccional		Freilauf Lichtmaschine	freilauf lichtmaschine|generatorfreilauf|freilaufriemenscheibe		freewheel alternator	alternator freewheel pulley|overrunning alternator pulley	
sistema eléctrico > sistema eléctrico > Componentes del sistema de arranque y carga > Escobillas de carbón del motor de arranque	element	electrical-system-electrical-system-electrical-system-electrical-system-electrical-system-electrical-system-components-of-the-starting-and-charging-system-starter-motor-carbon-brushes	Escobillas de carbón del motor de arranque	escobillas de arranque|carbones de arranque|escobillas motor de arranque		Anlasser-Kohlebürsten	anlasser kohlebürsten|starter kohlebürsten|kohlebürsten anlasser		Starter motor carbon brushes	starter motor brushes|starter carbon brushes	
sistema eléctrico > sistema eléctrico > Componentes del sistema de arranque y carga > Solenoide de arranque	element	electrical-system-electrical-system-electrical-system-electrical-system-electrical-system-electrical-system-components-of-the-starting-and-charging-system-starter-solenoid	Solenoide de arranque	solenoide de arranque|relé de arranque|automático de arranque|contactor de arranque		Magnetschalter Anlasser	magnetschalter anlasser|anlasser magnetschalter|starterrelais		Starter solenoid	starter solenoid	
sistema eléctrico > sistema eléctrico > Componentes del sistema de arranque y carga > Caja de cambios de rueda libre, arranque	element	electrical-system-electrical-system-electrical-system-electrical-system-electrical-system-electrical-system-components-of-the-starting-and-charging-system-freewheel-gearbox-starter	Caja de cambios de rueda libre, arranque	caja de cambios de rueda libre arranque		Freilaufgetriebe, Starter	freilaufgetriebe starter		Freewheel gearbox, starter	freewheel gearbox starter	
sistema eléctrico > sistema eléctrico > Componentes del sistema de arranque y carga > Piezas de arranque	element	electrical-system-electrical-system-electrical-system-electrical-system-electrical-system-electrical-system-components-of-the-starting-and-charging-system-starter-parts	Piezas de arranque	piezas de arranque		Starter Einzelteile	starter einzelteile		Starter parts	starter parts	
sistema eléctrico > sistema eléctrico > bombillas incandescentes > bombilla de luz antiniebla	element	electrical-system-electrical-system-electrical-system-electrical-system-electrical-system-electrical-system-incandescent-light-bulbs-fog-light-bulb	bombilla de luz antiniebla	bombilla antiniebla|lámpara antiniebla		Nebelscheinwerfer-Birne	nebelscheinwerfer birne|nebellampe		fog light bulb	fog light bulb	
sistema eléctrico > sistema eléctrico > bombillas incandescentes > bombilla intermitente	element	electrical-system-electrical-system-electrical-system-electrical-system-electrical-system-electrical-system-incandescent-light-bulbs-indicator-bulb	bombilla intermitente	bombilla intermitente|bombilla de intermitente|lámpara intermitente		Blinkerbirne	blinkerbirne|blinker birne|blinklampe		indicator bulb	indicator bulb|turn signal bulb	
sistema eléctrico > sistema eléctrico > bombillas incandescentes > Bombilla de luz de matrícula	element	electrical-system-electrical-system-electrical-system-electrical-system-electrical-system-electrical-system-incandescent-light-bulbs-license-plate-light-bulb	Bombilla de luz de matrícula	bombilla de matrícula|lámpara de matrícula		Kennzeichenleuchten Glühlampe	kennzeichenleuchten birne|kennzeichenlampe		License plate light bulb	license plate light bulb|number plate bulb	
sistema eléctrico > sistema eléctrico > bombillas incandescentes > bombilla de luz de freno	element	electrical-system-electrical-system-electrical-system-electrical-system-electrical-system-electrical-system-incandescent-light-bulbs-brake-light-bulb	bombilla de luz de freno	bombilla de freno|bombilla luz de freno|lámpara de freno		Bremslicht-Birne	bremslicht birne|bremslicht lampe		brake light bulb	brake light bulb	
sistema eléctrico > sistema eléctrico > bombillas incandescentes > Bombilla de luz de marcha atrás	element	electrical-system-electrical-system-electrical-system-electrical-system-electrical-system-electrical-system-incandescent-light-bulbs-reversing-light-bulb	Bombilla de luz de marcha atrás	bombilla de marcha atrás|bombilla luz de reversa|lámpara marcha atrás		Rückfahrleuchten Glühlampe	rückfahrleuchten birne|rückfahrlicht lampe		Reversing light bulb	reversing light bulb|reverse light bulb	
sistema eléctrico > sistema eléctrico > Componentes del freno > Indicador de desgaste de frenos	element	electrical-system-electrical-system-electrical-system-electrical-system-electrical-system-electrical-system-brake-components-brake-wear-indicator	Indicador de desgaste de frenos	indicador de desgaste|sensor de desgaste|contacto de desgaste|testigo de pastillas|avisador de pastillas		Bremsverschleißanzeige	bremsverschleißanzeige|verschleißanzeige|warnkontakt bremsbelag|verschleißsensor		Brake wear indicator	brake wear indicator|brake wear sensor|pad wear sensor	
sistema eléctrico > sistema eléctrico > Componentes del sistema de iluminación y señalización > faros antiniebla	element	electrical-system-electrical-system-electrical-system-electrical-system-electrical-system-electrical-system-components-of-the-lighting-and-signaling-system-fog-lights	faros antiniebla	faro antiniebla|faros antiniebla|antinieblas|proyector antiniebla		Nebelscheinwerfer	nebelscheinwerfer|nebellampe		fog lights	fog light|fog lamp	
sistema eléctrico > sistema eléctrico > Componentes del sistema de iluminación y señalización > Relé de intermitencia	element	electrical-system-electrical-system-electrical-system-electrical-system-electrical-system-electrical-system-components-of-the-lighting-and-signaling-system-flasher-relay	Relé de intermitencia	relé de intermitencia|relé de intermitentes|central de intermitencia|relé de destellos		Blinkerrelais	blinkerrelais|blinkgeber		Flasher relay	flasher relay|indicator relay|turn signal relay	
sistema eléctrico > sistema eléctrico > Componentes del sistema de iluminación y señalización > interruptor de luz de freno	element	electrical-system-electrical-system-electrical-system-electrical-system-electrical-system-electrical-system-components-of-the-lighting-and-signaling-system-brake-light-switch	interruptor de luz de freno	interruptor de luz de freno|interruptor de freno|contacto de luz de freno|manocontacto freno		Bremslichtschalter	bremslichtschalter		brake light switch	brake light switch	
sistema eléctrico > sistema eléctrico > Componentes del sistema de iluminación y señalización > Interruptor de advertencia de peligro	element	electrical-system-electrical-system-electrical-system-electrical-system-electrical-system-electrical-system-components-of-the-lighting-and-signaling-system-hazard-warning-switch	Interruptor de advertencia de peligro	interruptor de emergencia|botón de warning|interruptor de warning|pulsador de emergencia|interruptor luces emergencia		Warnblinkschalter	warnblinkschalter|warnblinker schalter		Hazard warning switch	hazard switch|hazard warning switch	
sistema eléctrico > sistema eléctrico > Componentes del sistema de iluminación y señalización > Luces de estacionamiento	element	electrical-system-electrical-system-electrical-system-electrical-system-electrical-system-electrical-system-components-of-the-lighting-and-signaling-system-parking-lights	Luces de estacionamiento	luz de posición|luces de estacionamiento|luz de gálibo		Standlicht	standlicht|positionsleuchte|begrenzungsleuchte		Parking lights	parking light|position light	
sistema eléctrico > sistema eléctrico > Componentes del sistema de iluminación y señalización > Luces de circulación diurna	element	electrical-system-electrical-system-electrical-system-electrical-system-electrical-system-electrical-system-components-of-the-lighting-and-signaling-system-daytime-running-lights	Luces de circulación diurna	luces diurnas|luz de circulación diurna|luces de día		Tagfahrlicht	tagfahrlicht|tagfahrleuchte		Daytime running lights	daytime running lights|running lights	
sistema eléctrico > sistema eléctrico > Componentes de la carrocería y sistema de confort > luz del maletero	element	electrical-system-electrical-system-electrical-system-electrical-system-electrical-system-electrical-system-body-components-and-comfort-system-trunk-light	luz del maletero	luz del maletero|luz de maletero|iluminación de maletero		Kofferraumbeleuchtung	kofferraumbeleuchtung|kofferraumleuchte		trunk light	trunk light|boot light	
sistema eléctrico > sistema eléctrico > Componentes de la carrocería y sistema de confort > Iluminación interior	element	electrical-system-electrical-system-electrical-system-electrical-system-electrical-system-electrical-system-body-components-and-comfort-system-interior-lighting	Iluminación interior	iluminación interior|luz interior|plafón interior|luz de techo		Innenraumbeleuchtung	innenraumbeleuchtung|innenleuchte|leseleuchte		Interior lighting	interior lighting|interior light|dome light	
sistema eléctrico > sistema eléctrico > Componentes del sistema de encendido > Unidad de control de bujías incandescentes	element	electrical-system-electrical-system-electrical-system-electrical-system-electrical-system-electrical-system-components-of-the-ignition-system-glow-plug-control-unit	Unidad de control de bujías incandescentes	relé de calentadores|unidad de control de calentadores|centralita de calentadores|rele precalentamiento		Glühkerzen-Steuergerät	glühkerzen steuergerät|glührelais|vorglührelais|glühzeitsteuergerät		Glow plug control unit	glow plug control unit|glow plug relay	
sistema eléctrico > sistema eléctrico > Componentes del sistema de lubricación > Interruptor de presión de aceite	element	electrical-system-electrical-system-electrical-system-electrical-system-electrical-system-electrical-system-components-of-the-lubrication-system-oil-pressure-switch	Interruptor de presión de aceite	interruptor de presión de aceite|manocontacto de aceite|bulbo de aceite|presostato de aceite		Öldruckschalter	öldruckschalter|öldruckgeber|öldrucksensor		Oil pressure switch	oil pressure switch|oil pressure sender	
sistema eléctrico > Unidades de control, sensores, relés > Componentes de refrigeración > sensor de temperatura	element	electrical-system-electrical-system-control-units-sensors-relays-electrical-system-electrical-system-control-units-sensors-relays-cooling-components-temperature-sensor	sensor de temperatura	sensor de temperatura|sonda de temperatura		Temperatursensor	temperatursensor|temperaturgeber		temperature sensor	temperature sensor	
sistema eléctrico > Unidades de control, sensores, relés > Componentes de refrigeración > Sensor de temperatura del refrigerante	element	electrical-system-electrical-system-control-units-sensors-relays-electrical-system-electrical-system-control-units-sensors-relays-cooling-components-coolant-temperature-sensor	Sensor de temperatura del refrigerante	sensor de temperatura del refrigerante|sensor temperatura refrigerante|sonda de temperatura agua|termocontacto		Kühlmitteltemperatursensor	kühlmitteltemperatursensor|kühlmittelsensor|temperaturgeber kühlmittel		Coolant temperature sensor	coolant temperature sensor|coolant temp sensor	
sistema eléctrico > Unidades de control, sensores, relés > Componentes del freno > Sensor ABS	element	electrical-system-electrical-system-control-units-sensors-relays-electrical-system-electrical-system-control-units-sensors-relays-brake-components-abs-sensor	Sensor ABS	sensor abs|sensor de rueda abs|captador abs|sensor de revoluciones rueda			abs sensor|raddrehzahlsensor|drehzahlsensor rad		ABS sensor	abs sensor|wheel speed sensor	
sistema eléctrico > Unidades de control, sensores, relés > Componentes del freno > Indicador de desgaste de frenos	element	electrical-system-electrical-system-control-units-sensors-relays-electrical-system-electrical-system-control-units-sensors-relays-brake-components-brake-wear-indicator	Indicador de desgaste de frenos	indicador de desgaste|sensor de desgaste|contacto de desgaste|testigo de pastillas|avisador de pastillas		Bremsverschleißanzeige	bremsverschleißanzeige|verschleißanzeige|warnkontakt bremsbelag|verschleißsensor		Brake wear indicator	brake wear indicator|brake wear sensor|pad wear sensor	
sistema eléctrico > Unidades de control, sensores, relés > Componentes del freno > interruptor de luz de freno	element	electrical-system-electrical-system-control-units-sensors-relays-electrical-system-electrical-system-control-units-sensors-relays-brake-components-brake-light-switch	interruptor de luz de freno	interruptor de luz de freno|interruptor de freno|contacto de luz de freno|manocontacto freno		Bremslichtschalter	bremslichtschalter		brake light switch	brake light switch	
sistema eléctrico > Unidades de control, sensores, relés > Componentes del freno > Relé, ABS	element	electrical-system-electrical-system-control-units-sensors-relays-electrical-system-electrical-system-control-units-sensors-relays-brake-components-relay-abs	Relé, ABS	relé abs		Relais, ABS	abs relais|relais abs		Relay, ABS	abs relay	
sistema eléctrico > Unidades de control, sensores, relés > Componentes del freno > Unidad de control, dinámica de frenado/conducción	element	electrical-system-electrical-system-control-units-sensors-relays-electrical-system-electrical-system-control-units-sensors-relays-brake-components-control-unit-brake-driving-dynamics	Unidad de control, dinámica de frenado/conducción	unidad de control dinámica de frenado conducción		Steuergerät, Brems- / Fahrdynamik	steuergerät brems- fahrdynamik		Control unit, brake/driving dynamics	control unit brake driving dynamics	
sistema eléctrico > Unidades de control, sensores, relés > Componentes del sistema de encendido > Unidad de control de bujías incandescentes	element	electrical-system-electrical-system-control-units-sensors-relays-electrical-system-electrical-system-control-units-sensors-relays-components-of-the-ignition-system-glow-plug-control-unit	Unidad de control de bujías incandescentes	relé de calentadores|unidad de control de calentadores|centralita de calentadores|rele precalentamiento		Glühkerzen-Steuergerät	glühkerzen steuergerät|glührelais|vorglührelais|glühzeitsteuergerät		Glow plug control unit	glow plug control unit|glow plug relay	
sistema eléctrico > Unidades de control, sensores, relés > Componentes del sistema de lubricación > Interruptor de presión de aceite	element	electrical-system-electrical-system-control-units-sensors-relays-electrical-system-electrical-system-control-units-sensors-relays-components-of-the-lubrication-system-oil-pressure-switch	Interruptor de presión de aceite	interruptor de presión de aceite|manocontacto de aceite|bulbo de aceite|presostato de aceite		Öldruckschalter	öldruckschalter|öldruckgeber|öldrucksensor		Oil pressure switch	oil pressure switch|oil pressure sender	
sistema eléctrico > Unidades de control, sensores, relés > Alternadores y componentes relacionados > regulador del alternador	element	electrical-system-electrical-system-control-units-sensors-relays-electrical-system-electrical-system-control-units-sensors-relays-alternators-and-related-components-alternator-regulator	regulador del alternador	regulador del alternador|regulador de tensión|regulador de voltaje		Lichtmaschinenregler	lichtmaschinenregler|generatorregler|spannungsregler		alternator regulator	alternator regulator|voltage regulator	
sistema eléctrico > Unidades de control, sensores, relés > Componentes del sistema de iluminación y señalización > Relé de intermitencia	element	electrical-system-electrical-system-control-units-sensors-relays-electrical-system-electrical-system-control-units-sensors-relays-components-of-the-lighting-and-signaling-system-flasher-relay	Relé de intermitencia	relé de intermitencia|relé de intermitentes|central de intermitencia|relé de destellos		Blinkerrelais	blinkerrelais|blinkgeber		Flasher relay	flasher relay|indicator relay|turn signal relay	
sistema eléctrico > Unidades de control, sensores, relés > Componentes del sistema de iluminación y señalización > Interruptor de advertencia de peligro	element	electrical-system-electrical-system-control-units-sensors-relays-electrical-system-electrical-system-control-units-sensors-relays-components-of-the-lighting-and-signaling-system-hazard-warning-switch	Interruptor de advertencia de peligro	interruptor de emergencia|botón de warning|interruptor de warning|pulsador de emergencia|interruptor luces emergencia		Warnblinkschalter	warnblinkschalter|warnblinker schalter		Hazard warning switch	hazard switch|hazard warning switch	
sistema eléctrico > Unidades de control, sensores, relés > Componentes eléctricos > Relé multifuncional	element	electrical-system-electrical-system-control-units-sensors-relays-electrical-system-electrical-system-control-units-sensors-relays-electrical-components-multifunctional-relay	Relé multifuncional	relé multifunción|relé multifuncional		Multifunktionsrelais	multifunktionsrelais		Multifunctional relay	multifunction relay	
sistema eléctrico > Unidades de control, sensores, relés > Motor de arranque y componentes asociados > Solenoide de arranque	element	electrical-system-electrical-system-control-units-sensors-relays-electrical-system-electrical-system-control-units-sensors-relays-starter-motor-and-associated-components-starter-solenoid	Solenoide de arranque	solenoide de arranque|relé de arranque|automático de arranque|contactor de arranque		Magnetschalter Anlasser	magnetschalter anlasser|anlasser magnetschalter|starterrelais		Starter solenoid	starter solenoid	
sistema eléctrico > Kits de reparación > Componentes eléctricos > Alternador, repuestos	element	electrical-system-electrical-system-repair-kits-electrical-system-electrical-system-repair-kits-electrical-components-alternator-spare-parts	Alternador, repuestos	alternador|dinamo|generador|alternador coche		Lichtmaschine, Ersatzteile	lichtmaschine|generator|lima		Alternator, spare parts	alternator|generator	
sistema eléctrico > Kits de reparación > Componentes eléctricos > Piezas de arranque	element	electrical-system-electrical-system-repair-kits-electrical-system-electrical-system-repair-kits-electrical-components-starter-parts	Piezas de arranque	piezas de arranque		Starter Einzelteile	starter einzelteile		Starter parts	starter parts	
Chasis y dirección > gobierno > Extremos de barra de acoplamiento y componentes asociados > extremo de la barra de acoplamiento	element	chassis-and-steering-chassis-and-steering-steering-chassis-and-steering-chassis-and-steering-steering-tie-rod-ends-and-associated-components-tie-rod-end	extremo de la barra de acoplamiento	rótula de dirección|terminal de dirección|rótula axial exterior|extremo de barra de dirección		Spurstangenkopf	spurstangenkopf|spurstangengelenk|axialgelenk aussen		tie rod end	tie rod end|track rod end	
Chasis y dirección > gobierno > Barras de acoplamiento, barras de dirección y componentes relacionados > barra de acoplamiento	element	chassis-and-steering-chassis-and-steering-steering-chassis-and-steering-chassis-and-steering-steering-tie-rods-steering-rods-and-related-components-tie-rod	barra de acoplamiento	bieleta estabilizadora|bieleta de estabilizadora|enlace de estabilizadora|tirante estabilizador		Spurstange	koppelstange|pendelstütze|stabilenker|stabistrebe		tie rod	stabilizer link|sway bar link|drop link	
Chasis y dirección > gobierno > Barras de acoplamiento, barras de dirección y componentes relacionados > Articulación axial	element	chassis-and-steering-chassis-and-steering-steering-chassis-and-steering-chassis-and-steering-steering-tie-rods-steering-rods-and-related-components-axial-joint	Articulación axial	rótula axial|articulación axial|barra axial|rótula interior dirección		Axialgelenk	axialgelenk|axialstange|innerer spurstangenkopf		Axial joint	axial joint|inner tie rod	
Chasis y dirección > gobierno > Barras de acoplamiento, barras de dirección y componentes relacionados > manillar	element	chassis-and-steering-chassis-and-steering-steering-chassis-and-steering-chassis-and-steering-steering-tie-rods-steering-rods-and-related-components-handlebar	manillar	manillar		Lenkstange	lenkstange		handlebar	handlebar	
Chasis y dirección > gobierno > Bombas de dirección asistida y componentes relacionados > bomba de dirección asistida	element	chassis-and-steering-chassis-and-steering-steering-chassis-and-steering-chassis-and-steering-steering-power-steering-pumps-and-related-components-power-steering-pump	bomba de dirección asistida	bomba de dirección asistida|bomba de servodirección|bomba servo|bomba hidráulica dirección		Servopumpe	servopumpe|lenkhilfepumpe|servolenkungspumpe		power steering pump	power steering pump	
Chasis y dirección > gobierno > Bombas de dirección asistida y componentes relacionados > Dirección con filtro hidráulico	element	chassis-and-steering-chassis-and-steering-steering-chassis-and-steering-chassis-and-steering-steering-power-steering-pumps-and-related-components-hydraulic-filter-steering	Dirección con filtro hidráulico	dirección con filtro hidráulico		Hydraulikfilter Lenkung	hydraulikfilter lenkung		Hydraulic filter steering	hydraulic filter steering	
Chasis y dirección > gobierno > Componentes de dirección > Kit de reparación, mecanismo de dirección	element	chassis-and-steering-chassis-and-steering-steering-chassis-and-steering-chassis-and-steering-steering-steering-components-repair-kit-steering-gear	Kit de reparación, mecanismo de dirección	kit de reparación de caja de dirección|reparacion cremallera de dirección|kit reparacion direccion		Reparatursatz, Lenkgetriebe	reparatursatz lenkgetriebe|lenkgetriebe reparatursatz		Repair kit, steering gear	steering gear repair kit|steering rack repair kit	
Chasis y dirección > Enganche de remolque y accesorios > Enganches de remolque y componentes relacionados > Barra de remolque	element	chassis-and-steering-chassis-and-steering-towbar-and-accessories-chassis-and-steering-chassis-and-steering-towbar-and-accessories-trailer-hitches-and-related-components-towbar	Barra de remolque	enganche de remolque|bola de remolque|gancho de remolque|barra de remolque		Anhängerkupplung	anhängerkupplung|anhängevorrichtung|kugelkopf anhänger		Towbar	towbar|tow hitch|trailer hitch	
Chasis y dirección > Almacenamiento > Piezas de suspensión > cojinete de rueda	element	chassis-and-steering-chassis-and-steering-storage-chassis-and-steering-chassis-and-steering-storage-suspension-parts-wheel-bearing	cojinete de rueda	rodamiento de rueda|cojinete de rueda|rodamiento de buje|rodamiento de maza		Radlager	radlager|radlagersatz		wheel bearing	wheel bearing	
Suspensión > Suspensión de ruedas y manillar > Elementos de amortiguación > ballesta	element	suspension-suspension-wheel-suspension-handlebars-suspension-suspension-wheel-suspension-handlebars-damping-elements-leaf-spring	ballesta	ballesta|ballestas|hoja de ballesta|paquete de ballestas		Blattfeder	blattfeder|blattfedern		leaf spring	leaf spring|leaf springs	
Chasis y dirección > Almacenamiento > Piezas de suspensión > Cojinete central, eje cardán	element	chassis-and-steering-chassis-and-steering-storage-chassis-and-steering-chassis-and-steering-storage-suspension-parts-center-bearing-cardan-shaft	Cojinete central, eje cardán	cojinete central de transmisión|soporte central de cardán|rodamiento central transmisión		Mittellager, Kardanwelle	mittellager kardanwelle|hardy mittellager|mittellager gelenkwelle		Center bearing, cardan shaft	center bearing driveshaft|carrier bearing	
Chasis y dirección > Almacenamiento > Piezas de suspensión > Sello del eje, cubo de la rueda	element	chassis-and-steering-chassis-and-steering-storage-chassis-and-steering-chassis-and-steering-storage-suspension-parts-shaft-seal-wheel-hub	Sello del eje, cubo de la rueda	sello del eje cubo de la rueda		Wellendichtring, Radnabe	wellendichtring radnabe		Shaft seal, wheel hub	shaft seal wheel hub	
Chasis y dirección > Almacenamiento > Piezas del embrague > Cojinete de liberación	element	chassis-and-steering-chassis-and-steering-storage-chassis-and-steering-chassis-and-steering-storage-clutch-parts-release-bearing	Cojinete de liberación	cojinete de embrague|collarín de embrague|rodamiento de empuje|cojinete de empuje		Ausrücklager	ausrücklager|kupplungsausrücklager		Release bearing	release bearing|clutch release bearing|throwout bearing	
Chasis y dirección > Almacenamiento > Piezas del motor > Cojinetes de biela	element	chassis-and-steering-chassis-and-steering-storage-chassis-and-steering-chassis-and-steering-storage-engine-parts-connecting-rod-bearings	Cojinetes de biela	cojinete de biela|casquillo de biela|semicojinete de biela|metales de biela		Pleuellager	pleuellager|pleuellagerschalen		Connecting rod bearings	connecting rod bearing|rod bearing	
Chasis y dirección > Almacenamiento > Piezas del motor > Cojinetes del cigüeñal	element	chassis-and-steering-chassis-and-steering-storage-chassis-and-steering-chassis-and-steering-storage-engine-parts-crankshaft-bearings	Cojinetes del cigüeñal	cojinete de bancada|cojinete de cigüeñal|casquillo de bancada|metales de bancada		Kurbelwellenlager	kurbelwellenlager|hauptlager|kurbelwellenlagerschalen		Crankshaft bearings	crankshaft bearing|main bearing	
Chasis y dirección > Kits de reparación > Componentes del sistema de dirección > Kit de reparación, mecanismo de dirección	element	chassis-and-steering-chassis-and-steering-repair-kits-chassis-and-steering-chassis-and-steering-repair-kits-components-of-the-steering-system-repair-kit-steering-gear	Kit de reparación, mecanismo de dirección	kit de reparación de caja de dirección|reparacion cremallera de dirección|kit reparacion direccion		Reparatursatz, Lenkgetriebe	reparatursatz lenkgetriebe|lenkgetriebe reparatursatz		Repair kit, steering gear	steering gear repair kit|steering rack repair kit	
Suspensión > Suspensión de ruedas y manillar > Cojinetes de rueda y componentes relacionados > cubo de rueda	element	suspension-suspension-wheel-suspension-handlebars-suspension-suspension-wheel-suspension-handlebars-wheel-bearings-and-related-components-wheel-hub	cubo de rueda	buje de rueda|maza de rueda|cubo de rueda|mangueta con buje		Radnabe	radnabe|radnabe mit lager|radlagergehäuse		wheel hub	wheel hub|wheel hub assembly	
Suspensión > Suspensión de ruedas y manillar > Cojinetes de rueda y componentes relacionados > cojinete de rueda	element	suspension-suspension-wheel-suspension-handlebars-suspension-suspension-wheel-suspension-handlebars-wheel-bearings-and-related-components-wheel-bearing	cojinete de rueda	rodamiento de rueda|cojinete de rueda|rodamiento de buje|rodamiento de maza		Radlager	radlager|radlagersatz		wheel bearing	wheel bearing	
Suspensión > Suspensión de ruedas y manillar > Cojinetes de rueda y componentes relacionados > Sello del eje, cubo de la rueda	element	suspension-suspension-wheel-suspension-handlebars-suspension-suspension-wheel-suspension-handlebars-wheel-bearings-and-related-components-shaft-seal-wheel-hub	Sello del eje, cubo de la rueda	sello del eje cubo de la rueda		Wellendichtring, Radnabe	wellendichtring radnabe		Shaft seal, wheel hub	shaft seal wheel hub	
Suspensión > Suspensión de ruedas y manillar > Cojinetes de rueda y componentes relacionados > Enlace estabilizador	element	suspension-suspension-wheel-suspension-handlebars-suspension-suspension-wheel-suspension-handlebars-wheel-bearings-and-related-components-stabilizer-link	Enlace estabilizador	bieleta estabilizadora|bieleta de estabilizadora|enlace de estabilizadora|tirante estabilizador		Koppelstange	koppelstange|pendelstütze|stabilenker|stabistrebe		Stabilizer link	stabilizer link|sway bar link|drop link	
Suspensión > Suspensión de ruedas y manillar > Cojinetes de rueda y componentes relacionados > Cauchos estabilizadores	element	suspension-suspension-wheel-suspension-handlebars-suspension-suspension-wheel-suspension-handlebars-wheel-bearings-and-related-components-stabilizing-rubbers	Cauchos estabilizadores	gomas de estabilizadora|casquillos de estabilizadora|silentblock de estabilizadora|caucho estabilizadora		Stabilgummis	stabigummis|stabilisator gummilager|stabilisatorlager|stabilager		Stabilizing rubbers	stabilizer bushings|sway bar bushings	
Suspensión > Suspensión de ruedas y manillar > Cojinetes de rueda y componentes relacionados > estabilizador	element	suspension-suspension-wheel-suspension-handlebars-suspension-suspension-wheel-suspension-handlebars-wheel-bearings-and-related-components-stabilizer	estabilizador	estabilizador|barra estabilizadora		Stabilisator	stabilisator		stabilizer	stabilizer|sway bar	
Suspensión > Suspensión de ruedas y manillar > Cojinetes de rueda y componentes relacionados > Soporte, cojinete estabilizador	element	suspension-suspension-wheel-suspension-handlebars-suspension-suspension-wheel-suspension-handlebars-wheel-bearings-and-related-components-bracket-stabilizer-bearing	Soporte, cojinete estabilizador	soporte de estabilizadora|abrazadera de estabilizadora|brida estabilizadora		Halter, Stabilisatorlagerung	stabilisator halter|haltebügel stabilisator|halter stabilisatorlagerung		Bracket, stabilizer bearing	stabilizer bracket|sway bar bracket	
Suspensión > Suspensión de ruedas y manillar > Cojinetes de rueda y componentes relacionados > Cojinete del brazo de control	element	suspension-suspension-wheel-suspension-handlebars-suspension-suspension-wheel-suspension-handlebars-wheel-bearings-and-related-components-control-arm-bearing	Cojinete del brazo de control	silentblock de brazo|casquillo de brazo de control|goma de trapecio|buje de trapecio		Querlenkerlager	querlenkerlager|querlenker buchse|lagerbuchse querlenker|querlenkergummi		Control arm bearing	control arm bushing|wishbone bush	
Suspensión > Suspensión de ruedas y manillar > Cojinetes de rueda y componentes relacionados > Kit de reparación, brazo de control	element	suspension-suspension-wheel-suspension-handlebars-suspension-suspension-wheel-suspension-handlebars-wheel-bearings-and-related-components-repair-kit-control-arm	Kit de reparación, brazo de control	kit de reparación de brazo|kit brazo de suspensión|reparacion trapecio		Reparatursatz, Querlenker	reparatursatz querlenker|querlenker reparatursatz		Repair kit, control arm	control arm repair kit	
Suspensión > Suspensión de ruedas y manillar > Cojinetes de rueda y componentes relacionados > Kit de montaje, manillar	element	suspension-suspension-wheel-suspension-handlebars-suspension-suspension-wheel-suspension-handlebars-wheel-bearings-and-related-components-mounting-kit-handlebars	Kit de montaje, manillar	kit de montaje de brazo|kit silentblocks brazo|kit montaje trapecio		Montagesatz, Lenker	montagesatz querlenker|montagesatz lenker		Mounting kit, handlebars	control arm mounting kit	
Suspensión > Suspensión de ruedas y manillar > Rótulas y componentes relacionados > Rótula	element	suspension-suspension-wheel-suspension-handlebars-suspension-suspension-wheel-suspension-handlebars-ball-joints-and-related-components-ball-joint	Rótula	rótula|rótula de suspensión|rótula inferior|rótula de brazo		Traggelenk	traggelenk|kugelgelenk|führungsgelenk		Ball joint	ball joint|suspension ball joint	
Suspensión > Suspensión de ruedas y manillar > Componentes de dirección > extremo de la barra de acoplamiento	element	suspension-suspension-wheel-suspension-handlebars-suspension-suspension-wheel-suspension-handlebars-steering-components-tie-rod-end	extremo de la barra de acoplamiento	rótula de dirección|terminal de dirección|rótula axial exterior|extremo de barra de dirección		Spurstangenkopf	spurstangenkopf|spurstangengelenk|axialgelenk aussen		tie rod end	tie rod end|track rod end	
Suspensión > Suspensión de ruedas y manillar > Componentes de dirección > Articulación axial	element	suspension-suspension-wheel-suspension-handlebars-suspension-suspension-wheel-suspension-handlebars-steering-components-axial-joint	Articulación axial	rótula axial|articulación axial|barra axial|rótula interior dirección		Axialgelenk	axialgelenk|axialstange|innerer spurstangenkopf		Axial joint	axial joint|inner tie rod	
Suspensión > Suspensión de ruedas y manillar > Piezas de montaje de ruedas > Pernos y tuercas de rueda	element	suspension-suspension-wheel-suspension-handlebars-suspension-suspension-wheel-suspension-handlebars-wheel-mounting-parts-wheel-bolts-and-wheel-nuts	Pernos y tuercas de rueda	tornillos de rueda|tuercas de rueda|bulones de rueda|espárragos de rueda		Radschrauben und Radmuttern	radschrauben|radmuttern|radbolzen		Wheel bolts and wheel nuts	wheel bolts|wheel nuts|lug nuts	
Suspensión > Suspensión de ruedas y manillar > Soportes de motor y transmisión > soportes del motor	element	suspension-suspension-wheel-suspension-handlebars-suspension-suspension-wheel-suspension-handlebars-engine-and-transmission-mounts-engine-mounts	soportes del motor	soporte de motor|taco de motor|silentblock de motor|soporte de motor coche		Motorlager	motorlager|motorhalter|motoraufhängung		engine mounts	engine mount|motor mount|engine mounting	
Suspensión > Suspensión de ruedas y manillar > Soportes de motor y transmisión > cojinete de caja de cambios	element	suspension-suspension-wheel-suspension-handlebars-suspension-suspension-wheel-suspension-handlebars-engine-and-transmission-mounts-gearbox-bearing	cojinete de caja de cambios	cojinete de caja de cambios		Getriebelager	getriebelager		gearbox bearing	gearbox bearing	
Suspensión > Suspensión de ruedas y manillar > Cuerpo del eje y componentes asociados > cuerpo del eje	element	suspension-suspension-wheel-suspension-handlebars-suspension-suspension-wheel-suspension-handlebars-axle-body-and-associated-components-axle-body	cuerpo del eje	cuerpo del eje|travesaño del eje|cuna de motor|puente delantero|bastidor auxiliar		Achskörper	achskörper|achsträger|fahrschemel|hilfsrahmen		axle body	axle body|axle carrier|subframe|axle crossmember	
Suspensión > Suspensión de ruedas y manillar > Cuerpo del eje y componentes asociados > portaejes	element	suspension-suspension-wheel-suspension-handlebars-suspension-suspension-wheel-suspension-handlebars-axle-body-and-associated-components-axle-carrier	portaejes	cuerpo del eje|travesaño del eje|cuna de motor|puente delantero|bastidor auxiliar		Achsträger	achskörper|achsträger|fahrschemel|hilfsrahmen		axle carrier	axle body|axle carrier|subframe|axle crossmember	
Suspensión > Suspensión de ruedas y manillar > Componentes del sistema ABS > Sensor ABS	element	suspension-suspension-wheel-suspension-handlebars-suspension-suspension-wheel-suspension-handlebars-abs-system-components-abs-sensor	Sensor ABS	sensor abs|sensor de rueda abs|captador abs|sensor de revoluciones rueda			abs sensor|raddrehzahlsensor|drehzahlsensor rad		ABS sensor	abs sensor|wheel speed sensor	
Suspensión > Suspensión de ruedas y manillar > Elementos de amortiguación > Kit de cubierta antipolvo de amortiguador y tope de impacto	element	suspension-suspension-wheel-suspension-handlebars-suspension-suspension-wheel-suspension-handlebars-damping-elements-shock-absorber-dust-cover-kit-and-bump-stop	Kit de cubierta antipolvo de amortiguador y tope de impacto	fuelle de amortiguador|tope de amortiguador|kit guardapolvo amortiguador|topes de suspensión		Stoßdämpfer Staubschutzsatz und Anschlagpuffer	staubschutzsatz stoßdämpfer|anschlagpuffer|faltenbalg stoßdämpfer|staubmanschette stoßdämpfer		Shock absorber dust cover kit and bump stop	shock absorber dust cover|bump stop|bump stop kit	
Suspensión > Suspensión de ruedas y manillar > Elementos de amortiguación > Cojinetes, amortiguadores	element	suspension-suspension-wheel-suspension-handlebars-suspension-suspension-wheel-suspension-handlebars-damping-elements-bearings-shock-absorbers	Cojinetes, amortiguadores	soporte de amortiguador|copela de amortiguador|cojinete de amortiguador|torreta de amortiguador|silentblock amortiguador		Lagerung, Stoßdämpfer	domlager|stoßdämpferlager|federbeinstützlager|stützlager		Bearings, shock absorbers	shock absorber mount|strut mount|strut top mount	
Suspensión > Suspensión de ruedas y manillar > Elementos de amortiguación > Soporte de amortiguador	element	suspension-suspension-wheel-suspension-handlebars-suspension-suspension-wheel-suspension-handlebars-damping-elements-shock-absorber-mount	Soporte de amortiguador	soporte de amortiguador|copela de amortiguador|cojinete de amortiguador|torreta de amortiguador|silentblock amortiguador		Stoßdämpfer Halterung	domlager|stoßdämpferlager|federbeinstützlager|stützlager		Shock absorber mount	shock absorber mount|strut mount|strut top mount	
Suspensión > Suspensión de ruedas y manillar > Muñón de dirección y componentes asociados > piedra angular	element	suspension-suspension-wheel-suspension-handlebars-suspension-suspension-wheel-suspension-handlebars-steering-knuckle-and-associated-components-kingpin	piedra angular	pivote de mangueta|perno de mangueta|pivote maestro|bulón de mangueta		Achsschenkelbolzen	achsschenkelbolzen|königsbolzen		kingpin	kingpin|steering knuckle pin	
Suspensión > Suspensión de ruedas y manillar > Muñón de dirección y componentes asociados > Buje, pivote central	element	suspension-suspension-wheel-suspension-handlebars-suspension-suspension-wheel-suspension-handlebars-steering-knuckle-and-associated-components-bushing-kingpin	Buje, pivote central	casquillo de mangueta|buje de pivote|casquillo pivote mangueta		Buchse, Achsschenkelbolzen	achsschenkelbolzen buchse|königsbolzen buchse|buchse achsschenkelbolzen		Bushing, kingpin	kingpin bushing|steering knuckle bushing	
Suspensión > Suspensión de ruedas y manillar > Componentes eléctricos > Sensor de presión de neumáticos (TPMS)	element	suspension-suspension-wheel-suspension-handlebars-suspension-suspension-wheel-suspension-handlebars-electrical-components-tire-pressure-sensor-tpms	Sensor de presión de neumáticos (TPMS)	sensor de presión de neumáticos|sensor tpms|válvula tpms|sensor presion ruedas		Reifendrucksensor (RDKS)	reifendrucksensor|rdks sensor		Tire pressure sensor (TPMS)	tire pressure sensor|tpms sensor	
Suspensión > suspensión > Amortiguadores, muelles helicoidales, ballestas y componentes relacionados > amortiguadores	element	suspension-suspension-suspension-suspension-suspension-suspension-shock-absorbers-coil-springs-leaf-springs-and-related-components-shock-absorbers	amortiguadores	amortiguador|amortiguadores|amortiguador de gas|amortidor		Stoßdämpfer	stoßdämpfer|stossdämpfer|dämpfer		shock absorbers	shock absorber|shock|damper	
Suspensión > suspensión > Amortiguadores, muelles helicoidales, ballestas y componentes relacionados > Kit de cubierta antipolvo de amortiguador y tope de impacto	element	suspension-suspension-suspension-suspension-suspension-suspension-shock-absorbers-coil-springs-leaf-springs-and-related-components-shock-absorber-dust-cover-kit-and-bump-stop	Kit de cubierta antipolvo de amortiguador y tope de impacto	fuelle de amortiguador|tope de amortiguador|kit guardapolvo amortiguador|topes de suspensión		Stoßdämpfer Staubschutzsatz und Anschlagpuffer	staubschutzsatz stoßdämpfer|anschlagpuffer|faltenbalg stoßdämpfer|staubmanschette stoßdämpfer		Shock absorber dust cover kit and bump stop	shock absorber dust cover|bump stop|bump stop kit	
Suspensión > suspensión > Amortiguadores, muelles helicoidales, ballestas y componentes relacionados > ballesta	element	suspension-suspension-suspension-suspension-suspension-suspension-shock-absorbers-coil-springs-leaf-springs-and-related-components-leaf-spring	ballesta	ballesta|ballestas|hoja de ballesta|paquete de ballestas		Blattfeder	blattfeder|blattfedern		leaf spring	leaf spring|leaf springs	
Transmisión > Embrague/accesorios > Kits de embrague y componentes relacionados > Kit de embrague	element	transmission-transmission-clutch-attachments-transmission-transmission-clutch-attachments-clutch-kits-and-related-components-clutch-kit	Kit de embrague	kit de embrague|conjunto de embrague|embrague completo|kit embrague		Kupplungssatz	kupplungssatz|kupplungskit		Clutch kit	clutch kit	
Transmisión > Embrague/accesorios > Kits de embrague y componentes relacionados > Cojinete de liberación	element	transmission-transmission-clutch-attachments-transmission-transmission-clutch-attachments-clutch-kits-and-related-components-release-bearing	Cojinete de liberación	cojinete de embrague|collarín de embrague|rodamiento de empuje|cojinete de empuje		Ausrücklager	ausrücklager|kupplungsausrücklager		Release bearing	release bearing|clutch release bearing|throwout bearing	
Transmisión > Embrague/accesorios > Kits de embrague y componentes relacionados > disco de embrague	element	transmission-transmission-clutch-attachments-transmission-transmission-clutch-attachments-clutch-kits-and-related-components-clutch-disc	disco de embrague	disco de embrague|plato de embrague|disco de fricción		Kupplungsscheibe	kupplungsscheibe		clutch disc	clutch disc|clutch plate	
Transmisión > Embrague/accesorios > Kits de embrague y componentes relacionados > Placa de presión del embrague	element	transmission-transmission-clutch-attachments-transmission-transmission-clutch-attachments-clutch-kits-and-related-components-clutch-pressure-plate	Placa de presión del embrague	plato de presión de embrague|maza de embrague|prensa de embrague		Kupplungsdruckplatte	kupplungsdruckplatte|druckplatte kupplung		Clutch pressure plate	clutch pressure plate|clutch cover	
Transmisión > Embrague/accesorios > Kits de embrague y componentes relacionados > Campamento de mando	element	transmission-transmission-clutch-attachments-transmission-transmission-clutch-attachments-clutch-kits-and-related-components-command-camp	Campamento de mando	campamento de mando		Führungslager	führungslager		Command camp	command camp	
Transmisión > Embrague/accesorios > Componentes del mecanismo de liberación del embrague > Cilindro maestro del embrague	element	transmission-transmission-clutch-attachments-transmission-transmission-clutch-attachments-components-of-the-clutch-release-mechanism-clutch-master-cylinder	Cilindro maestro del embrague	bomba de embrague|cilindro maestro de embrague|emisor de embrague|cilindro emisor embrague		Kupplungsgeberzylinder	kupplungsgeberzylinder|geberzylinder kupplung		Clutch master cylinder	clutch master cylinder	
Transmisión > Embrague/accesorios > Componentes del mecanismo de liberación del embrague > Cilindro esclavo del embrague	element	transmission-transmission-clutch-attachments-transmission-transmission-clutch-attachments-components-of-the-clutch-release-mechanism-clutch-slave-cylinder	Cilindro esclavo del embrague	bombín de embrague|cilindro receptor de embrague|cilindro esclavo embrague		Kupplungsnehmerzylinder	kupplungsnehmerzylinder|nehmerzylinder kupplung		Clutch slave cylinder	clutch slave cylinder	
Transmisión > Embrague/accesorios > Componentes del mecanismo de liberación del embrague > Pedales y cubiertas de pedales	element	transmission-transmission-clutch-attachments-transmission-transmission-clutch-attachments-components-of-the-clutch-release-mechanism-pedals-and-pedal-coverings	Pedales y cubiertas de pedales	gomas de pedal|cubrepedales|forros de pedal|almohadillas de pedal		Pedals und Pedalbelag	pedalbelag|pedalgummi|pedalauflage		Pedals and pedal coverings	pedal covers|pedal rubbers|pedal pads	
Transmisión > Embrague/accesorios > Componentes del mecanismo de liberación del embrague > Kit de reparación, cilindro esclavo del embrague	element	transmission-transmission-clutch-attachments-transmission-transmission-clutch-attachments-components-of-the-clutch-release-mechanism-repair-kit-clutch-slave-cylinder	Kit de reparación, cilindro esclavo del embrague	kit de reparación bombín de embrague|reparacion cilindro receptor embrague		Reparatursatz, Kupplungsnehmerzylinder	reparatursatz kupplungsnehmerzylinder|kupplungsnehmerzylinder reparatursatz		Repair kit, clutch slave cylinder	clutch slave cylinder repair kit	
Transmisión > Embrague/accesorios > Volantes y componentes relacionados > volante	element	transmission-transmission-clutch-attachments-transmission-transmission-clutch-attachments-flywheels-and-related-components-flywheel	volante	volante motor|volante de inercia|volante bimasa|volante de embrague		Schwungrad	schwungrad|zweimassenschwungrad|schwungscheibe		flywheel	flywheel|dual mass flywheel	
Transmisión > Embrague/accesorios > Volantes y componentes relacionados > tornillo del volante	element	transmission-transmission-clutch-attachments-transmission-transmission-clutch-attachments-flywheels-and-related-components-flywheel-screw	tornillo del volante	tornillos de volante|pernos de volante|tornillos volante motor		Schwungradschaube	schwungradschrauben|schwungrad schrauben		flywheel screw	flywheel bolts	
Transmisión > Embrague/accesorios > Herramientas > Herramienta de embrague	element	transmission-transmission-clutch-attachments-transmission-transmission-clutch-attachments-tools-clutch-tool	Herramienta de embrague	herramienta de embrague		Kupplungswerkzeug	kupplungswerkzeug		Clutch tool	clutch tool	
Transmisión > Embrague/accesorios > Cuidado del coche > Limpiador de embrague y frenos	element	transmission-transmission-clutch-attachments-transmission-transmission-clutch-attachments-car-care-clutch-and-brake-cleaner	Limpiador de embrague y frenos	limpiador de frenos|limpia frenos|limpiador de embrague|spray limpiafrenos		Kupplungs- und Bremsenreiniger	bremsenreiniger|kupplungsreiniger|bremsen und kupplungsreiniger		Clutch and brake cleaner	brake cleaner|brake and clutch cleaner	
Transmisión > transmisión > Productos para la lubricación de cajas de cambios > Aceite para engranajes y aceite para caja de transferencia	element	transmission-transmission-transmission-transmission-transmission-transmission-products-for-gearbox-lubrication-gear-oil-and-transfer-case-oil	Aceite para engranajes y aceite para caja de transferencia			Getriebeöl und Verteilergetriebeöl	getriebeöl und verteilergetriebeöl		Gear oil and transfer case oil	gear oil and transfer case oil	
Transmisión > transmisión > Productos para la lubricación de cajas de cambios > Automatic transmission, oil filter ناقل حركة أوتوماتيكي، فلتر زيت Boîte de vitesses automatique, filtre à huile Automatski mjenjač, ​​filter ulja Cambio automatico, filtro dell'olio	element	transmission-transmission-transmission-transmission-transmission-transmission-products-for-gearbox-lubrication	Automatic transmission, oil filter ناقل حركة أوتوماتيكي، فلتر زيت Boîte de vitesses automatique, filtre à huile Automatski mjenjač, ​​filter ulja Cambio automatico, filtro dell'olio			Automatikgetriebe, Ölfilter Transmisión automática, filtro de aceite			オートマチックトランスミッション、オイルフィルター		
Transmisión > transmisión > Productos para la lubricación de cajas de cambios > Junta del cárter de aceite de transmisión automática	element	transmission-transmission-transmission-transmission-transmission-transmission-products-for-gearbox-lubrication-automatic-transmission-oil-pan-gasket	Junta del cárter de aceite de transmisión automática	junta del cárter de aceite de transmisión automática		Dichtung, Ölwanne-Automatikgetriebe	dichtung ölwanne-automatikgetriebe		Automatic transmission oil pan gasket	automatic transmission oil pan gasket	
Transmisión > transmisión > Productos para la lubricación de cajas de cambios > Sello de aceite de la caja de cambios	element	transmission-transmission-transmission-transmission-transmission-transmission-products-for-gearbox-lubrication-gearbox-oil-seal	Sello de aceite de la caja de cambios	retén de caja de cambios|retén de transmisión|reten de salida de cambio		Getriebe Simmering	getriebe simmerring|getriebedichtring|wellendichtring getriebe		Gearbox oil seal	gearbox oil seal|transmission oil seal	
Transmisión > transmisión > Productos para la lubricación de cajas de cambios > Líquido de transmisión automática	element	transmission-transmission-transmission-transmission-transmission-transmission-products-for-gearbox-lubrication-automatic-transmission-fluid	Líquido de transmisión automática	aceite de cambio automático|líquido de transmisión automática|aceite atf|valvulina automática		Automatikgetriebeöl	automatikgetriebeöl|atf öl		Automatic transmission fluid	automatic transmission fluid|automatic transmission oil	
Transmisión > transmisión > Productos para la lubricación de cajas de cambios > cárter de aceite de transmisión	element	transmission-transmission-transmission-transmission-transmission-transmission-products-for-gearbox-lubrication-transmission-oil-pan	cárter de aceite de transmisión	cárter de cambio|cárter de aceite de transmisión|cárter de caja de cambios		Getriebeölwanne	getriebeölwanne|ölwanne getriebe		transmission oil pan	transmission oil pan	
Transmisión > transmisión > cojinete de caja de cambios > cojinete de caja de cambios	element	transmission-transmission-transmission-transmission-transmission-transmission-gearbox-bearing-gearbox-bearing	cojinete de caja de cambios	cojinete de caja de cambios		Getriebelager	getriebelager		gearbox bearing	gearbox bearing	
Transmisión > transmisión > Piezas de transmisión eléctrica > Válvula de cambio, transmisión automática	element	transmission-transmission-transmission-transmission-transmission-transmission-electrical-transmission-parts-shift-valve-automatic-transmission	Válvula de cambio, transmisión automática	válvula de cambio automático|electroválvula de cambio|solenoide de cambio		Schaltventil, Automatikgetriebe	schaltventil automatikgetriebe|magnetventil getriebe		Shift valve, automatic transmission	shift valve automatic transmission|transmission solenoid	
Transmisión > transmisión > Volantes y componentes relacionados > volante	element	transmission-transmission-transmission-transmission-transmission-transmission-flywheels-and-related-components-flywheel	volante	volante motor|volante de inercia|volante bimasa|volante de embrague		Schwungrad	schwungrad|zweimassenschwungrad|schwungscheibe		flywheel	flywheel|dual mass flywheel	
Transmisión > Ejes cardán y diferencial > Ejes cardán y componentes relacionados > Disco Hardy	element	transmission-transmission-cardan-shafts-differential-transmission-transmission-cardan-shafts-differential-cardan-shafts-and-related-components-hardy-disc	Disco Hardy	disco hardy|acoplamiento flexible|junta elástica de transmisión|trisqueta		Hardyscheibe	hardyscheibe|gelenkscheibe|flexscheibe		Hardy disc	flex disc|hardy disc|flex joint	
Transmisión > Ejes cardán y diferencial > Ejes cardán y componentes relacionados > Cojinete central, eje cardán	element	transmission-transmission-cardan-shafts-differential-transmission-transmission-cardan-shafts-differential-cardan-shafts-and-related-components-center-bearing-cardan-shaft	Cojinete central, eje cardán	cojinete central de transmisión|soporte central de cardán|rodamiento central transmisión		Mittellager, Kardanwelle	mittellager kardanwelle|hardy mittellager|mittellager gelenkwelle		Center bearing, cardan shaft	center bearing driveshaft|carrier bearing	
Transmisión > Ejes cardán y diferencial > Ejes cardán y componentes relacionados > Sello de eje, diferencial	element	transmission-transmission-cardan-shafts-differential-transmission-transmission-cardan-shafts-differential-cardan-shafts-and-related-components-shaft-seal-differential	Sello de eje, diferencial	retén de diferencial|reten de palier diferencial|reten salida diferencial		Wellendichtring, Differential	differential simmerring|wellendichtring differential|simmerring differential		Shaft seal, differential	differential seal	
Transmisión > Ejes cardán y diferencial > Aceites y líquidos > Aceite para engranajes y aceite para caja de transferencia	element	transmission-transmission-cardan-shafts-differential-transmission-transmission-cardan-shafts-differential-oils-and-liquids-gear-oil-and-transfer-case-oil	Aceite para engranajes y aceite para caja de transferencia			Getriebeöl und Verteilergetriebeöl	getriebeöl und verteilergetriebeöl		Gear oil and transfer case oil	gear oil and transfer case oil	
Transmisión > Ejes cardán y diferencial > Aceites y líquidos > Líquido de transmisión automática	element	transmission-transmission-cardan-shafts-differential-transmission-transmission-cardan-shafts-differential-oils-and-liquids-automatic-transmission-fluid	Líquido de transmisión automática	aceite de cambio automático|líquido de transmisión automática|aceite atf|valvulina automática		Automatikgetriebeöl	automatikgetriebeöl|atf öl		Automatic transmission fluid	automatic transmission fluid|automatic transmission oil	
Transmisión > Kits de reparación > Piezas del embrague > Kit de reparación, cilindro maestro del embrague	element	transmission-transmission-repair-kits-transmission-transmission-repair-kits-clutch-parts-repair-kit-clutch-master-cylinder	Kit de reparación, cilindro maestro del embrague	kit de reparación bomba de embrague|reparacion cilindro maestro embrague		Reparatursatz, Kupplungsgeberzylinder	reparatursatz kupplungsgeberzylinder|kupplungsgeberzylinder reparatursatz		Repair kit, clutch master cylinder	clutch master cylinder repair kit	
Transmisión > Kits de reparación > Piezas del embrague > Kit de reparación, cilindro esclavo del embrague	element	transmission-transmission-repair-kits-transmission-transmission-repair-kits-clutch-parts-repair-kit-clutch-slave-cylinder	Kit de reparación, cilindro esclavo del embrague	kit de reparación bombín de embrague|reparacion cilindro receptor embrague		Reparatursatz, Kupplungsnehmerzylinder	reparatursatz kupplungsnehmerzylinder|kupplungsnehmerzylinder reparatursatz		Repair kit, clutch slave cylinder	clutch slave cylinder repair kit	
Interior > interior-interior > Partes interiores > Pedales y cubiertas de pedales	element	interior-interior-interior-interior-interior-interior-interior-parts-pedals-and-pedal-coverings	Pedales y cubiertas de pedales	gomas de pedal|cubrepedales|forros de pedal|almohadillas de pedal		Pedals und Pedalbelag	pedalbelag|pedalgummi|pedalauflage		Pedals and pedal coverings	pedal covers|pedal rubbers|pedal pads	
Interior > interior-interior > Partes interiores > revestimiento	element	interior-interior-interior-interior-interior-interior-interior-parts-cladding	revestimiento			Verkleidung			cladding		
Interior > interior-interior > Cerraduras y componentes relacionados > manija de la puerta	element	interior-interior-interior-interior-interior-interior-locks-and-related-components-door-handle	manija de la puerta			Türgriff			door handle		
Interior > interior-interior > Componentes eléctricos > Iluminación del velocímetro	element	interior-interior-interior-interior-interior-interior-electrical-components-speedometer-illumination	Iluminación del velocímetro			Tachobeleuchtung			Speedometer illumination		
Interior > interior-interior > Componentes eléctricos > interruptor de luz de freno	element	interior-interior-interior-interior-interior-interior-electrical-components-brake-light-switch	interruptor de luz de freno	interruptor de luz de freno|interruptor de freno|contacto de luz de freno|manocontacto freno		Bremslichtschalter	bremslichtschalter		brake light switch	brake light switch	
Interior > interior-interior > Componentes eléctricos > Interruptor de advertencia de peligro	element	interior-interior-interior-interior-interior-interior-electrical-components-hazard-warning-switch	Interruptor de advertencia de peligro	interruptor de emergencia|botón de warning|interruptor de warning|pulsador de emergencia|interruptor luces emergencia		Warnblinkschalter	warnblinkschalter|warnblinker schalter		Hazard warning switch	hazard switch|hazard warning switch	
Interior > interior-interior > Componentes eléctricos > Relé multifuncional	element	interior-interior-interior-interior-interior-interior-electrical-components-multifunctional-relay	Relé multifuncional	relé multifunción|relé multifuncional		Multifunktionsrelais	multifunktionsrelais		Multifunctional relay	multifunction relay	
Interior > interior-interior > Componentes del sistema de iluminación y señalización > Iluminación interior	element	interior-interior-interior-interior-interior-interior-components-of-the-lighting-and-signaling-system-interior-lighting	Iluminación interior	iluminación interior|luz interior|plafón interior|luz de techo		Innenraumbeleuchtung	innenraumbeleuchtung|innenleuchte|leseleuchte		Interior lighting	interior lighting|interior light|dome light	
Interior > interior-interior > Componentes del sistema de iluminación y señalización > luz de la puerta	element	interior-interior-interior-interior-interior-interior-components-of-the-lighting-and-signaling-system-door-light	luz de la puerta			Türleuchte			door light		
Interior > interior-interior > Componentes del sistema de iluminación y señalización > luz del maletero	element	interior-interior-interior-interior-interior-interior-components-of-the-lighting-and-signaling-system-trunk-light	luz del maletero	luz del maletero|luz de maletero|iluminación de maletero		Kofferraumbeleuchtung	kofferraumbeleuchtung|kofferraumleuchte		trunk light	trunk light|boot light	
Interior > interior-interior > Componentes del sistema de iluminación y señalización > Relé de intermitencia	element	interior-interior-interior-interior-interior-interior-components-of-the-lighting-and-signaling-system-flasher-relay	Relé de intermitencia	relé de intermitencia|relé de intermitentes|central de intermitencia|relé de destellos		Blinkerrelais	blinkerrelais|blinkgeber		Flasher relay	flasher relay|indicator relay|turn signal relay	
Carrocería > Sistema lavaparabrisas > Limpiaparabrisas y componentes relacionados > limpiaparabrisas	element	body-body-windscreen-washer-system-body-body-windscreen-washer-system-windscreen-wipers-and-related-components-windshield-wipers	limpiaparabrisas			Scheibenwischer			windshield wipers		
Carrocería > Sistema lavaparabrisas > Limpiaparabrisas y componentes relacionados > brazo del limpiaparabrisas	element	body-body-windscreen-washer-system-body-body-windscreen-washer-system-windscreen-wipers-and-related-components-wiper-arm	brazo del limpiaparabrisas			Wischerarm			wiper arm		
Carrocería > Sistema lavaparabrisas > Limpiaparabrisas y componentes relacionados > Limpiaparabrisas	element	body-body-windscreen-washer-system-body-body-windscreen-washer-system-windscreen-wipers-and-related-components-headlight-wipers	Limpiaparabrisas			Scheinwerfer-Wischer			Headlight wipers		
Carrocería > Sistema lavaparabrisas > Componentes del accionamiento del limpiaparabrisas > motor del limpiaparabrisas	element	body-body-windscreen-washer-system-body-body-windscreen-washer-system-components-of-the-windshield-wiper-drive-windshield-wiper-motor	motor del limpiaparabrisas			Scheibenwischermotor			windshield wiper motor		
Carrocería > Sistema lavaparabrisas > Componentes del sistema lavaparabrisas y lavaparabrisas trasero > Bomba de lavado	element	body-body-windscreen-washer-system-body-body-windscreen-washer-system-components-of-the-windshield-and-rear-window-washer-system-washer-pump	Bomba de lavado			Waschwasserpumpe			Washer pump		
Carrocería > Sistema lavaparabrisas > Componentes del sistema lavaparabrisas y lavaparabrisas trasero > Depósito de líquido lavaparabrisas	element	body-body-windscreen-washer-system-body-body-windscreen-washer-system-components-of-the-windshield-and-rear-window-washer-system-windshield-washer-fluid-reservoir	Depósito de líquido lavaparabrisas			Wischwasserbehälter			Windshield washer fluid reservoir		
Carrocería > Sistema lavaparabrisas > Componentes del sistema lavaparabrisas y lavaparabrisas trasero > Bomba lavaparabrisas, limpieza de faros	element	body-body-windscreen-washer-system-body-body-windscreen-washer-system-components-of-the-windshield-and-rear-window-washer-system-washer-pump-headlight-cleaning	Bomba lavaparabrisas, limpieza de faros			Waschwasserpumpe, Scheinwerferreinigung			Washer pump, headlight cleaning		
enfriamiento > enfriamiento > Cuidado del coche > Sellador universal	element	cooling-cooling-cooling-cooling-cooling-cooling-car-care-universal-sealant	Sellador universal	sellador de radiador|tapafugas radiador|sellafugas refrigeración		Universal-Dichtmasse	kühlerdichtmittel|kühlerdicht|dichtmittel kühler		Universal sealant	radiator sealant|radiator stop leak	
Carrocería > Sistema lavaparabrisas > Componentes del sistema lavaparabrisas y lavaparabrisas trasero > Conector de la manguera del lavaparabrisas	element	body-body-windscreen-washer-system-body-body-windscreen-washer-system-components-of-the-windshield-and-rear-window-washer-system-windshield-washer-hose-connector	Conector de la manguera del lavaparabrisas			Wischwasserschlauch-Verbinder			Windshield washer hose connector		
Carrocería > Sistema lavaparabrisas > Componentes electrónicos del sistema limpiaparabrisas > Interruptor de la columna de dirección	element	body-body-windscreen-washer-system-body-body-windscreen-washer-system-electronic-components-of-the-windshield-wiper-system-steering-column-switch	Interruptor de la columna de dirección			Lenkstockschalter			Steering column switch		
Carrocería > Sistema lavaparabrisas > Componentes electrónicos del sistema limpiaparabrisas > Relé del limpiaparabrisas	element	body-body-windscreen-washer-system-body-body-windscreen-washer-system-electronic-components-of-the-windshield-wiper-system-windscreen-wiper-relay	Relé del limpiaparabrisas			Scheibenwischer-Relais			Windscreen wiper relay		
Carrocería > cuerpo > Espejos retrovisores y componentes relacionados > Espejos exteriores	element	body-body-body-body-body-body-rearview-mirrors-and-related-components-exterior-mirrors	Espejos exteriores			Außenspiegel			Exterior mirrors		
Carrocería > cuerpo > guardabarros y componentes asociados > Revestimiento del paso de rueda	element	body-body-body-body-body-body-mudguards-and-associated-components-wheel-arch-liner	Revestimiento del paso de rueda			Radhausschale			Wheel arch liner		
Carrocería > cuerpo > guardabarros y componentes asociados > defensa	element	body-body-body-body-body-body-mudguards-and-associated-components-fender	defensa			Kotflügel			fender		
Carrocería > cuerpo > Componentes del sistema de iluminación y señalización > luces traseras	element	body-body-body-body-body-body-components-of-the-lighting-and-signaling-system-taillights	luces traseras	luces traseras|pilotos traseros|faros traseros|piloto trasero|grupo óptico trasero		Rückleuchten	rückleuchten|heckleuchten|rücklicht		taillights	taillights|tail lights|rear lights	
Carrocería > cuerpo > Componentes del sistema de iluminación y señalización > faros delanteros	element	body-body-body-body-body-body-components-of-the-lighting-and-signaling-system-headlights	faros delanteros			Scheinwerfer			headlights		
Carrocería > cuerpo > Componentes del sistema de iluminación y señalización > intermitente	element	body-body-body-body-body-body-components-of-the-lighting-and-signaling-system-blinker	intermitente						blinker		
Carrocería > cuerpo > Componentes del sistema de iluminación y señalización > faros antiniebla	element	body-body-body-body-body-body-components-of-the-lighting-and-signaling-system-fog-lights	faros antiniebla	faro antiniebla|faros antiniebla|antinieblas|proyector antiniebla		Nebelscheinwerfer	nebelscheinwerfer|nebellampe		fog lights	fog light|fog lamp	
Carrocería > cuerpo > Componentes del sistema de iluminación y señalización > Luz de matrícula	element	body-body-body-body-body-body-components-of-the-lighting-and-signaling-system-license-plate-light	Luz de matrícula			Kennzeichenbeleuchtung			License plate light		
Carrocería > cuerpo > Componentes del sistema de iluminación y señalización > Repuestos para faros delanteros	element	body-body-body-body-body-body-components-of-the-lighting-and-signaling-system-headlight-spare-parts	Repuestos para faros delanteros			Scheinwerfer-Ersatzteile			Headlight spare parts		
Carrocería > cuerpo > Componentes del sistema de iluminación y señalización > lente del faro	element	body-body-body-body-body-body-components-of-the-lighting-and-signaling-system-headlight-lens	lente del faro			Scheinwerferglas			headlight lens		
Carrocería > cuerpo > Componentes del sistema de iluminación y señalización > Luces de circulación diurna	element	body-body-body-body-body-body-components-of-the-lighting-and-signaling-system-daytime-running-lights	Luces de circulación diurna	luces diurnas|luz de circulación diurna|luces de día		Tagfahrlicht	tagfahrlicht|tagfahrleuchte		Daytime running lights	daytime running lights|running lights	
Carrocería > cuerpo > Parachoques y componentes relacionados > Rejilla de ventilación	element	body-body-body-body-body-body-bumpers-and-related-components-ventilation-grille	Rejilla de ventilación			Lüftungsgitter			Ventilation grille		
Carrocería > cuerpo > Parachoques y componentes relacionados > parachoques	element	body-body-body-body-body-body-bumpers-and-related-components-bumper	parachoques			Stoßstange			bumper		
Carrocería > cuerpo > Parachoques y componentes relacionados > rejilla del radiador	element	body-body-body-body-body-body-bumpers-and-related-components-radiator-grille	rejilla del radiador			Kühlergrill			radiator grille		
Carrocería > cuerpo > Parachoques y componentes relacionados > Soportes de parachoques	element	body-body-body-body-body-body-bumpers-and-related-components-bumper-brackets	Soportes de parachoques			Stoßstangenhalter			Bumper brackets		
Carrocería > cuerpo > bombillas incandescentes > Bombilla de luz alta	element	body-body-body-body-body-body-incandescent-light-bulbs-high-beam-bulb	Bombilla de luz alta	bombilla de luz larga|bombilla de carretera|lámpara de largas		Fernlicht-Birne	fernlicht birne|fernlicht lampe		High beam bulb	high beam bulb	
Carrocería > cuerpo > bombillas incandescentes > bombilla de luz antiniebla	element	body-body-body-body-body-body-incandescent-light-bulbs-fog-light-bulb	bombilla de luz antiniebla	bombilla antiniebla|lámpara antiniebla		Nebelscheinwerfer-Birne	nebelscheinwerfer birne|nebellampe		fog light bulb	fog light bulb	
Carrocería > cuerpo > bombillas incandescentes > bombilla intermitente	element	body-body-body-body-body-body-incandescent-light-bulbs-indicator-bulb	bombilla intermitente	bombilla intermitente|bombilla de intermitente|lámpara intermitente		Blinkerbirne	blinkerbirne|blinker birne|blinklampe		indicator bulb	indicator bulb|turn signal bulb	
Carrocería > cuerpo > bombillas incandescentes > Bombilla de luz trasera	element	body-body-body-body-body-body-incandescent-light-bulbs-rear-light-bulb	Bombilla de luz trasera			Heckleuchten Glühlampe			Rear light bulb		
Carrocería > cuerpo > bombillas incandescentes > Bombilla de luz de matrícula	element	body-body-body-body-body-body-incandescent-light-bulbs-license-plate-light-bulb	Bombilla de luz de matrícula	bombilla de matrícula|lámpara de matrícula		Kennzeichenleuchten Glühlampe	kennzeichenleuchten birne|kennzeichenlampe		License plate light bulb	license plate light bulb|number plate bulb	
Carrocería > cuerpo > bombillas incandescentes > bombilla de luz de freno	element	body-body-body-body-body-body-incandescent-light-bulbs-brake-light-bulb	bombilla de luz de freno	bombilla de freno|bombilla luz de freno|lámpara de freno		Bremslicht-Birne	bremslicht birne|bremslicht lampe		brake light bulb	brake light bulb	
Carrocería > cuerpo > bombillas incandescentes > Bombilla de luz de cruce	element	body-body-body-body-body-body-incandescent-light-bulbs-low-beam-headlight-bulb	Bombilla de luz de cruce	bombilla de cruce|lámpara de cruce|bombilla luz corta		Abblendlicht-Glühlampe	abblendlicht birne|abblendlicht lampe|abblendlicht glühlampe		Low beam headlight bulb	low beam bulb|dipped beam bulb	
Carrocería > cuerpo > bombillas incandescentes > Bombilla de luz de marcha atrás	element	body-body-body-body-body-body-incandescent-light-bulbs-reversing-light-bulb	Bombilla de luz de marcha atrás	bombilla de marcha atrás|bombilla luz de reversa|lámpara marcha atrás		Rückfahrleuchten Glühlampe	rückfahrleuchten birne|rückfahrlicht lampe		Reversing light bulb	reversing light bulb|reverse light bulb	
Carrocería > cuerpo > Campanas y componentes relacionados > capó	element	body-body-body-body-body-body-hoods-and-related-components-bonnet	capó			Motorhaube			bonnet		
Carrocería > cuerpo > Campanas y componentes relacionados > Piezas del capó	element	body-body-body-body-body-body-hoods-and-related-components-hood-parts	Piezas del capó			Motorhaube Einzelteile			Hood parts		
Carrocería > cuerpo > Puertas y componentes relacionados > Puertas y piezas individuales	element	body-body-body-body-body-body-doors-and-related-components-doors-and-individual-parts	Puertas y piezas individuales			Türen und Einzelteile			Doors and individual parts		
Carrocería > cuerpo > Puertas y componentes relacionados > manija de la puerta	element	body-body-body-body-body-body-doors-and-related-components-door-handle	manija de la puerta			Türgriff			door handle		
Carrocería > cuerpo > Puertas y componentes relacionados > puerta trasera	element	body-body-body-body-body-body-doors-and-related-components-rear-door	puerta trasera			Hecktür			rear door		
Carrocería > cuerpo > Puertas y componentes relacionados > Junta de ventana	element	body-body-body-body-body-body-doors-and-related-components-window-seal	Junta de ventana			Fensterdichtung			Window seal		
Carrocería > cuerpo > Tanques de combustible y componentes asociados > tanque de combustible	element	body-body-body-body-body-body-fuel-tanks-and-associated-components-fuel-tank	tanque de combustible	depósito de combustible|tanque de combustible|depósito de gasolina|depósito de gasoil		Kraftstofftank	kraftstofftank|benzintank|dieseltank		fuel tank	fuel tank|gas tank|petrol tank	
Carrocería > cuerpo > Partes del cuerpo y componentes relacionados > Portador de cerradura	element	body-body-body-body-body-body-body-parts-and-related-components-lock-carrier	Portador de cerradura			Schlossträger			Lock carrier		
Carrocería > cuerpo > Partes del cuerpo y componentes relacionados > Umbral	element	body-body-body-body-body-body-body-parts-and-related-components-sill	Umbral			Schweller			Sill		
Carrocería > cuerpo > Partes del cuerpo y componentes relacionados > cubierta del motor	element	body-body-body-body-body-body-body-parts-and-related-components-engine-cover	cubierta del motor			Motorabdeckung			Engine cover		
Carrocería > cuerpo > Partes del cuerpo y componentes relacionados > Marco del parabrisas/techo	element	body-body-body-body-body-body-body-parts-and-related-components-windscreen-roof-frame	Marco del parabrisas/techo			Fronstscheiben- / Dachrahmen			Windscreen/roof frame		
Carrocería > cuerpo > Partes del cuerpo y componentes relacionados > carenado trasero	element	body-body-body-body-body-body-body-parts-and-related-components-rear-fairing	carenado trasero			Heckverkleidung			rear fairing		
Carrocería > cuerpo > Partes del cuerpo y componentes relacionados > parabrisas	element	body-body-body-body-body-body-body-parts-and-related-components-windshield	parabrisas			Windschutzscheibe			windshield		
Carrocería > cuerpo > Partes del cuerpo y componentes relacionados > pared lateral	element	body-body-body-body-body-body-body-parts-and-related-components-side-wall	pared lateral			Seitenwand			side wall		
clima > Calefacción y ventilación > Componentes del sistema de calefacción y ventilación > Intercambiador de calor	element	climate-climate-heating-and-ventilation-climate-climate-heating-and-ventilation-components-of-the-heating-and-ventilation-system-heat-exchanger	Intercambiador de calor			Wärmetauscher			Heat exchanger		
Sistemas climáticos > aire acondicionado > Filtros de aire de cabina y componentes relacionados > filtro de aire de cabina	element	climate-systems-climate-systems-air-conditioning-climate-systems-climate-systems-air-conditioning-cabin-air-filters-and-related-components-cabin-air-filter	filtro de aire de cabina	filtro de habitáculo|filtro de polen|filtro antipolen|filtro de cabina|filtro aire acondicionado		Innenraumfilter	innenraumfilter|pollenfilter|innenraumluftfilter|mikrofilter		cabin air filter	cabin air filter|cabin filter|pollen filter	
Sistemas climáticos > aire acondicionado > Intercambiadores de calor para sistemas de aire acondicionado y componentes relacionados > Intercambiador de calor	element	climate-systems-climate-systems-air-conditioning-climate-systems-climate-systems-air-conditioning-heat-exchangers-for-air-conditioning-systems-and-related-components-heat-exchanger	Intercambiador de calor			Wärmetauscher			Heat exchanger		
Sistemas climáticos > aire acondicionado > Compresores para sistemas de aire acondicionado y componentes relacionados > compresor de aire acondicionado	element	climate-systems-climate-systems-air-conditioning-climate-systems-climate-systems-air-conditioning-compressors-for-air-conditioning-systems-and-related-components-air-conditioning-compressor	compresor de aire acondicionado			Klimakompressor			air conditioning compressor		
Sistemas climáticos > Tuberías y mangueras > Componentes de refrigeración > manguera del radiador	element	climate-systems-climate-systems-pipes-and-hoses-climate-systems-climate-systems-pipes-and-hoses-cooling-components-radiator-hose	manguera del radiador	manguera del radiador|manguito radiador|manguera de refrigeración|tubo radiador		Kühlerschlauch	kühlerschlauch|kühlwasserschlauch		radiator hose	radiator hose|coolant hose	
enfriamiento > enfriamiento > Termostatos y componentes relacionados > termostato	element	cooling-cooling-cooling-cooling-cooling-cooling-thermostats-and-related-components-thermostat	termostato	termostato|termostato refrigeración			thermostat		thermostat	thermostat	
enfriamiento > enfriamiento > Termostatos y componentes relacionados > Sello del termostato	element	cooling-cooling-cooling-cooling-cooling-cooling-thermostats-and-related-components-thermostat-seal	Sello del termostato	junta de termostato|junta del termostato|junta de caja termostato		Dichtung Thermostat	thermostatdichtung|dichtung thermostat		Thermostat seal	thermostat gasket|thermostat seal	
enfriamiento > enfriamiento > Radiador del motor y componentes relacionados > enfriador	element	cooling-cooling-cooling-cooling-cooling-cooling-engine-radiator-and-related-components-cooler	enfriador	enfriador|radiador auxiliar		Kühler	kühler		cooler	cooler	
enfriamiento > enfriamiento > Radiador del motor y componentes relacionados > Tapa del depósito de refrigerante	element	cooling-cooling-cooling-cooling-cooling-cooling-engine-radiator-and-related-components-coolant-reservoir-cap	Tapa del depósito de refrigerante	tapa del depósito de refrigerante|tapón depósito refrigerante|tapón vaso expansión|tapon expansion		Deckel Kühlmittelbehälter	deckel kühlmittelbehälter|verschlussdeckel kühlmittel|ausgleichsbehälter deckel		Coolant reservoir cap	coolant reservoir cap|expansion tank cap	
enfriamiento > enfriamiento > Radiador del motor y componentes relacionados > manguera del radiador	element	cooling-cooling-cooling-cooling-cooling-cooling-engine-radiator-and-related-components-radiator-hose	manguera del radiador	manguera del radiador|manguito radiador|manguera de refrigeración|tubo radiador		Kühlerschlauch	kühlerschlauch|kühlwasserschlauch		radiator hose	radiator hose|coolant hose	
enfriamiento > enfriamiento > Radiador del motor y componentes relacionados > Tapa del radiador	element	cooling-cooling-cooling-cooling-cooling-cooling-engine-radiator-and-related-components-radiator-cap	Tapa del radiador	tapa del radiador|tapón radiador|tapon de radiador		Kühlerdeckel	kühlerdeckel|kühlerverschlussdeckel|verschlussdeckel kühler		Radiator cap	radiator cap	
enfriamiento > enfriamiento > Radiador del motor y componentes relacionados > Sello de la bomba de agua	element	cooling-cooling-cooling-cooling-cooling-cooling-engine-radiator-and-related-components-water-pump-seal	Sello de la bomba de agua	junta de bomba de agua|junta bomba agua		Dichtung Wasserpumpe	wasserpumpendichtung|dichtung wasserpumpe		Water pump seal	water pump gasket|water pump seal	
enfriamiento > enfriamiento > Radiador del motor y componentes relacionados > Piezas de montaje del radiador	element	cooling-cooling-cooling-cooling-cooling-cooling-engine-radiator-and-related-components-radiator-mounting-parts	Piezas de montaje del radiador	soportes de radiador|piezas de fijación radiador|silentblocks radiador|gomas de radiador		Kühler Befestigungsteile	kühler befestigungsteile|kühlerhalter|halter kühler		Radiator mounting parts	radiator mounting parts|radiator mounts	
enfriamiento > enfriamiento > Radiador del motor y componentes relacionados > Tapones de escarcha	element	cooling-cooling-cooling-cooling-cooling-cooling-engine-radiator-and-related-components-frost-plugs	Tapones de escarcha	tapón anticongelante|tapón de bloque|tapón de escarcha|tapon de agua motor		Froststopfen	froststopfen|frostschutzstopfen|kühlwasserstopfen		Frost plugs	frost plug|freeze plug|core plug	
enfriamiento > enfriamiento > Radiador del motor y componentes relacionados > bomba de agua	element	cooling-cooling-cooling-cooling-cooling-cooling-engine-radiator-and-related-components-water-pump	bomba de agua	bomba de agua|bomba agua|bomba de refrigerante		Wasserpumpe	wasserpumpe|kühlmittelpumpe		water pump	water pump|coolant pump	
enfriamiento > enfriamiento > Refrigerantes y productos relacionados > refrigerante	element	cooling-cooling-cooling-cooling-cooling-cooling-refrigerants-and-related-products-coolant	refrigerante	refrigerante|anticongelante|líquido refrigerante|liquido anticongelante		Kühlmittel	kühlmittel|kühlflüssigkeit|frostschutzmittel		coolant	coolant|antifreeze	
enfriamiento > enfriamiento > Refrigerantes y productos relacionados > Sello de refrigerante	element	cooling-cooling-cooling-cooling-cooling-cooling-refrigerants-and-related-products-coolant-seal	Sello de refrigerante	sello de refrigerante		Kühlwasserabdichtung	kühlwasserabdichtung		Coolant seal	coolant seal	
enfriamiento > enfriamiento > Sistemas de sensores de refrigeración y componentes relacionados > Sensor de temperatura del refrigerante	element	cooling-cooling-cooling-cooling-cooling-cooling-cooling-sensor-systems-and-related-components-coolant-temperature-sensor	Sensor de temperatura del refrigerante	sensor de temperatura del refrigerante|sensor temperatura refrigerante|sonda de temperatura agua|termocontacto		Kühlmitteltemperatursensor	kühlmitteltemperatursensor|kühlmittelsensor|temperaturgeber kühlmittel		Coolant temperature sensor	coolant temperature sensor|coolant temp sensor	
enfriamiento > enfriamiento > Ventilador del motor y componentes asociados > Acoplamiento del ventilador	element	cooling-cooling-cooling-cooling-cooling-cooling-engine-fan-and-associated-components-fan-coupling	Acoplamiento del ventilador	embrague del ventilador|acoplamiento del ventilador|viscoso del ventilador|ventilador viscoso		Lüfterkupplung	visco lüfterkupplung|lüfterkupplung|viscokupplung		Fan coupling	fan clutch|fan coupling|viscous fan coupling	
enfriamiento > enfriamiento > Ventilador del motor y componentes asociados > Rueda del ventilador, refrigeración del motor	element	cooling-cooling-cooling-cooling-cooling-cooling-engine-fan-and-associated-components-fan-wheel-motor-cooling	Rueda del ventilador, refrigeración del motor	ventilador de refrigeración|electroventilador|aspas del ventilador|hélice del ventilador|ventilador motor		Lüfterrad, Motorkühlung	kühlerlüfter|lüfterrad|elektrolüfter|kühlerventilator		Fan wheel, motor cooling	cooling fan|radiator fan|fan blade|fan wheel	
enfriamiento > enfriamiento > Enfriador de aceite y componentes relacionados > Enfriador de aceite	element	cooling-cooling-cooling-cooling-cooling-cooling-oil-cooler-and-related-components-oil-cooler	Enfriador de aceite	enfriador de aceite|radiador de aceite|intercambiador de aceite		Ölkühler	ölkühler		Oil cooler	oil cooler	
enfriamiento > enfriamiento > Cuidado del coche > Limpiador de radiadores	element	cooling-cooling-cooling-cooling-cooling-cooling-car-care-radiator-cleaner	Limpiador de radiadores	limpiador de radiador|limpia radiadores|limpiador circuito refrigeración		Kühlerreiniger	kühlerreiniger		Radiator cleaner	radiator cleaner|cooling system cleaner	
enfriamiento > enfriamiento > Cuidado del coche > Sellador de radiador	element	cooling-cooling-cooling-cooling-cooling-cooling-car-care-radiator-sealant	Sellador de radiador	sellador de radiador|tapafugas radiador|sellafugas refrigeración		Kühlerdichtmittel	kühlerdichtmittel|kühlerdicht|dichtmittel kühler		Radiator sealant	radiator sealant|radiator stop leak	
enfriamiento > enfriamiento > Cuidado del coche > Sellos de superficie	element	cooling-cooling-cooling-cooling-cooling-cooling-car-care-surface-seals	Sellos de superficie	sellos de superficie		Flächendichtungen	flächendichtungen		Surface seals	surface seals	
Aceites y líquidos > Aceites y líquidos > Aceites y líquidos > Aceite de motor	element	oils-liquids-oils-liquids-oils-liquids-oils-liquids-oils-liquids-oils-liquids-oils-liquids-engine-oil	Aceite de motor			Motoröl			Engine oil		
Aceites y líquidos > Aceites y líquidos > Aceites y líquidos > refrigerante	element	oils-liquids-oils-liquids-oils-liquids-oils-liquids-oils-liquids-oils-liquids-oils-liquids-coolant	refrigerante	refrigerante|anticongelante|líquido refrigerante|liquido anticongelante		Kühlmittel	kühlmittel|kühlflüssigkeit|frostschutzmittel		coolant	coolant|antifreeze	
Aceites y líquidos > Aceites y líquidos > Aceites y líquidos > líquido de frenos	element	oils-liquids-oils-liquids-oils-liquids-oils-liquids-oils-liquids-oils-liquids-oils-liquids-brake-fluid	líquido de frenos			Bremsflüssigkeit			brake fluid		
Aceites y líquidos > Aceites y líquidos > Aceites y líquidos > Aceite para engranajes y aceite para caja de transferencia	element	oils-liquids-oils-liquids-oils-liquids-oils-liquids-oils-liquids-oils-liquids-oils-liquids-gear-oil-and-transfer-case-oil	Aceite para engranajes y aceite para caja de transferencia			Getriebeöl und Verteilergetriebeöl			Gear oil and transfer case oil		
Aceites y líquidos > Aceites y líquidos > Aceites y líquidos > aceite hidráulico	element	oils-liquids-oils-liquids-oils-liquids-oils-liquids-oils-liquids-oils-liquids-oils-liquids-hydraulic-oil	aceite hidráulico			Hydrauliköl			Hydraulic oil		
Aceites y líquidos > Aceites y líquidos > Aceites y líquidos > Líquido de transmisión automática	element	oils-liquids-oils-liquids-oils-liquids-oils-liquids-oils-liquids-oils-liquids-oils-liquids-automatic-transmission-fluid	Líquido de transmisión automática	aceite de cambio automático|líquido de transmisión automática|aceite atf|valvulina automática		Automatikgetriebeöl	automatikgetriebeöl|atf öl		Automatic transmission fluid	automatic transmission fluid|automatic transmission oil	
Aceites y líquidos > Aceites y líquidos > Aceites y líquidos > líquido de dirección asistida	element	oils-liquids-oils-liquids-oils-liquids-oils-liquids-oils-liquids-oils-liquids-oils-liquids-power-steering-fluid	líquido de dirección asistida			Servoöl			power steering fluid		
Ruedas y neumáticos > Neumáticos y productos relacionados > Neumáticos y productos relacionados > Llantas	element	tires-tires-tires-and-related-products-tires-tires-tires-and-related-products-tires-and-related-products-tires	Llantas			Reifen			Tires		
Ruedas y neumáticos > Neumáticos y productos relacionados > Neumáticos y productos relacionados > cubiertas de ruedas	element	tires-tires-tires-and-related-products-tires-tires-tires-and-related-products-tires-and-related-products-wheel-covers	cubiertas de ruedas			Radkappen			Wheel covers		
Ruedas y neumáticos > Neumáticos y productos relacionados > Neumáticos y productos relacionados > Bolsas para neumáticos	element	tires-tires-tires-and-related-products-tires-tires-tires-and-related-products-tires-and-related-products-tire-bags	Bolsas para neumáticos			Reifentaschen			Tire bags		
Ruedas y neumáticos > Neumáticos y productos relacionados > Neumáticos y productos relacionados > calzos para ruedas	element	tires-tires-tires-and-related-products-tires-tires-tires-and-related-products-tires-and-related-products-wheel-chocks	calzos para ruedas			Unterlegkeile			Wheel chocks		
Ruedas y neumáticos > Neumáticos y productos relacionados > Neumáticos y productos relacionados > Llave para tuercas de rueda	element	tires-tires-tires-and-related-products-tires-tires-tires-and-related-products-tires-and-related-products-wheel-nut-wrench	Llave para tuercas de rueda			Radmutternschlüssel			Wheel nut wrench		
Ruedas y neumáticos > Neumáticos y productos relacionados > Neumáticos y productos relacionados > cadenas para la nieve	element	tires-tires-tires-and-related-products-tires-tires-tires-and-related-products-tires-and-related-products-snow-chains	cadenas para la nieve			Schneeketten			snow chains		
Ruedas y neumáticos > Neumáticos y productos relacionados > Neumáticos y productos relacionados > Jacobo	element	tires-tires-tires-and-related-products-tires-tires-tires-and-related-products-tires-and-related-products-jack	Jacobo			Wagenheber			jack		
Ruedas y neumáticos > Neumáticos y productos relacionados > Neumáticos y productos relacionados > Mini compresor	element	tires-tires-tires-and-related-products-tires-tires-tires-and-related-products-tires-and-related-products-mini-compressor	Mini compresor			Mini-Kompressor			Mini compressor		
Ruedas y neumáticos > Neumáticos y productos relacionados > Neumáticos y productos relacionados > Kit de reparación de neumáticos	element	tires-tires-tires-and-related-products-tires-tires-tires-and-related-products-tires-and-related-products-tire-repair-kit	Kit de reparación de neumáticos			Reifenreparaturset			Tire repair kit		
Ruedas y neumáticos > Neumáticos y productos relacionados > Neumáticos y productos relacionados > Pernos y tuercas de rueda	element	tires-tires-tires-and-related-products-tires-tires-tires-and-related-products-tires-and-related-products-wheel-bolts-and-wheel-nuts	Pernos y tuercas de rueda	tornillos de rueda|tuercas de rueda|bulones de rueda|espárragos de rueda		Radschrauben und Radmuttern	radschrauben|radmuttern|radbolzen		Wheel bolts and wheel nuts	wheel bolts|wheel nuts|lug nuts	
Ruedas y neumáticos > Neumáticos y productos relacionados > Neumáticos y productos relacionados > Productos de limpieza y cuidado del interior del coche	element	tires-tires-tires-and-related-products-tires-tires-tires-and-related-products-tires-and-related-products-car-interior-cleaners-and-care-products	Productos de limpieza y cuidado del interior del coche			Autoinnenreiniger und Pflegeprodukte			Car interior cleaners and care products		
Ruedas y neumáticos > Neumáticos y productos relacionados > Neumáticos y productos relacionados > Adhesivo de caucho	element	tires-tires-tires-and-related-products-tires-tires-tires-and-related-products-tires-and-related-products-rubber-adhesive	Adhesivo de caucho			Gummikleber			Rubber adhesive		
Ruedas y neumáticos > Neumáticos y productos relacionados > Neumáticos y productos relacionados > Sensor de presión de neumáticos (TPMS)	element	tires-tires-tires-and-related-products-tires-tires-tires-and-related-products-tires-and-related-products-tire-pressure-sensor-tpms	Sensor de presión de neumáticos (TPMS)	sensor de presión de neumáticos|sensor tpms|válvula tpms|sensor presion ruedas		Reifendrucksensor (RDKS)	reifendrucksensor|rdks sensor		Tire pressure sensor (TPMS)	tire pressure sensor|tpms sensor	
Ruedas y neumáticos > Neumáticos y productos relacionados > Neumáticos y productos relacionados > Pasta de montaje	element	tires-tires-tires-and-related-products-tires-tires-tires-and-related-products-tires-and-related-products-assembly-paste	Pasta de montaje			Montagepaste			Assembly paste		
Unidad de motor > filtrar > Componentes del aire acondicionado > filtro de aire de cabina	element	engine-unit-engine-unit-filter-engine-unit-engine-unit-filter-air-conditioning-components-cabin-air-filter	filtro de aire de cabina	filtro de habitáculo|filtro de polen|filtro antipolen|filtro de cabina|filtro aire acondicionado		Innenraumfilter	innenraumfilter|pollenfilter|innenraumluftfilter|mikrofilter		cabin air filter	cabin air filter|cabin filter|pollen filter	
Unidad de motor > filtrar > Componentes del sistema de combustible > filtro de combustible	element	engine-unit-engine-unit-filter-engine-unit-engine-unit-filter-components-of-the-fuel-system-fuel-filter	filtro de combustible	filtro de combustible|filtro de gasoil|filtro de gasolina|filtro gasoil|filtro gasolina		Kraftstofffilter	kraftstofffilter|dieselfilter|benzinfilter		fuel filter	fuel filter|diesel filter	
Unidad de motor > filtrar > Piezas del motor > Filtro de aceite	element	engine-unit-engine-unit-filter-engine-unit-engine-unit-filter-engine-parts-oil-filter	Filtro de aceite	filtro de aceite|filtro aceite		Ölfilter	ölfilter		Oil filter	oil filter	
Unidad de motor > filtrar > Piezas del motor > Filtro de aire	element	engine-unit-engine-unit-filter-engine-unit-engine-unit-filter-engine-parts-air-filter	Filtro de aire	filtro de aire|filtro aire|filtro de aire motor		Luftfilter	luftfilter|motorluftfilter		Air filter	air filter|engine air filter	
Unidad de motor > filtrar > Piezas del motor > Junta de la carcasa del filtro de aceite	element	engine-unit-engine-unit-filter-engine-unit-engine-unit-filter-engine-parts-oil-filter-housing-gasket	Junta de la carcasa del filtro de aceite	junta de la carcasa del filtro de aceite		Ölfiltergehäusedichtung	ölfiltergehäusedichtung		Oil filter housing gasket	oil filter housing gasket	
Unidad de motor > filtrar > Piezas del motor > Soporte, carcasa del filtro de aire	element	engine-unit-engine-unit-filter-engine-unit-engine-unit-filter-engine-parts-bracket-air-filter-housing	Soporte, carcasa del filtro de aire	soporte carcasa del filtro de aire		Halter, Luftfiltergehäuse	halter luftfiltergehäuse		Bracket, air filter housing	bracket air filter housing	
Unidad de motor > filtrar > Herramientas > Herramienta de filtro	element	engine-unit-engine-unit-filter-engine-unit-engine-unit-filter-tools-filter-tool	Herramienta de filtro	llave de filtro|llave de filtro de aceite|herramienta filtro aceite		Filter Werkzeug	ölfilterschlüssel|filterschlüssel|ölfilterband		Filter tool	oil filter wrench|oil filter tool	
Unidad de motor > filtrar > Piezas de la caja de cambios > Transmisión automática, filtro de aceite	element	engine-unit-engine-unit-filter-engine-unit-engine-unit-filter-gearbox-parts-automatic-transmission-oil-filter	Transmisión automática, filtro de aceite	transmisión automática filtro de aceite		Automatikgetriebe, Ölfilter	automatikgetriebe ölfilter		Automatic transmission, oil filter	automatic transmission oil filter	
Unidad de motor > filtrar > Piezas de la caja de cambios > Kit de cambio de aceite de transmisión automática	element	engine-unit-engine-unit-filter-engine-unit-engine-unit-filter-gearbox-parts-automatic-transmission-oil-change-kit	Kit de cambio de aceite de transmisión automática	kit de cambio de aceite de transmisión automática		Automatikgetriebe Ölwechsel-Set	automatikgetriebe ölwechsel-set		Automatic transmission oil change kit	automatic transmission oil change kit	
Unidad de motor > filtrar > Componentes del sistema de dirección > Dirección con filtro hidráulico	element	engine-unit-engine-unit-filter-engine-unit-engine-unit-filter-components-of-the-steering-system-hydraulic-filter-steering	Dirección con filtro hidráulico	dirección con filtro hidráulico		Hydraulikfilter Lenkung	hydraulikfilter lenkung		Hydraulic filter steering	hydraulic filter steering	
Unidad de motor > engine-unit-motor > Componentes eléctricos del motor > Sistema eléctrico del motor	element	engine-unit-engine-unit-motor-engine-unit-engine-unit-motor-electrical-components-of-the-motor-engine-electrics	Sistema eléctrico del motor	sistema eléctrico del motor		Motorelektrik	motorelektrik		Engine electrics	engine electrics	
Unidad de motor > engine-unit-motor > Sistema de lubricación del motor > Tapón de drenaje de aceite	element	engine-unit-engine-unit-motor-engine-unit-engine-unit-motor-engine-lubrication-system-oil-drain-plug	Tapón de drenaje de aceite	tapón de vaciado de aceite|tapón de cárter|tornillo de vaciado aceite		Ölablassschraube	ölablassschraube|ablassschraube öl		Oil drain plug	oil drain plug|sump plug	
Unidad de motor > engine-unit-motor > Sistema de lubricación del motor > sumidero	element	engine-unit-engine-unit-motor-engine-unit-engine-unit-motor-engine-lubrication-system-sump	sumidero	cárter de aceite|cárter|sumidero de aceite		Ölwanne	ölwanne		sump	oil pan|oil sump	
Unidad de motor > engine-unit-motor > Sistema de lubricación del motor > Filtro de aceite	element	engine-unit-engine-unit-motor-engine-unit-engine-unit-motor-engine-lubrication-system-oil-filter	Filtro de aceite	filtro de aceite|filtro aceite		Ölfilter	ölfilter		Oil filter	oil filter	
Unidad de motor > engine-unit-motor > Componentes de control del motor > Kit de cadena de distribución	element	engine-unit-engine-unit-motor-engine-unit-engine-unit-motor-engine-control-components-timing-chain-kit	Kit de cadena de distribución	kit de cadena de distribución|kit distribución cadena|conjunto cadena distribución		Steuerkettensatz	steuerkettensatz|steuerkette satz		Timing chain kit	timing chain kit	
Unidad de motor > engine-unit-motor > Componentes de control del motor > Cadena de distribución	element	engine-unit-engine-unit-motor-engine-unit-engine-unit-motor-engine-control-components-timing-chain	Cadena de distribución	cadena de distribución|cadena distribución|cadena de reparto		Steuerkette	steuerkette		Timing chain	timing chain	
Unidad de motor > engine-unit-motor > Componentes del accionamiento auxiliar > Correa serpentina	element	engine-unit-engine-unit-motor-engine-unit-engine-unit-motor-components-of-the-auxiliary-drive-serpentine-belt	Correa serpentina	correa de accesorios|correa poli v|correa serpentina|correa multiv|correa auxiliar		Keilrippenriemen	keilrippenriemen|rippenriemen|mehrrippenriemen		Serpentine belt	serpentine belt|multi rib belt|drive belt|auxiliary belt	
Unidad de motor > engine-unit-motor > Componentes del accionamiento auxiliar > Tensor de correa	element	engine-unit-engine-unit-motor-engine-unit-engine-unit-motor-components-of-the-auxiliary-drive-belt-tensioner	Tensor de correa	tensor de correa|rodillo tensor|polea tensora|tensor correa accesorios		Riemenspanner	riemenspanner|spannrolle		Belt tensioner	belt tensioner|tensioner pulley	
Unidad de motor > engine-unit-motor > Culatas y componentes asociados > Junta de tapa de válvulas	element	engine-unit-engine-unit-motor-engine-unit-engine-unit-motor-cylinder-heads-and-associated-components-valve-cover-gasket	Junta de tapa de válvulas	junta de tapa de válvulas|junta tapa de balancines|junta de balancines|junta tapa culata		Ventildeckeldichtung	ventildeckeldichtung|zylinderkopfhaubendichtung		Valve cover gasket	valve cover gasket|rocker cover gasket	
Unidad de motor > engine-unit-motor > Culatas y componentes asociados > Tornillos de cabeza cilíndrica	element	engine-unit-engine-unit-motor-engine-unit-engine-unit-motor-cylinder-heads-and-associated-components-cylinder-head-screws	Tornillos de cabeza cilíndrica	tornillos de culata|pernos de culata|espárragos de culata		Zylinderkopfschrauben	zylinderkopfschrauben|kopfschrauben		Cylinder head screws	cylinder head bolts|head bolts	
Unidad de motor > engine-unit-motor > Componentes del sistema de refrigeración del motor > bomba de agua	element	engine-unit-engine-unit-motor-engine-unit-engine-unit-motor-components-of-the-engine-cooling-system-water-pump	bomba de agua	bomba de agua|bomba agua|bomba de refrigerante		Wasserpumpe	wasserpumpe|kühlmittelpumpe		water pump	water pump|coolant pump	
Unidad de motor > engine-unit-motor > Componentes del sistema de refrigeración del motor > termostato	element	engine-unit-engine-unit-motor-engine-unit-engine-unit-motor-components-of-the-engine-cooling-system-thermostat	termostato	termostato|termostato refrigeración			thermostat		thermostat	thermostat	
Unidad de motor > engine-unit-motor > Componentes del sistema de refrigeración del motor > enfriador	element	engine-unit-engine-unit-motor-engine-unit-engine-unit-motor-components-of-the-engine-cooling-system-cooler	enfriador	enfriador|radiador auxiliar		Kühler	kühler		cooler	cooler	
Unidad de motor > engine-unit-motor > Componentes del sistema de encendido > Sensor del árbol de levas	element	engine-unit-engine-unit-motor-engine-unit-engine-unit-motor-components-of-the-ignition-system-camshaft-sensor	Sensor del árbol de levas	sensor del árbol de levas|captador de árbol de levas|sensor de fase|sensor posicion arbol de levas		Nockenwellensensor	nockenwellensensor|nockenwellengeber		Camshaft sensor	camshaft sensor|camshaft position sensor	
Unidad de motor > engine-unit-motor > Componentes del sistema de encendido > distribuidor	element	engine-unit-engine-unit-motor-engine-unit-engine-unit-motor-components-of-the-ignition-system-distributor	distribuidor	delco|distribuidor de encendido|distribuidor		Zündverteiler	zündverteiler|verteiler		distributor	distributor|ignition distributor	
Unidad de motor > engine-unit-motor > Componentes del sistema de admisión > turbocompresor	element	engine-unit-engine-unit-motor-engine-unit-engine-unit-motor-components-of-the-intake-system-turbocharger	turbocompresor	turbocompresor|turbo|turbina|turbo compresor		Turbolader	turbolader|abgasturbolader|lader		turbocharger	turbocharger|turbo	
Unidad de motor > engine-unit-motor > Componentes del sistema de admisión > Manguera de aire de carga	element	engine-unit-engine-unit-motor-engine-unit-engine-unit-motor-components-of-the-intake-system-charge-air-hose	Manguera de aire de carga	manguera de aire de carga|manguito intercooler|tubo de turbo|manguera turbo		Ladeluftschlauch	ladeluftschlauch|turboschlauch|druckschlauch turbo		Charge air hose	charge air hose|intercooler hose|boost hose	
Unidad de motor > engine-unit-motor > Componentes del sistema de suministro de combustible > inyector	element	engine-unit-engine-unit-motor-engine-unit-engine-unit-motor-components-of-the-fuel-supply-system-injector	inyector	inyector|inyector de combustible|inyector gasolina|inyector diesel|inyector diésel		Einspritzdüse	einspritzdüse|einspritzventil|injektor		injector	fuel injector|injector	
Unidad de motor > engine-unit-motor > Componentes del sistema de suministro de combustible > Bomba de alta presión	element	engine-unit-engine-unit-motor-engine-unit-engine-unit-motor-components-of-the-fuel-supply-system-high-pressure-pump	Bomba de alta presión	bomba de alta presión|bomba alta presión|bomba inyección alta presión		Hochdruckpumpe	hochdruckpumpe|kraftstoff hochdruckpumpe		High-pressure pump	high pressure pump|hp fuel pump	
Unidad de motor > engine-unit-motor > Herramientas de motor > Herramienta de motor	element	engine-unit-engine-unit-motor-engine-unit-engine-unit-motor-motor-tools-motor-tool	Herramienta de motor	herramienta de motor		Motorwerkzeug	motorwerkzeug		Motor tool	motor tool	
Unidad de motor > Sistema de encendido y sistema de bujías incandescentes > Componentes del sistema de encendido y bujías incandescentes > Bujías incandescentes	element	engine-unit-engine-unit-ignition-system-glow-plug-system-engine-unit-engine-unit-ignition-system-glow-plug-system-components-of-the-ignition-and-glow-plug-system-glow-plugs	Bujías incandescentes	bujías de precalentamiento|calentadores|bujías incandescentes|caloríferas|bujias calentadoras		Glühkerzen	glühkerzen|glühstifte		Glow plugs	glow plugs	
Unidad de motor > Sistema de encendido y sistema de bujías incandescentes > Componentes del sistema de encendido y bujías incandescentes > Unidad de control de bujías incandescentes	element	engine-unit-engine-unit-ignition-system-glow-plug-system-engine-unit-engine-unit-ignition-system-glow-plug-system-components-of-the-ignition-and-glow-plug-system-glow-plug-control-unit	Unidad de control de bujías incandescentes	relé de calentadores|unidad de control de calentadores|centralita de calentadores|rele precalentamiento		Glühkerzen-Steuergerät	glühkerzen steuergerät|glührelais|vorglührelais|glühzeitsteuergerät		Glow plug control unit	glow plug control unit|glow plug relay	
Unidad de motor > Sistema de encendido y sistema de bujías incandescentes > Componentes del sistema de encendido y bujías incandescentes > Sensor del cigüeñal	element	engine-unit-engine-unit-ignition-system-glow-plug-system-engine-unit-engine-unit-ignition-system-glow-plug-system-components-of-the-ignition-and-glow-plug-system-crankshaft-sensor	Sensor del cigüeñal	sensor del cigüeñal|captador de cigüeñal|sensor de revoluciones|sensor pms		Kurbelwellensensor	kurbelwellensensor|kurbelwellengeber		Crankshaft sensor	crankshaft sensor|crankshaft position sensor	
Unidad de motor > Sistema de encendido y sistema de bujías incandescentes > Componentes del sistema de encendido y bujías incandescentes > Sensor del árbol de levas	element	engine-unit-engine-unit-ignition-system-glow-plug-system-engine-unit-engine-unit-ignition-system-glow-plug-system-components-of-the-ignition-and-glow-plug-system-camshaft-sensor	Sensor del árbol de levas	sensor del árbol de levas|captador de árbol de levas|sensor de fase|sensor posicion arbol de levas		Nockenwellensensor	nockenwellensensor|nockenwellengeber		Camshaft sensor	camshaft sensor|camshaft position sensor	
Unidad de motor > Sistema de encendido y sistema de bujías incandescentes > Componentes del sistema de encendido y bujías incandescentes > distribuidor	element	engine-unit-engine-unit-ignition-system-glow-plug-system-engine-unit-engine-unit-ignition-system-glow-plug-system-components-of-the-ignition-and-glow-plug-system-distributor	distribuidor	delco|distribuidor de encendido|distribuidor		Zündverteiler	zündverteiler|verteiler		distributor	distributor|ignition distributor	
Unidad de motor > Sistema de encendido y sistema de bujías incandescentes > Componentes del sistema de encendido y bujías incandescentes > Junta de la carcasa de control	element	engine-unit-engine-unit-ignition-system-glow-plug-system-engine-unit-engine-unit-ignition-system-glow-plug-system-components-of-the-ignition-and-glow-plug-system-control-housing-gasket	Junta de la carcasa de control	junta de la carcasa de control		Steuergehäusedichtung	steuergehäusedichtung		Control housing gasket	control housing gasket	
Unidad de motor > Correas, cadenas, poleas > Correas de distribución y componentes relacionados > Correa trapezoidal	element	engine-unit-engine-unit-belts-chains-pulleys-engine-unit-engine-unit-belts-chains-pulleys-timing-belts-and-related-components-v-belt	Correa trapezoidal	correa trapezoidal|correa en v|correa ventilador		Keilriemen	keilriemen		V-belt	v-belt|fan belt	
Unidad de motor > Correas, cadenas, poleas > Correas de distribución y componentes relacionados > bomba de agua	element	engine-unit-engine-unit-belts-chains-pulleys-engine-unit-engine-unit-belts-chains-pulleys-timing-belts-and-related-components-water-pump	bomba de agua	bomba de agua|bomba agua|bomba de refrigerante		Wasserpumpe	wasserpumpe|kühlmittelpumpe		water pump	water pump|coolant pump	
Unidad de motor > Correas, cadenas, poleas > Correas de distribución y componentes relacionados > Cadena de distribución	element	engine-unit-engine-unit-belts-chains-pulleys-engine-unit-engine-unit-belts-chains-pulleys-timing-belts-and-related-components-timing-chain	Cadena de distribución	cadena de distribución|cadena distribución|cadena de reparto		Steuerkette	steuerkette		Timing chain	timing chain	
Unidad de motor > Correas, cadenas, poleas > Correas de distribución y componentes relacionados > Kit de cadena de distribución	element	engine-unit-engine-unit-belts-chains-pulleys-engine-unit-engine-unit-belts-chains-pulleys-timing-belts-and-related-components-timing-chain-kit	Kit de cadena de distribución	kit de cadena de distribución|kit distribución cadena|conjunto cadena distribución		Steuerkettensatz	steuerkettensatz|steuerkette satz		Timing chain kit	timing chain kit	
Unidad de motor > Correas, cadenas, poleas > Correas de distribución y componentes relacionados > Tensor de cadena de distribución	element	engine-unit-engine-unit-belts-chains-pulleys-engine-unit-engine-unit-belts-chains-pulleys-timing-belts-and-related-components-timing-chain-tensioner	Tensor de cadena de distribución	tensor de cadena|tensor cadena distribución|tensor de cadena de reparto		Steuerkettenspanner	kettenspanner|steuerkettenspanner		Timing chain tensioner	timing chain tensioner|chain tensioner	
Unidad de motor > Correas, cadenas, poleas > Correas de distribución y componentes relacionados > Riel deslizante	element	engine-unit-engine-unit-belts-chains-pulleys-engine-unit-engine-unit-belts-chains-pulleys-timing-belts-and-related-components-slide-rail	Riel deslizante	riel deslizante|patín deslizante|guía deslizante cadena		Gleitschiene	gleitschiene|führungsschiene		Slide rail	slide rail|guide rail	
Unidad de motor > Correas, cadenas, poleas > Correas de distribución y componentes relacionados > alternador de rueda libre	element	engine-unit-engine-unit-belts-chains-pulleys-engine-unit-engine-unit-belts-chains-pulleys-timing-belts-and-related-components-freewheel-alternator	alternador de rueda libre	polea del alternador|polea de rueda libre|polea libre alternador|polea unidireccional		Freilauf Lichtmaschine	freilauf lichtmaschine|generatorfreilauf|freilaufriemenscheibe		freewheel alternator	alternator freewheel pulley|overrunning alternator pulley	
Unidad de motor > Calefacción y ventilación > Componentes del sistema de calefacción y ventilación > filtro de aire de cabina	element	engine-unit-engine-unit-heating-and-ventilation-engine-unit-engine-unit-heating-and-ventilation-components-of-the-heating-and-ventilation-system-cabin-air-filter	filtro de aire de cabina	filtro de habitáculo|filtro de polen|filtro antipolen|filtro de cabina|filtro aire acondicionado		Innenraumfilter	innenraumfilter|pollenfilter|innenraumluftfilter|mikrofilter		cabin air filter	cabin air filter|cabin filter|pollen filter	
Unidad de motor > Sellos y anillos de sellado > Juntas del colector de escape > Junta del colector de admisión	element	engine-unit-engine-unit-seals-and-sealing-rings-engine-unit-engine-unit-seals-and-sealing-rings-exhaust-manifold-gaskets-intake-manifold-gasket	Junta del colector de admisión	junta de colector de admisión|junta de admisión|junta múltiple admisión		Ansaugkrümmerdichtung	ansaugkrümmerdichtung|ansaugdichtung|saugrohrdichtung		Intake manifold gasket	intake manifold gasket	
Unidad de motor > Sellos y anillos de sellado > Juntas del colector de escape > Junta de escape	element	engine-unit-engine-unit-seals-and-sealing-rings-engine-unit-engine-unit-seals-and-sealing-rings-exhaust-manifold-gaskets-exhaust-gasket	Junta de escape	junta de escape|junta de tubo de escape|junta de bajante escape		Auspuffdichtung	auspuffdichtung|abgasdichtung|dichtung abgasrohr		Exhaust gasket	exhaust gasket	
Unidad de motor > Sellos y anillos de sellado > Juntas del colector de escape > Junta del colector de escape	element	engine-unit-engine-unit-seals-and-sealing-rings-engine-unit-engine-unit-seals-and-sealing-rings-exhaust-manifold-gaskets-exhaust-manifold-gasket	Junta del colector de escape	junta de colector de escape|junta múltiple de escape|junta de escape colector		Auspuffkrümmerdichtung	auspuffkrümmerdichtung|abgaskrümmerdichtung|krümmerdichtung		Exhaust manifold gasket	exhaust manifold gasket	
Unidad de motor > Sellos y anillos de sellado > Juntas de culata y anillos de sellado > Junta de tapa de válvulas	element	engine-unit-engine-unit-seals-and-sealing-rings-engine-unit-engine-unit-seals-and-sealing-rings-cylinder-head-gaskets-and-sealing-rings-valve-cover-gasket	Junta de tapa de válvulas	junta de tapa de válvulas|junta tapa de balancines|junta de balancines|junta tapa culata		Ventildeckeldichtung	ventildeckeldichtung|zylinderkopfhaubendichtung		Valve cover gasket	valve cover gasket|rocker cover gasket	
Unidad de motor > Sellos y anillos de sellado > Juntas de culata y anillos de sellado > Junta de culata	element	engine-unit-engine-unit-seals-and-sealing-rings-engine-unit-engine-unit-seals-and-sealing-rings-cylinder-head-gaskets-and-sealing-rings-cylinder-head-gasket	Junta de culata	junta de culata|junta culata|empaque de culata|empaquetadura culata		Zylinderkopfdichtung	zylinderkopfdichtung|kopfdichtung		Cylinder head gasket	cylinder head gasket|head gasket	
Unidad de motor > Sellos y anillos de sellado > Juntas de culata y anillos de sellado > Sello del vástago de la válvula	element	engine-unit-engine-unit-seals-and-sealing-rings-engine-unit-engine-unit-seals-and-sealing-rings-cylinder-head-gaskets-and-sealing-rings-valve-stem-seal	Sello del vástago de la válvula	retén de válvula|sello de válvula|junta de vástago de válvula|reten de guia de valvula		Ventilschaftdichtung	ventilschaftdichtung|ventilschaftabdichtung		Valve stem seal	valve stem seal|valve seal	
Unidad de motor > Sellos y anillos de sellado > Juntas de culata y anillos de sellado > sello del árbol de levas	element	engine-unit-engine-unit-seals-and-sealing-rings-engine-unit-engine-unit-seals-and-sealing-rings-cylinder-head-gaskets-and-sealing-rings-camshaft-seal	sello del árbol de levas	retén de árbol de levas|reten de arbol de levas		Nockenwellendichtung	nockenwellendichtung|nockenwellensimmerring|nockenwellendichtring		camshaft seal	camshaft seal|camshaft oil seal	
Unidad de motor > Sellos y anillos de sellado > Juntas de culata y anillos de sellado > Sello, tapa del cuello de llenado de aceite	element	engine-unit-engine-unit-seals-and-sealing-rings-engine-unit-engine-unit-seals-and-sealing-rings-cylinder-head-gaskets-and-sealing-rings-seal-oil-filler-neck-cap	Sello, tapa del cuello de llenado de aceite	sello tapa del cuello de llenado de aceite		Dichtung, Öleinfüllstutzenverschluss	dichtung öleinfüllstutzenverschluss		Seal, oil filler neck cap	seal oil filler neck cap	
Unidad de motor > Sellos y anillos de sellado > Juntas y anillos de sellado del bloque del motor > Junta del tapón de drenaje de aceite	element	engine-unit-engine-unit-seals-and-sealing-rings-engine-unit-engine-unit-seals-and-sealing-rings-engine-block-gaskets-and-sealing-rings-oil-drain-plug-gasket	Junta del tapón de drenaje de aceite	junta de tapón de vaciado|arandela de tapón cárter|junta tapon carter		Ölablaßschraube Dichtung	ölablassschraube dichtung|dichtring ölablassschraube		Oil drain plug gasket	oil drain plug gasket|drain plug washer	
Unidad de motor > Sellos y anillos de sellado > Juntas y anillos de sellado del bloque del motor > Sello de aceite del cigüeñal	element	engine-unit-engine-unit-seals-and-sealing-rings-engine-unit-engine-unit-seals-and-sealing-rings-engine-block-gaskets-and-sealing-rings-crankshaft-oil-seal	Sello de aceite del cigüeñal	retén de cigüeñal|reten delantero de cigüeñal|reten trasero cigüeñal		Kurbelwellensimmerring	kurbelwellensimmerring|kurbelwellendichtring|simmerring kurbelwelle		Crankshaft oil seal	crankshaft seal|crankshaft oil seal	
Unidad de motor > Sellos y anillos de sellado > Juntas y anillos de sellado del bloque del motor > Junta del cárter de aceite	element	engine-unit-engine-unit-seals-and-sealing-rings-engine-unit-engine-unit-seals-and-sealing-rings-engine-block-gaskets-and-sealing-rings-oil-pan-gasket	Junta del cárter de aceite	junta de cárter|junta del cárter de aceite|junta de cárter aceite		Ölwannendichtung	ölwannendichtung|dichtung ölwanne		Oil pan gasket	oil pan gasket|sump gasket	
Unidad de motor > Sellos y anillos de sellado > Juntas y anillos de sellado del bloque del motor > Junta del cárter	element	engine-unit-engine-unit-seals-and-sealing-rings-engine-unit-engine-unit-seals-and-sealing-rings-engine-block-gaskets-and-sealing-rings-crankcase-gasket	Junta del cárter	junta de cárter|junta del cárter de aceite|junta de cárter aceite		Kurbelgehäusedichtung	ölwannendichtung|dichtung ölwanne		Crankcase gasket	oil pan gasket|sump gasket	
Unidad de motor > Sellos y anillos de sellado > Juntas y anillos de sellado del bloque del motor > Juego de juntas de motor	element	engine-unit-engine-unit-seals-and-sealing-rings-engine-unit-engine-unit-seals-and-sealing-rings-engine-block-gaskets-and-sealing-rings-engine-gasket-set	Juego de juntas de motor	juego de juntas de motor|kit de juntas motor|juego de juntas completo		Motordichtsatz	motordichtsatz|zylinderkopfdichtungssatz|dichtungssatz motor		Engine gasket set	engine gasket set|full gasket set	
Unidad de motor > Sellos y anillos de sellado > Sellos y anillos de sellado del sistema de combustible > Sellos de inyector	element	engine-unit-engine-unit-seals-and-sealing-rings-engine-unit-engine-unit-seals-and-sealing-rings-fuel-system-seals-and-sealing-rings-injector-seals	Sellos de inyector	juntas de inyector|arandelas de inyector|sellos de inyector|juntas cobre inyector		Dichtung Einspritzdüsen	einspritzdüsen dichtung|injektor dichtung|dichtung einspritzdüse		Injector seals	injector seals|injector washers	
Unidad de motor > Sellos y anillos de sellado > Sellos y anillos de sellado del sistema de combustible > Sello, bomba de inyección	element	engine-unit-engine-unit-seals-and-sealing-rings-engine-unit-engine-unit-seals-and-sealing-rings-fuel-system-seals-and-sealing-rings-seal-injection-pump	Sello, bomba de inyección	sello bomba de inyección		Dichtung, Einspritzpumpe	dichtung einspritzpumpe		Seal, injection pump	seal injection pump	
Unidad de motor > Sellos y anillos de sellado > Sellos y anillos de sellado del sistema de lubricación > Junta de la carcasa del filtro de aceite	element	engine-unit-engine-unit-seals-and-sealing-rings-engine-unit-engine-unit-seals-and-sealing-rings-lubrication-system-seals-and-sealing-rings-oil-filter-housing-gasket	Junta de la carcasa del filtro de aceite	junta de la carcasa del filtro de aceite		Ölfiltergehäusedichtung	ölfiltergehäusedichtung		Oil filter housing gasket	oil filter housing gasket	
Unidad de motor > Sellos y anillos de sellado > Sellos y anillos de sellado del sistema de refrigeración > Sello de refrigerante	element	engine-unit-engine-unit-seals-and-sealing-rings-engine-unit-engine-unit-seals-and-sealing-rings-cooling-system-seals-and-sealing-rings-coolant-seal	Sello de refrigerante	sello de refrigerante		Kühlwasserabdichtung	kühlwasserabdichtung		Coolant seal	coolant seal	
Unidad de motor > Sellos y anillos de sellado > Sellos y anillos de sellado del sistema de refrigeración > Sello del termostato	element	engine-unit-engine-unit-seals-and-sealing-rings-engine-unit-engine-unit-seals-and-sealing-rings-cooling-system-seals-and-sealing-rings-thermostat-seal	Sello del termostato	junta de termostato|junta del termostato|junta de caja termostato		Dichtung Thermostat	thermostatdichtung|dichtung thermostat		Thermostat seal	thermostat gasket|thermostat seal	
Unidad de motor > Sellos y anillos de sellado > Sellos y anillos de sellado del sistema de refrigeración > Sello de la bomba de agua	element	engine-unit-engine-unit-seals-and-sealing-rings-engine-unit-engine-unit-seals-and-sealing-rings-cooling-system-seals-and-sealing-rings-water-pump-seal	Sello de la bomba de agua	junta de bomba de agua|junta bomba agua		Dichtung Wasserpumpe	wasserpumpendichtung|dichtung wasserpumpe		Water pump seal	water pump gasket|water pump seal	
Unidad de motor > Sellos y anillos de sellado > Sellos y anillos de sellado del sistema de refrigeración > Sello de eje, diferencial	element	engine-unit-engine-unit-seals-and-sealing-rings-engine-unit-engine-unit-seals-and-sealing-rings-cooling-system-seals-and-sealing-rings-shaft-seal-differential	Sello de eje, diferencial	retén de diferencial|reten de palier diferencial|reten salida diferencial		Wellendichtring, Differential	differential simmerring|wellendichtring differential|simmerring differential		Shaft seal, differential	differential seal	
Unidad de motor > Sellos y anillos de sellado > Sellos y anillos de sellado de caja de cambios > Sello de aceite de la caja de cambios	element	engine-unit-engine-unit-seals-and-sealing-rings-engine-unit-engine-unit-seals-and-sealing-rings-gearbox-seals-and-sealing-rings-gearbox-oil-seal	Sello de aceite de la caja de cambios	retén de caja de cambios|retén de transmisión|reten de salida de cambio		Getriebe Simmerring	getriebe simmerring|getriebedichtring|wellendichtring getriebe		Gearbox oil seal	gearbox oil seal|transmission oil seal	
Unidad de motor > Sellos y anillos de sellado > Sellos y anillos de sellado de caja de cambios > Junta del cárter de aceite de transmisión automática	element	engine-unit-engine-unit-seals-and-sealing-rings-engine-unit-engine-unit-seals-and-sealing-rings-gearbox-seals-and-sealing-rings-automatic-transmission-oil-pan-gasket	Junta del cárter de aceite de transmisión automática	junta del cárter de aceite de transmisión automática		Dichtung, Ölwanne-Automatikgetriebe	dichtung ölwanne-automatikgetriebe		Automatic transmission oil pan gasket	automatic transmission oil pan gasket	
Unidad de motor > Sellos y anillos de sellado > Sellos y anillos de sellado de caja de cambios > Sello del eje, eje intermedio	element	engine-unit-engine-unit-seals-and-sealing-rings-engine-unit-engine-unit-seals-and-sealing-rings-gearbox-seals-and-sealing-rings-shaft-seal-intermediate-shaft	Sello del eje, eje intermedio	sello del eje eje intermedio		Wellendichtring, Zwischenwelle	wellendichtring zwischenwelle		Shaft seal, intermediate shaft	shaft seal intermediate shaft	
Unidad de motor > Sellos y anillos de sellado > Tiras de sellado > Junta de ventana	element	engine-unit-engine-unit-seals-and-sealing-rings-engine-unit-engine-unit-seals-and-sealing-rings-sealing-strips-window-seal	Junta de ventana	junta de ventana		Fensterdichtung	fensterdichtung		Window seal	window seal	
Unidad de motor > Sellos y anillos de sellado > Tiras de sellado > Sello del eje, cubo de la rueda	element	engine-unit-engine-unit-seals-and-sealing-rings-engine-unit-engine-unit-seals-and-sealing-rings-sealing-strips-shaft-seal-wheel-hub	Sello del eje, cubo de la rueda	sello del eje cubo de la rueda		Wellendichtring, Radnabe	wellendichtring radnabe		Shaft seal, wheel hub	shaft seal wheel hub	
Unidad de motor > escape > Piezas de escape > Silenciador	element	engine-unit-engine-unit-exhaust-engine-unit-engine-unit-exhaust-exhaust-parts-muffler	Silenciador	silenciador|silencioso|silenciador escape		Endschalldämpfer	schalldämpfer|endschalldämpfer|auspufftopf		Muffler	muffler|silencer	
Unidad de motor > escape > Piezas de escape > silenciador central	element	engine-unit-engine-unit-exhaust-engine-unit-engine-unit-exhaust-exhaust-parts-center-muffler	silenciador central	silenciador central|silencioso central		Mittelschalldämpfer	mittelschalldämpfer|mittelschalldämpfer auspuff		center muffler	center muffler|middle silencer	
Unidad de motor > escape > Piezas de escape > Tubos de escape	element	engine-unit-engine-unit-exhaust-engine-unit-engine-unit-exhaust-exhaust-parts-exhaust-pipes	Tubos de escape	tubo de escape|tubos de escape|caño de escape|bajante de escape		Auspuffrohre	auspuffrohr|abgasrohr|auspuffrohre		Exhaust pipes	exhaust pipe|exhaust tube	
Unidad de motor > escape > Piezas de escape > pre-silenciador	element	engine-unit-engine-unit-exhaust-engine-unit-engine-unit-exhaust-exhaust-parts-pre-muffler	pre-silenciador	presilenciador|silenciador previo		Vorschalldämpfer	vorschalldämpfer		pre-muffler	pre muffler	
Unidad de motor > escape > Piezas de escape > Soporte de escape	element	engine-unit-engine-unit-exhaust-engine-unit-engine-unit-exhaust-exhaust-parts-exhaust-bracket	Soporte de escape	soporte de escape|goma de escape|silentblock de escape|colgador de escape		Auspuffhalter	auspuffhalter|auspuffgummi|gummilager auspuff|halter auspuff		Exhaust bracket	exhaust mount|exhaust hanger|exhaust rubber	
Unidad de motor > escape > Piezas de escape > Junta de escape	element	engine-unit-engine-unit-exhaust-engine-unit-engine-unit-exhaust-exhaust-parts-exhaust-gasket	Junta de escape	junta de escape|junta de tubo de escape|junta de bajante escape		Auspuffdichtung	auspuffdichtung|abgasdichtung|dichtung abgasrohr		Exhaust gasket	exhaust gasket	
Unidad de motor > escape > Piezas de escape > Abrazadera de escape	element	engine-unit-engine-unit-exhaust-engine-unit-engine-unit-exhaust-exhaust-parts-exhaust-clamp	Abrazadera de escape	abrazadera de escape|brida de escape|grapa de escape		Auspuffschelle	auspuffschelle|abgasschelle|rohrschelle auspuff		Exhaust clamp	exhaust clamp	
Unidad de motor > escape > Piezas de escape > Pieza de sujeción, sistema de escape	element	engine-unit-engine-unit-exhaust-engine-unit-engine-unit-exhaust-exhaust-parts-clamping-piece-exhaust-system	Pieza de sujeción, sistema de escape	pieza de sujeción sistema de escape		Klemmstück, Abgasanlage	klemmstück abgasanlage		Clamping piece, exhaust system	clamping piece exhaust system	
Unidad de motor > escape > Colector de escape y componentes asociados > Junta del colector de escape	element	engine-unit-engine-unit-exhaust-engine-unit-engine-unit-exhaust-exhaust-manifold-and-associated-components-exhaust-manifold-gasket	Junta del colector de escape	junta de colector de escape|junta múltiple de escape|junta de escape colector		Auspuffkrümmerdichtung	auspuffkrümmerdichtung|abgaskrümmerdichtung|krümmerdichtung		Exhaust manifold gasket	exhaust manifold gasket	
Unidad de motor > Sistema de combustible > Filtros de combustible y componentes relacionados > filtro de combustible	element	engine-unit-engine-unit-fuel-system-engine-unit-engine-unit-fuel-system-fuel-filters-and-related-components-fuel-filter	filtro de combustible	filtro de combustible|filtro de gasoil|filtro de gasolina|filtro gasoil|filtro gasolina		Kraftstofffilter	kraftstofffilter|dieselfilter|benzinfilter		fuel filter	fuel filter|diesel filter	
Unidad de motor > Sistema de combustible > Componentes del sistema de suministro de combustible > bomba de combustible	element	engine-unit-engine-unit-fuel-system-engine-unit-engine-unit-fuel-system-components-of-the-fuel-supply-system-fuel-pump	bomba de combustible	bomba de combustible|bomba de gasolina|bomba de gasoil|aforador|bomba nodriza		Kraftstoffpumpe	kraftstoffpumpe|benzinpumpe|förderpumpe		fuel pump	fuel pump	
Unidad de motor > Sistema de combustible > Componentes del sistema de suministro de combustible > línea de combustible	element	engine-unit-engine-unit-fuel-system-engine-unit-engine-unit-fuel-system-components-of-the-fuel-supply-system-fuel-line	línea de combustible	línea de combustible|tubo de combustible|conducto de combustible|cañería combustible|manguera combustible		Kraftstoffleitung	kraftstoffleitung|benzinleitung|dieselleitung		fuel line	fuel line|fuel pipe	
Unidad de motor > Sistema de combustible > Componentes del sistema de suministro de combustible > Manguera, fuga de combustible	element	engine-unit-engine-unit-fuel-system-engine-unit-engine-unit-fuel-system-components-of-the-fuel-supply-system-hose-leaking-fuel	Manguera, fuga de combustible	manguera fuga de combustible		Schlauch, Leckkraftstoff	schlauch leckkraftstoff		Hose, leaking fuel	hose leaking fuel	
Unidad de motor > Sistema de combustible > Componentes del sistema de suministro de combustible > Kit de reparación de bomba de combustible	element	engine-unit-engine-unit-fuel-system-engine-unit-engine-unit-fuel-system-components-of-the-fuel-supply-system-fuel-pump-repair-kit	Kit de reparación de bomba de combustible	kit de reparación bomba de combustible|reparacion bomba gasolina		Kraftstoffpumpe Reparatursatz	kraftstoffpumpe reparatursatz|reparatursatz kraftstoffpumpe		Fuel pump repair kit	fuel pump repair kit	
Unidad de motor > Sistema de combustible > Componentes de inyección de combustible > tanque de combustible	element	engine-unit-engine-unit-fuel-system-engine-unit-engine-unit-fuel-system-fuel-injection-components-fuel-tank	tanque de combustible	depósito de combustible|tanque de combustible|depósito de gasolina|depósito de gasoil		Kraftstofftank	kraftstofftank|benzintank|dieseltank		fuel tank	fuel tank|gas tank|petrol tank	
Unidad de motor > Sistema de combustible > Componentes de inyección de combustible > inyector	element	engine-unit-engine-unit-fuel-system-engine-unit-engine-unit-fuel-system-fuel-injection-components-injector	inyector	inyector|inyector de combustible|inyector gasolina|inyector diesel|inyector diésel		Einspritzdüse	einspritzdüse|einspritzventil|injektor		injector	fuel injector|injector	
Unidad de motor > Sistema de combustible > Componentes de inyección de combustible > Sellos de inyector	element	engine-unit-engine-unit-fuel-system-engine-unit-engine-unit-fuel-system-fuel-injection-components-injector-seals	Sellos de inyector	juntas de inyector|arandelas de inyector|sellos de inyector|juntas cobre inyector		Dichtung Einspritzdüsen	einspritzdüsen dichtung|injektor dichtung|dichtung einspritzdüse		Injector seals	injector seals|injector washers	
Unidad de motor > Sistema de combustible > Componentes de inyección de combustible > Distribuidor de combustible	element	engine-unit-engine-unit-fuel-system-engine-unit-engine-unit-fuel-system-fuel-injection-components-fuel-distributor	Distribuidor de combustible	rampa de inyectores|rail de inyección|flauta de inyectores|distribuidor de combustible|regleta inyectores		Kraftstoffverteiler	kraftstoffverteiler|einspritzleiste|verteilerrohr kraftstoff		Fuel distributor	fuel rail|injector rail	
Unidad de motor > Sistema de combustible > Componentes de inyección de combustible > Parabrisas con aislamiento térmico, sistema de inyección de combustible	element	engine-unit-engine-unit-fuel-system-engine-unit-engine-unit-fuel-system-fuel-injection-components-heat-insulating-windscreen-fuel-injection-system	Parabrisas con aislamiento térmico, sistema de inyección de combustible			Wärmeschutzscheibe, Einspritzanlage	wärmeschutzscheibe einspritzanlage		Heat-insulating windscreen, fuel injection system	heat-insulating windscreen fuel injection system	
Unidad de motor > Sistema de combustible > Componentes del sistema de combustible > Acumulador de presión de combustible	element	engine-unit-engine-unit-fuel-system-engine-unit-engine-unit-fuel-system-components-of-the-fuel-system-fuel-pressure-accumulator	Acumulador de presión de combustible	acumulador de presión de combustible|acumulador de combustible|regulador de presión combustible		Kraftstoffdruckspeicher	kraftstoffdruckspeicher|druckspeicher kraftstoff		Fuel pressure accumulator	fuel pressure accumulator	
Unidad de motor > Sistema de combustible > Componentes del sistema de admisión > Cable Bowden	element	engine-unit-engine-unit-fuel-system-engine-unit-engine-unit-fuel-system-components-of-the-intake-system-bowden-cable	Cable Bowden	cable bowden		Bowdenzug	bowdenzug		Bowden cable	bowden cable	
Unidad de motor > Sistema de combustible > Tanques de combustible y componentes asociados > Sello, bomba de inyección	element	engine-unit-engine-unit-fuel-system-engine-unit-engine-unit-fuel-system-fuel-tanks-and-associated-components-seal-injection-pump	Sello, bomba de inyección	sello bomba de inyección		Dichtung, Einspritzpumpe	dichtung einspritzpumpe		Seal, injection pump	seal injection pump	
Unidad de motor > Sistema de combustible > Tanques de combustible y componentes asociados > tapa del depósito de combustible	element	engine-unit-engine-unit-fuel-system-engine-unit-engine-unit-fuel-system-fuel-tanks-and-associated-components-fuel-cap	tapa del depósito de combustible	tapón de combustible|tapa del depósito combustible|tapón de gasolina|tapon deposito gasoil		Tankdeckel	tankdeckel|tankverschluss|kraftstoff tankdeckel		Fuel cap	fuel cap|fuel tank cap|gas cap	
Unidad de motor > Ejes y juntas de la unidad del motor > Juntas de velocidad constante y componentes asociados > bota de CV	element	engine-unit-engine-unit-engine-unit-shafts-joints-engine-unit-engine-unit-engine-unit-shafts-joints-constant-velocity-joints-and-associated-components-cv-boot	bota de CV	fuelle de palier|guardapolvo de palier|fuelle de transmisión|bota de homocinética|fuelle homocinetica		Achsmanschette	achsmanschette|antriebswellenmanschette|faltenbalg antriebswelle|gelenkmanschette		CV boot	cv boot|axle boot|drive shaft boot	
Unidad de motor > Kits de reparación > Componentes del sistema de combustible > Kit de reparación de bomba de combustible	element	engine-unit-engine-unit-repair-kits-engine-unit-engine-unit-repair-kits-components-of-the-fuel-system-fuel-pump-repair-kit	Kit de reparación de bomba de combustible	kit de reparación bomba de combustible|reparacion bomba gasolina		Kraftstoffpumpe Reparatursatz	kraftstoffpumpe reparatursatz|reparatursatz kraftstoffpumpe		Fuel pump repair kit	fuel pump repair kit	
Unidad de motor > Tuberías y mangueras > Componentes del sistema de combustible > línea de combustible	element	engine-unit-engine-unit-pipes-and-hoses-engine-unit-engine-unit-pipes-and-hoses-components-of-the-fuel-system-fuel-line	línea de combustible	línea de combustible|tubo de combustible|conducto de combustible|cañería combustible|manguera combustible		Kraftstoffleitung	kraftstoffleitung|benzinleitung|dieselleitung		fuel line	fuel line|fuel pipe	
Frenos > Freno de disco > Pastillas de freno > Pastillas de freno delanteras	element	front-brake-pads	Pastillas de freno delanteras	pastillas de freno delanteras|pastillas delanteras|pastillas freno delanteras			bremsbeläge vorne|bremsbeläge vorderachse|bremsklötze vorne		Front brake pads	front brake pads|brake pads front	
Frenos > Freno de disco > Pastillas de freno > Pastillas de freno traseras	element	rear-brake-pads	Pastillas de freno traseras	pastillas de freno traseras|pastillas traseras|pastillas freno traseras			bremsbeläge hinten|bremsbeläge hinterachse|bremsklötze hinten		Rear brake pads	rear brake pads|brake pads rear	
Frenos > Freno de disco > Pastillas de freno > Kit de pastillas de freno	element	brake-pad-kit	Kit de pastillas de freno	kit de pastillas de freno|juego de pastillas|conjunto pastillas freno			bremsbeläge satz|bremsbelagsatz|bremsklötze satz		Brake pad kit (front + rear)	brake pad kit|brake pad set	
Frenos > Freno de disco > Pastillas de freno > Sensor de desgaste de pastillas	element	brake-pad-wear-sensor	Sensor de desgaste de pastillas	indicador de desgaste|sensor de desgaste|contacto de desgaste|testigo de pastillas|avisador de pastillas			bremsverschleißanzeige|verschleißanzeige|warnkontakt bremsbelag|verschleißsensor		Brake pad wear sensor	brake wear indicator|brake wear sensor|pad wear sensor	
Frenos > Freno de disco > Discos de freno > Disco de freno delantero	element	front-brake-disc	Disco de freno delantero	disco de freno delantero|discos delanteros|disco freno delantero			bremsscheibe vorne|bremsscheiben vorne|bremsscheibe vorderachse		Front brake disc	front brake disc|front brake rotor	
Frenos > Freno de disco > Discos de freno > Disco de freno trasero	element	rear-brake-disc	Disco de freno trasero	disco de freno trasero|discos traseros|disco freno trasero			bremsscheibe hinten|bremsscheiben hinten|bremsscheibe hinterachse		Rear brake disc	rear brake disc|rear brake rotor	
Frenos > Freno de disco > Discos de freno > Disco de freno ventilado	element	vented-brake-disc	Disco de freno ventilado	disco de freno ventilado|disco ventilado|discos ventilados			innenbelüftete bremsscheibe|belüftete bremsscheibe		Vented brake disc	vented brake disc|ventilated brake disc	
Frenos > Freno de disco > Discos de freno > Disco de freno perforado/ranurado	element	drilled-slotted-brake-disc	Disco de freno perforado/ranurado	disco perforado|disco ranurado|disco freno deportivo|discos perforados			gelochte bremsscheibe|geschlitzte bremsscheibe|sport bremsscheibe		Drilled/slotted brake disc	drilled brake disc|slotted brake disc|drilled slotted rotor	
Frenos > Freno de disco > Discos de freno > Kit de discos de freno	element	brake-disc-kit	Kit de discos de freno	kit de discos de freno|juego de discos freno			bremsscheiben satz|bremsscheibensatz		Brake disc kit	brake disc kit|brake disc set	
Frenos > Freno de disco > Pinzas de freno > Pinza de freno delantera izquierda	element	front-left-caliper	Pinza de freno delantera izquierda	pinza delantera izquierda|pinza de freno delantera izquierda			bremssattel vorne links		Front left brake caliper	front left brake caliper	
Frenos > Freno de disco > Pinzas de freno > Pinza de freno delantera derecha	element	front-right-caliper	Pinza de freno delantera derecha	pinza delantera derecha|pinza de freno delantera derecha			bremssattel vorne rechts		Front right brake caliper	front right brake caliper	
Frenos > Freno de disco > Pinzas de freno > Pinza de freno trasera izquierda	element	rear-left-caliper	Pinza de freno trasera izquierda	pinza trasera izquierda|pinza de freno trasera izquierda			bremssattel hinten links		Rear left brake caliper	rear left brake caliper	
Frenos > Freno de disco > Pinzas de freno > Pinza de freno trasera derecha	element	rear-right-caliper	Pinza de freno trasera derecha	pinza trasera derecha|pinza de freno trasera derecha			bremssattel hinten rechts		Rear right brake caliper	rear right brake caliper	
Frenos > Freno de disco > Pinzas de freno > Kit de reparación de pinza	element	caliper-repair-kit	Kit de reparación de pinza	kit de reparación de pinza|kit reparacion pinza freno|reparacion pinza de freno			bremssattel reparatursatz|reparatursatz bremssattel		Caliper repair kit	brake caliper repair kit|caliper repair kit	
Frenos > Freno de disco > Herrajes de pinza > Kit de bulones guía de pinza	element	caliper-guide-pin-kit	Kit de bulones guía de pinza	bulones guía de pinza|pasadores de pinza|kit guías pinza|casquillos guía pinza			führungsbolzen bremssattel|führungsstift satz|führungsbolzen satz		Caliper guide pin kit	caliper guide pin kit|guide pin kit	
Frenos > Freno de disco > Herrajes de pinza > Soporte de pinza	element	caliper-bracket	Soporte de pinza	soporte de pinza|portapinza|soporte pinza freno|horquilla de pinza			bremssattelhalter|halter bremssattel|bremssattelträger		Caliper bracket	caliper bracket|caliper carrier|caliper mounting bracket	
Frenos > Freno de disco > Herrajes de pinza > Kit de fuelles de pinza	element	caliper-dust-boot-kit	Kit de fuelles de pinza	fuelles de pinza|kit de fuelles pinza|gomas de pinza|guardapolvos pinza			staubkappen bremssattel|manschetten bremssattel|staubschutzsatz bremssattel		Caliper dust boot kit	caliper dust boot kit|caliper boot kit	
Frenos > Freno de tambor > Zapatas de freno > Juego de zapatas de freno	element	brake-shoe-set	Juego de zapatas de freno	juego de zapatas de freno|kit de zapatas de freno|zapatas con herrajes|kit herrajes zapatas			bremsbackensatz|bremsbacken satz|zubehörsatz bremsbacken|montagesatz bremsbacken		Brake shoe set	brake shoe set|brake shoe kit|brake shoe fitting kit	
Frenos > Freno de tambor > Zapatas de freno > Kit de zapatas con herrajes	element	brake-shoe-kit	Kit de zapatas con herrajes	juego de zapatas de freno|kit de zapatas de freno|zapatas con herrajes|kit herrajes zapatas			bremsbackensatz|bremsbacken satz|zubehörsatz bremsbacken|montagesatz bremsbacken		Brake shoe kit with hardware	brake shoe set|brake shoe kit|brake shoe fitting kit	
Frenos > Freno de tambor > Tambores de freno > Tambor de freno	element	brake-drum	Tambor de freno	tambor de freno|tambor freno|tambores de freno			bremstrommel		Brake drum	brake drum|brake drums	
Frenos > Freno de tambor > Tambores de freno > Kit de tambores	element	brake-drum-kit	Kit de tambores	kit de tambores|juego de tambores freno			bremstrommel satz|bremstrommelsatz		Brake drum kit	brake drum kit	
Frenos > Freno de tambor > Bombines de rueda > Bombín de rueda (izquierdo)	element	wheel-cylinder-left	Bombín de rueda (izquierdo)	bombín de rueda|bombín de freno|cilindro de rueda|cilindro de freno de rueda|bombin			radbremszylinder|radzylinder		Wheel cylinder (left)	wheel cylinder|wheel brake cylinder	
Frenos > Freno de tambor > Bombines de rueda > Bombín de rueda (derecho)	element	wheel-cylinder-right	Bombín de rueda (derecho)	bombín de rueda|bombín de freno|cilindro de rueda|cilindro de freno de rueda|bombin			radbremszylinder|radzylinder		Wheel cylinder (right)	wheel cylinder|wheel brake cylinder	
Frenos > Freno de tambor > Bombines de rueda > Kit de reparación de bombín	element	wheel-cylinder-repair-kit	Kit de reparación de bombín	kit de reparación de bombín|kit reparacion cilindro de rueda|reparacion bombin freno			radbremszylinder reparatursatz|reparatursatz radbremszylinder		Wheel cylinder repair kit	wheel cylinder repair kit|wheel brake cylinder repair kit	
Frenos > Freno de tambor > Herrajes de freno de tambor > Kit de muelles de retorno	element	return-spring-kit	Kit de muelles de retorno	muelles de retorno freno|kit de muelles freno|resortes de zapatas|muelles zapatas			rückzugfedern satz|federsatz trommelbremse|bremsbacken federn		Return spring kit	return spring kit|brake shoe spring kit	
Frenos > Freno de tambor > Herrajes de freno de tambor > Kit de sujeción	element	hold-down-kit	Kit de sujeción	kit de sujeción zapatas|muelles de sujeción|pasadores de zapatas			niederhaltefeder satz|haltefedern bremsbacken		Hold-down kit	hold down kit|shoe hold down kit	
Frenos > Freno de tambor > Herrajes de freno de tambor > Regulador de freno	element	brake-adjuster	Regulador de freno	regulador de freno|regulador de tambor|ajustador de freno|reglaje zapatas			nachsteller trommelbremse|bremsnachsteller		Brake adjuster	brake adjuster|drum brake adjuster	
Frenos > Freno de mano > Cables del freno de mano > Cable primario del freno de mano	element	parking-brake-primary-cable	Cable primario del freno de mano	cable primario freno de mano|cable delantero freno de mano			handbremsseil vorne|bremsseil vorne		Primary parking brake cable	primary parking brake cable|front parking brake cable	
Frenos > Freno de mano > Cables del freno de mano > Cable trasero izquierdo del freno de mano	element	parking-brake-rear-left-cable	Cable trasero izquierdo del freno de mano	cable trasero izquierdo freno de mano|cable freno mano trasero izquierdo			handbremsseil hinten links|bremsseil hinten links		Rear left parking brake cable	rear left parking brake cable	
Frenos > Freno de mano > Cables del freno de mano > Cable trasero derecho del freno de mano	element	parking-brake-rear-right-cable	Cable trasero derecho del freno de mano	cable trasero derecho freno de mano|cable freno mano trasero derecho			handbremsseil hinten rechts|bremsseil hinten rechts		Rear right parking brake cable	rear right parking brake cable	
Frenos > Freno de mano > Mecanismo de la palanca > Palanca del freno de mano	element	parking-brake-lever	Palanca del freno de mano	palanca de freno de mano|palanca freno mano|maneta freno de mano			handbremshebel|feststellbremshebel		Parking brake lever/handle	parking brake lever|handbrake lever|handbrake handle	
Frenos > Freno de mano > Mecanismo de la palanca > Funda de la palanca	element	parking-brake-lever-boot	Funda de la palanca	funda de palanca freno de mano|fuelle de palanca|cubierta palanca freno			handbremshebel manschette|handbremsgriff manschette		Parking brake lever boot	parking brake lever boot|handbrake lever gaiter	
Frenos > Freno de mano > Mecanismo de la palanca > Tuerca de reglaje	element	parking-brake-adjuster-nut	Tuerca de reglaje	tuerca de reglaje freno de mano|regulador freno de mano|tensor freno de mano			handbremse einstellmutter|einstellmutter handbremse		Parking brake adjuster nut	parking brake adjuster nut	
Frenos > Freno de mano > Freno de mano eléctrico > Motor actuador del EPB	element	epb-actuator-motor	Motor actuador del EPB	motor actuador epb|actuador freno de mano eléctrico|motor freno de mano eléctrico			epb stellmotor|feststellbremse stellmotor|stellmotor feststellbremse		EPB actuator motor	epb actuator motor|electric parking brake motor	
Frenos > Freno de mano > Freno de mano eléctrico > Módulo de control del EPB	element	epb-control-module	Módulo de control del EPB	módulo epb|centralita freno de mano eléctrico|unidad control epb			epb steuergerät|feststellbremse steuergerät|steuergerät feststellbremse		EPB control module	epb control module|electric parking brake module	
Frenos > Sistema hidráulico de frenos > Bomba de freno > Bomba de freno	element	brake-master-cylinder	Bomba de freno	bomba de freno|bomba de frenos|cilindro maestro de freno|maestra de freno			hauptbremszylinder|bremszylinder haupt		Brake master cylinder	brake master cylinder|master cylinder	
Frenos > Sistema hidráulico de frenos > Bomba de freno > Kit de reparación de bomba de freno	element	brake-master-cylinder-repair-kit	Kit de reparación de bomba de freno	kit de reparación de bomba de freno|kit reparacion cilindro maestro|reparacion bomba freno			hauptbremszylinder reparatursatz|reparatursatz hauptbremszylinder		Brake master cylinder repair kit	master brake cylinder repair kit|master cylinder repair kit	
Frenos > Sistema hidráulico de frenos > Bomba de freno > Depósito de líquido de freno	element	brake-fluid-reservoir	Depósito de líquido de freno	depósito de líquido de freno|depósito líquido frenos|bote de líquido de frenos			bremsflüssigkeitsbehälter|ausgleichsbehälter bremse|behälter bremsflüssigkeit		Brake fluid reservoir	brake fluid reservoir|brake reservoir	
Frenos > Sistema hidráulico de frenos > Tubos y latiguillos de freno > Tubo rígido de freno	element	rigid-brake-line	Tubo rígido de freno	tubo de freno|tubo rígido de freno|cañería de freno|tubería de freno			bremsleitung|bremsrohr		Rigid brake line	brake line|brake pipe|rigid brake line	
Frenos > Sistema hidráulico de frenos > Tubos y latiguillos de freno > Latiguillo de freno	element	flexible-brake-hose	Latiguillo de freno	manguera de freno|latiguillo de freno|flexible de freno|tubo flexible freno			bremsschlauch		Flexible brake hose	brake hose|flexible brake hose|brake line hose	
Frenos > Sistema hidráulico de frenos > Tubos y latiguillos de freno > Latiguillo de freno metálico	element	braided-brake-hose	Latiguillo de freno metálico	latiguillo metálico|latiguillo de freno metálico|latiguillos aeronáuticos			stahlflex bremsschlauch|bremsschlauch stahlflex		Braided brake hose	braided brake hose|stainless brake hose	
Frenos > Sistema hidráulico de frenos > Tubos y latiguillos de freno > Perno banjo de freno	element	brake-banjo-bolt	Perno banjo de freno	perno banjo|tornillo banjo|racor banjo freno			hohlschraube bremse|banjo schraube		Banjo bolt	banjo bolt|brake banjo bolt	
Frenos > Sistema hidráulico de frenos > Líquido de frenos > Líquido de frenos DOT 3	element	brake-fluid-dot3	Líquido de frenos DOT 3	líquido de frenos dot 3|líquido frenos dot 3|liquido de freno dot 3			bremsflüssigkeit dot 3		Brake fluid DOT 3	brake fluid dot 3	
Frenos > Sistema hidráulico de frenos > Líquido de frenos > Líquido de frenos DOT 4	element	brake-fluid-dot4	Líquido de frenos DOT 4	líquido de frenos dot 4|líquido frenos dot 4|liquido de freno dot 4			bremsflüssigkeit dot 4		Brake fluid DOT 4	brake fluid dot 4	
Frenos > Sistema hidráulico de frenos > Líquido de frenos > Líquido de frenos DOT 4 LV	element	brake-fluid-dot4-lv	Líquido de frenos DOT 4 LV	líquido de frenos dot 4 lv|liquido frenos dot 4 lv			bremsflüssigkeit dot 4 lv		Brake fluid DOT 4 LV	brake fluid dot 4 lv	
Frenos > Sistema hidráulico de frenos > Líquido de frenos > Líquido de frenos DOT 5.1	element	brake-fluid-dot5-1	Líquido de frenos DOT 5.1	líquido de frenos dot 5.1|liquido frenos dot 5.1			bremsflüssigkeit dot 5.1		Brake fluid DOT 5.1	brake fluid dot 5.1	
Frenos > Sistema hidráulico de frenos > Líquido de frenos > Líquido de frenos DOT 5	element	brake-fluid-dot5	Líquido de frenos DOT 5	líquido de frenos dot 5|liquido frenos dot 5			bremsflüssigkeit dot 5		Brake fluid DOT 5	brake fluid dot 5	
Frenos > Sistema hidráulico de frenos > Herrajes de purgado > Purgador de freno	element	brake-bleeder-screw	Purgador de freno	purgador de freno|tornillo de purga|válvula de purga freno			entlüfterschraube bremse|entlüftungsschraube bremssattel		Brake bleeder screw	brake bleeder screw|bleeder valve	
Frenos > Sistema hidráulico de frenos > Herrajes de purgado > Kit de purgado de freno	element	brake-bleeder-kit	Kit de purgado de freno	kit de purgado de frenos|kit de purga de frenos|purgador de frenos herramienta			bremsenentlüftungsgerät|entlüftungsset bremse		Brake bleeder kit	brake bleeder kit|brake bleeding kit	
Frenos > Sistema hidráulico de frenos > Válvula reguladora > Válvula reguladora de frenada	element	brake-proportioning-valve	Válvula reguladora de frenada	válvula reguladora de frenada|repartidor de frenada|reductor de presión frenos			bremskraftregler|bremsdruckregler|bremskraftverteiler		Brake proportioning valve	brake proportioning valve|brake pressure regulator	
Frenos > ABS y control de tracción > Módulo ABS > Centralita ABS	element	abs-control-unit	Centralita ABS	centralita abs|módulo abs|unidad de control abs			abs steuergerät|steuergerät abs		ABS control unit	abs control unit|abs module	
Frenos > ABS y control de tracción > Módulo ABS > Módulo de bomba ABS	element	abs-pump-module	Módulo de bomba ABS	módulo de bomba abs|bomba abs|grupo hidráulico abs			abs hydraulikpumpe|abs pumpe|hydraulikpumpe abs		ABS pump module	abs pump module|abs pump	
Frenos > ABS y control de tracción > Sensores de velocidad de rueda > Sensor ABS delantero izquierdo	element	abs-sensor-front-left	Sensor ABS delantero izquierdo	sensor abs|sensor de rueda abs|captador abs|sensor de revoluciones rueda			abs sensor|raddrehzahlsensor|drehzahlsensor rad		ABS sensor (front left)	abs sensor|wheel speed sensor	
Frenos > ABS y control de tracción > Sensores de velocidad de rueda > Sensor ABS delantero derecho	element	abs-sensor-front-right	Sensor ABS delantero derecho	sensor abs|sensor de rueda abs|captador abs|sensor de revoluciones rueda			abs sensor|raddrehzahlsensor|drehzahlsensor rad		ABS sensor (front right)	abs sensor|wheel speed sensor	
Frenos > ABS y control de tracción > Sensores de velocidad de rueda > Sensor ABS trasero izquierdo	element	abs-sensor-rear-left	Sensor ABS trasero izquierdo	sensor abs|sensor de rueda abs|captador abs|sensor de revoluciones rueda			abs sensor|raddrehzahlsensor|drehzahlsensor rad		ABS sensor (rear left)	abs sensor|wheel speed sensor	
Frenos > ABS y control de tracción > Sensores de velocidad de rueda > Sensor ABS trasero derecho	element	abs-sensor-rear-right	Sensor ABS trasero derecho	sensor abs|sensor de rueda abs|captador abs|sensor de revoluciones rueda			abs sensor|raddrehzahlsensor|drehzahlsensor rad		ABS sensor (rear right)	abs sensor|wheel speed sensor	
Frenos > ABS y control de tracción > Unidad hidráulica de control > Unidad hidráulica del ABS	element	abs-hcu	Unidad hidráulica del ABS	unidad hidráulica abs|grupo hidráulico abs|bloque abs			abs hydraulikaggregat|hydraulikblock abs		ABS hydraulic control unit	abs hydraulic unit|abs hydraulic control unit	
Frenos > ABS y control de tracción > Unidad hidráulica de control > Válvula moduladora del ABS	element	abs-modulator-valve	Válvula moduladora del ABS	válvula moduladora abs|modulador abs|electroválvula abs			abs magnetventil|modulator abs		ABS modulator valve	abs modulator valve	
Frenos > Servofreno > Servofreno de vacío > Servofreno completo	element	brake-booster-assembly	Servofreno completo	servofreno|servo de freno|booster de freno|servofreno completo			bremskraftverstärker|bremsservo		Brake booster assembly	brake booster|brake servo|vacuum booster	
Frenos > Servofreno > Servofreno de vacío > Kit de reparación de servofreno	element	brake-booster-rebuild-kit	Kit de reparación de servofreno	kit de reparación servofreno|reparacion servofreno			bremskraftverstärker reparatursatz|reparatursatz bremskraftverstärker		Brake booster rebuild kit	brake booster rebuild kit|brake servo repair kit	
Frenos > Servofreno > Servofreno de vacío > Válvula antirretorno de vacío	element	brake-vacuum-check-valve	Válvula antirretorno de vacío	válvula antirretorno de vacío|válvula de vacío freno|antirretorno servofreno			rückschlagventil unterdruck|unterdruckventil bremse		Brake vacuum check valve	brake vacuum check valve|vacuum check valve	
Frenos > Servofreno > Bomba de vacío del freno > Bomba de vacío del freno	element	brake-vacuum-pump	Bomba de vacío del freno	bomba de vacío|bomba de vacío freno|depresor|bomba depresora			unterdruckpumpe|vakuumpumpe bremse|tandempumpe		Brake vacuum pump	brake vacuum pump|vacuum pump	
Frenos > Servofreno > Servofreno hidráulico (hydro-boost) > Unidad hydro-boost	element	hydro-boost-unit	Unidad hydro-boost	hydro boost|servofreno hidráulico|unidad hidráulica servofreno			hydroboost|hydraulischer bremskraftverstärker		Hydro-boost unit	hydro boost unit|hydroboost	
Frenos > Servofreno > Servofreno hidráulico (hydro-boost) > Kit de reparación hydro-boost	element	hydro-boost-rebuild-kit	Kit de reparación hydro-boost	kit de reparación hydro boost|reparacion servofreno hidraulico			hydroboost reparatursatz		Hydro-boost rebuild kit	hydro boost rebuild kit	
Ruedas y neumáticos > Llantas > Llantas de aleación > Llanta de aleación (unidad)	element	alloy-wheel	Llanta de aleación (unidad)						Alloy wheel (single)		
Ruedas y neumáticos > Llantas > Llantas de aleación > Juego de llantas de aleación (4)	element	alloy-wheel-set	Juego de llantas de aleación (4)						Alloy wheel set (4)		
Ruedas y neumáticos > Llantas > Llantas de acero > Llanta de acero (unidad)	element	steel-wheel	Llanta de acero (unidad)						Steel wheel (single)		
Ruedas y neumáticos > Llantas > Llantas de acero > Juego de llantas de acero (4)	element	steel-wheel-set	Juego de llantas de acero (4)						Steel wheel set (4)		
Ruedas y neumáticos > Llantas > Ruedas de repuesto > Rueda de repuesto tamaño completo	element	spare-wheel-full-size	Rueda de repuesto tamaño completo						Full-size spare wheel		
Ruedas y neumáticos > Llantas > Ruedas de repuesto > Rueda de repuesto compacta (galleta)	element	spare-wheel-space-saver	Rueda de repuesto compacta (galleta)						Space-saver spare wheel		
Ruedas y neumáticos > Llantas > Tapacubos y embellecedores > Tapacubos	element	hubcap	Tapacubos						Hubcap		
Ruedas y neumáticos > Llantas > Tapacubos y embellecedores > Tapabuje / embellecedor central	element	wheel-center-cap	Tapabuje / embellecedor central						Wheel center cap		
Ruedas y neumáticos > Llantas > Tapacubos y embellecedores > Embellecedor perimetral	element	decorative-trim-ring	Embellecedor perimetral						Decorative trim ring		
Ruedas y neumáticos > Neumáticos > Neumáticos de verano > Neumático de verano (unidad)	element	summer-tire	Neumático de verano (unidad)						Summer tire (single)		
Ruedas y neumáticos > Neumáticos > Neumáticos de verano > Juego de neumáticos de verano (4)	element	summer-tire-set	Juego de neumáticos de verano (4)						Summer tire set (4)		
Ruedas y neumáticos > Neumáticos > Neumáticos de invierno > Neumático de invierno	element	winter-tire	Neumático de invierno						Winter tire		
Ruedas y neumáticos > Neumáticos > Neumáticos de invierno > Neumático de invierno con clavos	element	studded-winter-tire	Neumático de invierno con clavos						Studded winter tire		
Ruedas y neumáticos > Neumáticos > Neumáticos de invierno > Juego de neumáticos de invierno (4)	element	winter-tire-set	Juego de neumáticos de invierno (4)						Winter tire set (4)		
Ruedas y neumáticos > Neumáticos > Neumáticos todo tiempo > Neumático todo tiempo	element	all-season-tire	Neumático todo tiempo						All-season tire		
Ruedas y neumáticos > Neumáticos > Neumáticos todo tiempo > Juego de neumáticos todo tiempo (4)	element	all-season-tire-set	Juego de neumáticos todo tiempo (4)						All-season tire set (4)		
Ruedas y neumáticos > Neumáticos > Neumáticos todoterreno > Neumático all-terrain (AT)	element	all-terrain-tire	Neumático all-terrain (AT)						All-terrain (AT) tire		
Ruedas y neumáticos > Neumáticos > Neumáticos todoterreno > Neumático mud-terrain (MT)	element	mud-terrain-tire	Neumático mud-terrain (MT)						Mud-terrain (MT) tire		
Ruedas y neumáticos > Neumáticos > Neumáticos todoterreno > Neumático para arena	element	sand-tire	Neumático para arena						Sand tire		
Ruedas y neumáticos > Neumáticos > Neumáticos especiales > Neumático run-flat	element	run-flat-tire	Neumático run-flat						Run-flat tire		
Ruedas y neumáticos > Neumáticos > Neumáticos especiales > Neumático de perfil bajo	element	low-profile-tire	Neumático de perfil bajo						Low-profile tire		
Ruedas y neumáticos > Neumáticos > Neumáticos especiales > Neumático de remolque	element	trailer-tire	Neumático de remolque						Trailer tire		
Ruedas y neumáticos > Bujes y rodamientos > Bujes de rueda > Buje de rueda delantero	element	front-wheel-hub	Buje de rueda delantero						Front wheel hub		
Ruedas y neumáticos > Bujes y rodamientos > Bujes de rueda > Buje de rueda trasero	element	rear-wheel-hub	Buje de rueda trasero						Rear wheel hub		
Ruedas y neumáticos > Bujes y rodamientos > Bujes de rueda > Buje de rueda con rodamiento	element	wheel-hub-assembly-bearing	Buje de rueda con rodamiento						Wheel hub assembly with bearing		
Ruedas y neumáticos > Bujes y rodamientos > Rodamientos de rueda > Rodamiento de rueda delantero	element	front-wheel-bearing	Rodamiento de rueda delantero						Front wheel bearing		
Ruedas y neumáticos > Bujes y rodamientos > Rodamientos de rueda > Rodamiento de rueda trasero	element	rear-wheel-bearing	Rodamiento de rueda trasero						Rear wheel bearing		
Ruedas y neumáticos > Bujes y rodamientos > Rodamientos de rueda > Kit de rodamiento de rueda	element	wheel-bearing-kit	Kit de rodamiento de rueda						Wheel bearing kit		
Ruedas y neumáticos > Bujes y rodamientos > Retenes y tapas de buje > Retén de buje	element	hub-oil-seal	Retén de buje						Hub oil seal		
Ruedas y neumáticos > Bujes y rodamientos > Retenes y tapas de buje > Tapa guardapolvo del buje	element	hub-dust-cap	Tapa guardapolvo del buje						Hub dust cap		
Ruedas y neumáticos > Tornillería y valvulería de rueda > Tuercas y espárragos de rueda > Tuerca de rueda estándar	element	standard-lug-nut	Tuerca de rueda estándar						Standard lug nut		
Ruedas y neumáticos > Tornillería y valvulería de rueda > Tuercas y espárragos de rueda > Tuerca de rueda tipo tuner	element	tuner-lug-nut	Tuerca de rueda tipo tuner						Tuner lug nut		
Ruedas y neumáticos > Tornillería y valvulería de rueda > Tuercas y espárragos de rueda > Espárrago de rueda	element	wheel-lug-bolt	Espárrago de rueda						Wheel lug bolt		
Ruedas y neumáticos > Tornillería y valvulería de rueda > Tuercas y espárragos de rueda > Bulón de rueda	element	wheel-stud	Bulón de rueda						Wheel stud		
Ruedas y neumáticos > Tornillería y valvulería de rueda > Herrajes antirrobo > Juego de tuercas antirrobo	element	anti-theft-lug-nut-set	Juego de tuercas antirrobo						Anti-theft lug nut set		
Ruedas y neumáticos > Tornillería y valvulería de rueda > Herrajes antirrobo > Llave/adaptador antirrobo	element	lock-key-adapter	Llave/adaptador antirrobo						Lock key adapter		
Ruedas y neumáticos > Tornillería y valvulería de rueda > Válvulas y TPMS > Válvula de neumático	element	tire-valve-stem	Válvula de neumático						Tire valve stem		
Ruedas y neumáticos > Tornillería y valvulería de rueda > Válvulas y TPMS > Sensor TPMS	element	tpms-sensor	Sensor TPMS						TPMS sensor		
Ruedas y neumáticos > Tornillería y valvulería de rueda > Válvulas y TPMS > Kit de mantenimiento TPMS	element	tpms-service-kit	Kit de mantenimiento TPMS						TPMS service kit		
Ruedas y neumáticos > Tornillería y valvulería de rueda > Válvulas y TPMS > Tapa de válvula	element	valve-cap	Tapa de válvula						Valve cap		
Ruedas y neumáticos > Accesorios de rueda > Separadores y adaptadores > Separador de rueda	element	wheel-spacer	Separador de rueda						Wheel spacer		
Ruedas y neumáticos > Accesorios de rueda > Separadores y adaptadores > Adaptador PCD	element	pcd-hub-adapter	Adaptador PCD						PCD hub adapter		
Ruedas y neumáticos > Accesorios de rueda > Anillos centradores > Anillo centrador del buje	element	hub-centering-ring	Anillo centrador del buje						Hub centering ring		
Ruedas y neumáticos > Accesorios de rueda > Portarruedas de repuesto > Portarrueda de repuesto	element	spare-tire-carrier	Portarrueda de repuesto						Spare tire carrier		
Ruedas y neumáticos > Accesorios de rueda > Portarruedas de repuesto > Funda de rueda de repuesto	element	spare-tire-cover	Funda de rueda de repuesto						Spare tire cover		
