ruta,carpeta,Tipo,Marca,Modelo,Serie,id,bytes,estado
motos/adventure/aprilia-tuareg-tuareg-600-wind.jpg,motos/adventure,Adventure,Aprilia,Tuareg,Tuareg 600 Wind,aprilia-tuareg-tuareg-600-wind,631,PLACEHOLDER
motos/adventure/cagiva-elefant-350-elefant.jpg,motos/adventure,Adventure,Cagiva,Elefant 350,Elefant,cagiva-elefant-350-elefant,631,PLACEHOLDER
motos/adventure/cagiva-elefant-650-elefant.jpg,motos/adventure,Adventure,Cagiva,Elefant 650,Elefant,cagiva-elefant-650-elefant,631,PLACEHOLDER
motos/adventure/cagiva-elefant-750-elefant.jpg,motos/adventure,Adventure,Cagiva,Elefant 750,Elefant,cagiva-elefant-750-elefant,631,PLACEHOLDER
motos/adventure/cagiva-elefant-900-elefant.jpg,motos/adventure,Adventure,Cagiva,Elefant 900,Elefant,cagiva-elefant-900-elefant,631,PLACEHOLDER
motos/adventure/cagiva-gran-canyon-900-gran-canyon.jpg,motos/adventure,Adventure,Cagiva,Gran Canyon 900,Gran Canyon,cagiva-gran-canyon-900-gran-canyon,631,PLACEHOLDER
motos/adventure/honda-africa-twin-xrv650-africa-twin.jpg,motos/adventure,Adventure,Honda,Africa Twin,XRV650 Africa Twin,honda-africa-twin-xrv650-africa-twin,631,PLACEHOLDER
motos/adventure/honda-transalp-xl600v-transalp.jpg,motos/adventure,Adventure,Honda,Transalp,XL600V Transalp,honda-transalp-xl600v-transalp,631,PLACEHOLDER
motos/adventure/ktm-620-adventure-620-lc4-egs-adventure.jpg,motos/adventure,Adventure,KTM,620 Adventure,620 LC4 (EGS/Adventure),ktm-620-adventure-620-lc4-egs-adventure,631,PLACEHOLDER
motos/adventure/moto-guzzi-ntx-ntx-350-650-750.jpg,motos/adventure,Adventure,Moto Guzzi,NTX,NTX 350/650/750,moto-guzzi-ntx-ntx-350-650-750,631,PLACEHOLDER
motos/adventure/moto-guzzi-quota-1000-quota-1000.jpg,motos/adventure,Adventure,Moto Guzzi,Quota 1000,Quota 1000,moto-guzzi-quota-1000-quota-1000,631,PLACEHOLDER
motos/adventure/triumph-tiger-900-t400-acero.jpg,motos/adventure,Adventure,Triumph,Tiger,900 (T400 acero),triumph-tiger-900-t400-acero,631,PLACEHOLDER
motos/adventure/yamaha-xt600z-tenere-xt600z-tenere-1a-gen-34l-1vj.jpg,motos/adventure,Adventure,Yamaha,XT600Z Tenere,XT600Z Tenere 1a gen (34L/1VJ),yamaha-xt600z-tenere-xt600z-tenere-1a-gen-34l-1vj,631,PLACEHOLDER
motos/cruiser/aprilia-red-rose-red-rose-125.jpg,motos/cruiser,Cruiser,Aprilia,Red Rose,Red Rose 125,aprilia-red-rose-red-rose-125,631,PLACEHOLDER
motos/cruiser/aprilia-red-rose-red-rose-50.jpg,motos/cruiser,Cruiser,Aprilia,Red Rose,Red Rose 50,aprilia-red-rose-red-rose-50,631,PLACEHOLDER
motos/cruiser/gilera-eaglet-eaglet-50.jpg,motos/cruiser,Cruiser,Gilera,Eaglet,Eaglet 50,gilera-eaglet-eaglet-50,631,PLACEHOLDER
motos/cruiser/harley-davidson-big-twin-flathead-u-ul-74ci.jpg,motos/cruiser,Cruiser,Harley-Davidson,Big Twin Flathead,U / UL (74ci),harley-davidson-big-twin-flathead-u-ul-74ci,631,PLACEHOLDER
motos/cruiser/harley-davidson-big-twin-flathead-uh-ulh-80ci.jpg,motos/cruiser,Cruiser,Harley-Davidson,Big Twin Flathead,UH / ULH (80ci),harley-davidson-big-twin-flathead-uh-ulh-80ci,631,PLACEHOLDER
motos/cruiser/harley-davidson-big-twin-flathead-v-vl-74ci.jpg,motos/cruiser,Cruiser,Harley-Davidson,Big Twin Flathead,V / VL (74ci),harley-davidson-big-twin-flathead-v-vl-74ci,631,PLACEHOLDER
motos/cruiser/harley-davidson-electra-glide-shovelhead-74ci.jpg,motos/cruiser,Cruiser,Harley-Davidson,Electra Glide,Shovelhead 74ci,harley-davidson-electra-glide-shovelhead-74ci,631,PLACEHOLDER
motos/cruiser/harley-davidson-electra-glide-shovelhead-80ci.jpg,motos/cruiser,Cruiser,Harley-Davidson,Electra Glide,Shovelhead 80ci,harley-davidson-electra-glide-shovelhead-80ci,631,PLACEHOLDER
motos/cruiser/harley-davidson-fxr-super-glide-evolution-big-twin.jpg,motos/cruiser,Cruiser,Harley-Davidson,FXR Super Glide,Evolution Big Twin,harley-davidson-fxr-super-glide-evolution-big-twin,631,PLACEHOLDER
motos/cruiser/harley-davidson-knucklehead-ohv-61ci.jpg,motos/cruiser,Cruiser,Harley-Davidson,Knucklehead,OHV 61ci,harley-davidson-knucklehead-ohv-61ci,631,PLACEHOLDER
motos/cruiser/harley-davidson-knucklehead-ohv-74ci.jpg,motos/cruiser,Cruiser,Harley-Davidson,Knucklehead,OHV 74ci,harley-davidson-knucklehead-ohv-74ci,631,PLACEHOLDER
motos/cruiser/harley-davidson-model-k-k-45ci-flathead.jpg,motos/cruiser,Cruiser,Harley-Davidson,Model K,K (45ci flathead),harley-davidson-model-k-k-45ci-flathead,631,PLACEHOLDER
motos/cruiser/harley-davidson-model-kh-kh-54ci-flathead.jpg,motos/cruiser,Cruiser,Harley-Davidson,Model KH,KH (54ci flathead),harley-davidson-model-kh-kh-54ci-flathead,631,PLACEHOLDER
motos/cruiser/harley-davidson-panhead-el-61ci.jpg,motos/cruiser,Cruiser,Harley-Davidson,Panhead,EL 61ci,harley-davidson-panhead-el-61ci,631,PLACEHOLDER
motos/cruiser/harley-davidson-panhead-fl-flh-hydra-glide-duo-glide-electra-glide.jpg,motos/cruiser,Cruiser,Harley-Davidson,Panhead,FL / FLH (Hydra-Glide/Duo-Glide/Electra Glide),harley-davidson-panhead-fl-flh-hydra-glide-duo-glide-electra-glide,631,PLACEHOLDER
motos/cruiser/harley-davidson-servi-car-g-series-triciclo.jpg,motos/cruiser,Cruiser,Harley-Davidson,Servi-Car,G-series (triciclo),harley-davidson-servi-car-g-series-triciclo,631,PLACEHOLDER
motos/cruiser/harley-davidson-sportster-ironhead-1000-xlh-xlch.jpg,motos/cruiser,Cruiser,Harley-Davidson,Sportster,Ironhead 1000 (XLH/XLCH),harley-davidson-sportster-ironhead-1000-xlh-xlch,631,PLACEHOLDER
motos/cruiser/harley-davidson-sportster-ironhead-883-xl-xlh-xlch.jpg,motos/cruiser,Cruiser,Harley-Davidson,Sportster,Ironhead 883 (XL/XLH/XLCH),harley-davidson-sportster-ironhead-883-xl-xlh-xlch,631,PLACEHOLDER
motos/cruiser/harley-davidson-super-glide-fx-shovelhead.jpg,motos/cruiser,Cruiser,Harley-Davidson,Super Glide,FX Shovelhead,harley-davidson-super-glide-fx-shovelhead,631,PLACEHOLDER
motos/cruiser/harley-davidson-wl-45-w-series-45-solo.jpg,motos/cruiser,Cruiser,Harley-Davidson,WL 45,W-series (45 solo),harley-davidson-wl-45-w-series-45-solo,631,PLACEHOLDER
motos/cruiser/indian-chief-chief-80-blackhawk.jpg,motos/cruiser,Cruiser,Indian,Chief,Chief 80 (Blackhawk),indian-chief-chief-80-blackhawk,631,PLACEHOLDER
motos/cruiser/indian-chief-chief-big-chief.jpg,motos/cruiser,Cruiser,Indian,Chief,Chief / Big Chief,indian-chief-chief-big-chief,631,PLACEHOLDER
motos/cruiser/indian-four-four-401-402-upside-down.jpg,motos/cruiser,Cruiser,Indian,Four,Four (401/402/upside-down),indian-four-four-401-402-upside-down,631,PLACEHOLDER
motos/cruiser/indian-model-741-model-741-military-scout.jpg,motos/cruiser,Cruiser,Indian,Model 741,Model 741 (Military Scout),indian-model-741-model-741-military-scout,631,PLACEHOLDER
motos/cruiser/indian-model-841-model-841.jpg,motos/cruiser,Cruiser,Indian,Model 841,Model 841,indian-model-841-model-841,631,PLACEHOLDER
motos/cruiser/indian-powerplus-powerplus.jpg,motos/cruiser,Cruiser,Indian,Powerplus,Powerplus,indian-powerplus-powerplus,631,PLACEHOLDER
motos/cruiser/indian-scout-101-scout.jpg,motos/cruiser,Cruiser,Indian,Scout,101 Scout,indian-scout-101-scout,631,PLACEHOLDER
motos/cruiser/indian-scout-junior-scout-pony-thirty-fifty.jpg,motos/cruiser,Cruiser,Indian,Scout,Junior Scout (Pony/Thirty-Fifty),indian-scout-junior-scout-pony-thirty-fifty,631,PLACEHOLDER
motos/cruiser/indian-scout-original-scout.jpg,motos/cruiser,Cruiser,Indian,Scout,Original Scout,indian-scout-original-scout,631,PLACEHOLDER
motos/cruiser/indian-scout-sport-scout.jpg,motos/cruiser,Cruiser,Indian,Scout,Sport Scout,indian-scout-sport-scout,631,PLACEHOLDER
motos/cruiser/indian-scout-standard-scout.jpg,motos/cruiser,Cruiser,Indian,Scout,Standard Scout,indian-scout-standard-scout,631,PLACEHOLDER
motos/cruiser/kawasaki-eliminator-900-zl900.jpg,motos/cruiser,Cruiser,Kawasaki,Eliminator 900,ZL900,kawasaki-eliminator-900-zl900,631,PLACEHOLDER
motos/cruiser/laverda-cr600-cruiser-cr600-cruiser.jpg,motos/cruiser,Cruiser,Laverda,CR600 Cruiser,CR600 Cruiser,laverda-cr600-cruiser-cr600-cruiser,631,PLACEHOLDER
motos/cruiser/moto-guzzi-california-california-ii.jpg,motos/cruiser,Cruiser,Moto Guzzi,California,California II,moto-guzzi-california-california-ii,631,PLACEHOLDER
motos/cruiser/moto-guzzi-california-california-iii.jpg,motos/cruiser,Cruiser,Moto Guzzi,California,California III,moto-guzzi-california-california-iii,631,PLACEHOLDER
motos/cruiser/moto-guzzi-v35-florida-v35-florida.jpg,motos/cruiser,Cruiser,Moto Guzzi,V35 Florida,V35 Florida,moto-guzzi-v35-florida-v35-florida,631,PLACEHOLDER
motos/cruiser/moto-guzzi-v65-florida-v65-florida.jpg,motos/cruiser,Cruiser,Moto Guzzi,V65 Florida,V65 Florida,moto-guzzi-v65-florida-v65-florida,631,PLACEHOLDER
motos/cruiser/moto-morini-excalibur-350-excalibur.jpg,motos/cruiser,Cruiser,Moto Morini,Excalibur,350 Excalibur,moto-morini-excalibur-350-excalibur,631,PLACEHOLDER
motos/cruiser/moto-morini-excalibur-501-excalibur.jpg,motos/cruiser,Cruiser,Moto Morini,Excalibur,501 Excalibur,moto-morini-excalibur-501-excalibur,631,PLACEHOLDER
motos/cruiser/moto-morini-new-york-new-york-501.jpg,motos/cruiser,Cruiser,Moto Morini,New York,New York 501,moto-morini-new-york-new-york-501,631,PLACEHOLDER
motos/cruiser/yamaha-xv1100-virago-xv1100.jpg,motos/cruiser,Cruiser,Yamaha,XV1100 Virago,XV1100,yamaha-xv1100-virago-xv1100,631,PLACEHOLDER
motos/cruiser/yamaha-xv750-virago-xv750.jpg,motos/cruiser,Cruiser,Yamaha,XV750 Virago,XV750,yamaha-xv750-virago-xv750,631,PLACEHOLDER
motos/cruiser/yamaha-xv920-xv920-virago.jpg,motos/cruiser,Cruiser,Yamaha,XV920,XV920 Virago,yamaha-xv920-xv920-virago,631,PLACEHOLDER
motos/enduro/aprilia-pegaso-pegaso-600.jpg,motos/enduro,Enduro,Aprilia,Pegaso,Pegaso 600,aprilia-pegaso-pegaso-600,631,PLACEHOLDER
motos/enduro/aprilia-pegaso-pegaso-650-1-gen.jpg,motos/enduro,Enduro,Aprilia,Pegaso,Pegaso 650 (1ª gen),aprilia-pegaso-pegaso-650-1-gen,631,PLACEHOLDER
motos/enduro/aprilia-tuareg-tuareg-125-rally.jpg,motos/enduro,Enduro,Aprilia,Tuareg,Tuareg 125 Rally,aprilia-tuareg-tuareg-125-rally,631,PLACEHOLDER
motos/enduro/bsa-a10-spitfire-scrambler-a10-pre-unit.jpg,motos/enduro,Enduro,BSA,A10 Spitfire Scrambler,A10 (pre-unit),bsa-a10-spitfire-scrambler-a10-pre-unit,631,PLACEHOLDER
motos/enduro/bsa-a50-wasp-a50-unit-twin.jpg,motos/enduro,Enduro,BSA,A50 Wasp,A50 (unit twin),bsa-a50-wasp-a50-unit-twin,631,PLACEHOLDER
motos/enduro/bsa-a65-firebird-scrambler-a65-unit-twin.jpg,motos/enduro,Enduro,BSA,A65 Firebird Scrambler,A65 (unit twin),bsa-a65-firebird-scrambler-a65-unit-twin,631,PLACEHOLDER
motos/enduro/bsa-a65-hornet-a65-unit-twin.jpg,motos/enduro,Enduro,BSA,A65 Hornet,A65 (unit twin),bsa-a65-hornet-a65-unit-twin,631,PLACEHOLDER
motos/enduro/bsa-b44-b44-unit-single.jpg,motos/enduro,Enduro,BSA,B44,B44 (unit single),bsa-b44-b44-unit-single,631,PLACEHOLDER
motos/enduro/bsa-b50-b50-unit-single.jpg,motos/enduro,Enduro,BSA,B50,B50 (unit single),bsa-b50-b50-unit-single,631,PLACEHOLDER
motos/enduro/bultaco-alpina-alpina-125.jpg,motos/enduro,Enduro,Bultaco,Alpina,Alpina 125,bultaco-alpina-alpina-125,631,PLACEHOLDER
motos/enduro/bultaco-alpina-alpina-250.jpg,motos/enduro,Enduro,Bultaco,Alpina,Alpina 250,bultaco-alpina-alpina-250,631,PLACEHOLDER
motos/enduro/bultaco-alpina-alpina-350.jpg,motos/enduro,Enduro,Bultaco,Alpina,Alpina 350,bultaco-alpina-alpina-350,631,PLACEHOLDER
motos/enduro/bultaco-el-montadero-el-montadero.jpg,motos/enduro,Enduro,Bultaco,El Montadero,El Montadero,bultaco-el-montadero-el-montadero,631,PLACEHOLDER
motos/enduro/bultaco-frontera-frontera-mk10.jpg,motos/enduro,Enduro,Bultaco,Frontera,Frontera MK10,bultaco-frontera-frontera-mk10,631,PLACEHOLDER
motos/enduro/bultaco-frontera-frontera-mk11.jpg,motos/enduro,Enduro,Bultaco,Frontera,Frontera MK11,bultaco-frontera-frontera-mk11,631,PLACEHOLDER
motos/enduro/bultaco-frontera-frontera-mk11b.jpg,motos/enduro,Enduro,Bultaco,Frontera,Frontera MK11B,bultaco-frontera-frontera-mk11b,631,PLACEHOLDER
motos/enduro/bultaco-frontera-frontera-mk9.jpg,motos/enduro,Enduro,Bultaco,Frontera,Frontera MK9,bultaco-frontera-frontera-mk9,631,PLACEHOLDER
motos/enduro/bultaco-lobito-lobito-125.jpg,motos/enduro,Enduro,Bultaco,Lobito,Lobito 125,bultaco-lobito-lobito-125,631,PLACEHOLDER
motos/enduro/bultaco-lobito-lobito-74.jpg,motos/enduro,Enduro,Bultaco,Lobito,Lobito 74,bultaco-lobito-lobito-74,631,PLACEHOLDER
motos/enduro/bultaco-matador-matador-mk1.jpg,motos/enduro,Enduro,Bultaco,Matador,Matador MK1,bultaco-matador-matador-mk1,631,PLACEHOLDER
motos/enduro/bultaco-matador-matador-mk10.jpg,motos/enduro,Enduro,Bultaco,Matador,Matador MK10,bultaco-matador-matador-mk10,631,PLACEHOLDER
motos/enduro/bultaco-matador-matador-mk2.jpg,motos/enduro,Enduro,Bultaco,Matador,Matador MK2,bultaco-matador-matador-mk2,631,PLACEHOLDER
motos/enduro/bultaco-matador-matador-mk4.jpg,motos/enduro,Enduro,Bultaco,Matador,Matador MK4,bultaco-matador-matador-mk4,631,PLACEHOLDER
motos/enduro/bultaco-matador-matador-mk5.jpg,motos/enduro,Enduro,Bultaco,Matador,Matador MK5,bultaco-matador-matador-mk5,631,PLACEHOLDER
motos/enduro/bultaco-matador-matador-mk9.jpg,motos/enduro,Enduro,Bultaco,Matador,Matador MK9,bultaco-matador-matador-mk9,631,PLACEHOLDER
motos/enduro/bultaco-sherpa-s-sherpa-s.jpg,motos/enduro,Enduro,Bultaco,Sherpa S,Sherpa S,bultaco-sherpa-s-sherpa-s,631,PLACEHOLDER
motos/enduro/cagiva-elefant-125-elefant.jpg,motos/enduro,Enduro,Cagiva,Elefant 125,Elefant,cagiva-elefant-125-elefant,631,PLACEHOLDER
motos/enduro/cagiva-sxt-125-sxt.jpg,motos/enduro,Enduro,Cagiva,SXT 125,SXT,cagiva-sxt-125-sxt,631,PLACEHOLDER
motos/enduro/cagiva-sxt-250-sxt.jpg,motos/enduro,Enduro,Cagiva,SXT 250,SXT,cagiva-sxt-250-sxt,631,PLACEHOLDER
motos/enduro/cagiva-sxt-350-sxt.jpg,motos/enduro,Enduro,Cagiva,SXT 350,SXT,cagiva-sxt-350-sxt,631,PLACEHOLDER
motos/enduro/cagiva-t4-350-t4.jpg,motos/enduro,Enduro,Cagiva,T4 350,T4,cagiva-t4-350-t4,631,PLACEHOLDER
motos/enduro/cagiva-t4-500-t4.jpg,motos/enduro,Enduro,Cagiva,T4 500,T4,cagiva-t4-500-t4,631,PLACEHOLDER
motos/enduro/cagiva-w12-w12.jpg,motos/enduro,Enduro,Cagiva,W12,W12,cagiva-w12-w12,631,PLACEHOLDER
motos/enduro/cz-cz-125-cz-125-typ-481-trail.jpg,motos/enduro,Enduro,CZ,CZ 125,CZ 125 typ 481 Trail,cz-cz-125-cz-125-typ-481-trail,631,PLACEHOLDER
motos/enduro/cz-cz-175-cz-175-typ-482-trail.jpg,motos/enduro,Enduro,CZ,CZ 175,CZ 175 typ 482 Trail,cz-cz-175-cz-175-typ-482-trail,631,PLACEHOLDER
motos/enduro/ducati-scrambler-scrambler-monocilindrica.jpg,motos/enduro,Enduro,Ducati,Scrambler,Scrambler monocilindrica,ducati-scrambler-scrambler-monocilindrica,631,PLACEHOLDER
motos/enduro/gasgas-halley-halley-325-pxc.jpg,motos/enduro,Enduro,GasGas,Halley,Halley 325 PXC,gasgas-halley-halley-325-pxc,631,PLACEHOLDER
motos/enduro/gilera-124-5v-regolarita-casa-124-5v-regolarita-casa.jpg,motos/enduro,Enduro,Gilera,124 5V Regolarita Casa,124 5V Regolarita Casa,gilera-124-5v-regolarita-casa-124-5v-regolarita-casa,631,PLACEHOLDER
motos/enduro/gilera-dakota-dakota-350.jpg,motos/enduro,Enduro,Gilera,Dakota,Dakota 350,gilera-dakota-dakota-350,631,PLACEHOLDER
motos/enduro/gilera-dakota-dakota-500.jpg,motos/enduro,Enduro,Gilera,Dakota,Dakota 500,gilera-dakota-dakota-500,631,PLACEHOLDER
motos/enduro/gilera-rc-rc-600.jpg,motos/enduro,Enduro,Gilera,RC,RC 600,gilera-rc-rc-600,631,PLACEHOLDER
motos/enduro/gilera-xr1-xr1-125.jpg,motos/enduro,Enduro,Gilera,XR1,XR1 125,gilera-xr1-xr1-125,631,PLACEHOLDER
motos/enduro/greeves-ranger-ranger-trail.jpg,motos/enduro,Enduro,Greeves,Ranger,Ranger (trail),greeves-ranger-ranger-trail,631,PLACEHOLDER
motos/enduro/harley-davidson-rapido-sx-ss-aermacchi-2t-monocilindrica.jpg,motos/enduro,Enduro,Harley-Davidson,Rapido / SX / SS,Aermacchi 2T monocilindrica,harley-davidson-rapido-sx-ss-aermacchi-2t-monocilindrica,631,PLACEHOLDER
motos/enduro/hercules-k-125-bw-k-125-bw-version-1.jpg,motos/enduro,Enduro,Hercules,K 125 BW,K 125 BW Version 1,hercules-k-125-bw-k-125-bw-version-1,631,PLACEHOLDER
motos/enduro/hercules-k-125-bw-k-125-bw-version-2.jpg,motos/enduro,Enduro,Hercules,K 125 BW,K 125 BW Version 2,hercules-k-125-bw-k-125-bw-version-2,631,PLACEHOLDER
motos/enduro/hercules-k-180-bw-k-180-bw.jpg,motos/enduro,Enduro,Hercules,K 180 BW,K 180 BW,hercules-k-180-bw-k-180-bw,631,PLACEHOLDER
motos/enduro/hercules-supra-4-supra-50-4-enduro.jpg,motos/enduro,Enduro,Hercules,Supra 4,Supra 50 4 Enduro,hercules-supra-4-supra-50-4-enduro,631,PLACEHOLDER
motos/enduro/hercules-xe-9-xe-9-80-ac.jpg,motos/enduro,Enduro,Hercules,XE 9,XE 9 80 AC,hercules-xe-9-xe-9-80-ac,631,PLACEHOLDER
motos/enduro/honda-dominator-nx650-dominator.jpg,motos/enduro,Enduro,Honda,Dominator,NX650 Dominator,honda-dominator-nx650-dominator,631,PLACEHOLDER
motos/enduro/husaberg-fe-350-fe-350.jpg,motos/enduro,Enduro,Husaberg,FE 350,FE 350,husaberg-fe-350-fe-350,631,PLACEHOLDER
motos/enduro/husaberg-fe-400-fe-400-400e.jpg,motos/enduro,Enduro,Husaberg,FE 400,FE 400 / 400E,husaberg-fe-400-fe-400-400e,631,PLACEHOLDER
motos/enduro/husaberg-fe-501-fe-501-501e.jpg,motos/enduro,Enduro,Husaberg,FE 501,FE 501 / 501E,husaberg-fe-501-fe-501-501e,631,PLACEHOLDER
motos/enduro/husaberg-fe-600-fe-600-600e.jpg,motos/enduro,Enduro,Husaberg,FE 600,FE 600 / 600E,husaberg-fe-600-fe-600-600e,631,PLACEHOLDER
motos/enduro/husqvarna-430-automatic-automatic-swedish.jpg,motos/enduro,Enduro,Husqvarna,430 Automatic,Automatic (Swedish),husqvarna-430-automatic-automatic-swedish,631,PLACEHOLDER
motos/enduro/husqvarna-510-4t-500-510-4-stroke-air-cooled-swedish.jpg,motos/enduro,Enduro,Husqvarna,510 (4T),500/510 4-stroke air-cooled (Swedish),husqvarna-510-4t-500-510-4-stroke-air-cooled-swedish,631,PLACEHOLDER
motos/enduro/husqvarna-wr-250-wr-250-swedish.jpg,motos/enduro,Enduro,Husqvarna,WR 250,WR 250 (Swedish),husqvarna-wr-250-wr-250-swedish,631,PLACEHOLDER
motos/enduro/husqvarna-wr-430-wr-430-swedish.jpg,motos/enduro,Enduro,Husqvarna,WR 430,WR 430 (Swedish),husqvarna-wr-430-wr-430-swedish,631,PLACEHOLDER
motos/enduro/jawa-90-90-cross-trail-sk-90.jpg,motos/enduro,Enduro,Jawa,90,90 Cross/Trail (SK-90),jawa-90-90-cross-trail-sk-90,631,PLACEHOLDER
motos/enduro/kawasaki-kdx125-kdx125.jpg,motos/enduro,Enduro,Kawasaki,KDX125,KDX125,kawasaki-kdx125-kdx125,631,PLACEHOLDER
motos/enduro/kawasaki-ke125-ke125.jpg,motos/enduro,Enduro,Kawasaki,KE125,KE125,kawasaki-ke125-ke125,631,PLACEHOLDER
motos/enduro/laverda-250-2t-r-250-2t-r.jpg,motos/enduro,Enduro,Laverda,250 2T/R,250 2T/R,laverda-250-2t-r-250-2t-r,631,PLACEHOLDER
motos/enduro/laverda-250-chott-250-chott.jpg,motos/enduro,Enduro,Laverda,250 Chott,250 Chott,laverda-250-chott-250-chott,631,PLACEHOLDER
motos/enduro/laverda-250-enduro-250-enduro.jpg,motos/enduro,Enduro,Laverda,250 Enduro,250 Enduro,laverda-250-enduro-250-enduro,631,PLACEHOLDER
motos/enduro/laverda-lh-125-lh-125-lh1-lh3.jpg,motos/enduro,Enduro,Laverda,LH 125,LH 125 (LH1-LH3),laverda-lh-125-lh-125-lh1-lh3,631,PLACEHOLDER
motos/enduro/laverda-or-50-atlas-or-50-atlas.jpg,motos/enduro,Enduro,Laverda,OR 50 Atlas,OR 50 Atlas,laverda-or-50-atlas-or-50-atlas,631,PLACEHOLDER
motos/enduro/laverda-or600-atlas-or600-atlas.jpg,motos/enduro,Enduro,Laverda,OR600 Atlas,OR600 Atlas,laverda-or600-atlas-or600-atlas,631,PLACEHOLDER
motos/enduro/maico-enduro-320-enduro-era-merkle.jpg,motos/enduro,Enduro,Maico,Enduro 320,Enduro (era Merkle),maico-enduro-320-enduro-era-merkle,631,PLACEHOLDER
motos/enduro/maico-enduro-500-enduro-era-merkle.jpg,motos/enduro,Enduro,Maico,Enduro 500,Enduro (era Merkle),maico-enduro-500-enduro-era-merkle,631,PLACEHOLDER
motos/enduro/maico-gp-250-e-gp-e.jpg,motos/enduro,Enduro,Maico,GP 250 E,GP E,maico-gp-250-e-gp-e,631,PLACEHOLDER
motos/enduro/maico-gp-360-e-gp-e.jpg,motos/enduro,Enduro,Maico,GP 360 E,GP E,maico-gp-360-e-gp-e,631,PLACEHOLDER
motos/enduro/maico-gp-500-e-gp-e.jpg,motos/enduro,Enduro,Maico,GP 500 E,GP E,maico-gp-500-e-gp-e,631,PLACEHOLDER
motos/enduro/maico-gs-250-gs-era-merkle.jpg,motos/enduro,Enduro,Maico,GS 250,GS (era Merkle),maico-gs-250-gs-era-merkle,631,PLACEHOLDER
motos/enduro/maico-gs-350-360-gs-era-merkle.jpg,motos/enduro,Enduro,Maico,GS 350/360,GS (era Merkle),maico-gs-350-360-gs-era-merkle,631,PLACEHOLDER
motos/enduro/maico-gs-440-gs-era-merkle.jpg,motos/enduro,Enduro,Maico,GS 440,GS (era Merkle),maico-gs-440-gs-era-merkle,631,PLACEHOLDER
motos/enduro/maico-gs-600-gs-era-merkle.jpg,motos/enduro,Enduro,Maico,GS 600,GS (era Merkle),maico-gs-600-gs-era-merkle,631,PLACEHOLDER
motos/enduro/mondial-175-regolarita-175-regolarita.jpg,motos/enduro,Enduro,Mondial,175 Regolarita,175 Regolarita,mondial-175-regolarita-175-regolarita,631,PLACEHOLDER
motos/enduro/montesa-enduro-enduro-125-48m-58m-68m.jpg,motos/enduro,Enduro,Montesa,Enduro,Enduro 125 (48M/58M/68M),montesa-enduro-enduro-125-48m-58m-68m,631,PLACEHOLDER
motos/enduro/montesa-enduro-enduro-175-14m.jpg,motos/enduro,Enduro,Montesa,Enduro,Enduro 175 (14M),montesa-enduro-enduro-175-14m,631,PLACEHOLDER
motos/enduro/montesa-enduro-enduro-250-54m.jpg,motos/enduro,Enduro,Montesa,Enduro,Enduro 250 (54M),montesa-enduro-enduro-250-54m,631,PLACEHOLDER
motos/enduro/montesa-enduro-enduro-360-67m.jpg,motos/enduro,Enduro,Montesa,Enduro,Enduro 360 (67M),montesa-enduro-enduro-360-67m,631,PLACEHOLDER
motos/enduro/montesa-enduro-enduro-75-26m-62m.jpg,motos/enduro,Enduro,Montesa,Enduro,Enduro 75 (26M/62M),montesa-enduro-enduro-75-26m-62m,631,PLACEHOLDER
motos/enduro/montesa-enduro-enduro-80-62m.jpg,motos/enduro,Enduro,Montesa,Enduro,Enduro 80 (62M),montesa-enduro-enduro-80-62m,631,PLACEHOLDER
motos/enduro/montesa-kenya-kenya-8m.jpg,motos/enduro,Enduro,Montesa,Kenya,Kenya (8M),montesa-kenya-kenya-8m,631,PLACEHOLDER
motos/enduro/montesa-king-scorpion-king-scorpion-250-34m-44m.jpg,motos/enduro,Enduro,Montesa,King Scorpion,King Scorpion 250 (34M/44M),montesa-king-scorpion-king-scorpion-250-34m-44m,631,PLACEHOLDER
motos/enduro/montesa-scorpion-50-scorpion-50.jpg,motos/enduro,Enduro,Montesa,Scorpion 50,Scorpion 50,montesa-scorpion-50-scorpion-50,631,PLACEHOLDER
motos/enduro/montesa-texas-texas-175-12m.jpg,motos/enduro,Enduro,Montesa,Texas,Texas 175 (12M),montesa-texas-texas-175-12m,631,PLACEHOLDER
motos/enduro/montesa-texas-texas-250-24m.jpg,motos/enduro,Enduro,Montesa,Texas,Texas 250 (24M),montesa-texas-texas-250-24m,631,PLACEHOLDER
motos/enduro/moto-morini-camel-500-camel.jpg,motos/enduro,Enduro,Moto Morini,Camel,500 Camel,moto-morini-camel-500-camel,631,PLACEHOLDER
motos/enduro/moto-morini-camel-501-camel.jpg,motos/enduro,Enduro,Moto Morini,Camel,501 Camel,moto-morini-camel-501-camel,631,PLACEHOLDER
motos/enduro/moto-morini-coguaro-350-coguaro.jpg,motos/enduro,Enduro,Moto Morini,Coguaro,350 Coguaro,moto-morini-coguaro-350-coguaro,631,PLACEHOLDER
motos/enduro/moto-morini-coguaro-501-coguaro.jpg,motos/enduro,Enduro,Moto Morini,Coguaro,501 Coguaro,moto-morini-coguaro-501-coguaro,631,PLACEHOLDER
motos/enduro/moto-morini-corsarino-corsarino-scrambler.jpg,motos/enduro,Enduro,Moto Morini,Corsarino,Corsarino Scrambler,moto-morini-corsarino-corsarino-scrambler,631,PLACEHOLDER
motos/enduro/moto-morini-corsaro-country-corsaro-country-125.jpg,motos/enduro,Enduro,Moto Morini,Corsaro Country,Corsaro Country 125,moto-morini-corsaro-country-corsaro-country-125,631,PLACEHOLDER
motos/enduro/moto-morini-corsaro-regolarita-corsaro-regolarita.jpg,motos/enduro,Enduro,Moto Morini,Corsaro Regolarita,Corsaro Regolarita,moto-morini-corsaro-regolarita-corsaro-regolarita,631,PLACEHOLDER
motos/enduro/moto-morini-kanguro-350-kanguro-x3.jpg,motos/enduro,Enduro,Moto Morini,Kanguro,350 Kanguro (X3),moto-morini-kanguro-350-kanguro-x3,631,PLACEHOLDER
motos/enduro/mz-saxon-500-country-saxon-500-r.jpg,motos/enduro,Enduro,MZ,Saxon 500 Country,Saxon 500 R,mz-saxon-500-country-saxon-500-r,631,PLACEHOLDER
motos/enduro/ossa-250-te-83-b30.jpg,motos/enduro,Enduro,Ossa,250 TE/83,B30,ossa-250-te-83-b30,631,PLACEHOLDER
motos/enduro/ossa-250-te-b75.jpg,motos/enduro,Enduro,Ossa,250 TE,B75,ossa-250-te-b75,631,PLACEHOLDER
motos/enduro/ossa-desert-250-79-b67.jpg,motos/enduro,Enduro,Ossa,Desert 250/79,B67,ossa-desert-250-79-b67,631,PLACEHOLDER
motos/enduro/ossa-desert-250-b11.jpg,motos/enduro,Enduro,Ossa,Desert 250,B11,ossa-desert-250-b11,631,PLACEHOLDER
motos/enduro/ossa-desert-350-b74.jpg,motos/enduro,Enduro,Ossa,Desert 350,B74,ossa-desert-350-b74,631,PLACEHOLDER
motos/enduro/ossa-desert-phantom-250-b18.jpg,motos/enduro,Enduro,Ossa,Desert Phantom 250,B18,ossa-desert-phantom-250-b18,631,PLACEHOLDER
motos/enduro/ossa-desert-tt-b60-2a-serie.jpg,motos/enduro,Enduro,Ossa,Desert TT,B60 (2a serie),ossa-desert-tt-b60-2a-serie,631,PLACEHOLDER
motos/enduro/ossa-enduro-230-b25-1a-serie.jpg,motos/enduro,Enduro,Ossa,Enduro 230,B25 (1a serie),ossa-enduro-230-b25-1a-serie,631,PLACEHOLDER
motos/enduro/ossa-enduro-250-b25-2a-serie.jpg,motos/enduro,Enduro,Ossa,Enduro 250,B25 (2a serie),ossa-enduro-250-b25-2a-serie,631,PLACEHOLDER
motos/enduro/ossa-enduro-250-e-73-b38.jpg,motos/enduro,Enduro,Ossa,Enduro 250 E 73,B38,ossa-enduro-250-e-73-b38,631,PLACEHOLDER
motos/enduro/ossa-enduro-250-e-ae-71-b30-1a-serie.jpg,motos/enduro,Enduro,Ossa,Enduro 250 E/AE 71,B30 (1a serie),ossa-enduro-250-e-ae-71-b30-1a-serie,631,PLACEHOLDER
motos/enduro/ossa-enduro-250-e-ae-72-b30-2a-serie.jpg,motos/enduro,Enduro,Ossa,Enduro 250 E/AE 72,B30 (2a serie),ossa-enduro-250-e-ae-72-b30-2a-serie,631,PLACEHOLDER
motos/enduro/ossa-enduro-350-b12.jpg,motos/enduro,Enduro,Ossa,Enduro 350,B12,ossa-enduro-350-b12,631,PLACEHOLDER
motos/enduro/ossa-enduro-phantom-125-b54.jpg,motos/enduro,Enduro,Ossa,Enduro Phantom 125,B54,ossa-enduro-phantom-125-b54,631,PLACEHOLDER
motos/enduro/ossa-explorer-250-b33.jpg,motos/enduro,Enduro,Ossa,Explorer 250,B33,ossa-explorer-250-b33,631,PLACEHOLDER
motos/enduro/ossa-explorer-350-b55.jpg,motos/enduro,Enduro,Ossa,Explorer 350,B55,ossa-explorer-350-b55,631,PLACEHOLDER
motos/enduro/ossa-pioneer-175-5v-b36.jpg,motos/enduro,Enduro,Ossa,Pioneer 175 5V,B36,ossa-pioneer-175-5v-b36,631,PLACEHOLDER
motos/enduro/ossa-super-pioneer-250-78-b31-2a-serie.jpg,motos/enduro,Enduro,Ossa,Super Pioneer 250/78,B31 (2a serie),ossa-super-pioneer-250-78-b31-2a-serie,631,PLACEHOLDER
motos/enduro/ossa-super-pioneer-250-b31-1a-serie.jpg,motos/enduro,Enduro,Ossa,Super Pioneer 250,B31 (1a serie),ossa-super-pioneer-250-b31-1a-serie,631,PLACEHOLDER
motos/enduro/ossa-super-pioneer-350-b53.jpg,motos/enduro,Enduro,Ossa,Super Pioneer 350,B53,ossa-super-pioneer-350-b53,631,PLACEHOLDER
motos/enduro/ossa-yankee-500-b51.jpg,motos/enduro,Enduro,Ossa,Yankee 500,B51,ossa-yankee-500-b51,631,PLACEHOLDER
motos/enduro/parilla-125-wildcat-125-4t-wildcat-scrambler.jpg,motos/enduro,Enduro,Parilla,125 Wildcat,125 4T Wildcat Scrambler,parilla-125-wildcat-125-4t-wildcat-scrambler,631,PLACEHOLDER
motos/enduro/parilla-trailmaster-200-trailmaster-chasis-angular-1er-a-o.jpg,motos/enduro,Enduro,Parilla,Trailmaster 200,"Trailmaster (chasis angular, 1er año)",parilla-trailmaster-200-trailmaster-chasis-angular-1er-a-o,631,PLACEHOLDER
motos/enduro/parilla-trailmaster-250-trailmaster-chasis-angular.jpg,motos/enduro,Enduro,Parilla,Trailmaster 250,Trailmaster (chasis angular),parilla-trailmaster-250-trailmaster-chasis-angular,631,PLACEHOLDER
motos/enduro/parilla-wildcat-scrambler-175-wildcat-175.jpg,motos/enduro,Enduro,Parilla,Wildcat Scrambler 175,Wildcat 175,parilla-wildcat-scrambler-175-wildcat-175,631,PLACEHOLDER
motos/enduro/parilla-wildcat-scrambler-200-wildcat-200.jpg,motos/enduro,Enduro,Parilla,Wildcat Scrambler 200,Wildcat 200,parilla-wildcat-scrambler-200-wildcat-200,631,PLACEHOLDER
motos/enduro/parilla-wildcat-scrambler-250-wildcat-250.jpg,motos/enduro,Enduro,Parilla,Wildcat Scrambler 250,Wildcat 250,parilla-wildcat-scrambler-250-wildcat-250,631,PLACEHOLDER
motos/enduro/puch-cobra-puch-cobra-m-82-avello-espana.jpg,motos/enduro,Enduro,Puch,Cobra,"Puch Cobra M-82 (Avello, Espana)",puch-cobra-puch-cobra-m-82-avello-espana,631,PLACEHOLDER
motos/enduro/puch-cobra-puch-cobra-mc-75-avello-espana.jpg,motos/enduro,Enduro,Puch,Cobra,"Puch Cobra MC 75 (Avello, Espana)",puch-cobra-puch-cobra-mc-75-avello-espana,631,PLACEHOLDER
motos/enduro/puch-condor-puch-condor-50-avello-espana.jpg,motos/enduro,Enduro,Puch,Condor,"Puch Condor 50 (Avello, Espana)",puch-condor-puch-condor-50-avello-espana,631,PLACEHOLDER
motos/enduro/rieju-mr-80-mr-80-1-serie.jpg,motos/enduro,Enduro,Rieju,MR 80,MR 80 (1ª serie),rieju-mr-80-mr-80-1-serie,631,PLACEHOLDER
motos/enduro/rieju-mr-80-mr-80-2-serie-freno-de-disco-ajp.jpg,motos/enduro,Enduro,Rieju,MR 80,"MR 80 (2ª serie, freno de disco AJP)",rieju-mr-80-mr-80-2-serie-freno-de-disco-ajp,631,PLACEHOLDER
motos/enduro/sachs-125-enduro-k-125gs.jpg,motos/enduro,Enduro,Sachs,125 Enduro,K-125GS,sachs-125-enduro-k-125gs,631,PLACEHOLDER
motos/enduro/sachs-125-scrambler-k-125-scrambler.jpg,motos/enduro,Enduro,Sachs,125 Scrambler,K-125 Scrambler,sachs-125-scrambler-k-125-scrambler,631,PLACEHOLDER
motos/enduro/simson-425-425-gs.jpg,motos/enduro,Enduro,Simson,425,425 GS,simson-425-425-gs,631,PLACEHOLDER
motos/enduro/velocette-venom-venom-scrambler.jpg,motos/enduro,Enduro,Velocette,Venom,Venom Scrambler,velocette-venom-venom-scrambler,631,PLACEHOLDER
motos/enduro/yamaha-dt125-dt125-air-cooled.jpg,motos/enduro,Enduro,Yamaha,DT125,DT125 (air-cooled),yamaha-dt125-dt125-air-cooled,631,PLACEHOLDER
motos/enduro/yamaha-xt500-xt500.jpg,motos/enduro,Enduro,Yamaha,XT500,XT500,yamaha-xt500-xt500,631,PLACEHOLDER
motos/enduro/zundapp-gs-125-gs-125-mc-125.jpg,motos/enduro,Enduro,Zundapp,GS 125,GS 125 (MC 125),zundapp-gs-125-gs-125-mc-125,631,PLACEHOLDER
motos/motocross/ajs-stormer-370-y5-370.jpg,motos/motocross,Motocross,AJS,Stormer 370,Y5 (370),ajs-stormer-370-y5-370,631,PLACEHOLDER
motos/motocross/ajs-stormer-410-stormer-410.jpg,motos/motocross,Motocross,AJS,Stormer 410,Stormer 410,ajs-stormer-410-stormer-410,631,PLACEHOLDER
motos/motocross/ajs-y4-stormer-250-y4-250.jpg,motos/motocross,Motocross,AJS,Y4 / Stormer 250,Y4 (250),ajs-y4-stormer-250-y4-250,631,PLACEHOLDER
motos/motocross/bultaco-astro-astro-250-modelo-163.jpg,motos/motocross,Motocross,Bultaco,Astro,Astro 250 (Modelo 163),bultaco-astro-astro-250-modelo-163,631,PLACEHOLDER
motos/motocross/bultaco-astro-astro-360-modelo-164.jpg,motos/motocross,Motocross,Bultaco,Astro,Astro 360 (Modelo 164),bultaco-astro-astro-360-modelo-164,631,PLACEHOLDER
motos/motocross/bultaco-el-bandido-el-bandido.jpg,motos/motocross,Motocross,Bultaco,El Bandido,El Bandido,bultaco-el-bandido-el-bandido,631,PLACEHOLDER
motos/motocross/bultaco-pursang-pursang-mk1.jpg,motos/motocross,Motocross,Bultaco,Pursang,Pursang MK1,bultaco-pursang-pursang-mk1,631,PLACEHOLDER
motos/motocross/bultaco-pursang-pursang-mk10.jpg,motos/motocross,Motocross,Bultaco,Pursang,Pursang MK10,bultaco-pursang-pursang-mk10,631,PLACEHOLDER
motos/motocross/bultaco-pursang-pursang-mk11.jpg,motos/motocross,Motocross,Bultaco,Pursang,Pursang MK11,bultaco-pursang-pursang-mk11,631,PLACEHOLDER
motos/motocross/bultaco-pursang-pursang-mk12.jpg,motos/motocross,Motocross,Bultaco,Pursang,Pursang MK12,bultaco-pursang-pursang-mk12,631,PLACEHOLDER
motos/motocross/bultaco-pursang-pursang-mk15.jpg,motos/motocross,Motocross,Bultaco,Pursang,Pursang MK15,bultaco-pursang-pursang-mk15,631,PLACEHOLDER
motos/motocross/bultaco-pursang-pursang-mk2.jpg,motos/motocross,Motocross,Bultaco,Pursang,Pursang MK2,bultaco-pursang-pursang-mk2,631,PLACEHOLDER
motos/motocross/bultaco-pursang-pursang-mk3.jpg,motos/motocross,Motocross,Bultaco,Pursang,Pursang MK3,bultaco-pursang-pursang-mk3,631,PLACEHOLDER
motos/motocross/bultaco-pursang-pursang-mk4.jpg,motos/motocross,Motocross,Bultaco,Pursang,Pursang MK4,bultaco-pursang-pursang-mk4,631,PLACEHOLDER
motos/motocross/bultaco-pursang-pursang-mk5.jpg,motos/motocross,Motocross,Bultaco,Pursang,Pursang MK5,bultaco-pursang-pursang-mk5,631,PLACEHOLDER
motos/motocross/bultaco-pursang-pursang-mk6.jpg,motos/motocross,Motocross,Bultaco,Pursang,Pursang MK6,bultaco-pursang-pursang-mk6,631,PLACEHOLDER
motos/motocross/bultaco-pursang-pursang-mk7.jpg,motos/motocross,Motocross,Bultaco,Pursang,Pursang MK7,bultaco-pursang-pursang-mk7,631,PLACEHOLDER
motos/motocross/bultaco-pursang-pursang-mk8.jpg,motos/motocross,Motocross,Bultaco,Pursang,Pursang MK8,bultaco-pursang-pursang-mk8,631,PLACEHOLDER
motos/motocross/bultaco-pursang-pursang-mk9.jpg,motos/motocross,Motocross,Bultaco,Pursang,Pursang MK9,bultaco-pursang-pursang-mk9,631,PLACEHOLDER
motos/motocross/cagiva-wmx-125-wmx.jpg,motos/motocross,Motocross,Cagiva,WMX 125,WMX,cagiva-wmx-125-wmx,631,PLACEHOLDER
motos/motocross/cz-cz-125-motocross-cz-125-typ-511.jpg,motos/motocross,Motocross,CZ,CZ 125 Motocross,CZ 125 typ 511,cz-cz-125-motocross-cz-125-typ-511,631,PLACEHOLDER
motos/motocross/cz-cz-125-motocross-cz-125-typ-516.jpg,motos/motocross,Motocross,CZ,CZ 125 Motocross,CZ 125 typ 516,cz-cz-125-motocross-cz-125-typ-516,631,PLACEHOLDER
motos/motocross/cz-cz-125-motocross-cz-125-typ-519.jpg,motos/motocross,Motocross,CZ,CZ 125 Motocross,CZ 125 typ 519,cz-cz-125-motocross-cz-125-typ-519,631,PLACEHOLDER
motos/motocross/cz-cz-125-motocross-cz-125-typ-984.jpg,motos/motocross,Motocross,CZ,CZ 125 Motocross,CZ 125 typ 984,cz-cz-125-motocross-cz-125-typ-984,631,PLACEHOLDER
motos/motocross/cz-cz-125-motocross-cz-125-typ-996.jpg,motos/motocross,Motocross,CZ,CZ 125 Motocross,CZ 125 typ 996,cz-cz-125-motocross-cz-125-typ-996,631,PLACEHOLDER
motos/motocross/cz-cz-250-motocross-cz-250-typ-513.jpg,motos/motocross,Motocross,CZ,CZ 250 Motocross,CZ 250 typ 513,cz-cz-250-motocross-cz-250-typ-513,631,PLACEHOLDER
motos/motocross/cz-cz-250-motocross-cz-250-typ-968.jpg,motos/motocross,Motocross,CZ,CZ 250 Motocross,CZ 250 typ 968,cz-cz-250-motocross-cz-250-typ-968,631,PLACEHOLDER
motos/motocross/cz-cz-250-motocross-cz-250-typ-980.jpg,motos/motocross,Motocross,CZ,CZ 250 Motocross,CZ 250 typ 980,cz-cz-250-motocross-cz-250-typ-980,631,PLACEHOLDER
motos/motocross/cz-cz-250-motocross-cz-250-typ-997.jpg,motos/motocross,Motocross,CZ,CZ 250 Motocross,CZ 250 typ 997,cz-cz-250-motocross-cz-250-typ-997,631,PLACEHOLDER
motos/motocross/cz-cz-360-motocross-cz-360-typ-969.jpg,motos/motocross,Motocross,CZ,CZ 360 Motocross,CZ 360 typ 969,cz-cz-360-motocross-cz-360-typ-969,631,PLACEHOLDER
motos/motocross/cz-cz-400-motocross-cz-400-typ-514.jpg,motos/motocross,Motocross,CZ,CZ 400 Motocross,CZ 400 typ 514,cz-cz-400-motocross-cz-400-typ-514,631,PLACEHOLDER
motos/motocross/cz-cz-400-motocross-cz-400-typ-981.jpg,motos/motocross,Motocross,CZ,CZ 400 Motocross,CZ 400 typ 981,cz-cz-400-motocross-cz-400-typ-981,631,PLACEHOLDER
motos/motocross/cz-cz-400-motocross-cz-400-typ-998.jpg,motos/motocross,Motocross,CZ,CZ 400 Motocross,CZ 400 typ 998,cz-cz-400-motocross-cz-400-typ-998,631,PLACEHOLDER
motos/motocross/greeves-challenger-24mx1-24mx5-250.jpg,motos/motocross,Motocross,Greeves,Challenger,24MX1-24MX5 (250),greeves-challenger-24mx1-24mx5-250,631,PLACEHOLDER
motos/motocross/greeves-challenger-36mx4-360.jpg,motos/motocross,Motocross,Greeves,Challenger,36MX4 (360),greeves-challenger-36mx4-360,631,PLACEHOLDER
motos/motocross/greeves-griffon-griffon-250.jpg,motos/motocross,Motocross,Greeves,Griffon,Griffon 250,greeves-griffon-griffon-250,631,PLACEHOLDER
motos/motocross/greeves-griffon-griffon-380.jpg,motos/motocross,Motocross,Greeves,Griffon,Griffon 380,greeves-griffon-griffon-380,631,PLACEHOLDER
motos/motocross/greeves-griffon-qub-qub-380-mk1-mk2.jpg,motos/motocross,Motocross,Greeves,Griffon QUB,QUB 380 (Mk1-Mk2),greeves-griffon-qub-qub-380-mk1-mk2,631,PLACEHOLDER
motos/motocross/greeves-hawkstone-20sa-20sas-20scs-197-cc.jpg,motos/motocross,Motocross,Greeves,Hawkstone,20SA / 20SAS / 20SCS (197 cc),greeves-hawkstone-20sa-20sas-20scs-197-cc,631,PLACEHOLDER
motos/motocross/greeves-hawkstone-24sas-24scs-246-cc.jpg,motos/motocross,Motocross,Greeves,Hawkstone,24SAS / 24SCS (246 cc),greeves-hawkstone-24sas-24scs-246-cc,631,PLACEHOLDER
motos/motocross/greeves-hawkstone-twin-25sa.jpg,motos/motocross,Motocross,Greeves,Hawkstone Twin,25SA,greeves-hawkstone-twin-25sa,631,PLACEHOLDER
motos/motocross/greeves-moto-cross-24mcs-24mds-24md.jpg,motos/motocross,Motocross,Greeves,Moto-Cross,24MCS / 24MDS / 24MD,greeves-moto-cross-24mcs-24mds-24md,631,PLACEHOLDER
motos/motocross/greeves-moto-cross-starmaker-24me.jpg,motos/motocross,Motocross,Greeves,Moto-Cross Starmaker,24ME,greeves-moto-cross-starmaker-24me,631,PLACEHOLDER
motos/motocross/husaberg-fc-501-fc-501.jpg,motos/motocross,Motocross,Husaberg,FC 501,FC 501,husaberg-fc-501-fc-501,631,PLACEHOLDER
motos/motocross/husaberg-fc-600-fc-600.jpg,motos/motocross,Motocross,Husaberg,FC 600,FC 600,husaberg-fc-600-fc-600,631,PLACEHOLDER
motos/motocross/husqvarna-cr-250-cr-250-swedish.jpg,motos/motocross,Motocross,Husqvarna,CR 250,CR 250 (Swedish),husqvarna-cr-250-cr-250-swedish,631,PLACEHOLDER
motos/motocross/husqvarna-wmx-125-wmx-125-cagiva-husqvarna.jpg,motos/motocross,Motocross,Husqvarna,WMX 125,WMX 125 (Cagiva-Husqvarna),husqvarna-wmx-125-wmx-125-cagiva-husqvarna,631,PLACEHOLDER
motos/motocross/husqvarna-wmx-250-wmx-250-cagiva-husqvarna.jpg,motos/motocross,Motocross,Husqvarna,WMX 250,WMX 250 (Cagiva-Husqvarna),husqvarna-wmx-250-wmx-250-cagiva-husqvarna,631,PLACEHOLDER
motos/motocross/ktm-360-sx-360-sx-mxc-2t.jpg,motos/motocross,Motocross,KTM,360 SX,360 SX/MXC (2T),ktm-360-sx-360-sx-mxc-2t,631,PLACEHOLDER
motos/motocross/ktm-550-mx-550-mx-mxc-open-class-2t.jpg,motos/motocross,Motocross,KTM,550 MX,550 MX/MXC (open-class 2T),ktm-550-mx-550-mx-mxc-open-class-2t,631,PLACEHOLDER
motos/motocross/laverda-125-cr-125-cr.jpg,motos/motocross,Motocross,Laverda,125 CR,125 CR,laverda-125-cr-125-cr,631,PLACEHOLDER
motos/motocross/maico-125-gp-125-gp.jpg,motos/motocross,Motocross,Maico,125 GP,125 GP,maico-125-gp-125-gp,631,PLACEHOLDER
motos/motocross/maico-alpha-250-alpha-monoamortiguador.jpg,motos/motocross,Motocross,Maico,Alpha 250,Alpha (monoamortiguador),maico-alpha-250-alpha-monoamortiguador,631,PLACEHOLDER
motos/motocross/maico-alpha-490-alpha-monoamortiguador.jpg,motos/motocross,Motocross,Maico,Alpha 490,Alpha (monoamortiguador),maico-alpha-490-alpha-monoamortiguador,631,PLACEHOLDER
motos/motocross/maico-gme-250-gme-m-star.jpg,motos/motocross,Motocross,Maico,GME 250,GME / M-Star,maico-gme-250-gme-m-star,631,PLACEHOLDER
motos/motocross/maico-gme-500-gme-m-star.jpg,motos/motocross,Motocross,Maico,GME 500,GME / M-Star,maico-gme-500-gme-m-star,631,PLACEHOLDER
motos/motocross/maico-m-250-sc-m-250-sc.jpg,motos/motocross,Motocross,Maico,M 250 SC,M 250 SC,maico-m-250-sc-m-250-sc,631,PLACEHOLDER
motos/motocross/maico-magnum-250-magnum-magnum-ii.jpg,motos/motocross,Motocross,Maico,Magnum 250,Magnum / Magnum II,maico-magnum-250-magnum-magnum-ii,631,PLACEHOLDER
motos/motocross/maico-magnum-400-magnum-magnum-ii.jpg,motos/motocross,Motocross,Maico,Magnum 400,Magnum / Magnum II,maico-magnum-400-magnum-magnum-ii,631,PLACEHOLDER
motos/motocross/maico-magnum-440-magnum-magnum-ii.jpg,motos/motocross,Motocross,Maico,Magnum 440,Magnum / Magnum II,maico-magnum-440-magnum-magnum-ii,631,PLACEHOLDER
motos/motocross/maico-mc-501-mc-501.jpg,motos/motocross,Motocross,Maico,MC 501,MC 501,maico-mc-501-mc-501,631,PLACEHOLDER
motos/motocross/maico-mc-gs-250-serie-gp-ng-aw-1974-1977.jpg,motos/motocross,Motocross,Maico,MC/GS 250,Serie GP/NG/AW (1974-1977),maico-mc-gs-250-serie-gp-ng-aw-1974-1977,631,PLACEHOLDER
motos/motocross/maico-mc-gs-400-serie-gp-ng-aw-1974-1977.jpg,motos/motocross,Motocross,Maico,MC/GS 400,Serie GP/NG/AW (1974-1977),maico-mc-gs-400-serie-gp-ng-aw-1974-1977,631,PLACEHOLDER
motos/motocross/maico-mc-gs-440-serie-gp-ng-aw-1974-1977.jpg,motos/motocross,Motocross,Maico,MC/GS 440,Serie GP/NG/AW (1974-1977),maico-mc-gs-440-serie-gp-ng-aw-1974-1977,631,PLACEHOLDER
motos/motocross/maico-mega-250-mega-mega-2.jpg,motos/motocross,Motocross,Maico,Mega 250,Mega / Mega 2,maico-mega-250-mega-mega-2,631,PLACEHOLDER
motos/motocross/maico-mega-400-mega-mega-2.jpg,motos/motocross,Motocross,Maico,Mega 400,Mega / Mega 2,maico-mega-400-mega-mega-2,631,PLACEHOLDER
motos/motocross/maico-mega-490-mega-2.jpg,motos/motocross,Motocross,Maico,Mega 490,Mega 2,maico-mega-490-mega-2,631,PLACEHOLDER
motos/motocross/maico-spider-250-spider-sandpiper.jpg,motos/motocross,Motocross,Maico,Spider 250,Spider / Sandpiper,maico-spider-250-spider-sandpiper,631,PLACEHOLDER
motos/motocross/maico-spider-490-spider-sandpiper.jpg,motos/motocross,Motocross,Maico,Spider 490,Spider / Sandpiper,maico-spider-490-spider-sandpiper,631,PLACEHOLDER
motos/motocross/matchless-g80cs-g80cs-carrera-corta.jpg,motos/motocross,Motocross,Matchless,G80CS,G80CS (carrera corta),matchless-g80cs-g80cs-carrera-corta,631,PLACEHOLDER
motos/motocross/matchless-g80cs-g80cs-carrera-larga.jpg,motos/motocross,Motocross,Matchless,G80CS,G80CS (carrera larga),matchless-g80cs-g80cs-carrera-larga,631,PLACEHOLDER
motos/motocross/matchless-g85cs-g85cs.jpg,motos/motocross,Motocross,Matchless,G85CS,G85CS,matchless-g85cs-g85cs,631,PLACEHOLDER
motos/motocross/mondial-50-cross-special-50-cross-special.jpg,motos/motocross,Motocross,Mondial,50 Cross Special,50 Cross Special,mondial-50-cross-special-50-cross-special,631,PLACEHOLDER
motos/motocross/mondial-50-cross-v5-radial-50-cross-v5-radial.jpg,motos/motocross,Motocross,Mondial,50 Cross V5 Radial,50 Cross V5 Radial,mondial-50-cross-v5-radial-50-cross-v5-radial,631,PLACEHOLDER
motos/motocross/montesa-cappra-cappra-125.jpg,motos/motocross,Motocross,Montesa,Cappra,Cappra 125,montesa-cappra-cappra-125,631,PLACEHOLDER
motos/motocross/montesa-cappra-cappra-250.jpg,motos/motocross,Motocross,Montesa,Cappra,Cappra 250,montesa-cappra-cappra-250,631,PLACEHOLDER
motos/motocross/montesa-cappra-cappra-360.jpg,motos/motocross,Motocross,Montesa,Cappra,Cappra 360,montesa-cappra-cappra-360,631,PLACEHOLDER
motos/motocross/montesa-cappra-cappra-414.jpg,motos/motocross,Motocross,Montesa,Cappra,Cappra 414,montesa-cappra-cappra-414,631,PLACEHOLDER
motos/motocross/montesa-impala-cross-impala-cross-175-13m.jpg,motos/motocross,Motocross,Montesa,Impala Cross,Impala Cross 175 (13M),montesa-impala-cross-impala-cross-175-13m,631,PLACEHOLDER
motos/motocross/montesa-impala-cross-impala-cross-250-13m.jpg,motos/motocross,Motocross,Montesa,Impala Cross,Impala Cross 250 (13M),montesa-impala-cross-impala-cross-250-13m,631,PLACEHOLDER
motos/motocross/montesa-la-cross-66-la-cross-66-23m.jpg,motos/motocross,Motocross,Montesa,LA Cross 66,LA Cross 66 (23M),montesa-la-cross-66-la-cross-66-23m,631,PLACEHOLDER
motos/motocross/ossa-phantom-125-b16.jpg,motos/motocross,Motocross,Ossa,Phantom 125,B16,ossa-phantom-125-b16,631,PLACEHOLDER
motos/motocross/ossa-phantom-175-b17.jpg,motos/motocross,Motocross,Ossa,Phantom 175,B17,ossa-phantom-175-b17,631,PLACEHOLDER
motos/motocross/ossa-phantom-250-as-74-b18.jpg,motos/motocross,Motocross,Ossa,Phantom 250 AS 74,B18,ossa-phantom-250-as-74-b18,631,PLACEHOLDER
motos/motocross/ossa-phantom-250-as-75-b19.jpg,motos/motocross,Motocross,Ossa,Phantom 250 AS 75,B19,ossa-phantom-250-as-75-b19,631,PLACEHOLDER
motos/motocross/ossa-phantom-250-as-76-b46.jpg,motos/motocross,Motocross,Ossa,Phantom 250 AS 76,B46,ossa-phantom-250-as-76-b46,631,PLACEHOLDER
motos/motocross/ossa-phantom-250-as-77-b60-1a-serie.jpg,motos/motocross,Motocross,Ossa,Phantom 250 AS 77,B60 (1a serie),ossa-phantom-250-as-77-b60-1a-serie,631,PLACEHOLDER
motos/motocross/ossa-stiletto-175-b15.jpg,motos/motocross,Motocross,Ossa,Stiletto 175,B15,ossa-stiletto-175-b15,631,PLACEHOLDER
motos/motocross/ossa-stiletto-230-b26-1a-serie.jpg,motos/motocross,Motocross,Ossa,Stiletto 230,B26 (1a serie),ossa-stiletto-230-b26-1a-serie,631,PLACEHOLDER
motos/motocross/ossa-stiletto-250-b26-2a-serie.jpg,motos/motocross,Motocross,Ossa,Stiletto 250,B26 (2a serie),ossa-stiletto-250-b26-2a-serie,631,PLACEHOLDER
motos/motocross/ossa-stiletto-250-tt-b37.jpg,motos/motocross,Motocross,Ossa,Stiletto 250 TT,B37,ossa-stiletto-250-tt-b37,631,PLACEHOLDER
motos/motocross/ossa-stiletto-mx-175-b35.jpg,motos/motocross,Motocross,Ossa,Stiletto MX 175,B35,ossa-stiletto-mx-175-b35,631,PLACEHOLDER
motos/motocross/ossa-stiletto-mx-250-b32.jpg,motos/motocross,Motocross,Ossa,Stiletto MX 250,B32,ossa-stiletto-mx-250-b32,631,PLACEHOLDER
motos/motocross/puch-minicross-puch-minicross-mc-50-avello-espana.jpg,motos/motocross,Motocross,Puch,Minicross,"Puch Minicross MC 50 (Avello, Espana)",puch-minicross-puch-minicross-mc-50-avello-espana,631,PLACEHOLDER
motos/naked/adler-m-100-m-100.jpg,motos/naked,Naked,Adler,M 100,M 100,adler-m-100-m-100,631,PLACEHOLDER
motos/naked/adler-m-200-m-200.jpg,motos/naked,Naked,Adler,M 200,M 200,adler-m-200-m-200,631,PLACEHOLDER
motos/naked/adler-m-250-m-250.jpg,motos/naked,Naked,Adler,M 250,M 250,adler-m-250-m-250,631,PLACEHOLDER
motos/naked/adler-mb-200-mb-200.jpg,motos/naked,Naked,Adler,MB 200,MB 200,adler-mb-200-mb-200,631,PLACEHOLDER
motos/naked/adler-mb-250-mb-250.jpg,motos/naked,Naked,Adler,MB 250,MB 250,adler-mb-250-mb-250,631,PLACEHOLDER
motos/naked/ajs-big-port-big-port-350-ohv-b3-e6-e7.jpg,motos/naked,Naked,AJS,Big Port,Big Port 350 OHV (B3/E6/E7),ajs-big-port-big-port-350-ohv-b3-e6-e7,631,PLACEHOLDER
motos/naked/ajs-k10-m10-ohc-500-racer.jpg,motos/naked,Naked,AJS,K10 / M10,OHC 500 racer,ajs-k10-m10-ohc-500-racer,631,PLACEHOLDER
motos/naked/ajs-k7-m7-ohc-350-racer.jpg,motos/naked,Naked,AJS,K7 / M7,OHC 350 racer,ajs-k7-m7-ohc-350-racer,631,PLACEHOLDER
motos/naked/ajs-model-14-lightweight-250-14-14csr-scrambler.jpg,motos/naked,Naked,AJS,Model 14,Lightweight 250 (14 / 14CSR / Scrambler),ajs-model-14-lightweight-250-14-14csr-scrambler,631,PLACEHOLDER
motos/naked/ajs-model-16-model-16-16m-16ms.jpg,motos/naked,Naked,AJS,Model 16,Model 16 / 16M / 16MS,ajs-model-16-model-16-16m-16ms,631,PLACEHOLDER
motos/naked/ajs-model-18-model-18-18s-18cs-18csr.jpg,motos/naked,Naked,AJS,Model 18,Model 18 / 18S / 18CS / 18CSR,ajs-model-18-model-18-18s-18cs-18csr,631,PLACEHOLDER
motos/naked/ajs-model-20-model-20-springtwin.jpg,motos/naked,Naked,AJS,Model 20,Model 20 (Springtwin),ajs-model-20-model-20-springtwin,631,PLACEHOLDER
motos/naked/ajs-model-30-model-30-30-30cs-30csr.jpg,motos/naked,Naked,AJS,Model 30,Model 30 (30 / 30CS / 30CSR),ajs-model-30-model-30-30-30cs-30csr,631,PLACEHOLDER
motos/naked/ajs-model-31-model-31-31-31cs-31csr.jpg,motos/naked,Naked,AJS,Model 31,Model 31 (31 / 31CS / 31CSR),ajs-model-31-model-31-31-31cs-31csr,631,PLACEHOLDER
motos/naked/ajs-model-33-model-33-m33-mk2-33cs-33csr.jpg,motos/naked,Naked,AJS,Model 33,Model 33 (M33 Mk2 / 33CS / 33CSR),ajs-model-33-model-33-m33-mk2-33cs-33csr,631,PLACEHOLDER
motos/naked/ajs-model-8-lightweight-350.jpg,motos/naked,Naked,AJS,Model 8,Lightweight 350,ajs-model-8-lightweight-350,631,PLACEHOLDER
motos/naked/ajs-s3-s3-v-twin-transversal.jpg,motos/naked,Naked,AJS,S3,S3 V-twin transversal,ajs-s3-s3-v-twin-transversal,631,PLACEHOLDER
motos/naked/aprilia-europa-europa-125.jpg,motos/naked,Naked,Aprilia,Europa,Europa 125,aprilia-europa-europa-125,631,PLACEHOLDER
motos/naked/aprilia-europa-europa-50.jpg,motos/naked,Naked,Aprilia,Europa,Europa 50,aprilia-europa-europa-50,631,PLACEHOLDER
motos/naked/ariel-arrow-arrow-200.jpg,motos/naked,Naked,Ariel,Arrow,Arrow 200,ariel-arrow-arrow-200,631,PLACEHOLDER
motos/naked/ariel-arrow-arrow-250.jpg,motos/naked,Naked,Ariel,Arrow,Arrow 250,ariel-arrow-arrow-250,631,PLACEHOLDER
motos/naked/ariel-colt-lh-200.jpg,motos/naked,Naked,Ariel,Colt,LH 200,ariel-colt-lh-200,631,PLACEHOLDER
motos/naked/ariel-huntmaster-fh-650.jpg,motos/naked,Naked,Ariel,Huntmaster,FH 650,ariel-huntmaster-fh-650,631,PLACEHOLDER
motos/naked/ariel-kh-kh-kg-500-twin.jpg,motos/naked,Naked,Ariel,KH,KH/KG 500 Twin,ariel-kh-kh-kg-500-twin,631,PLACEHOLDER
motos/naked/ariel-leader-leader-250.jpg,motos/naked,Naked,Ariel,Leader,Leader 250,ariel-leader-leader-250,631,PLACEHOLDER
motos/naked/ariel-pixie-pixie-50.jpg,motos/naked,Naked,Ariel,Pixie,Pixie 50,ariel-pixie-pixie-50,631,PLACEHOLDER
motos/naked/ariel-red-hunter-red-hunter-250.jpg,motos/naked,Naked,Ariel,Red Hunter,Red Hunter 250,ariel-red-hunter-red-hunter-250,631,PLACEHOLDER
motos/naked/ariel-red-hunter-red-hunter-350.jpg,motos/naked,Naked,Ariel,Red Hunter,Red Hunter 350,ariel-red-hunter-red-hunter-350,631,PLACEHOLDER
motos/naked/ariel-red-hunter-red-hunter-500.jpg,motos/naked,Naked,Ariel,Red Hunter,Red Hunter 500,ariel-red-hunter-red-hunter-500,631,PLACEHOLDER
motos/naked/ariel-square-four-4f-500.jpg,motos/naked,Naked,Ariel,Square Four,4F 500,ariel-square-four-4f-500,631,PLACEHOLDER
motos/naked/ariel-square-four-4f-600.jpg,motos/naked,Naked,Ariel,Square Four,4F 600,ariel-square-four-4f-600,631,PLACEHOLDER
motos/naked/ariel-square-four-4g-1000.jpg,motos/naked,Naked,Ariel,Square Four,4G 1000,ariel-square-four-4g-1000,631,PLACEHOLDER
motos/naked/ariel-square-four-mark-i.jpg,motos/naked,Naked,Ariel,Square Four,Mark I,ariel-square-four-mark-i,631,PLACEHOLDER
motos/naked/ariel-square-four-mark-ii.jpg,motos/naked,Naked,Ariel,Square Four,Mark II,ariel-square-four-mark-ii,631,PLACEHOLDER
motos/naked/ariel-vb-vb-600.jpg,motos/naked,Naked,Ariel,VB,VB 600,ariel-vb-vb-600,631,PLACEHOLDER
motos/naked/benelli-250-2c-2c.jpg,motos/naked,Naked,Benelli,250 2C,2C,benelli-250-2c-2c,631,PLACEHOLDER
motos/naked/benelli-254-254-250-quattro.jpg,motos/naked,Naked,Benelli,254,254 (250 Quattro),benelli-254-254-250-quattro,631,PLACEHOLDER
motos/naked/benelli-350-350-quattro-rs.jpg,motos/naked,Naked,Benelli,350,350 Quattro / RS,benelli-350-350-quattro-rs,631,PLACEHOLDER
motos/naked/benelli-500-quattro-quattro.jpg,motos/naked,Naked,Benelli,500 Quattro,Quattro,benelli-500-quattro-quattro,631,PLACEHOLDER
motos/naked/benelli-650-tornado-tornado-tornado-s.jpg,motos/naked,Naked,Benelli,650 Tornado,Tornado / Tornado S,benelli-650-tornado-tornado-tornado-s,631,PLACEHOLDER
motos/naked/benelli-654-654-quattro.jpg,motos/naked,Naked,Benelli,654,654 Quattro,benelli-654-654-quattro,631,PLACEHOLDER
motos/naked/benelli-654-654-sport.jpg,motos/naked,Naked,Benelli,654,654 Sport,benelli-654-654-sport,631,PLACEHOLDER
motos/naked/benelli-750-sei-sei-750.jpg,motos/naked,Naked,Benelli,750 Sei,Sei 750,benelli-750-sei-sei-750,631,PLACEHOLDER
motos/naked/benelli-900-sei-sei-900.jpg,motos/naked,Naked,Benelli,900 Sei,Sei 900,benelli-900-sei-sei-900,631,PLACEHOLDER
motos/naked/bianchi-500-m-500-m.jpg,motos/naked,Naked,Bianchi,500 M,500 M,bianchi-500-m-500-m,631,PLACEHOLDER
motos/naked/bianchi-freccia-celeste-350-freccia-celeste.jpg,motos/naked,Naked,Bianchi,Freccia Celeste,350 Freccia Celeste,bianchi-freccia-celeste-350-freccia-celeste,631,PLACEHOLDER
motos/naked/bianchi-freccia-d-oro-250-freccia-d-oro.jpg,motos/naked,Naked,Bianchi,Freccia d'Oro,250 Freccia d'Oro,bianchi-freccia-d-oro-250-freccia-d-oro,631,PLACEHOLDER
motos/naked/bianchi-stelvio-250-stelvio.jpg,motos/naked,Naked,Bianchi,Stelvio,250 Stelvio,bianchi-stelvio-250-stelvio,631,PLACEHOLDER
motos/naked/bimota-db3-mantra-db3.jpg,motos/naked,Naked,Bimota,DB3 Mantra,DB3,bimota-db3-mantra-db3,631,PLACEHOLDER
motos/naked/bimota-db4-db4.jpg,motos/naked,Naked,Bimota,DB4,DB4,bimota-db4-db4,631,PLACEHOLDER
motos/naked/bmw-k100-k-series-flying-brick.jpg,motos/naked,Naked,BMW,K100,K series (Flying Brick),bmw-k100-k-series-flying-brick,631,PLACEHOLDER
motos/naked/bmw-k75-k-series.jpg,motos/naked,Naked,BMW,K75,K series,bmw-k75-k-series,631,PLACEHOLDER
motos/naked/bmw-r100-airhead-serie-r.jpg,motos/naked,Naked,BMW,R100,Airhead (serie R),bmw-r100-airhead-serie-r,631,PLACEHOLDER
motos/naked/bmw-r80-airhead-serie-r.jpg,motos/naked,Naked,BMW,R80,Airhead (serie R),bmw-r80-airhead-serie-r,631,PLACEHOLDER
motos/naked/bmw-r90s-serie-6.jpg,motos/naked,Naked,BMW,R90S,Serie /6,bmw-r90s-serie-6,631,PLACEHOLDER
motos/naked/brough-superior-1150-1150-jap.jpg,motos/naked,Naked,Brough Superior,11.50,11.50 (JAP),brough-superior-1150-1150-jap,631,PLACEHOLDER
motos/naked/brough-superior-680-ohv-680-ohv-jap.jpg,motos/naked,Naked,Brough Superior,680 O.H.V.,680 O.H.V. (JAP),brough-superior-680-ohv-680-ohv-jap,631,PLACEHOLDER
motos/naked/brough-superior-austin-four-bs4-straight-four.jpg,motos/naked,Naked,Brough Superior,Austin Four,BS4 (Straight Four),brough-superior-austin-four-bs4-straight-four,631,PLACEHOLDER
motos/naked/brough-superior-mark-i-mark-i-ohv.jpg,motos/naked,Naked,Brough Superior,Mark I,Mark I O.H.V.,brough-superior-mark-i-mark-i-ohv,631,PLACEHOLDER
motos/naked/brough-superior-mark-i-mark-i-sv.jpg,motos/naked,Naked,Brough Superior,Mark I,Mark I S.V.,brough-superior-mark-i-mark-i-sv,631,PLACEHOLDER
motos/naked/brough-superior-ss100-ss100-jap.jpg,motos/naked,Naked,Brough Superior,SS100,SS100 (JAP),brough-superior-ss100-ss100-jap,631,PLACEHOLDER
motos/naked/brough-superior-ss100-ss100-matchless-bs-x2.jpg,motos/naked,Naked,Brough Superior,SS100,SS100 (Matchless BS/X2),brough-superior-ss100-ss100-matchless-bs-x2,631,PLACEHOLDER
motos/naked/brough-superior-ss80-ss80-jap.jpg,motos/naked,Naked,Brough Superior,SS80,SS80 (JAP),brough-superior-ss80-ss80-jap,631,PLACEHOLDER
motos/naked/brough-superior-ss80-ss80-matchless.jpg,motos/naked,Naked,Brough Superior,SS80,SS80 (Matchless),brough-superior-ss80-ss80-matchless,631,PLACEHOLDER
motos/naked/bsa-a10-golden-flash-a10-pre-unit.jpg,motos/naked,Naked,BSA,A10 Golden Flash,A10 (pre-unit),bsa-a10-golden-flash-a10-pre-unit,631,PLACEHOLDER
motos/naked/bsa-a10-road-rocket-a10-pre-unit.jpg,motos/naked,Naked,BSA,A10 Road Rocket,A10 (pre-unit),bsa-a10-road-rocket-a10-pre-unit,631,PLACEHOLDER
motos/naked/bsa-a10-super-flash-a10-pre-unit.jpg,motos/naked,Naked,BSA,A10 Super Flash,A10 (pre-unit),bsa-a10-super-flash-a10-pre-unit,631,PLACEHOLDER
motos/naked/bsa-a10-super-rocket-a10-pre-unit.jpg,motos/naked,Naked,BSA,A10 Super Rocket,A10 (pre-unit),bsa-a10-super-rocket-a10-pre-unit,631,PLACEHOLDER
motos/naked/bsa-a50-a50-unit-twin.jpg,motos/naked,Naked,BSA,A50,A50 (unit twin),bsa-a50-a50-unit-twin,631,PLACEHOLDER
motos/naked/bsa-a50-cyclone-a50-unit-twin.jpg,motos/naked,Naked,BSA,A50 Cyclone,A50 (unit twin),bsa-a50-cyclone-a50-unit-twin,631,PLACEHOLDER
motos/naked/bsa-a65-a65-unit-twin.jpg,motos/naked,Naked,BSA,A65,A65 (unit twin),bsa-a65-a65-unit-twin,631,PLACEHOLDER
motos/naked/bsa-a65-lightning-a65-unit-twin.jpg,motos/naked,Naked,BSA,A65 Lightning,A65 (unit twin),bsa-a65-lightning-a65-unit-twin,631,PLACEHOLDER
motos/naked/bsa-a65-rocket-a65-unit-twin.jpg,motos/naked,Naked,BSA,A65 Rocket,A65 (unit twin),bsa-a65-rocket-a65-unit-twin,631,PLACEHOLDER
motos/naked/bsa-a65-spitfire-a65-unit-twin.jpg,motos/naked,Naked,BSA,A65 Spitfire,A65 (unit twin),bsa-a65-spitfire-a65-unit-twin,631,PLACEHOLDER
motos/naked/bsa-a7-a7-pre-unit.jpg,motos/naked,Naked,BSA,A7,A7 (pre-unit),bsa-a7-a7-pre-unit,631,PLACEHOLDER
motos/naked/bsa-a70-lightning-a70l.jpg,motos/naked,Naked,BSA,A70 Lightning,A70L,bsa-a70-lightning-a70l,631,PLACEHOLDER
motos/naked/bsa-b1-b3-b-series-pre-guerra.jpg,motos/naked,Naked,BSA,B1-B3,B Series (pre-guerra),bsa-b1-b3-b-series-pre-guerra,631,PLACEHOLDER
motos/naked/bsa-b25-b25-unit-single.jpg,motos/naked,Naked,BSA,B25,B25 (unit single),bsa-b25-b25-unit-single,631,PLACEHOLDER
motos/naked/bsa-b31-b31.jpg,motos/naked,Naked,BSA,B31,B31,bsa-b31-b31,631,PLACEHOLDER
motos/naked/bsa-b33-b33.jpg,motos/naked,Naked,BSA,B33,B33,bsa-b33-b33,631,PLACEHOLDER
motos/naked/bsa-b40-b40-unit-single.jpg,motos/naked,Naked,BSA,B40,B40 (unit single),bsa-b40-b40-unit-single,631,PLACEHOLDER
motos/naked/bsa-bantam-bantam-d1.jpg,motos/naked,Naked,BSA,Bantam,Bantam D1,bsa-bantam-bantam-d1,631,PLACEHOLDER
motos/naked/bsa-bantam-bantam-d10.jpg,motos/naked,Naked,BSA,Bantam,Bantam D10,bsa-bantam-bantam-d10,631,PLACEHOLDER
motos/naked/bsa-bantam-bantam-d14-4.jpg,motos/naked,Naked,BSA,Bantam,Bantam D14/4,bsa-bantam-bantam-d14-4,631,PLACEHOLDER
motos/naked/bsa-bantam-bantam-d175-b175.jpg,motos/naked,Naked,BSA,Bantam,Bantam D175 / B175,bsa-bantam-bantam-d175-b175,631,PLACEHOLDER
motos/naked/bsa-bantam-bantam-d3-major.jpg,motos/naked,Naked,BSA,Bantam,Bantam D3 Major,bsa-bantam-bantam-d3-major,631,PLACEHOLDER
motos/naked/bsa-bantam-bantam-d5-super.jpg,motos/naked,Naked,BSA,Bantam,Bantam D5 Super,bsa-bantam-bantam-d5-super,631,PLACEHOLDER
motos/naked/bsa-bantam-bantam-d7-super.jpg,motos/naked,Naked,BSA,Bantam,Bantam D7 Super,bsa-bantam-bantam-d7-super,631,PLACEHOLDER
motos/naked/bsa-beagle-beagle-75.jpg,motos/naked,Naked,BSA,Beagle,Beagle 75,bsa-beagle-beagle-75,631,PLACEHOLDER
motos/naked/bsa-c10-c10.jpg,motos/naked,Naked,BSA,C10,C10,bsa-c10-c10,631,PLACEHOLDER
motos/naked/bsa-c10l-c10l.jpg,motos/naked,Naked,BSA,C10L,C10L,bsa-c10l-c10l,631,PLACEHOLDER
motos/naked/bsa-c11-c11-c11g.jpg,motos/naked,Naked,BSA,C11,C11 / C11G,bsa-c11-c11-c11g,631,PLACEHOLDER
motos/naked/bsa-c12-c12.jpg,motos/naked,Naked,BSA,C12,C12,bsa-c12-c12,631,PLACEHOLDER
motos/naked/bsa-c15-star-c15-unit-single.jpg,motos/naked,Naked,BSA,C15 Star,C15 (unit single),bsa-c15-star-c15-unit-single,631,PLACEHOLDER
motos/naked/bsa-g14-g14-v-twin.jpg,motos/naked,Naked,BSA,G14,G14 V-Twin,bsa-g14-g14-v-twin,631,PLACEHOLDER
motos/naked/bsa-g30-g35-g-series-v-twin.jpg,motos/naked,Naked,BSA,G30-G35,G Series V-Twin,bsa-g30-g35-g-series-v-twin,631,PLACEHOLDER
motos/naked/bsa-gold-star-bb32.jpg,motos/naked,Naked,BSA,Gold Star,BB32,bsa-gold-star-bb32,631,PLACEHOLDER
motos/naked/bsa-gold-star-bb34.jpg,motos/naked,Naked,BSA,Gold Star,BB34,bsa-gold-star-bb34,631,PLACEHOLDER
motos/naked/bsa-gold-star-cb32.jpg,motos/naked,Naked,BSA,Gold Star,CB32,bsa-gold-star-cb32,631,PLACEHOLDER
motos/naked/bsa-gold-star-cb34.jpg,motos/naked,Naked,BSA,Gold Star,CB34,bsa-gold-star-cb34,631,PLACEHOLDER
motos/naked/bsa-gold-star-db32.jpg,motos/naked,Naked,BSA,Gold Star,DB32,bsa-gold-star-db32,631,PLACEHOLDER
motos/naked/bsa-gold-star-db34.jpg,motos/naked,Naked,BSA,Gold Star,DB34,bsa-gold-star-db34,631,PLACEHOLDER
motos/naked/bsa-gold-star-dbd34.jpg,motos/naked,Naked,BSA,Gold Star,DBD34,bsa-gold-star-dbd34,631,PLACEHOLDER
motos/naked/bsa-gold-star-m24-gold-star.jpg,motos/naked,Naked,BSA,Gold Star,M24 Gold Star,bsa-gold-star-m24-gold-star,631,PLACEHOLDER
motos/naked/bsa-gold-star-zb32.jpg,motos/naked,Naked,BSA,Gold Star,ZB32,bsa-gold-star-zb32,631,PLACEHOLDER
motos/naked/bsa-gold-star-zb34.jpg,motos/naked,Naked,BSA,Gold Star,ZB34,bsa-gold-star-zb34,631,PLACEHOLDER
motos/naked/bsa-j12-j-series-v-twin.jpg,motos/naked,Naked,BSA,J12,J Series V-Twin,bsa-j12-j-series-v-twin,631,PLACEHOLDER
motos/naked/bsa-m10-m-series-pre-guerra.jpg,motos/naked,Naked,BSA,M10,M Series (pre-guerra),bsa-m10-m-series-pre-guerra,631,PLACEHOLDER
motos/naked/bsa-m20-m20.jpg,motos/naked,Naked,BSA,M20,M20,bsa-m20-m20,631,PLACEHOLDER
motos/naked/bsa-m21-m21.jpg,motos/naked,Naked,BSA,M21,M21,bsa-m21-m21,631,PLACEHOLDER
motos/naked/bsa-m23-m24-m-series-ohv.jpg,motos/naked,Naked,BSA,M23 / M24,M Series OHV,bsa-m23-m24-m-series-ohv,631,PLACEHOLDER
motos/naked/bsa-model-e-model-e-v-twin.jpg,motos/naked,Naked,BSA,Model E,Model E V-Twin,bsa-model-e-model-e-v-twin,631,PLACEHOLDER
motos/naked/bsa-r4-r5-r-series.jpg,motos/naked,Naked,BSA,R4-R5,R Series,bsa-r4-r5-r-series,631,PLACEHOLDER
motos/naked/bsa-rocket-3-a75-a75r.jpg,motos/naked,Naked,BSA,Rocket 3,A75 / A75R,bsa-rocket-3-a75-a75r,631,PLACEHOLDER
motos/naked/bsa-rocket-gold-star-a10-rgs.jpg,motos/naked,Naked,BSA,Rocket Gold Star,A10 RGS,bsa-rocket-gold-star-a10-rgs,631,PLACEHOLDER
motos/naked/bsa-sloper-sloper-s-l-series.jpg,motos/naked,Naked,BSA,Sloper,Sloper S/L Series,bsa-sloper-sloper-s-l-series,631,PLACEHOLDER
motos/naked/bsa-w6-w9-w-series.jpg,motos/naked,Naked,BSA,W6-W9,W Series,bsa-w6-w9-w-series,631,PLACEHOLDER
motos/naked/bsa-winged-wheel-w1-winged-wheel.jpg,motos/naked,Naked,BSA,Winged Wheel,W1 Winged Wheel,bsa-winged-wheel-w1-winged-wheel,631,PLACEHOLDER
motos/naked/bsa-y13-y13-v-twin.jpg,motos/naked,Naked,BSA,Y13,Y13 V-Twin,bsa-y13-y13-v-twin,631,PLACEHOLDER
motos/naked/bultaco-155-200-bultaco-155-200.jpg,motos/naked,Naked,Bultaco,155/200,Bultaco 155/200,bultaco-155-200-bultaco-155-200,631,PLACEHOLDER
motos/naked/bultaco-mercurio-mercurio.jpg,motos/naked,Naked,Bultaco,Mercurio,Mercurio,bultaco-mercurio-mercurio,631,PLACEHOLDER
motos/naked/bultaco-metralla-metralla-62-m8.jpg,motos/naked,Naked,Bultaco,Metralla,Metralla 62 (M8),bultaco-metralla-metralla-62-m8,631,PLACEHOLDER
motos/naked/bultaco-metralla-metralla-gts.jpg,motos/naked,Naked,Bultaco,Metralla,Metralla GTS,bultaco-metralla-metralla-gts,631,PLACEHOLDER
motos/naked/bultaco-metralla-metralla-mk2.jpg,motos/naked,Naked,Bultaco,Metralla,Metralla Mk2,bultaco-metralla-metralla-mk2,631,PLACEHOLDER
motos/naked/bultaco-streaker-streaker-125.jpg,motos/naked,Naked,Bultaco,Streaker,Streaker 125,bultaco-streaker-streaker-125,631,PLACEHOLDER
motos/naked/bultaco-streaker-streaker-74.jpg,motos/naked,Naked,Bultaco,Streaker,Streaker 74,bultaco-streaker-streaker-74,631,PLACEHOLDER
motos/naked/bultaco-tralla-tralla-101-102.jpg,motos/naked,Naked,Bultaco,Tralla,Tralla 101/102,bultaco-tralla-tralla-101-102,631,PLACEHOLDER
motos/naked/cagiva-sst-125-sst.jpg,motos/naked,Naked,Cagiva,SST 125,SST,cagiva-sst-125-sst,631,PLACEHOLDER
motos/naked/cagiva-sst-250-sst.jpg,motos/naked,Naked,Cagiva,SST 250,SST,cagiva-sst-250-sst,631,PLACEHOLDER
motos/naked/cagiva-sst-350-sst.jpg,motos/naked,Naked,Cagiva,SST 350,SST,cagiva-sst-350-sst,631,PLACEHOLDER
motos/naked/cz-cz-125-cz-125-a.jpg,motos/naked,Naked,CZ,CZ 125,CZ 125 A,cz-cz-125-cz-125-a,631,PLACEHOLDER
motos/naked/cz-cz-125-cz-125-b.jpg,motos/naked,Naked,CZ,CZ 125,CZ 125 B,cz-cz-125-cz-125-b,631,PLACEHOLDER
motos/naked/cz-cz-125-cz-125-c.jpg,motos/naked,Naked,CZ,CZ 125,CZ 125 C,cz-cz-125-cz-125-c,631,PLACEHOLDER
motos/naked/cz-cz-125-cz-125-t.jpg,motos/naked,Naked,CZ,CZ 125,CZ 125 T,cz-cz-125-cz-125-t,631,PLACEHOLDER
motos/naked/cz-cz-125-cz-125-typ-453.jpg,motos/naked,Naked,CZ,CZ 125,CZ 125 typ 453,cz-cz-125-cz-125-typ-453,631,PLACEHOLDER
motos/naked/cz-cz-125-cz-125-typ-473-sport.jpg,motos/naked,Naked,CZ,CZ 125,CZ 125 typ 473 Sport,cz-cz-125-cz-125-typ-473-sport,631,PLACEHOLDER
motos/naked/cz-cz-125-cz-125-typ-476.jpg,motos/naked,Naked,CZ,CZ 125,CZ 125 typ 476,cz-cz-125-cz-125-typ-476,631,PLACEHOLDER
motos/naked/cz-cz-125-cz-125-typ-488.jpg,motos/naked,Naked,CZ,CZ 125,CZ 125 typ 488,cz-cz-125-cz-125-typ-488,631,PLACEHOLDER
motos/naked/cz-cz-125-jawa-cz-125-typ-351.jpg,motos/naked,Naked,CZ,CZ 125,Jawa-CZ 125 typ 351,cz-cz-125-jawa-cz-125-typ-351,631,PLACEHOLDER
motos/naked/cz-cz-125-jawa-cz-125-typ-355.jpg,motos/naked,Naked,CZ,CZ 125,Jawa-CZ 125 typ 355,cz-cz-125-jawa-cz-125-typ-355,631,PLACEHOLDER
motos/naked/cz-cz-150-cz-150-c.jpg,motos/naked,Naked,CZ,CZ 150,CZ 150 C,cz-cz-150-cz-150-c,631,PLACEHOLDER
motos/naked/cz-cz-150-jawa-cz-150-typ-352.jpg,motos/naked,Naked,CZ,CZ 150,Jawa-CZ 150 typ 352,cz-cz-150-jawa-cz-150-typ-352,631,PLACEHOLDER
motos/naked/cz-cz-175-cz-175-1935-1946.jpg,motos/naked,Naked,CZ,CZ 175,CZ 175 (1935-1946),cz-cz-175-cz-175-1935-1946,631,PLACEHOLDER
motos/naked/cz-cz-175-cz-175-typ-450.jpg,motos/naked,Naked,CZ,CZ 175,CZ 175 typ 450,cz-cz-175-cz-175-typ-450,631,PLACEHOLDER
motos/naked/cz-cz-175-cz-175-typ-470-sport.jpg,motos/naked,Naked,CZ,CZ 175,CZ 175 typ 470 Sport,cz-cz-175-cz-175-typ-470-sport,631,PLACEHOLDER
motos/naked/cz-cz-175-cz-175-typ-477.jpg,motos/naked,Naked,CZ,CZ 175,CZ 175 typ 477,cz-cz-175-cz-175-typ-477,631,PLACEHOLDER
motos/naked/cz-cz-175-cz-175-typ-487.jpg,motos/naked,Naked,CZ,CZ 175,CZ 175 typ 487,cz-cz-175-cz-175-typ-487,631,PLACEHOLDER
motos/naked/cz-cz-175-jawa-cz-175-typ-356.jpg,motos/naked,Naked,CZ,CZ 175,Jawa-CZ 175 typ 356,cz-cz-175-jawa-cz-175-typ-356,631,PLACEHOLDER
motos/naked/cz-cz-180-cz-180-typ-4873-4874.jpg,motos/naked,Naked,CZ,CZ 180,CZ 180 typ 487.3 / 487.4,cz-cz-180-cz-180-typ-4873-4874,631,PLACEHOLDER
motos/naked/cz-cz-250-cz-250-typ-455.jpg,motos/naked,Naked,CZ,CZ 250,CZ 250 typ 455,cz-cz-250-cz-250-typ-455,631,PLACEHOLDER
motos/naked/cz-cz-250-cz-250-typ-471.jpg,motos/naked,Naked,CZ,CZ 250,CZ 250 typ 471,cz-cz-250-cz-250-typ-471,631,PLACEHOLDER
motos/naked/cz-cz-250-cz-250-typ-475-sport.jpg,motos/naked,Naked,CZ,CZ 250,CZ 250 typ 475 Sport,cz-cz-250-cz-250-typ-475-sport,631,PLACEHOLDER
motos/naked/cz-cz-250-cz-250-typ-485.jpg,motos/naked,Naked,CZ,CZ 250,CZ 250 typ 485,cz-cz-250-cz-250-typ-485,631,PLACEHOLDER
motos/naked/cz-cz-250-sport-cz-250-sport.jpg,motos/naked,Naked,CZ,CZ 250 Sport,CZ 250 Sport,cz-cz-250-sport-cz-250-sport,631,PLACEHOLDER
motos/naked/cz-cz-250-tourist-cz-250-tourist.jpg,motos/naked,Naked,CZ,CZ 250 Tourist,CZ 250 Tourist,cz-cz-250-tourist-cz-250-tourist,631,PLACEHOLDER
motos/naked/cz-cz-350-cz-350-tourist.jpg,motos/naked,Naked,CZ,CZ 350,CZ 350 Tourist,cz-cz-350-cz-350-tourist,631,PLACEHOLDER
motos/naked/cz-cz-350-cz-350-typ-472.jpg,motos/naked,Naked,CZ,CZ 350,CZ 350 typ 472,cz-cz-350-cz-350-typ-472,631,PLACEHOLDER
motos/naked/cz-cz-500-cz-500-tourist.jpg,motos/naked,Naked,CZ,CZ 500,CZ 500 Tourist,cz-cz-500-cz-500-tourist,631,PLACEHOLDER
motos/naked/cz-cz-76-cz-76-kaktus.jpg,motos/naked,Naked,CZ,CZ 76,CZ 76 Kaktus,cz-cz-76-cz-76-kaktus,631,PLACEHOLDER
motos/naked/cz-cz-98-cz-98-1933-1936.jpg,motos/naked,Naked,CZ,CZ 98,CZ 98 (1933-1936),cz-cz-98-cz-98-1933-1936,631,PLACEHOLDER
motos/naked/cz-cz-98-cz-98-1937-1946.jpg,motos/naked,Naked,CZ,CZ 98,CZ 98 (1937-1946),cz-cz-98-cz-98-1937-1946,631,PLACEHOLDER
motos/naked/cz-roadster-125-cz-cagiva-roadster-125-typ-866.jpg,motos/naked,Naked,CZ,Roadster 125,CZ-Cagiva Roadster 125 typ 866,cz-roadster-125-cz-cagiva-roadster-125-typ-866,631,PLACEHOLDER
motos/naked/cz-roadster-200-cz-cagiva-roadster-200-typ-869.jpg,motos/naked,Naked,CZ,Roadster 200,CZ-Cagiva Roadster 200 typ 869,cz-roadster-200-cz-cagiva-roadster-200-typ-869,631,PLACEHOLDER
motos/naked/darracq-millet-millet-5-cil-rotativo.jpg,motos/naked,Naked,Darracq,Millet,Millet 5-cil. rotativo,darracq-millet-millet-5-cil-rotativo,631,PLACEHOLDER
motos/naked/dkw-e206-e206.jpg,motos/naked,Naked,DKW,E206,E206,dkw-e206-e206,631,PLACEHOLDER
motos/naked/dkw-rt-100-rt-100.jpg,motos/naked,Naked,DKW,RT 100,RT 100,dkw-rt-100-rt-100,631,PLACEHOLDER
motos/naked/dkw-rt-125-rt-125-w-ingolstadt.jpg,motos/naked,Naked,DKW,RT 125,RT 125 W (Ingolstadt),dkw-rt-125-rt-125-w-ingolstadt,631,PLACEHOLDER
motos/naked/dkw-rt-125-rt-125-zschopau.jpg,motos/naked,Naked,DKW,RT 125,RT 125 (Zschopau),dkw-rt-125-rt-125-zschopau,631,PLACEHOLDER
motos/naked/dkw-rt-175-rt-175-s.jpg,motos/naked,Naked,DKW,RT 175,RT 175 S,dkw-rt-175-rt-175-s,631,PLACEHOLDER
motos/naked/dkw-rt-175-rt-175-vs.jpg,motos/naked,Naked,DKW,RT 175,RT 175 VS,dkw-rt-175-rt-175-vs,631,PLACEHOLDER
motos/naked/dkw-rt-175-rt-175.jpg,motos/naked,Naked,DKW,RT 175,RT 175,dkw-rt-175-rt-175,631,PLACEHOLDER
motos/naked/dkw-rt-200-rt-200-2.jpg,motos/naked,Naked,DKW,RT 200,RT 200/2,dkw-rt-200-rt-200-2,631,PLACEHOLDER
motos/naked/dkw-rt-200-rt-200-h.jpg,motos/naked,Naked,DKW,RT 200,RT 200 H,dkw-rt-200-rt-200-h,631,PLACEHOLDER
motos/naked/dkw-rt-200-rt-200-s.jpg,motos/naked,Naked,DKW,RT 200,RT 200 S,dkw-rt-200-rt-200-s,631,PLACEHOLDER
motos/naked/dkw-rt-200-rt-200-vs.jpg,motos/naked,Naked,DKW,RT 200,RT 200 VS,dkw-rt-200-rt-200-vs,631,PLACEHOLDER
motos/naked/dkw-rt-200-rt-200.jpg,motos/naked,Naked,DKW,RT 200,RT 200,dkw-rt-200-rt-200,631,PLACEHOLDER
motos/naked/dkw-rt-250-rt-250-1.jpg,motos/naked,Naked,DKW,RT 250,RT 250/1,dkw-rt-250-rt-250-1,631,PLACEHOLDER
motos/naked/dkw-rt-250-rt-250-2.jpg,motos/naked,Naked,DKW,RT 250,RT 250/2,dkw-rt-250-rt-250-2,631,PLACEHOLDER
motos/naked/dkw-rt-250-rt-250-h.jpg,motos/naked,Naked,DKW,RT 250,RT 250 H,dkw-rt-250-rt-250-h,631,PLACEHOLDER
motos/naked/dkw-rt-250-rt-250-s.jpg,motos/naked,Naked,DKW,RT 250,RT 250 S,dkw-rt-250-rt-250-s,631,PLACEHOLDER
motos/naked/dkw-rt-250-rt-250-vs.jpg,motos/naked,Naked,DKW,RT 250,RT 250 VS,dkw-rt-250-rt-250-vs,631,PLACEHOLDER
motos/naked/dkw-rt-350-rt-350-s.jpg,motos/naked,Naked,DKW,RT 350,RT 350 S,dkw-rt-350-rt-350-s,631,PLACEHOLDER
motos/naked/dkw-rt-350-rt-350.jpg,motos/naked,Naked,DKW,RT 350,RT 350,dkw-rt-350-rt-350,631,PLACEHOLDER
motos/naked/dkw-w2000-w2000-hercules-dkw.jpg,motos/naked,Naked,DKW,W2000,W2000 (Hercules/DKW),dkw-w2000-w2000-hercules-dkw,631,PLACEHOLDER
motos/naked/ducati-250-monocilindrica-carter-ancho.jpg,motos/naked,Naked,Ducati,250,Monocilindrica (carter ancho),ducati-250-monocilindrica-carter-ancho,631,PLACEHOLDER
motos/naked/ducati-350-monocilindrica-carter-ancho.jpg,motos/naked,Naked,Ducati,350,Monocilindrica (carter ancho),ducati-350-monocilindrica-carter-ancho,631,PLACEHOLDER
motos/naked/ducati-450-monocilindrica-carter-ancho.jpg,motos/naked,Naked,Ducati,450,Monocilindrica (carter ancho),ducati-450-monocilindrica-carter-ancho,631,PLACEHOLDER
motos/naked/ducati-750-gt-750-bevel.jpg,motos/naked,Naked,Ducati,750 GT,750 (bevel),ducati-750-gt-750-bevel,631,PLACEHOLDER
motos/naked/ducati-750-sport-750-bevel.jpg,motos/naked,Naked,Ducati,750 Sport,750 (bevel),ducati-750-sport-750-bevel,631,PLACEHOLDER
motos/naked/ducati-860-gt-860-bevel.jpg,motos/naked,Naked,Ducati,860 GT,860 (bevel),ducati-860-gt-860-bevel,631,PLACEHOLDER
motos/naked/ducati-900-sd-darmah-darmah-bevel.jpg,motos/naked,Naked,Ducati,900 SD Darmah,Darmah (bevel),ducati-900-sd-darmah-darmah-bevel,631,PLACEHOLDER
motos/naked/ducati-monster-900-monster-m900-carburacion.jpg,motos/naked,Naked,Ducati,Monster 900,Monster M900 (carburacion),ducati-monster-900-monster-m900-carburacion,631,PLACEHOLDER
motos/naked/excelsior-auto-cycle-single-excelsior-single-chicago.jpg,motos/naked,Naked,Excelsior,Auto Cycle (Single),Excelsior Single (Chicago),excelsior-auto-cycle-single-excelsior-single-chicago,631,PLACEHOLDER
motos/naked/excelsior-autobyk-autobyk-posguerra.jpg,motos/naked,Naked,Excelsior,Autobyk,Autobyk (posguerra),excelsior-autobyk-autobyk-posguerra,631,PLACEHOLDER
motos/naked/excelsior-autobyk-autobyk-preguerra.jpg,motos/naked,Naked,Excelsior,Autobyk,Autobyk (preguerra),excelsior-autobyk-autobyk-preguerra,631,PLACEHOLDER
motos/naked/excelsior-autobyk-super-autobyk-autobyk-de-luxe.jpg,motos/naked,Naked,Excelsior,Autobyk,Super Autobyk / Autobyk de Luxe,excelsior-autobyk-super-autobyk-autobyk-de-luxe,631,PLACEHOLDER
motos/naked/excelsior-big-x-model-bigx-big-twin-chicago.jpg,motos/naked,Naked,Excelsior,Big X,Model BigX / Big Twin (Chicago),excelsior-big-x-model-bigx-big-twin-chicago,631,PLACEHOLDER
motos/naked/excelsior-consort-consort-ca8-f4f.jpg,motos/naked,Naked,Excelsior,Consort,Consort CA8 / F4F,excelsior-consort-consort-ca8-f4f,631,PLACEHOLDER
motos/naked/excelsior-consort-consort-f4.jpg,motos/naked,Naked,Excelsior,Consort,Consort F4,excelsior-consort-consort-f4,631,PLACEHOLDER
motos/naked/excelsior-consort-consort-f6-f6s.jpg,motos/naked,Naked,Excelsior,Consort,Consort F6 / F6S,excelsior-consort-consort-f6-f6s,631,PLACEHOLDER
motos/naked/excelsior-courier-courier-c1-c2.jpg,motos/naked,Naked,Excelsior,Courier,Courier C1/C2,excelsior-courier-courier-c1-c2,631,PLACEHOLDER
motos/naked/excelsior-manxman-manxman-250.jpg,motos/naked,Naked,Excelsior,Manxman,Manxman 250,excelsior-manxman-manxman-250,631,PLACEHOLDER
motos/naked/excelsior-manxman-manxman-350.jpg,motos/naked,Naked,Excelsior,Manxman,Manxman 350,excelsior-manxman-manxman-350,631,PLACEHOLDER
motos/naked/excelsior-manxman-manxman-500-g14-g15.jpg,motos/naked,Naked,Excelsior,Manxman,Manxman 500 (G14/G15),excelsior-manxman-manxman-500-g14-g15,631,PLACEHOLDER
motos/naked/excelsior-roadmaster-roadmaster-r1-r2.jpg,motos/naked,Naked,Excelsior,Roadmaster,Roadmaster R1/R2,excelsior-roadmaster-roadmaster-r1-r2,631,PLACEHOLDER
motos/naked/excelsior-roadmaster-roadmaster-r10-r11.jpg,motos/naked,Naked,Excelsior,Roadmaster,Roadmaster R10/R11,excelsior-roadmaster-roadmaster-r10-r11,631,PLACEHOLDER
motos/naked/excelsior-super-x-super-x-1-serie-chicago.jpg,motos/naked,Naked,Excelsior,Super X,"Super X (1ª serie, Chicago)",excelsior-super-x-super-x-1-serie-chicago,631,PLACEHOLDER
motos/naked/excelsior-super-x-super-x-streamline-chicago.jpg,motos/naked,Naked,Excelsior,Super X,Super X Streamline (Chicago),excelsior-super-x-super-x-streamline-chicago,631,PLACEHOLDER
motos/naked/excelsior-talisman-twin-super-talisman-s8.jpg,motos/naked,Naked,Excelsior,Talisman Twin,Super Talisman S8,excelsior-talisman-twin-super-talisman-s8,631,PLACEHOLDER
motos/naked/excelsior-talisman-twin-talisman-twin-tt1.jpg,motos/naked,Naked,Excelsior,Talisman Twin,Talisman Twin TT1,excelsior-talisman-twin-talisman-twin-tt1,631,PLACEHOLDER
motos/naked/excelsior-talisman-twin-talisman-twin-tt2-tt3-tt4-y-sports-stt.jpg,motos/naked,Naked,Excelsior,Talisman Twin,Talisman Twin TT2/TT3/TT4 (y Sports STT),excelsior-talisman-twin-talisman-twin-tt2-tt3-tt4-y-sports-stt,631,PLACEHOLDER
motos/naked/excelsior-universal-universal-preguerra.jpg,motos/naked,Naked,Excelsior,Universal,Universal (preguerra),excelsior-universal-universal-preguerra,631,PLACEHOLDER
motos/naked/excelsior-universal-universal-u1-posguerra.jpg,motos/naked,Naked,Excelsior,Universal,Universal U1 (posguerra),excelsior-universal-universal-u1-posguerra,631,PLACEHOLDER
motos/naked/excelsior-welbike-welbike.jpg,motos/naked,Naked,Excelsior,Welbike,Welbike,excelsior-welbike-welbike,631,PLACEHOLDER
motos/naked/gilera-125-150-175-serie-125-150-175.jpg,motos/naked,Naked,Gilera,125-150-175,Serie 125-150-175,gilera-125-150-175-serie-125-150-175,631,PLACEHOLDER
motos/naked/gilera-500-lte-500-lte.jpg,motos/naked,Naked,Gilera,500 LTE,500 LTE,gilera-500-lte-500-lte,631,PLACEHOLDER
motos/naked/gilera-arcore-5v-arcore.jpg,motos/naked,Naked,Gilera,Arcore,5V Arcore,gilera-arcore-5v-arcore,631,PLACEHOLDER
motos/naked/gilera-b300-b300.jpg,motos/naked,Naked,Gilera,B300,B300,gilera-b300-b300,631,PLACEHOLDER
motos/naked/gilera-bullit-bullit-50.jpg,motos/naked,Naked,Gilera,Bullit,Bullit 50,gilera-bullit-bullit-50,631,PLACEHOLDER
motos/naked/gilera-cb1-cb1.jpg,motos/naked,Naked,Gilera,CB1,CB1,gilera-cb1-cb1,631,PLACEHOLDER
motos/naked/gilera-cba-cba.jpg,motos/naked,Naked,Gilera,CBA,CBA,gilera-cba-cba,631,PLACEHOLDER
motos/naked/gilera-freestyle-freestyle-125.jpg,motos/naked,Naked,Gilera,Freestyle,Freestyle 125,gilera-freestyle-freestyle-125,631,PLACEHOLDER
motos/naked/gilera-g-g50.jpg,motos/naked,Naked,Gilera,G,G50,gilera-g-g50,631,PLACEHOLDER
motos/naked/gilera-g-g80.jpg,motos/naked,Naked,Gilera,G,G80,gilera-g-g80,631,PLACEHOLDER
motos/naked/gilera-giubileo-giubileo.jpg,motos/naked,Naked,Gilera,Giubileo,Giubileo,gilera-giubileo-giubileo,631,PLACEHOLDER
motos/naked/gilera-kz-kz-125.jpg,motos/naked,Naked,Gilera,KZ,KZ 125,gilera-kz-kz-125,631,PLACEHOLDER
motos/naked/gilera-nettuno-nettuno-250.jpg,motos/naked,Naked,Gilera,Nettuno,Nettuno 250,gilera-nettuno-nettuno-250,631,PLACEHOLDER
motos/naked/gilera-nordwest-nordwest-350.jpg,motos/naked,Naked,Gilera,Nordwest,Nordwest 350,gilera-nordwest-nordwest-350,631,PLACEHOLDER
motos/naked/gilera-nordwest-nordwest-600.jpg,motos/naked,Naked,Gilera,Nordwest,Nordwest 600,gilera-nordwest-nordwest-600,631,PLACEHOLDER
motos/naked/gilera-rv-rv-125.jpg,motos/naked,Naked,Gilera,RV,RV 125,gilera-rv-rv-125,631,PLACEHOLDER
motos/naked/gilera-saturno-bialbero-nuovo-saturno-bialbero-500.jpg,motos/naked,Naked,Gilera,Saturno Bialbero,Nuovo Saturno Bialbero 500,gilera-saturno-bialbero-nuovo-saturno-bialbero-500,631,PLACEHOLDER
motos/naked/gilera-saturno-saturno-1946-1958.jpg,motos/naked,Naked,Gilera,Saturno,Saturno (1946-1958),gilera-saturno-saturno-1946-1958,631,PLACEHOLDER
motos/naked/gilera-tg-tg1-tg2.jpg,motos/naked,Naked,Gilera,TG,TG1 / TG2,gilera-tg-tg1-tg2,631,PLACEHOLDER
motos/naked/greeves-city-patrol-24df.jpg,motos/naked,Naked,Greeves,City Patrol,24DF,greeves-city-patrol-24df,631,PLACEHOLDER
motos/naked/greeves-east-coaster-20dce.jpg,motos/naked,Naked,Greeves,East Coaster,20DCE,greeves-east-coaster-20dce,631,PLACEHOLDER
motos/naked/greeves-east-coaster-25dce.jpg,motos/naked,Naked,Greeves,East Coaster,25DCE,greeves-east-coaster-25dce,631,PLACEHOLDER
motos/naked/greeves-essex-twin-25dd-mk1-mk2.jpg,motos/naked,Naked,Greeves,Essex Twin,25DD (Mk1-Mk2),greeves-essex-twin-25dd-mk1-mk2,631,PLACEHOLDER
motos/naked/greeves-essex-twin-32dd-mk1.jpg,motos/naked,Naked,Greeves,Essex Twin,32DD Mk1,greeves-essex-twin-32dd-mk1,631,PLACEHOLDER
motos/naked/greeves-fleetmaster-32d.jpg,motos/naked,Naked,Greeves,Fleetmaster,32D,greeves-fleetmaster-32d,631,PLACEHOLDER
motos/naked/greeves-fleetwing-25d-villiers.jpg,motos/naked,Naked,Greeves,Fleetwing,25D (Villiers),greeves-fleetwing-25d-villiers,631,PLACEHOLDER
motos/naked/greeves-fleetwing-fleetwing-british-anzani.jpg,motos/naked,Naked,Greeves,Fleetwing,Fleetwing (British Anzani),greeves-fleetwing-fleetwing-british-anzani,631,PLACEHOLDER
motos/naked/greeves-oulton-35rfs.jpg,motos/naked,Naked,Greeves,Oulton,35RFS,greeves-oulton-35rfs,631,PLACEHOLDER
motos/naked/greeves-silverstone-24ras-24res-mk1-mk5.jpg,motos/naked,Naked,Greeves,Silverstone,24RAS-24RES (Mk1-Mk5),greeves-silverstone-24ras-24res-mk1-mk5,631,PLACEHOLDER
motos/naked/greeves-sports-single-20dc.jpg,motos/naked,Naked,Greeves,Sports Single,20DC,greeves-sports-single-20dc,631,PLACEHOLDER
motos/naked/greeves-sports-single-24db.jpg,motos/naked,Naked,Greeves,Sports Single,24DB,greeves-sports-single-24db,631,PLACEHOLDER
motos/naked/greeves-sports-single-24dc.jpg,motos/naked,Naked,Greeves,Sports Single,24DC,greeves-sports-single-24dc,631,PLACEHOLDER
motos/naked/greeves-sports-twin-25db.jpg,motos/naked,Naked,Greeves,Sports Twin,25DB,greeves-sports-twin-25db,631,PLACEHOLDER
motos/naked/greeves-sports-twin-25dc-mk1-mk2.jpg,motos/naked,Naked,Greeves,Sports Twin,25DC (Mk1-Mk2),greeves-sports-twin-25dc-mk1-mk2,631,PLACEHOLDER
motos/naked/greeves-sports-twin-32dc.jpg,motos/naked,Naked,Greeves,Sports Twin,32DC,greeves-sports-twin-32dc,631,PLACEHOLDER
motos/naked/greeves-sportsman-25dcx.jpg,motos/naked,Naked,Greeves,Sportsman,25DCX,greeves-sportsman-25dcx,631,PLACEHOLDER
motos/naked/greeves-sportsman-32dcx.jpg,motos/naked,Naked,Greeves,Sportsman,32DCX,greeves-sportsman-32dcx,631,PLACEHOLDER
motos/naked/greeves-standard-de-luxe-road-20r-20d.jpg,motos/naked,Naked,Greeves,Standard / De-Luxe Road,20R / 20D,greeves-standard-de-luxe-road-20r-20d,631,PLACEHOLDER
motos/naked/harley-davidson-hummer-125-165-ligera-2t-s-125-165-hummer.jpg,motos/naked,Naked,Harley-Davidson,Hummer / 125-165,Ligera 2T (S-125/165/Hummer),harley-davidson-hummer-125-165-ligera-2t-s-125-165-hummer,631,PLACEHOLDER
motos/naked/harley-davidson-sprint-aermacchi-ohv-monocilindrica.jpg,motos/naked,Naked,Harley-Davidson,Sprint,Aermacchi OHV monocilindrica,harley-davidson-sprint-aermacchi-ohv-monocilindrica,631,PLACEHOLDER
motos/naked/hercules-313-tipo-313.jpg,motos/naked,Naked,Hercules,313,Tipo 313,hercules-313-tipo-313,631,PLACEHOLDER
motos/naked/hercules-316-tipo-316.jpg,motos/naked,Naked,Hercules,316,Tipo 316,hercules-316-tipo-316,631,PLACEHOLDER
motos/naked/hercules-k-125-k-125-s.jpg,motos/naked,Naked,Hercules,K 125,K 125 S,hercules-k-125-k-125-s,631,PLACEHOLDER
motos/naked/hercules-k-125-k-125-t.jpg,motos/naked,Naked,Hercules,K 125,K 125 T,hercules-k-125-k-125-t,631,PLACEHOLDER
motos/naked/hercules-k-125-k-125-x.jpg,motos/naked,Naked,Hercules,K 125,K 125 X,hercules-k-125-k-125-x,631,PLACEHOLDER
motos/naked/hercules-k-50-rl-k-50-rl.jpg,motos/naked,Naked,Hercules,K 50 RL,K 50 RL,hercules-k-50-rl-k-50-rl,631,PLACEHOLDER
motos/naked/hercules-mf-3-mf-3.jpg,motos/naked,Naked,Hercules,MF 3,MF 3,hercules-mf-3-mf-3,631,PLACEHOLDER
motos/naked/hercules-mk-1-mk1-50-s.jpg,motos/naked,Naked,Hercules,MK 1,MK1 50 S,hercules-mk-1-mk1-50-s,631,PLACEHOLDER
motos/naked/hercules-mk-2-mk2-50-s.jpg,motos/naked,Naked,Hercules,MK 2,MK2 50 S,hercules-mk-2-mk2-50-s,631,PLACEHOLDER
motos/naked/hercules-mk-3-mk3-50-m.jpg,motos/naked,Naked,Hercules,MK 3,MK3 50 M,hercules-mk-3-mk3-50-m,631,PLACEHOLDER
motos/naked/hercules-mk-3-mk3-50-x.jpg,motos/naked,Naked,Hercules,MK 3,MK3 50 X,hercules-mk-3-mk3-50-x,631,PLACEHOLDER
motos/naked/hercules-mk-4-mk4-50-m.jpg,motos/naked,Naked,Hercules,MK 4,MK4 50 M,hercules-mk-4-mk4-50-m,631,PLACEHOLDER
motos/naked/hercules-mk-4-mk4-50-x.jpg,motos/naked,Naked,Hercules,MK 4,MK4 50 X,hercules-mk-4-mk4-50-x,631,PLACEHOLDER
motos/naked/hercules-optima-3-optima-50-3.jpg,motos/naked,Naked,Hercules,Optima 3,Optima 50 3,hercules-optima-3-optima-50-3,631,PLACEHOLDER
motos/naked/hercules-p3-p3-50.jpg,motos/naked,Naked,Hercules,P3,P3 50,hercules-p3-p3-50,631,PLACEHOLDER
motos/naked/hercules-prima-gt-prima-gt.jpg,motos/naked,Naked,Hercules,Prima GT,Prima GT,hercules-prima-gt-prima-gt,631,PLACEHOLDER
motos/naked/hercules-rx-9-rx-9-80-ac.jpg,motos/naked,Naked,Hercules,RX 9,RX 9 80 AC,hercules-rx-9-rx-9-80-ac,631,PLACEHOLDER
motos/naked/hercules-rx-9-rx-9-80-lc.jpg,motos/naked,Naked,Hercules,RX 9,RX 9 80 LC,hercules-rx-9-rx-9-80-lc,631,PLACEHOLDER
motos/naked/hercules-supra-4-supra-50-4-gp.jpg,motos/naked,Naked,Hercules,Supra 4,Supra 50 4 GP,hercules-supra-4-supra-50-4-gp,631,PLACEHOLDER
motos/naked/hercules-ultra-50-k-50-ultra-i-lc.jpg,motos/naked,Naked,Hercules,Ultra 50,K 50 Ultra I LC,hercules-ultra-50-k-50-ultra-i-lc,631,PLACEHOLDER
motos/naked/hercules-ultra-50-k-50-ultra-ii-lc.jpg,motos/naked,Naked,Hercules,Ultra 50,K 50 Ultra II LC,hercules-ultra-50-k-50-ultra-ii-lc,631,PLACEHOLDER
motos/naked/hercules-ultra-80-ultra-80-ac.jpg,motos/naked,Naked,Hercules,Ultra 80,Ultra 80 AC,hercules-ultra-80-ultra-80-ac,631,PLACEHOLDER
motos/naked/hercules-ultra-80-ultra-80-lc.jpg,motos/naked,Naked,Hercules,Ultra 80,Ultra 80 LC,hercules-ultra-80-ultra-80-lc,631,PLACEHOLDER
motos/naked/hercules-w-2000-w-2000-wankel.jpg,motos/naked,Naked,Hercules,W 2000,W 2000 (Wankel),hercules-w-2000-w-2000-wankel,631,PLACEHOLDER
motos/naked/hero-sleek-sleek.jpg,motos/naked,Naked,Hero,Sleek,Sleek,hero-sleek-sleek,631,PLACEHOLDER
motos/naked/hero-street-street-100.jpg,motos/naked,Naked,Hero,Street,Street 100,hero-street-street-100,631,PLACEHOLDER
motos/naked/honda-cb400f-cb400-four.jpg,motos/naked,Naked,Honda,CB400F,CB400 Four,honda-cb400f-cb400-four,631,PLACEHOLDER
motos/naked/honda-cb750-cb750-four-sohc.jpg,motos/naked,Naked,Honda,CB750,CB750 Four (SOHC),honda-cb750-cb750-four-sohc,631,PLACEHOLDER
motos/naked/honda-cbx1000-cbx-sc03-sc06.jpg,motos/naked,Naked,Honda,CBX1000,CBX (SC03/SC06),honda-cbx1000-cbx-sc03-sc06,631,PLACEHOLDER
motos/naked/honda-cx500-cx500.jpg,motos/naked,Naked,Honda,CX500,CX500,honda-cx500-cx500,631,PLACEHOLDER
motos/naked/horex-1400-ti-horex-1400-ti-era-munch.jpg,motos/naked,Naked,Horex,1400 TI,Horex 1400 TI (era Munch),horex-1400-ti-horex-1400-ti-era-munch,631,PLACEHOLDER
motos/naked/horex-columbus-columbus-500.jpg,motos/naked,Naked,Horex,Columbus,Columbus 500,horex-columbus-columbus-500,631,PLACEHOLDER
motos/naked/horex-columbus-columbus-600.jpg,motos/naked,Naked,Horex,Columbus,Columbus 600,horex-columbus-columbus-600,631,PLACEHOLDER
motos/naked/horex-em-em-500-sv.jpg,motos/naked,Naked,Horex,EM,EM (500 SV),horex-em-em-500-sv,631,PLACEHOLDER
motos/naked/horex-horex-250-250-dos-tiempos.jpg,motos/naked,Naked,Horex,Horex 250,250 dos tiempos,horex-horex-250-250-dos-tiempos,631,PLACEHOLDER
motos/naked/horex-horex-500-t5-t5-500-sv.jpg,motos/naked,Naked,Horex,Horex 500 / T5,T5 (500 SV),horex-horex-500-t5-t5-500-sv,631,PLACEHOLDER
motos/naked/horex-hrb-600-hrb-hrd-rotax.jpg,motos/naked,Naked,Horex,HRB 600,HRB / HRD (Rotax),horex-hrb-600-hrb-hrd-rotax,631,PLACEHOLDER
motos/naked/horex-imperator-125-imperator-125-mz-b.jpg,motos/naked,Naked,Horex,Imperator 125,Imperator 125 (MZ-B),horex-imperator-125-imperator-125-mz-b,631,PLACEHOLDER
motos/naked/horex-imperator-imperator-400-type-7.jpg,motos/naked,Naked,Horex,Imperator,Imperator 400 (Type 7),horex-imperator-imperator-400-type-7,631,PLACEHOLDER
motos/naked/horex-imperator-imperator-q1m-500-ohc-twin.jpg,motos/naked,Naked,Horex,Imperator,Imperator Q1M (500 OHC twin),horex-imperator-imperator-q1m-500-ohc-twin,631,PLACEHOLDER
motos/naked/horex-model-l-model-l-250.jpg,motos/naked,Naked,Horex,Model L,Model L (250),horex-model-l-model-l-250,631,PLACEHOLDER
motos/naked/horex-osca-644-644-osca.jpg,motos/naked,Naked,Horex,Osca 644,644 Osca,horex-osca-644-644-osca,631,PLACEHOLDER
motos/naked/horex-rebell-moped-rebell-moped-50.jpg,motos/naked,Naked,Horex,Rebell Moped,Rebell Moped (50),horex-rebell-moped-rebell-moped-50,631,PLACEHOLDER
motos/naked/horex-regina-regina-0-1.jpg,motos/naked,Naked,Horex,Regina,Regina 0/1,horex-regina-regina-0-1,631,PLACEHOLDER
motos/naked/horex-regina-regina-2.jpg,motos/naked,Naked,Horex,Regina,Regina 2,horex-regina-regina-2,631,PLACEHOLDER
motos/naked/horex-regina-regina-3.jpg,motos/naked,Naked,Horex,Regina,Regina 3,horex-regina-regina-3,631,PLACEHOLDER
motos/naked/horex-regina-regina-4.jpg,motos/naked,Naked,Horex,Regina,Regina 4,horex-regina-regina-4,631,PLACEHOLDER
motos/naked/horex-resident-resident-type-11-250.jpg,motos/naked,Naked,Horex,Resident,Resident Type 11 (250),horex-resident-resident-type-11-250,631,PLACEHOLDER
motos/naked/horex-resident-resident-type-8-350.jpg,motos/naked,Naked,Horex,Resident,Resident Type 8 (350),horex-resident-resident-type-8-350,631,PLACEHOLDER
motos/naked/horex-s2-s2-200-ohv.jpg,motos/naked,Naked,Horex,S2,S2 (200 OHV),horex-s2-s2-200-ohv,631,PLACEHOLDER
motos/naked/horex-s25-s25-250-ohv.jpg,motos/naked,Naked,Horex,S25,S25 (250 OHV),horex-s25-s25-250-ohv,631,PLACEHOLDER
motos/naked/horex-s3-s3-300-ohv.jpg,motos/naked,Naked,Horex,S3,S3 (300 OHV),horex-s3-s3-300-ohv,631,PLACEHOLDER
motos/naked/horex-s35-s35-350-ohv.jpg,motos/naked,Naked,Horex,S35,S35 (350 OHV),horex-s35-s35-350-ohv,631,PLACEHOLDER
motos/naked/horex-s5-s5-im-aim-500-ohv.jpg,motos/naked,Naked,Horex,S5,S5 / IM / AIM (500 OHV),horex-s5-s5-im-aim-500-ohv,631,PLACEHOLDER
motos/naked/horex-s5-s5-ss5-500-ohv.jpg,motos/naked,Naked,Horex,S5,S5 / SS5 (500 OHV),horex-s5-s5-ss5-500-ohv,631,PLACEHOLDER
motos/naked/horex-s6-s6-600-ohc-twin.jpg,motos/naked,Naked,Horex,S6,S6 (600 OHC twin),horex-s6-s6-600-ohc-twin,631,PLACEHOLDER
motos/naked/horex-s6-s6-600-ohv-single.jpg,motos/naked,Naked,Horex,S6,S6 (600 OHV single),horex-s6-s6-600-ohv-single,631,PLACEHOLDER
motos/naked/horex-s64-s64-600-ohv-4v.jpg,motos/naked,Naked,Horex,S64,S64 (600 OHV 4v),horex-s64-s64-600-ohv-4v,631,PLACEHOLDER
motos/naked/horex-s8-s8-800-ohc-twin.jpg,motos/naked,Naked,Horex,S8,S8 (800 OHC twin),horex-s8-s8-800-ohc-twin,631,PLACEHOLDER
motos/naked/horex-sb35-sb35-postguerra.jpg,motos/naked,Naked,Horex,SB35,SB35 (postguerra),horex-sb35-sb35-postguerra,631,PLACEHOLDER
motos/naked/horex-sb35-sb35-preguerra.jpg,motos/naked,Naked,Horex,SB35,SB35 (preguerra),horex-sb35-sb35-preguerra,631,PLACEHOLDER
motos/naked/horex-t5-t5-c1m-500-sv.jpg,motos/naked,Naked,Horex,T5,T5 / C1M (500 SV),horex-t5-t5-c1m-500-sv,631,PLACEHOLDER
motos/naked/horex-t55-t55-550-sv.jpg,motos/naked,Naked,Horex,T55,T55 (550 SV),horex-t55-t55-550-sv,631,PLACEHOLDER
motos/naked/horex-t6-t6-600-sv-serie-tardia.jpg,motos/naked,Naked,Horex,T6,"T6 (600 SV, serie tardia)",horex-t6-t6-600-sv-serie-tardia,631,PLACEHOLDER
motos/naked/horex-t6-t6-hm-600-sv.jpg,motos/naked,Naked,Horex,T6,T6 / HM (600 SV),horex-t6-t6-hm-600-sv,631,PLACEHOLDER
motos/naked/husqvarna-guldpilen-200-guldpilen-golden-arrow.jpg,motos/naked,Naked,Husqvarna,Guldpilen 200,Guldpilen (Golden Arrow),husqvarna-guldpilen-200-guldpilen-golden-arrow,631,PLACEHOLDER
motos/naked/husqvarna-silverpilen-175-silverpilen.jpg,motos/naked,Naked,Husqvarna,Silverpilen 175,Silverpilen,husqvarna-silverpilen-175-silverpilen,631,PLACEHOLDER
motos/naked/ifa-bk-350-bk-350.jpg,motos/naked,Naked,IFA,BK 350,BK 350,ifa-bk-350-bk-350,631,PLACEHOLDER
motos/naked/ifa-rt-125-rt-125-1.jpg,motos/naked,Naked,IFA,RT 125,RT 125/1,ifa-rt-125-rt-125-1,631,PLACEHOLDER
motos/naked/ifa-rt-125-rt-125-ifa-dkw.jpg,motos/naked,Naked,IFA,RT 125,RT 125 (IFA-DKW),ifa-rt-125-rt-125-ifa-dkw,631,PLACEHOLDER
motos/naked/indian-arrow-arrow.jpg,motos/naked,Naked,Indian,Arrow,Arrow,indian-arrow-arrow,631,PLACEHOLDER
motos/naked/indian-brave-brave.jpg,motos/naked,Naked,Indian,Brave,Brave,indian-brave-brave,631,PLACEHOLDER
motos/naked/indian-scout-vertical-249-scout.jpg,motos/naked,Naked,Indian,Scout (vertical),249 Scout,indian-scout-vertical-249-scout,631,PLACEHOLDER
motos/naked/indian-warrior-warrior-warrior-tt.jpg,motos/naked,Naked,Indian,Warrior,Warrior / Warrior TT,indian-warrior-warrior-warrior-tt,631,PLACEHOLDER
motos/naked/iso-iso-125-4t-iso-125-4-tempi-a4d-gt-sport-a4e.jpg,motos/naked,Naked,Iso,Iso 125 4T,Iso 125 4 tempi (A4D-GT / Sport A4E),iso-iso-125-4t-iso-125-4-tempi-a4d-gt-sport-a4e,631,PLACEHOLDER
motos/naked/iso-isomoto-isomoto-125-tipo-b-gt-tipo-c.jpg,motos/naked,Naked,Iso,Isomoto,Isomoto 125 (Tipo B-GT / Tipo C),iso-isomoto-isomoto-125-tipo-b-gt-tipo-c,631,PLACEHOLDER
motos/naked/jawa-100-robot-100-robot.jpg,motos/naked,Naked,Jawa,100 Robot,100 Robot,jawa-100-robot-100-robot,631,PLACEHOLDER
motos/naked/jawa-125-jawa-cz-125-355.jpg,motos/naked,Naked,Jawa,125,Jawa-CZ 125/355,jawa-125-jawa-cz-125-355,631,PLACEHOLDER
motos/naked/jawa-175-175-special.jpg,motos/naked,Naked,Jawa,175,175 Special,jawa-175-175-special,631,PLACEHOLDER
motos/naked/jawa-175-175-villiers.jpg,motos/naked,Naked,Jawa,175,175 Villiers,jawa-175-175-villiers,631,PLACEHOLDER
motos/naked/jawa-175-jawa-cz-175-356-mala-kyvacka.jpg,motos/naked,Naked,Jawa,175,Jawa-CZ 175/356 (mala kyvacka),jawa-175-jawa-cz-175-356-mala-kyvacka,631,PLACEHOLDER
motos/naked/jawa-250-250-duplex-blok.jpg,motos/naked,Naked,Jawa,250,250 Duplex-Blok,jawa-250-250-duplex-blok,631,PLACEHOLDER
motos/naked/jawa-250-250-special.jpg,motos/naked,Naked,Jawa,250,250 Special,jawa-250-250-special,631,PLACEHOLDER
motos/naked/jawa-250-bizon-250-623-bizon.jpg,motos/naked,Naked,Jawa,250 Bizon,250/623 Bizon,jawa-250-bizon-250-623-bizon,631,PLACEHOLDER
motos/naked/jawa-250-kyvacka-250-353.jpg,motos/naked,Naked,Jawa,250 Kyvacka,250/353,jawa-250-kyvacka-250-353,631,PLACEHOLDER
motos/naked/jawa-250-panelka-250-559.jpg,motos/naked,Naked,Jawa,250 Panelka,250/559,jawa-250-panelka-250-559,631,PLACEHOLDER
motos/naked/jawa-250-panelka-250-592.jpg,motos/naked,Naked,Jawa,250 Panelka,250/592,jawa-250-panelka-250-592,631,PLACEHOLDER
motos/naked/jawa-250-perak-250-perak-typ-11.jpg,motos/naked,Naked,Jawa,250 Perak,250 Perak (typ 11),jawa-250-perak-250-perak-typ-11,631,PLACEHOLDER
motos/naked/jawa-250-sport-250-590.jpg,motos/naked,Naked,Jawa,250 Sport,250/590,jawa-250-sport-250-590,631,PLACEHOLDER
motos/naked/jawa-250-ur-250-623-ur.jpg,motos/naked,Naked,Jawa,250 UR,250/623 UR,jawa-250-ur-250-623-ur,631,PLACEHOLDER
motos/naked/jawa-350-350-634.jpg,motos/naked,Naked,Jawa,350,350/634,jawa-350-350-634,631,PLACEHOLDER
motos/naked/jawa-350-350-638.jpg,motos/naked,Naked,Jawa,350,350/638,jawa-350-350-638,631,PLACEHOLDER
motos/naked/jawa-350-350-639.jpg,motos/naked,Naked,Jawa,350,350/639,jawa-350-350-639,631,PLACEHOLDER
motos/naked/jawa-350-bizon-350-633-bizon.jpg,motos/naked,Naked,Jawa,350 Bizon,350/633 Bizon,jawa-350-bizon-350-633-bizon,631,PLACEHOLDER
motos/naked/jawa-350-californian-350-362-californian.jpg,motos/naked,Naked,Jawa,350 Californian,350/362 Californian,jawa-350-californian-350-362-californian,631,PLACEHOLDER
motos/naked/jawa-350-kyvacka-350-354.jpg,motos/naked,Naked,Jawa,350 Kyvacka,350/354,jawa-350-kyvacka-350-354,631,PLACEHOLDER
motos/naked/jawa-350-ohv-350-ohv.jpg,motos/naked,Naked,Jawa,350 OHV,350 OHV,jawa-350-ohv-350-ohv,631,PLACEHOLDER
motos/naked/jawa-350-panelka-350-360.jpg,motos/naked,Naked,Jawa,350 Panelka,350/360,jawa-350-panelka-350-360,631,PLACEHOLDER
motos/naked/jawa-350-perak-350-perak-typ-12.jpg,motos/naked,Naked,Jawa,350 Perak,350 Perak (typ 12),jawa-350-perak-350-perak-typ-12,631,PLACEHOLDER
motos/naked/jawa-350-sport-350-361-sport.jpg,motos/naked,Naked,Jawa,350 Sport,350/361 Sport,jawa-350-sport-350-361-sport,631,PLACEHOLDER
motos/naked/jawa-350-sv-350-sv.jpg,motos/naked,Naked,Jawa,350 SV,350 SV,jawa-350-sv-350-sv,631,PLACEHOLDER
motos/naked/jawa-50-jawetta-50-551-jawetta.jpg,motos/naked,Naked,Jawa,50 Jawetta,50/551 Jawetta,jawa-50-jawetta-50-551-jawetta,631,PLACEHOLDER
motos/naked/jawa-50-mustang-50-23-mustang-jawa-223200-desde-1977.jpg,motos/naked,Naked,Jawa,50 Mustang,50/23 Mustang (JAWA 223.200 desde 1977),jawa-50-mustang-50-23-mustang-jawa-223200-desde-1977,631,PLACEHOLDER
motos/naked/jawa-50-mustang-50-23a-mustang.jpg,motos/naked,Naked,Jawa,50 Mustang,50/23A Mustang,jawa-50-mustang-50-23a-mustang,631,PLACEHOLDER
motos/naked/jawa-50-pionyr-50-05.jpg,motos/naked,Naked,Jawa,50 Pionyr,50/05,jawa-50-pionyr-50-05,631,PLACEHOLDER
motos/naked/jawa-50-pionyr-50-20-jawa-220100-desde-1977.jpg,motos/naked,Naked,Jawa,50 Pionyr,50/20 (JAWA 220.100 desde 1977),jawa-50-pionyr-50-20-jawa-220100-desde-1977,631,PLACEHOLDER
motos/naked/jawa-50-pionyr-50-550-parez.jpg,motos/naked,Naked,Jawa,50 Pionyr,50/550 (Parez),jawa-50-pionyr-50-550-parez,631,PLACEHOLDER
motos/naked/jawa-50-pionyr-50-555.jpg,motos/naked,Naked,Jawa,50 Pionyr,50/555,jawa-50-pionyr-50-555,631,PLACEHOLDER
motos/naked/jawa-50-sport-50-21-sport-jawa-221-desde-1977.jpg,motos/naked,Naked,Jawa,50 Sport,50/21 Sport (JAWA 221 desde 1977),jawa-50-sport-50-21-sport-jawa-221-desde-1977,631,PLACEHOLDER
motos/naked/jawa-500-ohc-500-ohc-typ-15.jpg,motos/naked,Naked,Jawa,500 OHC,500 OHC (typ 15),jawa-500-ohc-500-ohc-typ-15,631,PLACEHOLDER
motos/naked/jawa-500-ohv-500-ohv-rumpal.jpg,motos/naked,Naked,Jawa,500 OHV,500 OHV (Rumpal),jawa-500-ohv-500-ohv-rumpal,631,PLACEHOLDER
motos/naked/jawa-90-90-roadster-sk-90.jpg,motos/naked,Naked,Jawa,90,90 Roadster (SK-90),jawa-90-90-roadster-sk-90,631,PLACEHOLDER
motos/naked/jawa-babetta-babetta-typ-207-210.jpg,motos/naked,Naked,Jawa,Babetta,Babetta (typ 207/210),jawa-babetta-babetta-typ-207-210,631,PLACEHOLDER
motos/naked/kawasaki-gpz305-ex305.jpg,motos/naked,Naked,Kawasaki,GPZ305,EX305,kawasaki-gpz305-ex305,631,PLACEHOLDER
motos/naked/kawasaki-gt550-z550gt.jpg,motos/naked,Naked,Kawasaki,GT550,Z550GT,kawasaki-gt550-z550gt,631,PLACEHOLDER
motos/naked/kawasaki-gt750-z750gt.jpg,motos/naked,Naked,Kawasaki,GT750,Z750GT,kawasaki-gt750-z750gt,631,PLACEHOLDER
motos/naked/kawasaki-h1-mach-iii-h1-500-mach-iii.jpg,motos/naked,Naked,Kawasaki,H1 Mach III,H1 (500 Mach III),kawasaki-h1-mach-iii-h1-500-mach-iii,631,PLACEHOLDER
motos/naked/kawasaki-h2-mach-iv-h2-750-mach-iv.jpg,motos/naked,Naked,Kawasaki,H2 Mach IV,H2 (750 Mach IV),kawasaki-h2-mach-iv-h2-750-mach-iv,631,PLACEHOLDER
motos/naked/kawasaki-kh250-kh250.jpg,motos/naked,Naked,Kawasaki,KH250,KH250,kawasaki-kh250-kh250,631,PLACEHOLDER
motos/naked/kawasaki-kh400-kh400.jpg,motos/naked,Naked,Kawasaki,KH400,KH400,kawasaki-kh400-kh400,631,PLACEHOLDER
motos/naked/kawasaki-kh500-kh500.jpg,motos/naked,Naked,Kawasaki,KH500,KH500,kawasaki-kh500-kh500,631,PLACEHOLDER
motos/naked/kawasaki-s1-250-s1-mach-i.jpg,motos/naked,Naked,Kawasaki,S1 250,S1 (Mach I),kawasaki-s1-250-s1-mach-i,631,PLACEHOLDER
motos/naked/kawasaki-s2-350-s2-mach-ii.jpg,motos/naked,Naked,Kawasaki,S2 350,S2 (Mach II),kawasaki-s2-350-s2-mach-ii,631,PLACEHOLDER
motos/naked/kawasaki-s3-400-s3.jpg,motos/naked,Naked,Kawasaki,S3 400,S3,kawasaki-s3-400-s3,631,PLACEHOLDER
motos/naked/kawasaki-z1-z1-z1a-z1b-900.jpg,motos/naked,Naked,Kawasaki,Z1,Z1 / Z1A / Z1B (900),kawasaki-z1-z1-z1a-z1b-900,631,PLACEHOLDER
motos/naked/kawasaki-z1000-kz1000-air-cooled.jpg,motos/naked,Naked,Kawasaki,Z1000,KZ1000 (air-cooled),kawasaki-z1000-kz1000-air-cooled,631,PLACEHOLDER
motos/naked/kawasaki-z1300-kz1300-z1300.jpg,motos/naked,Naked,Kawasaki,Z1300,KZ1300 / Z1300,kawasaki-z1300-kz1300-z1300,631,PLACEHOLDER
motos/naked/kawasaki-z650-kz650.jpg,motos/naked,Naked,Kawasaki,Z650,KZ650,kawasaki-z650-kz650,631,PLACEHOLDER
motos/naked/kawasaki-z900-z900-kz900.jpg,motos/naked,Naked,Kawasaki,Z900,Z900 / KZ900,kawasaki-z900-z900-kz900,631,PLACEHOLDER
motos/naked/kawasaki-zephyr-1100-zr1100a.jpg,motos/naked,Naked,Kawasaki,Zephyr 1100,ZR1100A,kawasaki-zephyr-1100-zr1100a,631,PLACEHOLDER
motos/naked/kawasaki-zephyr-550-zr550b.jpg,motos/naked,Naked,Kawasaki,Zephyr 550,ZR550B,kawasaki-zephyr-550-zr550b,631,PLACEHOLDER
motos/naked/kawasaki-zephyr-750-zr750c.jpg,motos/naked,Naked,Kawasaki,Zephyr 750,ZR750C,kawasaki-zephyr-750-zr750c,631,PLACEHOLDER
motos/naked/kreidler-amazone-k-52-k-52-2-k-52-3.jpg,motos/naked,Naked,Kreidler,Amazone,K 52 / K 52/2 / K 52/3,kreidler-amazone-k-52-k-52-2-k-52-3,631,PLACEHOLDER
motos/naked/kreidler-florett-80-80-e-80-l.jpg,motos/naked,Naked,Kreidler,Florett 80,80 E / 80 L,kreidler-florett-80-80-e-80-l,631,PLACEHOLDER
motos/naked/kreidler-florett-80-lk-600.jpg,motos/naked,Naked,Kreidler,Florett 80,LK 600,kreidler-florett-80-lk-600,631,PLACEHOLDER
motos/naked/kreidler-florett-gt-tm.jpg,motos/naked,Naked,Kreidler,Florett,GT / TM,kreidler-florett-gt-tm,631,PLACEHOLDER
motos/naked/kreidler-florett-k-53-mofa-moped.jpg,motos/naked,Naked,Kreidler,Florett,K 53 (Mofa/Moped),kreidler-florett-k-53-mofa-moped,631,PLACEHOLDER
motos/naked/kreidler-florett-k-54-1-serie-eiertank.jpg,motos/naked,Naked,Kreidler,Florett,"K 54 (1ª serie, 'Eiertank')",kreidler-florett-k-54-1-serie-eiertank,631,PLACEHOLDER
motos/naked/kreidler-florett-k-54-mokick.jpg,motos/naked,Naked,Kreidler,Florett,K 54 Mokick,kreidler-florett-k-54-mokick,631,PLACEHOLDER
motos/naked/kreidler-florett-lf-lh.jpg,motos/naked,Naked,Kreidler,Florett,LF / LH,kreidler-florett-lf-lh,631,PLACEHOLDER
motos/naked/kreidler-florett-rm.jpg,motos/naked,Naked,Kreidler,Florett,RM,kreidler-florett-rm,631,PLACEHOLDER
motos/naked/kreidler-florett-rs-1-fase-motor-b-15-6.jpg,motos/naked,Naked,Kreidler,Florett,"RS (1ª fase, motor B 15/6)",kreidler-florett-rs-1-fase-motor-b-15-6,631,PLACEHOLDER
motos/naked/kreidler-florett-rs-2-fase-motor-b-15-7-b-15-20.jpg,motos/naked,Naked,Kreidler,Florett,"RS (2ª fase, motor B 15/7 - B 15/20)",kreidler-florett-rs-2-fase-motor-b-15-7-b-15-20,631,PLACEHOLDER
motos/naked/kreidler-florett-rs-3-fase-motor-b-15-40.jpg,motos/naked,Naked,Kreidler,Florett,"RS (3ª fase, motor B 15/40)",kreidler-florett-rs-3-fase-motor-b-15-40,631,PLACEHOLDER
motos/naked/kreidler-flory-mf-12-mf-13-mf-22-mf-23-mf-32.jpg,motos/naked,Naked,Kreidler,Flory,MF 12 / MF 13 / MF 22 / MF 23 / MF 32,kreidler-flory-mf-12-mf-13-mf-22-mf-23-mf-32,631,PLACEHOLDER
motos/naked/kreidler-flott-mf-24-mf-25.jpg,motos/naked,Naked,Kreidler,Flott,MF 24 / MF 25,kreidler-flott-mf-24-mf-25,631,PLACEHOLDER
motos/naked/kreidler-junior-j-50.jpg,motos/naked,Naked,Kreidler,Junior,J 50,kreidler-junior-j-50,631,PLACEHOLDER
motos/naked/kreidler-junior-j-51-j-51-1.jpg,motos/naked,Naked,Kreidler,Junior,J 51 / J 51/1,kreidler-junior-j-51-j-51-1,631,PLACEHOLDER
motos/naked/kreidler-k-50-k-50.jpg,motos/naked,Naked,Kreidler,K 50,K 50,kreidler-k-50-k-50,631,PLACEHOLDER
motos/naked/kreidler-k-51-k-51.jpg,motos/naked,Naked,Kreidler,K 51,K 51,kreidler-k-51-k-51,631,PLACEHOLDER
motos/naked/kreidler-mofa-mf-mf-1-mf-11.jpg,motos/naked,Naked,Kreidler,Mofa MF,MF 1 - MF 11,kreidler-mofa-mf-mf-1-mf-11,631,PLACEHOLDER
motos/naked/kreidler-moped-mp-mp-1-mp-9.jpg,motos/naked,Naked,Kreidler,Moped MP,MP 1 - MP 9,kreidler-moped-mp-mp-1-mp-9,631,PLACEHOLDER
motos/naked/kreidler-mustang-80-lk-800.jpg,motos/naked,Naked,Kreidler,Mustang 80,LK 800,kreidler-mustang-80-lk-800,631,PLACEHOLDER
motos/naked/kreidler-mustang-mustang-50-mustang-cross.jpg,motos/naked,Naked,Kreidler,Mustang,Mustang 50 / Mustang Cross,kreidler-mustang-mustang-50-mustang-cross,631,PLACEHOLDER
motos/naked/ktm-duke-duke-i-620-640.jpg,motos/naked,Naked,KTM,Duke,Duke I (620/640),ktm-duke-duke-i-620-640,631,PLACEHOLDER
motos/naked/laverda-100-tip-100.jpg,motos/naked,Naked,Laverda,100,Tip 100,laverda-100-tip-100,631,PLACEHOLDER
motos/naked/laverda-1000-1000.jpg,motos/naked,Naked,Laverda,1000,1000,laverda-1000-1000,631,PLACEHOLDER
motos/naked/laverda-1000-3c.jpg,motos/naked,Naked,Laverda,1000,3C,laverda-1000-3c,631,PLACEHOLDER
motos/naked/laverda-1000-3cl.jpg,motos/naked,Naked,Laverda,1000,3CL,laverda-1000-3cl,631,PLACEHOLDER
motos/naked/laverda-1200-1200t.jpg,motos/naked,Naked,Laverda,1200,1200T,laverda-1200-1200t,631,PLACEHOLDER
motos/naked/laverda-1200-1200ts.jpg,motos/naked,Naked,Laverda,1200,1200TS,laverda-1200-1200ts,631,PLACEHOLDER
motos/naked/laverda-1200-30th-anniversary-1200.jpg,motos/naked,Naked,Laverda,1200,30th Anniversary 1200,laverda-1200-30th-anniversary-1200,631,PLACEHOLDER
motos/naked/laverda-125-navarro-125-navarro.jpg,motos/naked,Naked,Laverda,125 Navarro,125 Navarro,laverda-125-navarro-125-navarro,631,PLACEHOLDER
motos/naked/laverda-125-toledo-125-toledo.jpg,motos/naked,Naked,Laverda,125 Toledo,125 Toledo,laverda-125-toledo-125-toledo,631,PLACEHOLDER
motos/naked/laverda-200-bicilindrico-200-bicilindrico-gemini.jpg,motos/naked,Naked,Laverda,200 Bicilindrico,200 Bicilindrico (Gemini),laverda-200-bicilindrico-200-bicilindrico-gemini,631,PLACEHOLDER
motos/naked/laverda-350-350.jpg,motos/naked,Naked,Laverda,350,350,laverda-350-350,631,PLACEHOLDER
motos/naked/laverda-500-500s-alpino-s.jpg,motos/naked,Naked,Laverda,500,500S (Alpino S),laverda-500-500s-alpino-s,631,PLACEHOLDER
motos/naked/laverda-500-500t-alpina-alpino-zeta.jpg,motos/naked,Naked,Laverda,500,500T (Alpina / Alpino / Zeta),laverda-500-500t-alpina-alpino-zeta,631,PLACEHOLDER
motos/naked/laverda-650-ghost-650-ghost-chasis-tubular.jpg,motos/naked,Naked,Laverda,650 Ghost,650 Ghost (chasis tubular),laverda-650-ghost-650-ghost-chasis-tubular,631,PLACEHOLDER
motos/naked/laverda-650-ghost-650-ghost-strike-chasis-bakker.jpg,motos/naked,Naked,Laverda,650 Ghost,650 Ghost Strike (chasis Bakker),laverda-650-ghost-650-ghost-strike-chasis-bakker,631,PLACEHOLDER
motos/naked/laverda-650-gt-650-gt.jpg,motos/naked,Naked,Laverda,650 GT,650 GT,laverda-650-gt-650-gt,631,PLACEHOLDER
motos/naked/laverda-668-black-strike-black-strike-668-cafe-racer.jpg,motos/naked,Naked,Laverda,668 Black Strike,Black Strike 668 Cafe Racer,laverda-668-black-strike-black-strike-668-cafe-racer,631,PLACEHOLDER
motos/naked/laverda-668-diamante-668-diamante.jpg,motos/naked,Naked,Laverda,668 Diamante,668 Diamante,laverda-668-diamante-668-diamante,631,PLACEHOLDER
motos/naked/laverda-668-ghost-668-ghost.jpg,motos/naked,Naked,Laverda,668 Ghost,668 Ghost,laverda-668-ghost-668-ghost,631,PLACEHOLDER
motos/naked/laverda-750-750-gt.jpg,motos/naked,Naked,Laverda,750,750 GT,laverda-750-750-gt,631,PLACEHOLDER
motos/naked/laverda-750-750-gtl.jpg,motos/naked,Naked,Laverda,750,750 GTL,laverda-750-750-gtl,631,PLACEHOLDER
motos/naked/laverda-750-750-s.jpg,motos/naked,Naked,Laverda,750,750 S,laverda-750-750-s,631,PLACEHOLDER
motos/naked/laverda-750-750-sf.jpg,motos/naked,Naked,Laverda,750,750 SF,laverda-750-750-sf,631,PLACEHOLDER
motos/naked/laverda-750-750-sf1.jpg,motos/naked,Naked,Laverda,750,750 SF1,laverda-750-750-sf1,631,PLACEHOLDER
motos/naked/laverda-750-750-sf2.jpg,motos/naked,Naked,Laverda,750,750 SF2,laverda-750-750-sf2,631,PLACEHOLDER
motos/naked/laverda-750-750-sf3.jpg,motos/naked,Naked,Laverda,750,750 SF3,laverda-750-750-sf3,631,PLACEHOLDER
motos/naked/laverda-750-sfc-750-sfc-super-freni-competizione.jpg,motos/naked,Naked,Laverda,750 SFC,750 SFC (Super Freni Competizione),laverda-750-sfc-750-sfc-super-freni-competizione,631,PLACEHOLDER
motos/naked/laverda-formula-500-formula-500.jpg,motos/naked,Naked,Laverda,Formula 500,Formula 500,laverda-formula-500-formula-500,631,PLACEHOLDER
motos/naked/laverda-jota-jota-1000-ciguenal-180.jpg,motos/naked,Naked,Laverda,Jota,Jota 1000 (ciguenal 180),laverda-jota-jota-1000-ciguenal-180,631,PLACEHOLDER
motos/naked/laverda-jota-jota-120-ciguenal-120.jpg,motos/naked,Naked,Laverda,Jota,Jota 120 (ciguenal 120),laverda-jota-jota-120-ciguenal-120,631,PLACEHOLDER
motos/naked/laverda-lb-125-lb-125-lesmo.jpg,motos/naked,Naked,Laverda,LB 125,LB 125 Lesmo,laverda-lb-125-lb-125-lesmo,631,PLACEHOLDER
motos/naked/laverda-lb-125-lb-125-sabbia.jpg,motos/naked,Naked,Laverda,LB 125,LB 125 Sabbia,laverda-lb-125-lb-125-sabbia,631,PLACEHOLDER
motos/naked/laverda-lb-125-lb-125-sport.jpg,motos/naked,Naked,Laverda,LB 125,LB 125 Sport,laverda-lb-125-lb-125-sport,631,PLACEHOLDER
motos/naked/laverda-lb-125-lb-125-uno.jpg,motos/naked,Naked,Laverda,LB 125,LB 125 Uno,laverda-lb-125-lb-125-uno,631,PLACEHOLDER
motos/naked/laverda-lz-125-lz-125.jpg,motos/naked,Naked,Laverda,LZ 125,LZ 125,laverda-lz-125-lz-125,631,PLACEHOLDER
motos/naked/laverda-lz-175-lz-175.jpg,motos/naked,Naked,Laverda,LZ 175,LZ 175,laverda-lz-175-lz-175,631,PLACEHOLDER
motos/naked/laverda-milano-taranto-75-milano-taranto-75.jpg,motos/naked,Naked,Laverda,Milano-Taranto 75,Milano-Taranto 75,laverda-milano-taranto-75-milano-taranto-75,631,PLACEHOLDER
motos/naked/laverda-mirage-1200-mirage.jpg,motos/naked,Naked,Laverda,Mirage,1200 Mirage,laverda-mirage-1200-mirage,631,PLACEHOLDER
motos/naked/laverda-mirage-1200ts-mirage.jpg,motos/naked,Naked,Laverda,Mirage,1200TS Mirage,laverda-mirage-1200ts-mirage,631,PLACEHOLDER
motos/naked/laverda-mirage-formula-mirage.jpg,motos/naked,Naked,Laverda,Mirage,Formula Mirage,laverda-mirage-formula-mirage,631,PLACEHOLDER
motos/naked/laverda-montjuic-montjuic-500.jpg,motos/naked,Naked,Laverda,Montjuic,Montjuic 500,laverda-montjuic-montjuic-500,631,PLACEHOLDER
motos/naked/laverda-motoleggera-75-motoleggera-75.jpg,motos/naked,Naked,Laverda,Motoleggera 75,Motoleggera 75,laverda-motoleggera-75-motoleggera-75,631,PLACEHOLDER
motos/naked/laverda-rga-1000-rga-jota-special.jpg,motos/naked,Naked,Laverda,RGA 1000,RGA Jota Special,laverda-rga-1000-rga-jota-special,631,PLACEHOLDER
motos/naked/laverda-rga-1000-rga.jpg,motos/naked,Naked,Laverda,RGA 1000,RGA,laverda-rga-1000-rga,631,PLACEHOLDER
motos/naked/lea-francis-v-twin-jap-3-hp-495-cc.jpg,motos/naked,Naked,Lea-Francis,V-twin JAP,3½ hp (495 cc),lea-francis-v-twin-jap-3-hp-495-cc,631,PLACEHOLDER
motos/naked/lea-francis-v-twin-mag-5-hp-592-cc.jpg,motos/naked,Naked,Lea-Francis,V-twin MAG,5 hp (592 cc),lea-francis-v-twin-mag-5-hp-592-cc,631,PLACEHOLDER
motos/naked/maico-blizzard-blizzard-m250.jpg,motos/naked,Naked,Maico,Blizzard,Blizzard M250,maico-blizzard-blizzard-m250,631,PLACEHOLDER
motos/naked/maico-f100-piccolo-f100-piccolo-derby.jpg,motos/naked,Naked,Maico,F100 Piccolo,F100 (Piccolo/Derby),maico-f100-piccolo-f100-piccolo-derby,631,PLACEHOLDER
motos/naked/maico-m-125-m-125.jpg,motos/naked,Naked,Maico,M 125,M 125,maico-m-125-m-125,631,PLACEHOLDER
motos/naked/maico-m-150-m-150.jpg,motos/naked,Naked,Maico,M 150,M 150,maico-m-150-m-150,631,PLACEHOLDER
motos/naked/maico-m-175-m-175.jpg,motos/naked,Naked,Maico,M 175,M 175,maico-m-175-m-175,631,PLACEHOLDER
motos/naked/maico-m-200-m-200.jpg,motos/naked,Naked,Maico,M 200,M 200,maico-m-200-m-200,631,PLACEHOLDER
motos/naked/maico-m-250-b-m-250-b.jpg,motos/naked,Naked,Maico,M 250 B,M 250 B,maico-m-250-b-m-250-b,631,PLACEHOLDER
motos/naked/maico-md-125-md-125.jpg,motos/naked,Naked,Maico,MD 125,MD 125,maico-md-125-md-125,631,PLACEHOLDER
motos/naked/maico-md-250-md-250.jpg,motos/naked,Naked,Maico,MD 250,MD 250,maico-md-250-md-250,631,PLACEHOLDER
motos/naked/maico-md-50-md-50.jpg,motos/naked,Naked,Maico,MD 50,MD 50,maico-md-50-md-50,631,PLACEHOLDER
motos/naked/maico-taifun-taifun-350.jpg,motos/naked,Naked,Maico,Taifun,Taifun 350,maico-taifun-taifun-350,631,PLACEHOLDER
motos/naked/maico-taifun-taifun-400.jpg,motos/naked,Naked,Maico,Taifun,Taifun 400,maico-taifun-taifun-400,631,PLACEHOLDER
motos/naked/matchless-g11-g11-twin-600.jpg,motos/naked,Naked,Matchless,G11,G11 (Twin 600),matchless-g11-g11-twin-600,631,PLACEHOLDER
motos/naked/matchless-g12-g12-twin-650.jpg,motos/naked,Naked,Matchless,G12,G12 (Twin 650),matchless-g12-g12-twin-650,631,PLACEHOLDER
motos/naked/matchless-g15-g15-h-brido-norton-atlas.jpg,motos/naked,Naked,Matchless,G15,G15 (híbrido Norton Atlas),matchless-g15-g15-h-brido-norton-atlas,631,PLACEHOLDER
motos/naked/matchless-g2-g2-lightweight-250.jpg,motos/naked,Naked,Matchless,G2,G2 (Lightweight 250),matchless-g2-g2-lightweight-250,631,PLACEHOLDER
motos/naked/matchless-g3-g3-l-militar-wwii.jpg,motos/naked,Naked,Matchless,G3,G3/L (militar WWII),matchless-g3-g3-l-militar-wwii,631,PLACEHOLDER
motos/naked/matchless-g3-g3l-g3ls-civil.jpg,motos/naked,Naked,Matchless,G3,G3L / G3LS (civil),matchless-g3-g3l-g3ls-civil,631,PLACEHOLDER
motos/naked/matchless-g5-g5-lightweight-350.jpg,motos/naked,Naked,Matchless,G5,G5 (Lightweight 350),matchless-g5-g5-lightweight-350,631,PLACEHOLDER
motos/naked/matchless-g80-g80-carrera-corta.jpg,motos/naked,Naked,Matchless,G80,G80 (carrera corta),matchless-g80-g80-carrera-corta,631,PLACEHOLDER
motos/naked/matchless-g80-g80-carrera-larga.jpg,motos/naked,Naked,Matchless,G80,G80 (carrera larga),matchless-g80-g80-carrera-larga,631,PLACEHOLDER
motos/naked/matchless-g80-g80-harris-renacimiento.jpg,motos/naked,Naked,Matchless,G80,G80 Harris (renacimiento),matchless-g80-g80-harris-renacimiento,631,PLACEHOLDER
motos/naked/matchless-g80-g80-typhoon.jpg,motos/naked,Naked,Matchless,G80,G80 Typhoon,matchless-g80-g80-typhoon,631,PLACEHOLDER
motos/naked/matchless-g9-g9-twin-500.jpg,motos/naked,Naked,Matchless,G9,G9 (Twin 500),matchless-g9-g9-twin-500,631,PLACEHOLDER
motos/naked/matchless-model-x-model-x-x-x2-x3-x4.jpg,motos/naked,Naked,Matchless,Model X,Model X (X/X2/X3/X4),matchless-model-x-model-x-x-x2-x3-x4,631,PLACEHOLDER
motos/naked/matchless-silver-arrow-silver-arrow.jpg,motos/naked,Naked,Matchless,Silver Arrow,Silver Arrow,matchless-silver-arrow-silver-arrow,631,PLACEHOLDER
motos/naked/matchless-silver-hawk-silver-hawk.jpg,motos/naked,Naked,Matchless,Silver Hawk,Silver Hawk,matchless-silver-hawk-silver-hawk,631,PLACEHOLDER
motos/naked/mondial-125-125-prima-serie.jpg,motos/naked,Naked,Mondial,125,125 Prima Serie,mondial-125-125-prima-serie,631,PLACEHOLDER
motos/naked/mondial-125-bialbero-125-bialbero-gran-premio.jpg,motos/naked,Naked,Mondial,125 Bialbero,125 Bialbero (Gran Premio),mondial-125-bialbero-125-bialbero-gran-premio,631,PLACEHOLDER
motos/naked/mondial-125-champion-125-champion.jpg,motos/naked,Naked,Mondial,125 Champion,125 Champion,mondial-125-champion-125-champion,631,PLACEHOLDER
motos/naked/mondial-125-monoalbero-125-monoalbero.jpg,motos/naked,Naked,Mondial,125 Monoalbero,125 Monoalbero,mondial-125-monoalbero-125-monoalbero,631,PLACEHOLDER
motos/naked/mondial-125-touring-125-touring-motore-minarelli.jpg,motos/naked,Naked,Mondial,125 Touring,125 Touring (motore Minarelli),mondial-125-touring-125-touring-motore-minarelli,631,PLACEHOLDER
motos/naked/mondial-160-160-prima-serie.jpg,motos/naked,Naked,Mondial,160,160 (prima serie),mondial-160-160-prima-serie,631,PLACEHOLDER
motos/naked/mondial-160-sprint-160-sprint.jpg,motos/naked,Naked,Mondial,160 Sprint,160 Sprint,mondial-160-sprint-160-sprint,631,PLACEHOLDER
motos/naked/mondial-175-gran-sport-175-gran-sport.jpg,motos/naked,Naked,Mondial,175 Gran Sport,175 Gran Sport,mondial-175-gran-sport-175-gran-sport,631,PLACEHOLDER
motos/naked/mondial-175-sprint-175-sprint.jpg,motos/naked,Naked,Mondial,175 Sprint,175 Sprint,mondial-175-sprint-175-sprint,631,PLACEHOLDER
motos/naked/mondial-175-super-sprint-175-super-sprint.jpg,motos/naked,Naked,Mondial,175 Super Sprint,175 Super Sprint,mondial-175-super-sprint-175-super-sprint,631,PLACEHOLDER
motos/naked/mondial-175-super-turismo-175-super-turismo.jpg,motos/naked,Naked,Mondial,175 Super Turismo,175 Super Turismo,mondial-175-super-turismo-175-super-turismo,631,PLACEHOLDER
motos/naked/mondial-175-tv-175-tv-tv-sport.jpg,motos/naked,Naked,Mondial,175 TV,175 TV / TV Sport,mondial-175-tv-175-tv-tv-sport,631,PLACEHOLDER
motos/naked/mondial-200-200-200-lusso.jpg,motos/naked,Naked,Mondial,200,200 / 200 Lusso,mondial-200-200-200-lusso,631,PLACEHOLDER
motos/naked/mondial-200-comfort-200-comfort.jpg,motos/naked,Naked,Mondial,200 Comfort,200 Comfort,mondial-200-comfort-200-comfort,631,PLACEHOLDER
motos/naked/mondial-200-extra-lusso-200-extra-lusso.jpg,motos/naked,Naked,Mondial,200 Extra Lusso,200 Extra Lusso,mondial-200-extra-lusso-200-extra-lusso,631,PLACEHOLDER
motos/naked/mondial-200-sport-200-sport.jpg,motos/naked,Naked,Mondial,200 Sport,200 Sport,mondial-200-sport-200-sport,631,PLACEHOLDER
motos/naked/mondial-250-sport-250-sport.jpg,motos/naked,Naked,Mondial,250 Sport,250 Sport,mondial-250-sport-250-sport,631,PLACEHOLDER
motos/naked/mondial-48-record-48-record-prima-serie.jpg,motos/naked,Naked,Mondial,48 Record,48 Record (prima serie),mondial-48-record-48-record-prima-serie,631,PLACEHOLDER
motos/naked/mondial-48-sport-v3-48-sport-v3.jpg,motos/naked,Naked,Mondial,48 Sport V3,48 Sport V3,mondial-48-sport-v3-48-sport-v3,631,PLACEHOLDER
motos/naked/mondial-48-sport-v4-48-sport-v4.jpg,motos/naked,Naked,Mondial,48 Sport V4,48 Sport V4,mondial-48-sport-v4-48-sport-v4,631,PLACEHOLDER
motos/naked/mondial-48-ss-3m-48-ss-3m.jpg,motos/naked,Naked,Mondial,48 SS 3M,48 SS 3M,mondial-48-ss-3m-48-ss-3m,631,PLACEHOLDER
motos/naked/mondial-48-ss-v4-special-48-ss-v4-special.jpg,motos/naked,Naked,Mondial,48 SS V4 Special,48 SS V4 Special,mondial-48-ss-v4-special-48-ss-v4-special,631,PLACEHOLDER
motos/naked/mondial-88-sport-88-sport.jpg,motos/naked,Naked,Mondial,88 Sport,88 Sport,mondial-88-sport-88-sport,631,PLACEHOLDER
motos/naked/mondial-98-extra-98-extra.jpg,motos/naked,Naked,Mondial,98 Extra,98 Extra,mondial-98-extra-98-extra,631,PLACEHOLDER
motos/naked/mondial-mondialino-49-mondialino-49.jpg,motos/naked,Naked,Mondial,Mondialino 49,Mondialino 49,mondial-mondialino-49-mondialino-49,631,PLACEHOLDER
motos/naked/mondial-sogno-160-sogno-160.jpg,motos/naked,Naked,Mondial,Sogno 160,Sogno 160,mondial-sogno-160-sogno-160,631,PLACEHOLDER
motos/naked/montesa-150-150-incl-b-y-ba.jpg,motos/naked,Naked,Montesa,150,150 (incl. B y BA),montesa-150-150-incl-b-y-ba,631,PLACEHOLDER
motos/naked/montesa-50-50-7m.jpg,motos/naked,Naked,Montesa,50,50 (7M),montesa-50-50-7m,631,PLACEHOLDER
motos/naked/montesa-a-45-a-45-98.jpg,motos/naked,Naked,Montesa,A-45,A-45 (98),montesa-a-45-a-45-98,631,PLACEHOLDER
motos/naked/montesa-b-46-49-b-46-49.jpg,motos/naked,Naked,Montesa,B-46/49,B-46/49,montesa-b-46-49-b-46-49,631,PLACEHOLDER
motos/naked/montesa-brio-brio-110.jpg,motos/naked,Naked,Montesa,Brio,Brio 110,montesa-brio-brio-110,631,PLACEHOLDER
motos/naked/montesa-brio-brio-50-37m.jpg,motos/naked,Naked,Montesa,Brio,Brio 50 (37M),montesa-brio-brio-50-37m,631,PLACEHOLDER
motos/naked/montesa-brio-brio-80.jpg,motos/naked,Naked,Montesa,Brio,Brio 80,montesa-brio-brio-80,631,PLACEHOLDER
motos/naked/montesa-brio-brio-81.jpg,motos/naked,Naked,Montesa,Brio,Brio 81,montesa-brio-brio-81,631,PLACEHOLDER
motos/naked/montesa-brio-brio-82.jpg,motos/naked,Naked,Montesa,Brio,Brio 82,montesa-brio-brio-82,631,PLACEHOLDER
motos/naked/montesa-brio-brio-90.jpg,motos/naked,Naked,Montesa,Brio,Brio 90,montesa-brio-brio-90,631,PLACEHOLDER
motos/naked/montesa-brio-brio-91.jpg,motos/naked,Naked,Montesa,Brio,Brio 91,montesa-brio-brio-91,631,PLACEHOLDER
motos/naked/montesa-ciclo-montesa-ciclo-17m.jpg,motos/naked,Naked,Montesa,Ciclo Montesa,Ciclo (17M),montesa-ciclo-montesa-ciclo-17m,631,PLACEHOLDER
motos/naked/montesa-comando-comando-125.jpg,motos/naked,Naked,Montesa,Comando,Comando 125,montesa-comando-comando-125,631,PLACEHOLDER
motos/naked/montesa-comando-comando-150.jpg,motos/naked,Naked,Montesa,Comando,Comando 150,montesa-comando-comando-150,631,PLACEHOLDER
motos/naked/montesa-crono-crono-125-52m.jpg,motos/naked,Naked,Montesa,Crono,Crono 125 (52M),montesa-crono-crono-125-52m,631,PLACEHOLDER
motos/naked/montesa-crono-crono-350-55m.jpg,motos/naked,Naked,Montesa,Crono,Crono 350 (55M),montesa-crono-crono-350-55m,631,PLACEHOLDER
motos/naked/montesa-crono-crono-75-42m.jpg,motos/naked,Naked,Montesa,Crono,Crono 75 (42M),montesa-crono-crono-75-42m,631,PLACEHOLDER
motos/naked/montesa-d-51-d-51.jpg,motos/naked,Naked,Montesa,D-51,D-51,montesa-d-51-d-51,631,PLACEHOLDER
motos/naked/montesa-fura-fura-ciclomotor-57m.jpg,motos/naked,Naked,Montesa,Fura,Fura ciclomotor (57M),montesa-fura-fura-ciclomotor-57m,631,PLACEHOLDER
motos/naked/montesa-impala-2-impala-2-4m2.jpg,motos/naked,Naked,Montesa,Impala 2,Impala 2 (4M2),montesa-impala-2-impala-2-4m2,631,PLACEHOLDER
motos/naked/montesa-impala-impala-comando-175-6m.jpg,motos/naked,Naked,Montesa,Impala,Impala Comando 175 (6M),montesa-impala-impala-comando-175-6m,631,PLACEHOLDER
motos/naked/montesa-impala-impala-comando-70-9m.jpg,motos/naked,Naked,Montesa,Impala,Impala Comando 70 (9M),montesa-impala-impala-comando-70-9m,631,PLACEHOLDER
motos/naked/montesa-impala-impala-sport-175-3m.jpg,motos/naked,Naked,Montesa,Impala,Impala Sport 175 (3M),montesa-impala-impala-sport-175-3m,631,PLACEHOLDER
motos/naked/montesa-impala-impala-sport-250-15m-25m.jpg,motos/naked,Naked,Montesa,Impala,Impala Sport 250 (15M/25M),montesa-impala-impala-sport-250-15m-25m,631,PLACEHOLDER
motos/naked/montesa-impala-impala-turismo-4m.jpg,motos/naked,Naked,Montesa,Impala,Impala Turismo (4M),montesa-impala-impala-turismo-4m,631,PLACEHOLDER
motos/naked/montesa-indiana-indiana.jpg,motos/naked,Naked,Montesa,Indiana,Indiana,montesa-indiana-indiana,631,PLACEHOLDER
motos/naked/montesa-mini-mini-mini-mini.jpg,motos/naked,Naked,Montesa,Mini-Mini,Mini-Mini,montesa-mini-mini-mini-mini,631,PLACEHOLDER
motos/naked/montesa-mini-montesa-mini-montesa.jpg,motos/naked,Naked,Montesa,Mini Montesa,Mini Montesa,montesa-mini-montesa-mini-montesa,631,PLACEHOLDER
motos/naked/montesa-rapita-rapita-250-45m.jpg,motos/naked,Naked,Montesa,Rapita,Rapita 250 (45M),montesa-rapita-rapita-250-45m,631,PLACEHOLDER
motos/naked/montesa-rapita-rapita-50.jpg,motos/naked,Naked,Montesa,Rapita,Rapita 50,montesa-rapita-rapita-50,631,PLACEHOLDER
motos/naked/moretti-motocicletta-125-125-bialbero.jpg,motos/naked,Naked,Moretti,Motocicletta 125,125 Bialbero,moretti-motocicletta-125-125-bialbero,631,PLACEHOLDER
motos/naked/moretti-motocicletta-250-250.jpg,motos/naked,Naked,Moretti,Motocicletta 250,250,moretti-motocicletta-250-250,631,PLACEHOLDER
motos/naked/moto-guzzi-1000-s-1000-s.jpg,motos/naked,Naked,Moto Guzzi,1000 S,1000 S,moto-guzzi-1000-s-1000-s,631,PLACEHOLDER
motos/naked/moto-guzzi-750-750-t-targa-sp.jpg,motos/naked,Naked,Moto Guzzi,750,750 T / Targa / SP,moto-guzzi-750-750-t-targa-sp,631,PLACEHOLDER
motos/naked/moto-guzzi-850-850-gt-eldorado-california.jpg,motos/naked,Naked,Moto Guzzi,850,850 GT / Eldorado / California,moto-guzzi-850-850-gt-eldorado-california,631,PLACEHOLDER
motos/naked/moto-guzzi-850-t-850-t-t3.jpg,motos/naked,Naked,Moto Guzzi,850 T,850 T / T3,moto-guzzi-850-t-850-t-t3,631,PLACEHOLDER
motos/naked/moto-guzzi-850-t5-850-t5.jpg,motos/naked,Naked,Moto Guzzi,850 T5,850 T5,moto-guzzi-850-t5-850-t5,631,PLACEHOLDER
motos/naked/moto-guzzi-airone-airone-250.jpg,motos/naked,Naked,Moto Guzzi,Airone,Airone 250,moto-guzzi-airone-airone-250,631,PLACEHOLDER
motos/naked/moto-guzzi-dingo-dingo-50.jpg,motos/naked,Naked,Moto Guzzi,Dingo,Dingo 50,moto-guzzi-dingo-dingo-50,631,PLACEHOLDER
motos/naked/moto-guzzi-falcone-falcone-500.jpg,motos/naked,Naked,Moto Guzzi,Falcone,Falcone 500,moto-guzzi-falcone-falcone-500,631,PLACEHOLDER
motos/naked/moto-guzzi-lodola-lodola-175-235.jpg,motos/naked,Naked,Moto Guzzi,Lodola,Lodola 175/235,moto-guzzi-lodola-lodola-175-235,631,PLACEHOLDER
motos/naked/moto-guzzi-mille-gt-mille-gt.jpg,motos/naked,Naked,Moto Guzzi,Mille GT,Mille GT,moto-guzzi-mille-gt-mille-gt,631,PLACEHOLDER
motos/naked/moto-guzzi-normale-normale-500.jpg,motos/naked,Naked,Moto Guzzi,Normale,Normale 500,moto-guzzi-normale-normale-500,631,PLACEHOLDER
motos/naked/moto-guzzi-nuovo-falcone-nuovo-falcone-500.jpg,motos/naked,Naked,Moto Guzzi,Nuovo Falcone,Nuovo Falcone 500,moto-guzzi-nuovo-falcone-nuovo-falcone-500,631,PLACEHOLDER
motos/naked/moto-guzzi-sport-sport-15.jpg,motos/naked,Naked,Moto Guzzi,Sport,Sport 15,moto-guzzi-sport-sport-15,631,PLACEHOLDER
motos/naked/moto-guzzi-stornello-stornello-125-160.jpg,motos/naked,Naked,Moto Guzzi,Stornello,Stornello 125/160,moto-guzzi-stornello-stornello-125-160,631,PLACEHOLDER
motos/naked/moto-guzzi-strada-strada-750-1000.jpg,motos/naked,Naked,Moto Guzzi,Strada,Strada 750 / 1000,moto-guzzi-strada-strada-750-1000,631,PLACEHOLDER
motos/naked/moto-guzzi-v1000-v1000-i-convert-g5.jpg,motos/naked,Naked,Moto Guzzi,V1000,V1000 I-Convert / G5,moto-guzzi-v1000-v1000-i-convert-g5,631,PLACEHOLDER
motos/naked/moto-guzzi-v35-v35-i-ii-iii-imola.jpg,motos/naked,Naked,Moto Guzzi,V35,V35 (I/II/III/Imola),moto-guzzi-v35-v35-i-ii-iii-imola,631,PLACEHOLDER
motos/naked/moto-guzzi-v50-v50-i-ii-iii-monza.jpg,motos/naked,Naked,Moto Guzzi,V50,V50 (I/II/III/Monza),moto-guzzi-v50-v50-i-ii-iii-monza,631,PLACEHOLDER
motos/naked/moto-guzzi-v65-lario-v65-lario.jpg,motos/naked,Naked,Moto Guzzi,V65 Lario,V65 Lario,moto-guzzi-v65-lario-v65-lario,631,PLACEHOLDER
motos/naked/moto-guzzi-v65-v65-sp.jpg,motos/naked,Naked,Moto Guzzi,V65,V65 / SP,moto-guzzi-v65-v65-sp,631,PLACEHOLDER
motos/naked/moto-guzzi-v7-sport-v7-sport-750.jpg,motos/naked,Naked,Moto Guzzi,V7 Sport,V7 Sport 750,moto-guzzi-v7-sport-v7-sport-750,631,PLACEHOLDER
motos/naked/moto-guzzi-v7-v7-700.jpg,motos/naked,Naked,Moto Guzzi,V7,V7 700,moto-guzzi-v7-v7-700,631,PLACEHOLDER
motos/naked/moto-guzzi-v7-v7-special-ambassador-750.jpg,motos/naked,Naked,Moto Guzzi,V7,V7 Special / Ambassador 750,moto-guzzi-v7-v7-special-ambassador-750,631,PLACEHOLDER
motos/naked/moto-guzzi-zigolo-zigolo-98-110.jpg,motos/naked,Naked,Moto Guzzi,Zigolo,Zigolo 98/110,moto-guzzi-zigolo-zigolo-98-110,631,PLACEHOLDER
motos/naked/moto-morini-125-h-125-h.jpg,motos/naked,Naked,Moto Morini,125 H,125 H,moto-morini-125-h-125-h,631,PLACEHOLDER
motos/naked/moto-morini-125-sport-125-sport.jpg,motos/naked,Naked,Moto Morini,125 Sport,125 Sport,moto-morini-125-sport-125-sport,631,PLACEHOLDER
motos/naked/moto-morini-125-turismo-t125-turismo.jpg,motos/naked,Naked,Moto Morini,125 Turismo,T125 Turismo,moto-morini-125-turismo-t125-turismo,631,PLACEHOLDER
motos/naked/moto-morini-175-briscola-175-briscola.jpg,motos/naked,Naked,Moto Morini,175 Briscola,175 Briscola,moto-morini-175-briscola-175-briscola,631,PLACEHOLDER
motos/naked/moto-morini-175-gt-175-gt.jpg,motos/naked,Naked,Moto Morini,175 GT,175 GT,moto-morini-175-gt-175-gt,631,PLACEHOLDER
motos/naked/moto-morini-175-settebello-175-settebello.jpg,motos/naked,Naked,Moto Morini,175 Settebello,175 Settebello,moto-morini-175-settebello-175-settebello,631,PLACEHOLDER
motos/naked/moto-morini-175-turismo-175-turismo.jpg,motos/naked,Naked,Moto Morini,175 Turismo,175 Turismo,moto-morini-175-turismo-175-turismo,631,PLACEHOLDER
motos/naked/moto-morini-250-2c-250-2c.jpg,motos/naked,Naked,Moto Morini,250 2C,250 2C,moto-morini-250-2c-250-2c,631,PLACEHOLDER
motos/naked/moto-morini-250-t-250-t-monocilindrica.jpg,motos/naked,Naked,Moto Morini,250 T,250 T (monocilindrica),moto-morini-250-t-250-t-monocilindrica,631,PLACEHOLDER
motos/naked/moto-morini-3-1-2-3-1-2-sport.jpg,motos/naked,Naked,Moto Morini,3 1/2,3 1/2 Sport,moto-morini-3-1-2-3-1-2-sport,631,PLACEHOLDER
motos/naked/moto-morini-3-1-2-3-1-2-strada-turismo.jpg,motos/naked,Naked,Moto Morini,3 1/2,3 1/2 Strada / Turismo,moto-morini-3-1-2-3-1-2-strada-turismo,631,PLACEHOLDER
motos/naked/moto-morini-350-k2-350-k2.jpg,motos/naked,Naked,Moto Morini,350 K2,350 K2,moto-morini-350-k2-350-k2,631,PLACEHOLDER
motos/naked/moto-morini-500-500-maestro.jpg,motos/naked,Naked,Moto Morini,500,500 Maestro,moto-morini-500-500-maestro,631,PLACEHOLDER
motos/naked/moto-morini-500-500-sei-v-sei-v-sport-6-vel.jpg,motos/naked,Naked,Moto Morini,500,500 Sei-V / Sei-V Sport (6 vel.),moto-morini-500-500-sei-v-sei-v-sport-6-vel,631,PLACEHOLDER
motos/naked/moto-morini-500-500-sport.jpg,motos/naked,Naked,Moto Morini,500,500 Sport,moto-morini-500-500-sport,631,PLACEHOLDER
motos/naked/moto-morini-500-500-strada.jpg,motos/naked,Naked,Moto Morini,500,500 Strada,moto-morini-500-500-strada,631,PLACEHOLDER
motos/naked/moto-morini-corsarino-corsarino-z-zt.jpg,motos/naked,Naked,Moto Morini,Corsarino,Corsarino Z / ZT,moto-morini-corsarino-corsarino-z-zt,631,PLACEHOLDER
motos/naked/moto-morini-corsarino-corsarino-zz.jpg,motos/naked,Naked,Moto Morini,Corsarino,Corsarino ZZ,moto-morini-corsarino-corsarino-zz,631,PLACEHOLDER
motos/naked/moto-morini-corsaro-125-corsaro-125-1a-serie.jpg,motos/naked,Naked,Moto Morini,Corsaro 125,Corsaro 125 (1a serie),moto-morini-corsaro-125-corsaro-125-1a-serie,631,PLACEHOLDER
motos/naked/moto-morini-corsaro-125-corsaro-125-veloce-sport-lusso-super-sport.jpg,motos/naked,Naked,Moto Morini,Corsaro 125,Corsaro 125 Veloce / Sport Lusso / Super Sport,moto-morini-corsaro-125-corsaro-125-veloce-sport-lusso-super-sport,631,PLACEHOLDER
motos/naked/moto-morini-corsaro-150-corsaro-150.jpg,motos/naked,Naked,Moto Morini,Corsaro 150,Corsaro 150,moto-morini-corsaro-150-corsaro-150,631,PLACEHOLDER
motos/naked/mv-agusta-125-125-tel-turismo.jpg,motos/naked,Naked,MV Agusta,125,125 TEL/Turismo,mv-agusta-125-125-tel-turismo,631,PLACEHOLDER
motos/naked/mv-agusta-125-sport-125-sport.jpg,motos/naked,Naked,MV Agusta,125 Sport,125 Sport,mv-agusta-125-sport-125-sport,631,PLACEHOLDER
motos/naked/mv-agusta-150-150-rs-sport.jpg,motos/naked,Naked,MV Agusta,150,150 RS/Sport,mv-agusta-150-150-rs-sport,631,PLACEHOLDER
motos/naked/mv-agusta-175-175-css-squalo.jpg,motos/naked,Naked,MV Agusta,175,175 CSS Squalo,mv-agusta-175-175-css-squalo,631,PLACEHOLDER
motos/naked/mv-agusta-175-175-cst-cstl-turismo.jpg,motos/naked,Naked,MV Agusta,175,175 CST/CSTL Turismo,mv-agusta-175-175-cst-cstl-turismo,631,PLACEHOLDER
motos/naked/mv-agusta-250-250-b-bicilindrica.jpg,motos/naked,Naked,MV Agusta,250,250 B (Bicilindrica),mv-agusta-250-250-b-bicilindrica,631,PLACEHOLDER
motos/naked/mv-agusta-250-250-raid.jpg,motos/naked,Naked,MV Agusta,250,250 Raid,mv-agusta-250-250-raid,631,PLACEHOLDER
motos/naked/mv-agusta-350-350-b-gt-sport.jpg,motos/naked,Naked,MV Agusta,350,350 B/GT/Sport,mv-agusta-350-350-b-gt-sport,631,PLACEHOLDER
motos/naked/mv-agusta-350-ipotesi-350-s-ipotesi.jpg,motos/naked,Naked,MV Agusta,350 Ipotesi,350 S Ipotesi,mv-agusta-350-ipotesi-350-s-ipotesi,631,PLACEHOLDER
motos/naked/mv-agusta-600-600-4c.jpg,motos/naked,Naked,MV Agusta,600,600 4C,mv-agusta-600-600-4c,631,PLACEHOLDER
motos/naked/mv-agusta-750-s-750-gt-sport.jpg,motos/naked,Naked,MV Agusta,750 S,750 GT/Sport,mv-agusta-750-s-750-gt-sport,631,PLACEHOLDER
motos/naked/mv-agusta-750-s-america-750-s-america.jpg,motos/naked,Naked,MV Agusta,750 S America,750 S America,mv-agusta-750-s-america-750-s-america,631,PLACEHOLDER
motos/naked/mv-agusta-98-mv-98.jpg,motos/naked,Naked,MV Agusta,98,MV 98,mv-agusta-98-mv-98,631,PLACEHOLDER
motos/naked/mv-agusta-pullman-pullman-125.jpg,motos/naked,Naked,MV Agusta,Pullman,Pullman 125,mv-agusta-pullman-pullman-125,631,PLACEHOLDER
motos/naked/mz-125-mz-125-2-rt-125-2.jpg,motos/naked,Naked,MZ,125,MZ 125/2 (RT 125/2),mz-125-mz-125-2-rt-125-2,631,PLACEHOLDER
motos/naked/mz-125-mz-125-3-rt-125-3.jpg,motos/naked,Naked,MZ,125,MZ 125/3 (RT 125/3),mz-125-mz-125-3-rt-125-3,631,PLACEHOLDER
motos/naked/mz-125-mz-125-4-rt-125-4.jpg,motos/naked,Naked,MZ,125,MZ 125/4 (RT 125/4),mz-125-mz-125-4-rt-125-4,631,PLACEHOLDER
motos/naked/mz-500-r-saxon-500-r.jpg,motos/naked,Naked,MZ,500 R,Saxon 500 R,mz-500-r-saxon-500-r,631,PLACEHOLDER
motos/naked/mz-bk-350-bk-350-boxer-kardan.jpg,motos/naked,Naked,MZ,BK 350,BK 350 (Boxer-Kardan),mz-bk-350-bk-350-boxer-kardan,631,PLACEHOLDER
motos/naked/mz-es-125-es-125-1.jpg,motos/naked,Naked,MZ,ES 125,ES 125/1,mz-es-125-es-125-1,631,PLACEHOLDER
motos/naked/mz-es-125-es-125.jpg,motos/naked,Naked,MZ,ES 125,ES 125,mz-es-125-es-125,631,PLACEHOLDER
motos/naked/mz-es-150-es-150-1.jpg,motos/naked,Naked,MZ,ES 150,ES 150/1,mz-es-150-es-150-1,631,PLACEHOLDER
motos/naked/mz-es-150-es-150.jpg,motos/naked,Naked,MZ,ES 150,ES 150,mz-es-150-es-150,631,PLACEHOLDER
motos/naked/mz-es-175-es-175-1.jpg,motos/naked,Naked,MZ,ES 175,ES 175/1,mz-es-175-es-175-1,631,PLACEHOLDER
motos/naked/mz-es-175-es-175-2.jpg,motos/naked,Naked,MZ,ES 175,ES 175/2,mz-es-175-es-175-2,631,PLACEHOLDER
motos/naked/mz-es-175-es-175.jpg,motos/naked,Naked,MZ,ES 175,ES 175,mz-es-175-es-175,631,PLACEHOLDER
motos/naked/mz-es-250-es-250-1.jpg,motos/naked,Naked,MZ,ES 250,ES 250/1,mz-es-250-es-250-1,631,PLACEHOLDER
motos/naked/mz-es-250-es-250-2.jpg,motos/naked,Naked,MZ,ES 250,ES 250/2,mz-es-250-es-250-2,631,PLACEHOLDER
motos/naked/mz-es-250-es-250.jpg,motos/naked,Naked,MZ,ES 250,ES 250,mz-es-250-es-250,631,PLACEHOLDER
motos/naked/mz-es-300-es-300.jpg,motos/naked,Naked,MZ,ES 300,ES 300,mz-es-300-es-300,631,PLACEHOLDER
motos/naked/mz-ets-125-ets-125.jpg,motos/naked,Naked,MZ,ETS 125,ETS 125,mz-ets-125-ets-125,631,PLACEHOLDER
motos/naked/mz-ets-150-ets-150.jpg,motos/naked,Naked,MZ,ETS 150,ETS 150,mz-ets-150-ets-150,631,PLACEHOLDER
motos/naked/mz-ets-250-ets-250.jpg,motos/naked,Naked,MZ,ETS 250,ETS 250,mz-ets-250-ets-250,631,PLACEHOLDER
motos/naked/mz-etz-125-etz-125.jpg,motos/naked,Naked,MZ,ETZ 125,ETZ 125,mz-etz-125-etz-125,631,PLACEHOLDER
motos/naked/mz-etz-150-etz-150.jpg,motos/naked,Naked,MZ,ETZ 150,ETZ 150,mz-etz-150-etz-150,631,PLACEHOLDER
motos/naked/mz-etz-250-etz-250.jpg,motos/naked,Naked,MZ,ETZ 250,ETZ 250,mz-etz-250-etz-250,631,PLACEHOLDER
motos/naked/mz-etz-251-etz-251.jpg,motos/naked,Naked,MZ,ETZ 251,ETZ 251,mz-etz-251-etz-251,631,PLACEHOLDER
motos/naked/mz-etz-301-etz-301.jpg,motos/naked,Naked,MZ,ETZ 301,ETZ 301,mz-etz-301-etz-301,631,PLACEHOLDER
motos/naked/mz-saxon-500-fun-saxon-500-r.jpg,motos/naked,Naked,MZ,Saxon 500 Fun,Saxon 500 R,mz-saxon-500-fun-saxon-500-r,631,PLACEHOLDER
motos/naked/mz-saxon-500-tour-saxon-500-r.jpg,motos/naked,Naked,MZ,Saxon 500 Tour,Saxon 500 R,mz-saxon-500-tour-saxon-500-r,631,PLACEHOLDER
motos/naked/mz-saxon-fun-251-saxon-251.jpg,motos/naked,Naked,MZ,Saxon Fun 251,Saxon 251,mz-saxon-fun-251-saxon-251,631,PLACEHOLDER
motos/naked/mz-saxon-fun-301-saxon-301.jpg,motos/naked,Naked,MZ,Saxon Fun 301,Saxon 301,mz-saxon-fun-301-saxon-301,631,PLACEHOLDER
motos/naked/mz-saxon-roadstar-125-saxon-125.jpg,motos/naked,Naked,MZ,Saxon Roadstar 125,Saxon 125,mz-saxon-roadstar-125-saxon-125,631,PLACEHOLDER
motos/naked/mz-saxon-sportstar-125-saxon-125.jpg,motos/naked,Naked,MZ,Saxon Sportstar 125,Saxon 125,mz-saxon-sportstar-125-saxon-125,631,PLACEHOLDER
motos/naked/mz-saxon-tour-251-saxon-251.jpg,motos/naked,Naked,MZ,Saxon Tour 251,Saxon 251,mz-saxon-tour-251-saxon-251,631,PLACEHOLDER
motos/naked/mz-saxon-tour-301-saxon-301.jpg,motos/naked,Naked,MZ,Saxon Tour 301,Saxon 301,mz-saxon-tour-301-saxon-301,631,PLACEHOLDER
motos/naked/mz-silver-star-saxon-500-r.jpg,motos/naked,Naked,MZ,Silver Star,Saxon 500 R,mz-silver-star-saxon-500-r,631,PLACEHOLDER
motos/naked/mz-skorpion-skorpion.jpg,motos/naked,Naked,MZ,Skorpion,Skorpion,mz-skorpion-skorpion,631,PLACEHOLDER
motos/naked/mz-ts-125-ts-125.jpg,motos/naked,Naked,MZ,TS 125,TS 125,mz-ts-125-ts-125,631,PLACEHOLDER
motos/naked/mz-ts-150-ts-150.jpg,motos/naked,Naked,MZ,TS 150,TS 150,mz-ts-150-ts-150,631,PLACEHOLDER
motos/naked/mz-ts-250-ts-250-1.jpg,motos/naked,Naked,MZ,TS 250,TS 250/1,mz-ts-250-ts-250-1,631,PLACEHOLDER
motos/naked/mz-ts-250-ts-250.jpg,motos/naked,Naked,MZ,TS 250,TS 250,mz-ts-250-ts-250,631,PLACEHOLDER
motos/naked/norton-atlas-atlas-750.jpg,motos/naked,Naked,Norton,Atlas,Atlas 750,norton-atlas-atlas-750,631,PLACEHOLDER
motos/naked/norton-big-four-big-four.jpg,motos/naked,Naked,Norton,Big Four,Big Four,norton-big-four-big-four,631,PLACEHOLDER
motos/naked/norton-classic-classic-rotativo.jpg,motos/naked,Naked,Norton,Classic,Classic rotativo,norton-classic-classic-rotativo,631,PLACEHOLDER
motos/naked/norton-commando-commando-750-mk1-mk3.jpg,motos/naked,Naked,Norton,Commando,Commando 750 (Mk1-Mk3),norton-commando-commando-750-mk1-mk3,631,PLACEHOLDER
motos/naked/norton-commando-commando-750-production-racer.jpg,motos/naked,Naked,Norton,Commando,Commando 750 Production Racer,norton-commando-commando-750-production-racer,631,PLACEHOLDER
motos/naked/norton-commando-commando-850-john-player-special.jpg,motos/naked,Naked,Norton,Commando,Commando 850 John Player Special,norton-commando-commando-850-john-player-special,631,PLACEHOLDER
motos/naked/norton-commando-commando-850-mk1.jpg,motos/naked,Naked,Norton,Commando,Commando 850 Mk1,norton-commando-commando-850-mk1,631,PLACEHOLDER
motos/naked/norton-commando-commando-850-mk2.jpg,motos/naked,Naked,Norton,Commando,Commando 850 Mk2,norton-commando-commando-850-mk2,631,PLACEHOLDER
motos/naked/norton-commando-commando-850-mk3.jpg,motos/naked,Naked,Norton,Commando,Commando 850 Mk3,norton-commando-commando-850-mk3,631,PLACEHOLDER
motos/naked/norton-dominator-650-650ss.jpg,motos/naked,Naked,Norton,Dominator 650,650SS,norton-dominator-650-650ss,631,PLACEHOLDER
motos/naked/norton-dominator-model-7-dominator.jpg,motos/naked,Naked,Norton,Dominator,Model 7 Dominator,norton-dominator-model-7-dominator,631,PLACEHOLDER
motos/naked/norton-dominator-model-77.jpg,motos/naked,Naked,Norton,Dominator,Model 77,norton-dominator-model-77,631,PLACEHOLDER
motos/naked/norton-dominator-model-88.jpg,motos/naked,Naked,Norton,Dominator,Model 88,norton-dominator-model-88,631,PLACEHOLDER
motos/naked/norton-dominator-model-99.jpg,motos/naked,Naked,Norton,Dominator,Model 99,norton-dominator-model-99,631,PLACEHOLDER
motos/naked/norton-electra-electra-es400.jpg,motos/naked,Naked,Norton,Electra,Electra ES400,norton-electra-electra-es400,631,PLACEHOLDER
motos/naked/norton-es2-es2-mk2.jpg,motos/naked,Naked,Norton,ES2,ES2 Mk2,norton-es2-es2-mk2,631,PLACEHOLDER
motos/naked/norton-es2-es2.jpg,motos/naked,Naked,Norton,ES2,ES2,norton-es2-es2,631,PLACEHOLDER
motos/naked/norton-international-model-30-international.jpg,motos/naked,Naked,Norton,International,Model 30 International,norton-international-model-30-international,631,PLACEHOLDER
motos/naked/norton-international-model-40-international.jpg,motos/naked,Naked,Norton,International,Model 40 International,norton-international-model-40-international,631,PLACEHOLDER
motos/naked/norton-interpol-interpol.jpg,motos/naked,Naked,Norton,Interpol,Interpol,norton-interpol-interpol,631,PLACEHOLDER
motos/naked/norton-jubilee-jubilee-250.jpg,motos/naked,Naked,Norton,Jubilee,Jubilee 250,norton-jubilee-jubilee-250,631,PLACEHOLDER
motos/naked/norton-manx-manx-30m.jpg,motos/naked,Naked,Norton,Manx,Manx 30M,norton-manx-manx-30m,631,PLACEHOLDER
motos/naked/norton-manx-manx-40m.jpg,motos/naked,Naked,Norton,Manx,Manx 40M,norton-manx-manx-40m,631,PLACEHOLDER
motos/naked/norton-manxman-650-manxman-650.jpg,motos/naked,Naked,Norton,Manxman 650,Manxman 650,norton-manxman-650-manxman-650,631,PLACEHOLDER
motos/naked/norton-mercury-mercury-650.jpg,motos/naked,Naked,Norton,Mercury,Mercury 650,norton-mercury-mercury-650,631,PLACEHOLDER
motos/naked/norton-model-16h-model-16h.jpg,motos/naked,Naked,Norton,Model 16H,Model 16H,norton-model-16h-model-16h,631,PLACEHOLDER
motos/naked/norton-model-18-model-18.jpg,motos/naked,Naked,Norton,Model 18,Model 18,norton-model-18-model-18,631,PLACEHOLDER
motos/naked/norton-model-19-model-19s.jpg,motos/naked,Naked,Norton,Model 19,Model 19S,norton-model-19-model-19s,631,PLACEHOLDER
motos/naked/norton-model-50-model-50-mk2.jpg,motos/naked,Naked,Norton,Model 50,Model 50 Mk2,norton-model-50-model-50-mk2,631,PLACEHOLDER
motos/naked/norton-model-50-model-50.jpg,motos/naked,Naked,Norton,Model 50,Model 50,norton-model-50-model-50,631,PLACEHOLDER
motos/naked/norton-navigator-navigator-350.jpg,motos/naked,Naked,Norton,Navigator,Navigator 350,norton-navigator-navigator-350,631,PLACEHOLDER
motos/naked/nsu-fox-fox-125-zdb.jpg,motos/naked,Naked,NSU,Fox,Fox 125 ZDB,nsu-fox-fox-125-zdb,631,PLACEHOLDER
motos/naked/nsu-fox-fox-98-osb.jpg,motos/naked,Naked,NSU,Fox,Fox 98 OSB,nsu-fox-fox-98-osb,631,PLACEHOLDER
motos/naked/nsu-konsul-konsul-i.jpg,motos/naked,Naked,NSU,Konsul,Konsul I,nsu-konsul-konsul-i,631,PLACEHOLDER
motos/naked/nsu-konsul-konsul-ii.jpg,motos/naked,Naked,NSU,Konsul,Konsul II,nsu-konsul-konsul-ii,631,PLACEHOLDER
motos/naked/nsu-lux-nsu-lux-201-zb.jpg,motos/naked,Naked,NSU,Lux,NSU Lux 201 ZB,nsu-lux-nsu-lux-201-zb,631,PLACEHOLDER
motos/naked/nsu-max-max-251-osb-standard.jpg,motos/naked,Naked,NSU,Max,Max 251 OSB (Standard),nsu-max-max-251-osb-standard,631,PLACEHOLDER
motos/naked/nsu-max-spezialmax-251-osb.jpg,motos/naked,Naked,NSU,Max,Spezialmax 251 OSB,nsu-max-spezialmax-251-osb,631,PLACEHOLDER
motos/naked/nsu-maxi-nsu-maxi.jpg,motos/naked,Naked,NSU,Maxi,NSU Maxi,nsu-maxi-nsu-maxi,631,PLACEHOLDER
motos/naked/nsu-quick-50-nsu-quick-50.jpg,motos/naked,Naked,NSU,Quick 50,NSU Quick 50,nsu-quick-50-nsu-quick-50,631,PLACEHOLDER
motos/naked/nsu-quickly-quickly-cavallino.jpg,motos/naked,Naked,NSU,Quickly,Quickly Cavallino,nsu-quickly-quickly-cavallino,631,PLACEHOLDER
motos/naked/nsu-quickly-quickly-l.jpg,motos/naked,Naked,NSU,Quickly,Quickly L,nsu-quickly-quickly-l,631,PLACEHOLDER
motos/naked/nsu-quickly-quickly-n.jpg,motos/naked,Naked,NSU,Quickly,Quickly N,nsu-quickly-quickly-n,631,PLACEHOLDER
motos/naked/nsu-quickly-quickly-s.jpg,motos/naked,Naked,NSU,Quickly,Quickly S,nsu-quickly-quickly-s,631,PLACEHOLDER
motos/naked/nsu-quickly-quickly-t-tt.jpg,motos/naked,Naked,NSU,Quickly,Quickly T / TT,nsu-quickly-quickly-t-tt,631,PLACEHOLDER
motos/naked/nsu-superfox-superfox-125-osb.jpg,motos/naked,Naked,NSU,Superfox,Superfox 125 OSB,nsu-superfox-superfox-125-osb,631,PLACEHOLDER
motos/naked/nsu-superlux-nsu-superlux-201-zb.jpg,motos/naked,Naked,NSU,Superlux,NSU Superlux 201 ZB,nsu-superlux-nsu-superlux-201-zb,631,PLACEHOLDER
motos/naked/nsu-supermax-supermax-251-osb.jpg,motos/naked,Naked,NSU,Supermax,Supermax 251 OSB,nsu-supermax-supermax-251-osb,631,PLACEHOLDER
motos/naked/ossa-125-125-fuelles.jpg,motos/naked,Naked,Ossa,125,"125 ""Fuelles""",ossa-125-125-fuelles,631,PLACEHOLDER
motos/naked/ossa-125-a-125-a-patillos.jpg,motos/naked,Naked,Ossa,125 A,"125 A ""Patillos""",ossa-125-a-125-a-patillos,631,PLACEHOLDER
motos/naked/ossa-125-b-125-b.jpg,motos/naked,Naked,Ossa,125 B,125 B,ossa-125-b-125-b,631,PLACEHOLDER
motos/naked/ossa-125-c-125-c-c2.jpg,motos/naked,Naked,Ossa,125 C,125 C / C2,ossa-125-c-125-c-c2,631,PLACEHOLDER
motos/naked/ossa-150-b5-b6-b7.jpg,motos/naked,Naked,Ossa,150,B5 / B6 / B7,ossa-150-b5-b6-b7,631,PLACEHOLDER
motos/naked/ossa-160-b10.jpg,motos/naked,Naked,Ossa,160,B10,ossa-160-b10,631,PLACEHOLDER
motos/naked/ossa-160-gt-b10.jpg,motos/naked,Naked,Ossa,160 GT,B10,ossa-160-gt-b10,631,PLACEHOLDER
motos/naked/ossa-160-t-b20.jpg,motos/naked,Naked,Ossa,160 T,B20,ossa-160-t-b20,631,PLACEHOLDER
motos/naked/ossa-160-t2-72-b21-2a-serie.jpg,motos/naked,Naked,Ossa,160 T2/72,B21 (2a serie),ossa-160-t2-72-b21-2a-serie,631,PLACEHOLDER
motos/naked/ossa-160-t2-b21-1a-serie.jpg,motos/naked,Naked,Ossa,160 T2,B21 (1a serie),ossa-160-t2-b21-1a-serie,631,PLACEHOLDER
motos/naked/ossa-175-gt-b8.jpg,motos/naked,Naked,Ossa,175 GT,B8,ossa-175-gt-b8,631,PLACEHOLDER
motos/naked/ossa-175-se-b15.jpg,motos/naked,Naked,Ossa,175 SE,B15,ossa-175-se-b15,631,PLACEHOLDER
motos/naked/ossa-175-sport-b15-1a-serie.jpg,motos/naked,Naked,Ossa,175 Sport,B15 (1a serie),ossa-175-sport-b15-1a-serie,631,PLACEHOLDER
motos/naked/ossa-230-sport-b28-1a-serie.jpg,motos/naked,Naked,Ossa,230 Sport,B28 (1a serie),ossa-230-sport-b28-1a-serie,631,PLACEHOLDER
motos/naked/ossa-250-copa-79-b69.jpg,motos/naked,Naked,Ossa,250 Copa/79,B69,ossa-250-copa-79-b69,631,PLACEHOLDER
motos/naked/ossa-250-sport-72-b28-3a-serie.jpg,motos/naked,Naked,Ossa,250 Sport/72,B28 (3a serie),ossa-250-sport-72-b28-3a-serie,631,PLACEHOLDER
motos/naked/ossa-250-sport-b28-2a-serie.jpg,motos/naked,Naked,Ossa,250 Sport,B28 (2a serie),ossa-250-sport-b28-2a-serie,631,PLACEHOLDER
motos/naked/ossa-250-t-77-b66.jpg,motos/naked,Naked,Ossa,250 T/77,B66,ossa-250-t-77-b66,631,PLACEHOLDER
motos/naked/ossa-250-t-b14.jpg,motos/naked,Naked,Ossa,250 T,B14,ossa-250-t-b14,631,PLACEHOLDER
motos/naked/ossa-motopedal-50-a-c50.jpg,motos/naked,Naked,Ossa,Motopedal 50 A,C50,ossa-motopedal-50-a-c50,631,PLACEHOLDER
motos/naked/ossa-motopedal-50-b-c50.jpg,motos/naked,Naked,Ossa,Motopedal 50 B,C50,ossa-motopedal-50-b-c50,631,PLACEHOLDER
motos/naked/ossa-motopedal-50-c-c50.jpg,motos/naked,Naked,Ossa,Motopedal 50 C,C50,ossa-motopedal-50-c-c50,631,PLACEHOLDER
motos/naked/ossa-motopedal-50-d-c50.jpg,motos/naked,Naked,Ossa,Motopedal 50 D,C50,ossa-motopedal-50-d-c50,631,PLACEHOLDER
motos/naked/ossa-ossita-50-c25.jpg,motos/naked,Naked,Ossa,Ossita 50,C25,ossa-ossita-50-c25,631,PLACEHOLDER
motos/naked/ossa-tu-yo-250-b9.jpg,motos/naked,Naked,Ossa,TU-YO 250,B9,ossa-tu-yo-250-b9,631,PLACEHOLDER
motos/naked/ossa-tu-yo-350-b79.jpg,motos/naked,Naked,Ossa,TU-YO 350,B79,ossa-tu-yo-350-b79,631,PLACEHOLDER
motos/naked/parilla-125-2t-125-2t.jpg,motos/naked,Naked,Parilla,125 2T,125 2T,parilla-125-2t-125-2t,631,PLACEHOLDER
motos/naked/parilla-125-sprint-125-4t-sprint-gs.jpg,motos/naked,Naked,Parilla,125 Sprint,125 4T Sprint (GS),parilla-125-sprint-125-4t-sprint-gs,631,PLACEHOLDER
motos/naked/parilla-150-2t-150-2t.jpg,motos/naked,Naked,Parilla,150 2T,150 2T,parilla-150-2t-150-2t,631,PLACEHOLDER
motos/naked/parilla-175-msds-msds-horquilla-earles.jpg,motos/naked,Naked,Parilla,175 MSDS,MSDS (horquilla Earles),parilla-175-msds-msds-horquilla-earles,631,PLACEHOLDER
motos/naked/parilla-250-bialbero-250-dohc-bialbero.jpg,motos/naked,Naked,Parilla,250 Bialbero,250 DOHC (Bialbero),parilla-250-bialbero-250-dohc-bialbero,631,PLACEHOLDER
motos/naked/parilla-250-monoalbero-250-sohc-monoalbero.jpg,motos/naked,Naked,Parilla,250 Monoalbero,250 SOHC (Monoalbero),parilla-250-monoalbero-250-sohc-monoalbero,631,PLACEHOLDER
motos/naked/parilla-98-98-2t.jpg,motos/naked,Naked,Parilla,98,98 2T,parilla-98-98-2t,631,PLACEHOLDER
motos/naked/parilla-boxer-250-boxer-2t.jpg,motos/naked,Naked,Parilla,Boxer 250,Boxer 2T,parilla-boxer-250-boxer-2t,631,PLACEHOLDER
motos/naked/parilla-fauno-98-fauno-phantom-en-usa.jpg,motos/naked,Naked,Parilla,Fauno 98,Fauno (Phantom en USA),parilla-fauno-98-fauno-phantom-en-usa,631,PLACEHOLDER
motos/naked/parilla-fox-175-fox-lusso-veloce-high-cam.jpg,motos/naked,Naked,Parilla,Fox 175,Fox / Lusso Veloce (high-cam),parilla-fox-175-fox-lusso-veloce-high-cam,631,PLACEHOLDER
motos/naked/parilla-grand-sport-175-gs-175.jpg,motos/naked,Naked,Parilla,Grand Sport 175,GS 175,parilla-grand-sport-175-gs-175,631,PLACEHOLDER
motos/naked/parilla-grand-sport-200-gs-200.jpg,motos/naked,Naked,Parilla,Grand Sport 200,GS 200,parilla-grand-sport-200-gs-200,631,PLACEHOLDER
motos/naked/parilla-grand-sport-250-gs-250.jpg,motos/naked,Naked,Parilla,Grand Sport 250,GS 250,parilla-grand-sport-250-gs-250,631,PLACEHOLDER
motos/naked/parilla-olimpia-olimpia-125-2t.jpg,motos/naked,Naked,Parilla,Olimpia,Olimpia 125 2T,parilla-olimpia-olimpia-125-2t,631,PLACEHOLDER
motos/naked/parilla-olimpia-olimpia-98-4t-impala-en-usa.jpg,motos/naked,Naked,Parilla,Olimpia,Olimpia 98 4T (Impala en USA),parilla-olimpia-olimpia-98-4t-impala-en-usa,631,PLACEHOLDER
motos/naked/parilla-parillino-49-parillino-49-2t.jpg,motos/naked,Naked,Parilla,Parillino 49,Parillino 49 2T,parilla-parillino-49-parillino-49-2t,631,PLACEHOLDER
motos/naked/parilla-parillino-49-parillino-49-4t-hornet-dart-en-usa.jpg,motos/naked,Naked,Parilla,Parillino 49,Parillino 49 4T (Hornet / Dart en USA),parilla-parillino-49-parillino-49-4t-hornet-dart-en-usa,631,PLACEHOLDER
motos/naked/parilla-setter-250-setter-bicilindrica.jpg,motos/naked,Naked,Parilla,Setter 250,Setter (bicilindrica),parilla-setter-250-setter-bicilindrica,631,PLACEHOLDER
motos/naked/parilla-slughi-slughi-125-2t-ramjet-en-usa.jpg,motos/naked,Naked,Parilla,Slughi,Slughi 125 2T (Ramjet en USA),parilla-slughi-slughi-125-2t-ramjet-en-usa,631,PLACEHOLDER
motos/naked/parilla-slughi-slughi-99-4t-ramjet-en-usa.jpg,motos/naked,Naked,Parilla,Slughi,Slughi 99 4T (Ramjet en USA),parilla-slughi-slughi-99-4t-ramjet-en-usa,631,PLACEHOLDER
motos/naked/parilla-super-speedster-200-speedster-200.jpg,motos/naked,Naked,Parilla,Super Speedster 200,Speedster 200,parilla-super-speedster-200-speedster-200,631,PLACEHOLDER
motos/naked/parilla-tourist-250-tourist-chasis-angular.jpg,motos/naked,Naked,Parilla,Tourist 250,Tourist (chasis angular),parilla-tourist-250-tourist-chasis-angular,631,PLACEHOLDER
motos/naked/parilla-veltro-350-veltro-clipper-en-usa.jpg,motos/naked,Naked,Parilla,Veltro 350,Veltro (Clipper en USA),parilla-veltro-350-veltro-clipper-en-usa,631,PLACEHOLDER
motos/naked/piaggio-boxer-boxer-1-serie.jpg,motos/naked,Naked,Piaggio,Boxer,Boxer (1ª serie),piaggio-boxer-boxer-1-serie,631,PLACEHOLDER
motos/naked/piaggio-boxer-boxer-2.jpg,motos/naked,Naked,Piaggio,Boxer,Boxer 2,piaggio-boxer-boxer-2,631,PLACEHOLDER
motos/naked/piaggio-bravo-bravo.jpg,motos/naked,Naked,Piaggio,Bravo,Bravo,piaggio-bravo-bravo,631,PLACEHOLDER
motos/naked/pierce-arrow-pierce-four-pierce-four.jpg,motos/naked,Naked,Pierce-Arrow,Pierce Four,Pierce Four,pierce-arrow-pierce-four-pierce-four,631,PLACEHOLDER
motos/naked/puch-125-puch-125-preguerra-posguerra.jpg,motos/naked,Naked,Puch,125,Puch 125 (preguerra/posguerra),puch-125-puch-125-preguerra-posguerra,631,PLACEHOLDER
motos/naked/puch-125-sv-puch-125-sv-svs.jpg,motos/naked,Naked,Puch,125 SV,Puch 125 SV/SVS,puch-125-sv-puch-125-sv-svs,631,PLACEHOLDER
motos/naked/puch-175-puch-175.jpg,motos/naked,Naked,Puch,175,Puch 175,puch-175-puch-175,631,PLACEHOLDER
motos/naked/puch-175-sv-puch-175-sv-svs.jpg,motos/naked,Naked,Puch,175 SV,Puch 175 SV/SVS,puch-175-sv-puch-175-sv-svs,631,PLACEHOLDER
motos/naked/puch-200-puch-200.jpg,motos/naked,Naked,Puch,200,Puch 200,puch-200-puch-200,631,PLACEHOLDER
motos/naked/puch-250-e-puch-250-e.jpg,motos/naked,Naked,Puch,250 E,Puch 250 E,puch-250-e-puch-250-e,631,PLACEHOLDER
motos/naked/puch-250-l-puch-250-l.jpg,motos/naked,Naked,Puch,250 L,Puch 250 L,puch-250-l-puch-250-l,631,PLACEHOLDER
motos/naked/puch-250-r-puch-250-r.jpg,motos/naked,Naked,Puch,250 R,Puch 250 R,puch-250-r-puch-250-r,631,PLACEHOLDER
motos/naked/puch-250-s4-puch-250-s4.jpg,motos/naked,Naked,Puch,250 S4,Puch 250 S4,puch-250-s4-puch-250-s4,631,PLACEHOLDER
motos/naked/puch-250-sg-puch-250-sg.jpg,motos/naked,Naked,Puch,250 SG,Puch 250 SG,puch-250-sg-puch-250-sg,631,PLACEHOLDER
motos/naked/puch-250-sgs-puch-250-sgs-twingle.jpg,motos/naked,Naked,Puch,250 SGS,Puch 250 SGS (Twingle),puch-250-sgs-puch-250-sgs-twingle,631,PLACEHOLDER
motos/naked/puch-250-t-puch-250-t.jpg,motos/naked,Naked,Puch,250 T,Puch 250 T,puch-250-t-puch-250-t,631,PLACEHOLDER
motos/naked/puch-250-tf-puch-250-tf.jpg,motos/naked,Naked,Puch,250 TF,Puch 250 TF,puch-250-tf-puch-250-tf,631,PLACEHOLDER
motos/naked/puch-250-tfs-puch-250-tfs.jpg,motos/naked,Naked,Puch,250 TFS,Puch 250 TFS,puch-250-tfs-puch-250-tfs,631,PLACEHOLDER
motos/naked/puch-350-gs-puch-350-gs.jpg,motos/naked,Naked,Puch,350 GS,Puch 350 GS,puch-350-gs-puch-350-gs,631,PLACEHOLDER
motos/naked/puch-800-puch-p800.jpg,motos/naked,Naked,Puch,800,Puch P800,puch-800-puch-p800,631,PLACEHOLDER
motos/naked/puch-ds-50-puch-ds-50-doppelsitzer-schalenrahmen.jpg,motos/naked,Naked,Puch,DS 50,Puch DS 50 (Doppelsitzer-Schalenrahmen),puch-ds-50-puch-ds-50-doppelsitzer-schalenrahmen,631,PLACEHOLDER
motos/naked/puch-lm-puch-lm.jpg,motos/naked,Naked,Puch,LM,Puch LM,puch-lm-puch-lm,631,PLACEHOLDER
motos/naked/puch-m125-puch-m125.jpg,motos/naked,Naked,Puch,M125,Puch M125,puch-m125-puch-m125,631,PLACEHOLDER
motos/naked/puch-maxi-puch-maxi-2k-h2-automatico-2-vel.jpg,motos/naked,Naked,Puch,Maxi,Puch Maxi 2K (H2 automatico 2 vel.),puch-maxi-puch-maxi-2k-h2-automatico-2-vel,631,PLACEHOLDER
motos/naked/puch-maxi-puch-maxi-h1-automatico-1-vel.jpg,motos/naked,Naked,Puch,Maxi,Puch Maxi (H1 automatico 1 vel.),puch-maxi-puch-maxi-h1-automatico-1-vel,631,PLACEHOLDER
motos/naked/puch-monza-puch-monza-4s-4sl-4-velocidades.jpg,motos/naked,Naked,Puch,Monza,Puch Monza 4S/4SL (4 velocidades),puch-monza-puch-monza-4s-4sl-4-velocidades,631,PLACEHOLDER
motos/naked/puch-monza-puch-monza-6s-6sl-6-velocidades.jpg,motos/naked,Naked,Puch,Monza,Puch Monza 6S/6SL (6 velocidades),puch-monza-puch-monza-6s-6sl-6-velocidades,631,PLACEHOLDER
motos/naked/puch-ms-50-puch-ms-50-moped-schalenrahmen.jpg,motos/naked,Naked,Puch,MS 50,Puch MS 50 (Moped Schalenrahmen),puch-ms-50-puch-ms-50-moped-schalenrahmen,631,PLACEHOLDER
motos/naked/puch-vs-50-puch-vs-50.jpg,motos/naked,Naked,Puch,VS 50,Puch VS 50,puch-vs-50-puch-vs-50,631,PLACEHOLDER
motos/naked/rieju-175-175-hispano-villiers.jpg,motos/naked,Naked,Rieju,175,175 (Hispano Villiers),rieju-175-175-hispano-villiers,631,PLACEHOLDER
motos/naked/rieju-175-175-motor-amc-motores-fita.jpg,motos/naked,Naked,Rieju,175,175 (motor AMC / Motores FITA),rieju-175-175-motor-amc-motores-fita,631,PLACEHOLDER
motos/naked/rieju-confort-confort-400-402.jpg,motos/naked,Naked,Rieju,Confort,Confort 400 / 402,rieju-confort-confort-400-402,631,PLACEHOLDER
motos/naked/rieju-confort-confort-501.jpg,motos/naked,Naked,Rieju,Confort,Confort 501,rieju-confort-confort-501,631,PLACEHOLDER
motos/naked/rieju-drac-50-drac-50.jpg,motos/naked,Naked,Rieju,Drac 50,Drac 50,rieju-drac-50-drac-50,631,PLACEHOLDER
motos/naked/rieju-jaca-125-jaca-125-turismo.jpg,motos/naked,Naked,Rieju,Jaca 125,Jaca 125 Turismo,rieju-jaca-125-jaca-125-turismo,631,PLACEHOLDER
motos/naked/rieju-jaca-125-jaca-sport-125.jpg,motos/naked,Naked,Rieju,Jaca 125,Jaca Sport 125,rieju-jaca-125-jaca-sport-125,631,PLACEHOLDER
motos/naked/rieju-jaca-50-jaca-50-minarelli.jpg,motos/naked,Naked,Rieju,Jaca 50,Jaca 50 (Minarelli),rieju-jaca-50-jaca-50-minarelli,631,PLACEHOLDER
motos/naked/rieju-marathon-50-marathon-50-1-serie.jpg,motos/naked,Naked,Rieju,Marathon 50,Marathon 50 (1ª serie),rieju-marathon-50-marathon-50-1-serie,631,PLACEHOLDER
motos/naked/rieju-marathon-74-marathon-74-1-serie.jpg,motos/naked,Naked,Rieju,Marathon 74,Marathon 74 (1ª serie),rieju-marathon-74-marathon-74-1-serie,631,PLACEHOLDER
motos/naked/rieju-marathon-74-marathon-74-2-serie.jpg,motos/naked,Naked,Rieju,Marathon 74,Marathon 74 (2ª serie),rieju-marathon-74-marathon-74-2-serie,631,PLACEHOLDER
motos/naked/rieju-n-1-n-1.jpg,motos/naked,Naked,Rieju,Nº1,Nº1,rieju-n-1-n-1,631,PLACEHOLDER
motos/naked/rieju-n-2-n-2.jpg,motos/naked,Naked,Rieju,Nº2,Nº2,rieju-n-2-n-2,631,PLACEHOLDER
motos/naked/rieju-n-3-n-3.jpg,motos/naked,Naked,Rieju,Nº3,Nº3,rieju-n-3-n-3,631,PLACEHOLDER
motos/naked/rieju-n-4-n-4.jpg,motos/naked,Naked,Rieju,Nº4,Nº4,rieju-n-4-n-4,631,PLACEHOLDER
motos/naked/rieju-p3a-p3a.jpg,motos/naked,Naked,Rieju,P3A,P3A,rieju-p3a-p3a,631,PLACEHOLDER
motos/naked/rieju-rv-50-rv-50.jpg,motos/naked,Naked,Rieju,RV 50,RV 50,rieju-rv-50-rv-50,631,PLACEHOLDER
motos/naked/rieju-super-marathon-50-super-marathon-50.jpg,motos/naked,Naked,Rieju,Super Marathon 50,Super Marathon 50,rieju-super-marathon-50-super-marathon-50,631,PLACEHOLDER
motos/naked/rieju-tt-tt-402.jpg,motos/naked,Naked,Rieju,TT,TT 402,rieju-tt-tt-402,631,PLACEHOLDER
motos/naked/rieju-tt-tt-503-504.jpg,motos/naked,Naked,Rieju,TT,TT 503 / 504,rieju-tt-tt-503-504,631,PLACEHOLDER
motos/naked/royal-enfield-bullet-350-bullet-350-redditch.jpg,motos/naked,Naked,Royal Enfield,Bullet 350,Bullet 350 (Redditch),royal-enfield-bullet-350-bullet-350-redditch,631,PLACEHOLDER
motos/naked/royal-enfield-bullet-500-bullet-500-redditch.jpg,motos/naked,Naked,Royal Enfield,Bullet 500,Bullet 500 (Redditch),royal-enfield-bullet-500-bullet-500-redditch,631,PLACEHOLDER
motos/naked/royal-enfield-constellation-constellation-700.jpg,motos/naked,Naked,Royal Enfield,Constellation,Constellation 700,royal-enfield-constellation-constellation-700,631,PLACEHOLDER
motos/naked/royal-enfield-continental-gt-continental-gt-250.jpg,motos/naked,Naked,Royal Enfield,Continental GT,Continental GT 250,royal-enfield-continental-gt-continental-gt-250,631,PLACEHOLDER
motos/naked/royal-enfield-crusader-crusader-250.jpg,motos/naked,Naked,Royal Enfield,Crusader,Crusader 250,royal-enfield-crusader-crusader-250,631,PLACEHOLDER
motos/naked/royal-enfield-crusader-sports-crusader-sports-250.jpg,motos/naked,Naked,Royal Enfield,Crusader Sports,Crusader Sports 250,royal-enfield-crusader-sports-crusader-sports-250,631,PLACEHOLDER
motos/naked/royal-enfield-ensign-ensign-150.jpg,motos/naked,Naked,Royal Enfield,Ensign,Ensign 150,royal-enfield-ensign-ensign-150,631,PLACEHOLDER
motos/naked/royal-enfield-explorer-explorer-50-india.jpg,motos/naked,Naked,Royal Enfield,Explorer,Explorer 50 (India),royal-enfield-explorer-explorer-50-india,631,PLACEHOLDER
motos/naked/royal-enfield-flying-flea-model-re-125.jpg,motos/naked,Naked,Royal Enfield,Flying Flea,Model RE 125,royal-enfield-flying-flea-model-re-125,631,PLACEHOLDER
motos/naked/royal-enfield-fury-fury-175-india.jpg,motos/naked,Naked,Royal Enfield,Fury,Fury 175 (India),royal-enfield-fury-fury-175-india,631,PLACEHOLDER
motos/naked/royal-enfield-interceptor-interceptor-700.jpg,motos/naked,Naked,Royal Enfield,Interceptor,Interceptor 700,royal-enfield-interceptor-interceptor-700,631,PLACEHOLDER
motos/naked/royal-enfield-interceptor-interceptor-750-series-i-mk-i.jpg,motos/naked,Naked,Royal Enfield,Interceptor,Interceptor 750 Series I (Mk I),royal-enfield-interceptor-interceptor-750-series-i-mk-i,631,PLACEHOLDER
motos/naked/royal-enfield-interceptor-interceptor-750-series-ii-mk-ii.jpg,motos/naked,Naked,Royal Enfield,Interceptor,Interceptor 750 Series II (Mk II),royal-enfield-interceptor-interceptor-750-series-ii-mk-ii,631,PLACEHOLDER
motos/naked/royal-enfield-meteor-meteor-700.jpg,motos/naked,Naked,Royal Enfield,Meteor,Meteor 700,royal-enfield-meteor-meteor-700,631,PLACEHOLDER
motos/naked/royal-enfield-meteor-minor-meteor-minor-500.jpg,motos/naked,Naked,Royal Enfield,Meteor Minor,Meteor Minor 500,royal-enfield-meteor-minor-meteor-minor-500,631,PLACEHOLDER
motos/naked/royal-enfield-super-meteor-super-meteor-700.jpg,motos/naked,Naked,Royal Enfield,Super Meteor,Super Meteor 700,royal-enfield-super-meteor-super-meteor-700,631,PLACEHOLDER
motos/naked/royal-enfield-taurus-bullet-diesel-taurus-325.jpg,motos/naked,Naked,Royal Enfield,Taurus,Bullet Diesel / Taurus 325,royal-enfield-taurus-bullet-diesel-taurus-325,631,PLACEHOLDER
motos/naked/royal-enfield-turbo-twin-turbo-twin-250.jpg,motos/naked,Naked,Royal Enfield,Turbo Twin,Turbo Twin 250,royal-enfield-turbo-twin-turbo-twin-250,631,PLACEHOLDER
motos/naked/rudge-250-jap-250-jap.jpg,motos/naked,Naked,Rudge,250 JAP,250 JAP,rudge-250-jap-250-jap,631,PLACEHOLDER
motos/naked/rudge-250-radial-250-radial-integral-4v.jpg,motos/naked,Naked,Rudge,250 Radial,250 radial integral (4v),rudge-250-radial-250-radial-integral-4v,631,PLACEHOLDER
motos/naked/rudge-3-hp-3-hp-499-cc.jpg,motos/naked,Naked,Rudge,3½ HP,3½ HP (499 cc),rudge-3-hp-3-hp-499-cc,631,PLACEHOLDER
motos/naked/rudge-350-350-4v-paralelas.jpg,motos/naked,Naked,Rudge,350,350 (4v paralelas),rudge-350-350-4v-paralelas,631,PLACEHOLDER
motos/naked/rudge-350-radial-350-radial-integral-4v.jpg,motos/naked,Naked,Rudge,350 Radial,350 radial integral (4v),rudge-350-radial-350-radial-integral-4v,631,PLACEHOLDER
motos/naked/rudge-autocycle-autocycle-villiers.jpg,motos/naked,Naked,Rudge,Autocycle,Autocycle (Villiers),rudge-autocycle-autocycle-villiers,631,PLACEHOLDER
motos/naked/rudge-competition-competition-500.jpg,motos/naked,Naked,Rudge,Competition,Competition 500,rudge-competition-competition-500,631,PLACEHOLDER
motos/naked/rudge-dirt-track-dirt-track-500.jpg,motos/naked,Naked,Rudge,Dirt Track,Dirt Track 500,rudge-dirt-track-dirt-track-500,631,PLACEHOLDER
motos/naked/rudge-four-four-350-4-valvulas.jpg,motos/naked,Naked,Rudge,Four,Four 350 (4 valvulas),rudge-four-four-350-4-valvulas,631,PLACEHOLDER
motos/naked/rudge-four-four-500-4-valvulas.jpg,motos/naked,Naked,Rudge,Four,Four 500 (4 valvulas),rudge-four-four-500-4-valvulas,631,PLACEHOLDER
motos/naked/rudge-multi-multi-500.jpg,motos/naked,Naked,Rudge,Multi,Multi 500,rudge-multi-multi-500,631,PLACEHOLDER
motos/naked/rudge-multi-multi-750.jpg,motos/naked,Naked,Rudge,Multi,Multi 750,rudge-multi-multi-750,631,PLACEHOLDER
motos/naked/rudge-multwin-multwin-1000-7-9-hp.jpg,motos/naked,Naked,Rudge,Multwin,Multwin 1000 (7/9 HP),rudge-multwin-multwin-1000-7-9-hp,631,PLACEHOLDER
motos/naked/rudge-rapid-rapid-250-2-valvulas.jpg,motos/naked,Naked,Rudge,Rapid,Rapid 250 (2 valvulas),rudge-rapid-rapid-250-2-valvulas,631,PLACEHOLDER
motos/naked/rudge-special-special-500-4v-paralelas.jpg,motos/naked,Naked,Rudge,Special,Special 500 (4v paralelas),rudge-special-special-500-4v-paralelas,631,PLACEHOLDER
motos/naked/rudge-sports-special-sports-special-500.jpg,motos/naked,Naked,Rudge,Sports Special,Sports Special 500,rudge-sports-special-sports-special-500,631,PLACEHOLDER
motos/naked/rudge-sports-sports-250-2-valvulas.jpg,motos/naked,Naked,Rudge,Sports,Sports 250 (2 valvulas),rudge-sports-sports-250-2-valvulas,631,PLACEHOLDER
motos/naked/rudge-tourist-tourist-250-2-valvulas.jpg,motos/naked,Naked,Rudge,Tourist,Tourist 250 (2 valvulas),rudge-tourist-tourist-250-2-valvulas,631,PLACEHOLDER
motos/naked/rudge-tt-replica-tt-replica-250.jpg,motos/naked,Naked,Rudge,TT Replica,TT Replica 250,rudge-tt-replica-tt-replica-250,631,PLACEHOLDER
motos/naked/rudge-tt-replica-tt-replica-350.jpg,motos/naked,Naked,Rudge,TT Replica,TT Replica 350,rudge-tt-replica-tt-replica-350,631,PLACEHOLDER
motos/naked/rudge-tt-replica-tt-replica-500.jpg,motos/naked,Naked,Rudge,TT Replica,TT Replica 500,rudge-tt-replica-tt-replica-500,631,PLACEHOLDER
motos/naked/rudge-ulster-ulster-500-culata-pent-roof-4v.jpg,motos/naked,Naked,Rudge,Ulster,Ulster 500 (culata pent-roof 4v),rudge-ulster-ulster-500-culata-pent-roof-4v,631,PLACEHOLDER
motos/naked/rudge-ulster-ulster-500-culata-radial-semi-radial-4v.jpg,motos/naked,Naked,Rudge,Ulster,Ulster 500 (culata radial / semi-radial 4v),rudge-ulster-ulster-500-culata-radial-semi-radial-4v,631,PLACEHOLDER
motos/naked/sachs-balboa-m4-chasis-tubular.jpg,motos/naked,Naked,Sachs,Balboa,M4 (chasis tubular),sachs-balboa-m4-chasis-tubular,631,PLACEHOLDER
motos/naked/sachs-prima-g3-g3.jpg,motos/naked,Naked,Sachs,Prima G3,G3,sachs-prima-g3-g3,631,PLACEHOLDER
motos/naked/sachs-seville-m4-505-con-engrase-separado.jpg,motos/naked,Naked,Sachs,Seville,M4 (505 con engrase separado),sachs-seville-m4-505-con-engrase-separado,631,PLACEHOLDER
motos/naked/sachs-suburban-m4-ex-balboa.jpg,motos/naked,Naked,Sachs,Suburban,M4 (ex-Balboa),sachs-suburban-m4-ex-balboa,631,PLACEHOLDER
motos/naked/sachs-sundancer-p1-ex-westlake.jpg,motos/naked,Naked,Sachs,Sundancer,P1 (ex-Westlake),sachs-sundancer-p1-ex-westlake,631,PLACEHOLDER
motos/naked/sachs-westlake-p1-chasis-de-chapa-estampada.jpg,motos/naked,Naked,Sachs,Westlake,P1 (chasis de chapa estampada),sachs-westlake-p1-chasis-de-chapa-estampada,631,PLACEHOLDER
motos/naked/sanglas-100-100-sport.jpg,motos/naked,Naked,Sanglas,100,100 Sport,sanglas-100-100-sport,631,PLACEHOLDER
motos/naked/sanglas-295-295-1.jpg,motos/naked,Naked,Sanglas,295,295/1,sanglas-295-295-1,631,PLACEHOLDER
motos/naked/sanglas-295-295.jpg,motos/naked,Naked,Sanglas,295,295,sanglas-295-295,631,PLACEHOLDER
motos/naked/sanglas-350-350-1.jpg,motos/naked,Naked,Sanglas,350,350/1,sanglas-350-350-1,631,PLACEHOLDER
motos/naked/sanglas-350-350-2.jpg,motos/naked,Naked,Sanglas,350,350/2,sanglas-350-350-2,631,PLACEHOLDER
motos/naked/sanglas-350-350-3.jpg,motos/naked,Naked,Sanglas,350,350/3,sanglas-350-350-3,631,PLACEHOLDER
motos/naked/sanglas-350-350-4-2.jpg,motos/naked,Naked,Sanglas,350,350/4/2,sanglas-350-350-4-2,631,PLACEHOLDER
motos/naked/sanglas-350-350-4.jpg,motos/naked,Naked,Sanglas,350,350/4,sanglas-350-350-4,631,PLACEHOLDER
motos/naked/sanglas-350-350-n-1-serie.jpg,motos/naked,Naked,Sanglas,350,350 N 1ª Serie,sanglas-350-350-n-1-serie,631,PLACEHOLDER
motos/naked/sanglas-350-350-n-2-serie-350-a.jpg,motos/naked,Naked,Sanglas,350,350 N 2ª Serie (350/A),sanglas-350-350-n-2-serie-350-a,631,PLACEHOLDER
motos/naked/sanglas-400-400-e.jpg,motos/naked,Naked,Sanglas,400,400 E,sanglas-400-400-e,631,PLACEHOLDER
motos/naked/sanglas-400-400-f.jpg,motos/naked,Naked,Sanglas,400,400 F,sanglas-400-400-f,631,PLACEHOLDER
motos/naked/sanglas-400-400-t.jpg,motos/naked,Naked,Sanglas,400,400 T,sanglas-400-400-t,631,PLACEHOLDER
motos/naked/sanglas-400-y-400-y.jpg,motos/naked,Naked,Sanglas,400 Y,400 Y,sanglas-400-y-400-y,631,PLACEHOLDER
motos/naked/sanglas-50-50-ciclomotor.jpg,motos/naked,Naked,Sanglas,50,50 Ciclomotor,sanglas-50-50-ciclomotor,631,PLACEHOLDER
motos/naked/sanglas-500-500-1.jpg,motos/naked,Naked,Sanglas,500,500/1,sanglas-500-500-1,631,PLACEHOLDER
motos/naked/sanglas-500-500-2.jpg,motos/naked,Naked,Sanglas,500,500/2,sanglas-500-500-2,631,PLACEHOLDER
motos/naked/sanglas-500-500-3.jpg,motos/naked,Naked,Sanglas,500,500/3,sanglas-500-500-3,631,PLACEHOLDER
motos/naked/sanglas-500-s-500-s.jpg,motos/naked,Naked,Sanglas,500 S,500 S,sanglas-500-s-500-s,631,PLACEHOLDER
motos/naked/sanglas-500-s-500-s2-v5.jpg,motos/naked,Naked,Sanglas,500 S,500 S2 V5,sanglas-500-s-500-s2-v5,631,PLACEHOLDER
motos/naked/sanglas-500-s-500-s2.jpg,motos/naked,Naked,Sanglas,500 S,500 S2,sanglas-500-s-500-s2,631,PLACEHOLDER
motos/naked/simson-425-425-s.jpg,motos/naked,Naked,Simson,425,425 S,simson-425-425-s,631,PLACEHOLDER
motos/naked/simson-425-425-t-awo-425.jpg,motos/naked,Naked,Simson,425,425 T (AWO 425),simson-425-425-t-awo-425,631,PLACEHOLDER
motos/naked/simson-habicht-sr4-4.jpg,motos/naked,Naked,Simson,Habicht,SR4-4,simson-habicht-sr4-4,631,PLACEHOLDER
motos/naked/simson-s50-s50.jpg,motos/naked,Naked,Simson,S50,S50,simson-s50-s50,631,PLACEHOLDER
motos/naked/simson-s51-s51.jpg,motos/naked,Naked,Simson,S51,S51,simson-s51-s51,631,PLACEHOLDER
motos/naked/simson-s70-s70.jpg,motos/naked,Naked,Simson,S70,S70,simson-s70-s70,631,PLACEHOLDER
motos/naked/simson-sl1-sl1-sl1-s.jpg,motos/naked,Naked,Simson,SL1,SL1 / SL1 S,simson-sl1-sl1-sl1-s,631,PLACEHOLDER
motos/naked/simson-spatz-sr4-1-p-k.jpg,motos/naked,Naked,Simson,Spatz,SR4-1 (P/K),simson-spatz-sr4-1-p-k,631,PLACEHOLDER
motos/naked/simson-spatz-sr4-1sk.jpg,motos/naked,Naked,Simson,Spatz,SR4-1SK,simson-spatz-sr4-1sk,631,PLACEHOLDER
motos/naked/simson-sperber-sr4-3.jpg,motos/naked,Naked,Simson,Sperber,SR4-3,simson-sperber-sr4-3,631,PLACEHOLDER
motos/naked/simson-sr1-sr1.jpg,motos/naked,Naked,Simson,SR1,SR1,simson-sr1-sr1,631,PLACEHOLDER
motos/naked/simson-sr2-sr2.jpg,motos/naked,Naked,Simson,SR2,SR2,simson-sr2-sr2,631,PLACEHOLDER
motos/naked/simson-sr2-sr2e.jpg,motos/naked,Naked,Simson,SR2,SR2E,simson-sr2-sr2e,631,PLACEHOLDER
motos/naked/simson-star-sr4-2-1.jpg,motos/naked,Naked,Simson,Star,SR4-2/1,simson-star-sr4-2-1,631,PLACEHOLDER
motos/naked/simson-star-sr4-2.jpg,motos/naked,Naked,Simson,Star,SR4-2,simson-star-sr4-2,631,PLACEHOLDER
motos/naked/singer-singer-motorcycle-299-cc-side-valve.jpg,motos/naked,Naked,Singer,Singer Motorcycle,299 cc Side-Valve,singer-singer-motorcycle-299-cc-side-valve,631,PLACEHOLDER
motos/naked/singer-singer-motorcycle-346-cc-two-stroke.jpg,motos/naked,Naked,Singer,Singer Motorcycle,346 cc Two-Stroke,singer-singer-motorcycle-346-cc-two-stroke,631,PLACEHOLDER
motos/naked/singer-singer-motorcycle-535-cc-side-valve.jpg,motos/naked,Naked,Singer,Singer Motorcycle,535 cc Side-Valve,singer-singer-motorcycle-535-cc-side-valve,631,PLACEHOLDER
motos/naked/sunbeam-s7-de-luxe-s7-de-luxe.jpg,motos/naked,Naked,Sunbeam,S7 De Luxe,S7 De Luxe,sunbeam-s7-de-luxe-s7-de-luxe,631,PLACEHOLDER
motos/naked/sunbeam-s7-s7-tourer.jpg,motos/naked,Naked,Sunbeam,S7,S7 (Tourer),sunbeam-s7-s7-tourer,631,PLACEHOLDER
motos/naked/sunbeam-s8-s8.jpg,motos/naked,Naked,Sunbeam,S8,S8,sunbeam-s8-s8,631,PLACEHOLDER
motos/naked/suzuki-gt380-gt380.jpg,motos/naked,Naked,Suzuki,GT380,GT380,suzuki-gt380-gt380,631,PLACEHOLDER
motos/naked/suzuki-gt550-gt550.jpg,motos/naked,Naked,Suzuki,GT550,GT550,suzuki-gt550-gt550,631,PLACEHOLDER
motos/naked/suzuki-gt750-gt750.jpg,motos/naked,Naked,Suzuki,GT750,GT750,suzuki-gt750-gt750,631,PLACEHOLDER
motos/naked/triumph-bonneville-t120.jpg,motos/naked,Naked,Triumph,Bonneville,T120,triumph-bonneville-t120,631,PLACEHOLDER
motos/naked/triumph-bonneville-t140.jpg,motos/naked,Naked,Triumph,Bonneville,T140,triumph-bonneville-t140,631,PLACEHOLDER
motos/naked/triumph-speed-triple-900-t300.jpg,motos/naked,Naked,Triumph,Speed Triple,900 (T300),triumph-speed-triple-900-t300,631,PLACEHOLDER
motos/naked/triumph-speed-triple-t509.jpg,motos/naked,Naked,Triumph,Speed Triple,T509,triumph-speed-triple-t509,631,PLACEHOLDER
motos/naked/triumph-speed-twin-5t.jpg,motos/naked,Naked,Triumph,Speed Twin,5T,triumph-speed-twin-5t,631,PLACEHOLDER
motos/naked/triumph-thunderbird-6t.jpg,motos/naked,Naked,Triumph,Thunderbird,6T,triumph-thunderbird-6t,631,PLACEHOLDER
motos/naked/triumph-tiger-100-t100.jpg,motos/naked,Naked,Triumph,Tiger 100,T100,triumph-tiger-100-t100,631,PLACEHOLDER
motos/naked/triumph-tiger-90-t90.jpg,motos/naked,Naked,Triumph,Tiger 90,T90,triumph-tiger-90-t90,631,PLACEHOLDER
motos/naked/triumph-tiger-cub-t20.jpg,motos/naked,Naked,Triumph,Tiger Cub,T20,triumph-tiger-cub-t20,631,PLACEHOLDER
motos/naked/triumph-trident-750-t300.jpg,motos/naked,Naked,Triumph,Trident,750 (T300),triumph-trident-750-t300,631,PLACEHOLDER
motos/naked/triumph-trident-900-t300.jpg,motos/naked,Naked,Triumph,Trident,900 (T300),triumph-trident-900-t300,631,PLACEHOLDER
motos/naked/triumph-trident-t150-t150v.jpg,motos/naked,Naked,Triumph,Trident,T150 / T150V,triumph-trident-t150-t150v,631,PLACEHOLDER
motos/naked/triumph-trident-t160.jpg,motos/naked,Naked,Triumph,Trident,T160,triumph-trident-t160,631,PLACEHOLDER
motos/naked/triumph-trophy-tr6.jpg,motos/naked,Naked,Triumph,Trophy,TR6,triumph-trophy-tr6,631,PLACEHOLDER
motos/naked/triumph-twenty-one-3ta.jpg,motos/naked,Naked,Triumph,Twenty-One,3TA,triumph-twenty-one-3ta,631,PLACEHOLDER
motos/naked/trojan-trobike-trobike.jpg,motos/naked,Naked,Trojan,Trobike,Trobike,trojan-trobike-trobike,631,PLACEHOLDER
motos/naked/velocette-gtp-gtp.jpg,motos/naked,Naked,Velocette,GTP,GTP,velocette-gtp-gtp,631,PLACEHOLDER
motos/naked/velocette-kss-kss-mk-i.jpg,motos/naked,Naked,Velocette,KSS,KSS Mk I,velocette-kss-kss-mk-i,631,PLACEHOLDER
motos/naked/velocette-kss-kss-mk-ii.jpg,motos/naked,Naked,Velocette,KSS,KSS Mk II,velocette-kss-kss-mk-ii,631,PLACEHOLDER
motos/naked/velocette-kts-kts.jpg,motos/naked,Naked,Velocette,KTS,KTS,velocette-kts-kts,631,PLACEHOLDER
motos/naked/velocette-ktt-ktt-mk-i.jpg,motos/naked,Naked,Velocette,KTT,KTT Mk I,velocette-ktt-ktt-mk-i,631,PLACEHOLDER
motos/naked/velocette-ktt-ktt-mk-ii-iv.jpg,motos/naked,Naked,Velocette,KTT,KTT Mk II-IV,velocette-ktt-ktt-mk-ii-iv,631,PLACEHOLDER
motos/naked/velocette-ktt-ktt-mk-v.jpg,motos/naked,Naked,Velocette,KTT,KTT Mk V,velocette-ktt-ktt-mk-v,631,PLACEHOLDER
motos/naked/velocette-ktt-ktt-mk-vii.jpg,motos/naked,Naked,Velocette,KTT,KTT Mk VII,velocette-ktt-ktt-mk-vii,631,PLACEHOLDER
motos/naked/velocette-ktt-ktt-mk-viii.jpg,motos/naked,Naked,Velocette,KTT,KTT Mk VIII,velocette-ktt-ktt-mk-viii,631,PLACEHOLDER
motos/naked/velocette-le-le-mk-i.jpg,motos/naked,Naked,Velocette,LE,LE Mk I,velocette-le-le-mk-i,631,PLACEHOLDER
motos/naked/velocette-le-le-mk-ii.jpg,motos/naked,Naked,Velocette,LE,LE Mk II,velocette-le-le-mk-ii,631,PLACEHOLDER
motos/naked/velocette-le-le-mk-iii.jpg,motos/naked,Naked,Velocette,LE,LE Mk III,velocette-le-le-mk-iii,631,PLACEHOLDER
motos/naked/velocette-mac-mac.jpg,motos/naked,Naked,Velocette,MAC,MAC,velocette-mac-mac,631,PLACEHOLDER
motos/naked/velocette-mov-mov.jpg,motos/naked,Naked,Velocette,MOV,MOV,velocette-mov-mov,631,PLACEHOLDER
motos/naked/velocette-mss-mss-carrera-larga.jpg,motos/naked,Naked,Velocette,MSS,MSS (carrera larga),velocette-mss-mss-carrera-larga,631,PLACEHOLDER
motos/naked/velocette-mss-mss-cuadrado.jpg,motos/naked,Naked,Velocette,MSS,MSS (cuadrado),velocette-mss-mss-cuadrado,631,PLACEHOLDER
motos/naked/velocette-thruxton-venom-thruxton.jpg,motos/naked,Naked,Velocette,Thruxton,Venom Thruxton,velocette-thruxton-venom-thruxton,631,PLACEHOLDER
motos/naked/velocette-valiant-valiant.jpg,motos/naked,Naked,Velocette,Valiant,Valiant,velocette-valiant-valiant,631,PLACEHOLDER
motos/naked/velocette-venom-venom-clubman.jpg,motos/naked,Naked,Velocette,Venom,Venom Clubman,velocette-venom-venom-clubman,631,PLACEHOLDER
motos/naked/velocette-venom-venom-endurance.jpg,motos/naked,Naked,Velocette,Venom,Venom Endurance,velocette-venom-venom-endurance,631,PLACEHOLDER
motos/naked/velocette-venom-venom.jpg,motos/naked,Naked,Velocette,Venom,Venom,velocette-venom-venom,631,PLACEHOLDER
motos/naked/velocette-viper-viper-clubman.jpg,motos/naked,Naked,Velocette,Viper,Viper Clubman,velocette-viper-viper-clubman,631,PLACEHOLDER
motos/naked/velocette-viper-viper.jpg,motos/naked,Naked,Velocette,Viper,Viper,velocette-viper-viper,631,PLACEHOLDER
motos/naked/velocette-vogue-vogue.jpg,motos/naked,Naked,Velocette,Vogue,Vogue,velocette-vogue-vogue,631,PLACEHOLDER
motos/naked/vincent-black-knight-series-d.jpg,motos/naked,Naked,Vincent,Black Knight,Series D,vincent-black-knight-series-d,631,PLACEHOLDER
motos/naked/vincent-black-lightning-series-c.jpg,motos/naked,Naked,Vincent,Black Lightning,Series C,vincent-black-lightning-series-c,631,PLACEHOLDER
motos/naked/vincent-black-prince-series-d.jpg,motos/naked,Naked,Vincent,Black Prince,Series D,vincent-black-prince-series-d,631,PLACEHOLDER
motos/naked/vincent-black-shadow-series-b.jpg,motos/naked,Naked,Vincent,Black Shadow,Series B,vincent-black-shadow-series-b,631,PLACEHOLDER
motos/naked/vincent-black-shadow-series-c.jpg,motos/naked,Naked,Vincent,Black Shadow,Series C,vincent-black-shadow-series-c,631,PLACEHOLDER
motos/naked/vincent-black-shadow-series-d.jpg,motos/naked,Naked,Vincent,Black Shadow,Series D,vincent-black-shadow-series-d,631,PLACEHOLDER
motos/naked/vincent-comet-series-a.jpg,motos/naked,Naked,Vincent,Comet,Series A,vincent-comet-series-a,631,PLACEHOLDER
motos/naked/vincent-comet-series-c.jpg,motos/naked,Naked,Vincent,Comet,Series C,vincent-comet-series-c,631,PLACEHOLDER
motos/naked/vincent-firefly-firefly-power-cycle.jpg,motos/naked,Naked,Vincent,Firefly,Firefly / Power Cycle,vincent-firefly-firefly-power-cycle,631,PLACEHOLDER
motos/naked/vincent-grey-flash-series-c.jpg,motos/naked,Naked,Vincent,Grey Flash,Series C,vincent-grey-flash-series-c,631,PLACEHOLDER
motos/naked/vincent-meteor-series-a.jpg,motos/naked,Naked,Vincent,Meteor,Series A,vincent-meteor-series-a,631,PLACEHOLDER
motos/naked/vincent-meteor-series-b.jpg,motos/naked,Naked,Vincent,Meteor,Series B,vincent-meteor-series-b,631,PLACEHOLDER
motos/naked/vincent-nsu-vincent-fox-fox-123.jpg,motos/naked,Naked,Vincent,NSU-Vincent Fox,Fox 123,vincent-nsu-vincent-fox-fox-123,631,PLACEHOLDER
motos/naked/vincent-python-sports-500-model-p.jpg,motos/naked,Naked,Vincent,Python Sports 500,Model P,vincent-python-sports-500-model-p,631,PLACEHOLDER
motos/naked/vincent-rapide-series-a.jpg,motos/naked,Naked,Vincent,Rapide,Series A,vincent-rapide-series-a,631,PLACEHOLDER
motos/naked/vincent-rapide-series-b.jpg,motos/naked,Naked,Vincent,Rapide,Series B,vincent-rapide-series-b,631,PLACEHOLDER
motos/naked/vincent-rapide-series-c.jpg,motos/naked,Naked,Vincent,Rapide,Series C,vincent-rapide-series-c,631,PLACEHOLDER
motos/naked/vincent-rapide-series-d.jpg,motos/naked,Naked,Vincent,Rapide,Series D,vincent-rapide-series-d,631,PLACEHOLDER
motos/naked/vincent-tt-replica-series-a.jpg,motos/naked,Naked,Vincent,TT Replica,Series A,vincent-tt-replica-series-a,631,PLACEHOLDER
motos/naked/vincent-white-shadow-series-c.jpg,motos/naked,Naked,Vincent,White Shadow,Series C,vincent-white-shadow-series-c,631,PLACEHOLDER
motos/naked/wanderer-184-196-cc-monocilindrica-horizontal.jpg,motos/naked,Naked,Wanderer,184/196 cc,Monocilindrica horizontal,wanderer-184-196-cc-monocilindrica-horizontal,631,PLACEHOLDER
motos/naked/wanderer-327-cc-monocilindrica-sv.jpg,motos/naked,Naked,Wanderer,327 cc,Monocilindrica SV,wanderer-327-cc-monocilindrica-sv,631,PLACEHOLDER
motos/naked/wanderer-750-luxe-708-cc-ohv.jpg,motos/naked,Naked,Wanderer,750 Luxe,708 cc OHV,wanderer-750-luxe-708-cc-ohv,631,PLACEHOLDER
motos/naked/wanderer-k500-k500-kardan.jpg,motos/naked,Naked,Wanderer,K500,K500 Kardan,wanderer-k500-k500-kardan,631,PLACEHOLDER
motos/naked/wanderer-v-twin-408-cc-v-twin-45-grados.jpg,motos/naked,Naked,Wanderer,V-twin 408 cc,V-twin 45 grados,wanderer-v-twin-408-cc-v-twin-45-grados,631,PLACEHOLDER
motos/naked/yamaha-rd350-rd350-air-cooled.jpg,motos/naked,Naked,Yamaha,RD350,RD350 (air-cooled),yamaha-rd350-rd350-air-cooled,631,PLACEHOLDER
motos/naked/yamaha-rd400-rd400.jpg,motos/naked,Naked,Yamaha,RD400,RD400,yamaha-rd400-rd400,631,PLACEHOLDER
motos/naked/yamaha-sr500-sr500.jpg,motos/naked,Naked,Yamaha,SR500,SR500,yamaha-sr500-sr500,631,PLACEHOLDER
motos/naked/yamaha-xj600-xj600-pre-diversion-51j.jpg,motos/naked,Naked,Yamaha,XJ600,"XJ600 (pre-Diversion, 51J)",yamaha-xj600-xj600-pre-diversion-51j,631,PLACEHOLDER
motos/naked/yamaha-xj650-xj650-seca.jpg,motos/naked,Naked,Yamaha,XJ650,XJ650 Seca,yamaha-xj650-xj650-seca,631,PLACEHOLDER
motos/naked/yamaha-xj900-xj900f-58l.jpg,motos/naked,Naked,Yamaha,XJ900,XJ900F (58L),yamaha-xj900-xj900f-58l,631,PLACEHOLDER
motos/naked/yamaha-xjr1200-xjr1200-4pu.jpg,motos/naked,Naked,Yamaha,XJR1200,XJR1200 (4PU),yamaha-xjr1200-xjr1200-4pu,631,PLACEHOLDER
motos/naked/yamaha-xs1100-xs-eleven.jpg,motos/naked,Naked,Yamaha,XS1100,XS Eleven,yamaha-xs1100-xs-eleven,631,PLACEHOLDER
motos/naked/yamaha-xs650-xs650-xs-1.jpg,motos/naked,Naked,Yamaha,XS650,XS650 / XS-1,yamaha-xs650-xs650-xs-1,631,PLACEHOLDER
motos/naked/yamaha-xs750-xs750.jpg,motos/naked,Naked,Yamaha,XS750,XS750,yamaha-xs750-xs750,631,PLACEHOLDER
motos/naked/yamaha-xs850-xs850.jpg,motos/naked,Naked,Yamaha,XS850,XS850,yamaha-xs850-xs850,631,PLACEHOLDER
motos/naked/yamaha-xv1000-tr1-xv1000-tr1.jpg,motos/naked,Naked,Yamaha,XV1000 TR1,XV1000 TR1,yamaha-xv1000-tr1-xv1000-tr1,631,PLACEHOLDER
motos/naked/zundapp-c-50-c-50-sport.jpg,motos/naked,Naked,Zundapp,C 50,C 50 Sport,zundapp-c-50-c-50-sport,631,PLACEHOLDER
motos/naked/zundapp-combinette-combinette.jpg,motos/naked,Naked,Zundapp,Combinette,Combinette,zundapp-combinette-combinette,631,PLACEHOLDER
motos/naked/zundapp-cs-25-cs-25.jpg,motos/naked,Naked,Zundapp,CS 25,CS 25,zundapp-cs-25-cs-25,631,PLACEHOLDER
motos/naked/zundapp-cs-50-cs-50.jpg,motos/naked,Naked,Zundapp,CS 50,CS 50,zundapp-cs-50-cs-50,631,PLACEHOLDER
motos/naked/zundapp-db-200-db-200-posguerra.jpg,motos/naked,Naked,Zundapp,DB 200,DB 200 (posguerra),zundapp-db-200-db-200-posguerra,631,PLACEHOLDER
motos/naked/zundapp-db-200-db-200-preb-lica.jpg,motos/naked,Naked,Zundapp,DB 200,DB 200 (prebélica),zundapp-db-200-db-200-preb-lica,631,PLACEHOLDER
motos/naked/zundapp-db-200-dbk-200.jpg,motos/naked,Naked,Zundapp,DB 200,DBK 200,zundapp-db-200-dbk-200,631,PLACEHOLDER
motos/naked/zundapp-db-202-db-202.jpg,motos/naked,Naked,Zundapp,DB 202,DB 202,zundapp-db-202-db-202,631,PLACEHOLDER
motos/naked/zundapp-elastic-elastic-200-db-205.jpg,motos/naked,Naked,Zundapp,Elastic,Elastic 200 (DB 205),zundapp-elastic-elastic-200-db-205,631,PLACEHOLDER
motos/naked/zundapp-elastic-elastic-250-db-255.jpg,motos/naked,Naked,Zundapp,Elastic,Elastic 250 (DB 255),zundapp-elastic-elastic-250-db-255,631,PLACEHOLDER
motos/naked/zundapp-em-249-em-249.jpg,motos/naked,Naked,Zundapp,EM 249,EM 249,zundapp-em-249-em-249,631,PLACEHOLDER
motos/naked/zundapp-gts-50-gts-50-typ-517.jpg,motos/naked,Naked,Zundapp,GTS 50,GTS 50 (Typ 517),zundapp-gts-50-gts-50-typ-517,631,PLACEHOLDER
motos/naked/zundapp-gts-50-gts-50-typ-529.jpg,motos/naked,Naked,Zundapp,GTS 50,GTS 50 (Typ 529),zundapp-gts-50-gts-50-typ-529,631,PLACEHOLDER
motos/naked/zundapp-gts-50-gts-50-typ-540.jpg,motos/naked,Naked,Zundapp,GTS 50,GTS 50 (Typ 540),zundapp-gts-50-gts-50-typ-540,631,PLACEHOLDER
motos/naked/zundapp-hai-hai-25.jpg,motos/naked,Naked,Zundapp,Hai,Hai 25,zundapp-hai-hai-25,631,PLACEHOLDER
motos/naked/zundapp-hai-hai-50.jpg,motos/naked,Naked,Zundapp,Hai,Hai 50,zundapp-hai-hai-50,631,PLACEHOLDER
motos/naked/zundapp-k-200-k-200.jpg,motos/naked,Naked,Zundapp,K 200,K 200,zundapp-k-200-k-200,631,PLACEHOLDER
motos/naked/zundapp-k-200-kk-200.jpg,motos/naked,Naked,Zundapp,K 200,KK 200,zundapp-k-200-kk-200,631,PLACEHOLDER
motos/naked/zundapp-k-350-k-350.jpg,motos/naked,Naked,Zundapp,K 350,K 350,zundapp-k-350-k-350,631,PLACEHOLDER
motos/naked/zundapp-k-500-k-500.jpg,motos/naked,Naked,Zundapp,K 500,K 500,zundapp-k-500-k-500,631,PLACEHOLDER
motos/naked/zundapp-k-600-k-600.jpg,motos/naked,Naked,Zundapp,K 600,K 600,zundapp-k-600-k-600,631,PLACEHOLDER
motos/naked/zundapp-k-800-k-800.jpg,motos/naked,Naked,Zundapp,K 800,K 800,zundapp-k-800-k-800,631,PLACEHOLDER
motos/naked/zundapp-ks-100-ks-100-typ-514-320.jpg,motos/naked,Naked,Zundapp,KS 100,KS 100 (Typ 514-320),zundapp-ks-100-ks-100-typ-514-320,631,PLACEHOLDER
motos/naked/zundapp-ks-100-ks-100-typ-518.jpg,motos/naked,Naked,Zundapp,KS 100,KS 100 (Typ 518),zundapp-ks-100-ks-100-typ-518,631,PLACEHOLDER
motos/naked/zundapp-ks-125-ks-125-sport.jpg,motos/naked,Naked,Zundapp,KS 125,KS 125 Sport,zundapp-ks-125-ks-125-sport,631,PLACEHOLDER
motos/naked/zundapp-ks-175-ks-175.jpg,motos/naked,Naked,Zundapp,KS 175,KS 175,zundapp-ks-175-ks-175,631,PLACEHOLDER
motos/naked/zundapp-ks-50-ks-50-refrigeraci-n-por-aire.jpg,motos/naked,Naked,Zundapp,KS 50,KS 50 (refrigeración por aire),zundapp-ks-50-ks-50-refrigeraci-n-por-aire,631,PLACEHOLDER
motos/naked/zundapp-ks-50-ks-50-water-cooled.jpg,motos/naked,Naked,Zundapp,KS 50,KS 50 Water Cooled,zundapp-ks-50-ks-50-water-cooled,631,PLACEHOLDER
motos/naked/zundapp-ks-500-kks-500.jpg,motos/naked,Naked,Zundapp,KS 500,KKS 500,zundapp-ks-500-kks-500,631,PLACEHOLDER
motos/naked/zundapp-ks-500-ks-500.jpg,motos/naked,Naked,Zundapp,KS 500,KS 500,zundapp-ks-500-ks-500,631,PLACEHOLDER
motos/naked/zundapp-ks-600-ks-600-1-serie.jpg,motos/naked,Naked,Zundapp,KS 600,KS 600 (1ª serie),zundapp-ks-600-ks-600-1-serie,631,PLACEHOLDER
motos/naked/zundapp-ks-600-ks-600-2-serie.jpg,motos/naked,Naked,Zundapp,KS 600,KS 600 (2ª serie),zundapp-ks-600-ks-600-2-serie,631,PLACEHOLDER
motos/naked/zundapp-ks-601-ks-601-elastic.jpg,motos/naked,Naked,Zundapp,KS 601,KS 601 Elastic,zundapp-ks-601-ks-601-elastic,631,PLACEHOLDER
motos/naked/zundapp-ks-601-ks-601-sport.jpg,motos/naked,Naked,Zundapp,KS 601,KS 601 Sport,zundapp-ks-601-ks-601-sport,631,PLACEHOLDER
motos/naked/zundapp-ks-601-ks-601.jpg,motos/naked,Naked,Zundapp,KS 601,KS 601,zundapp-ks-601-ks-601,631,PLACEHOLDER
motos/naked/zundapp-ks-750-ks-750.jpg,motos/naked,Naked,Zundapp,KS 750,KS 750,zundapp-ks-750-ks-750,631,PLACEHOLDER
motos/naked/zundapp-ks-80-ks-80.jpg,motos/naked,Naked,Zundapp,KS 80,KS 80,zundapp-ks-80-ks-80,631,PLACEHOLDER
motos/naked/zundapp-rs-50-rs-50-super.jpg,motos/naked,Naked,Zundapp,RS 50,RS 50 Super,zundapp-rs-50-rs-50-super,631,PLACEHOLDER
motos/naked/zundapp-z22-z22.jpg,motos/naked,Naked,Zundapp,Z22,Z22,zundapp-z22-z22,631,PLACEHOLDER
motos/naked/zundapp-z300-z300.jpg,motos/naked,Naked,Zundapp,Z300,Z300,zundapp-z300-z300,631,PLACEHOLDER
motos/naked/zundapp-za-25-za-25.jpg,motos/naked,Naked,Zundapp,ZA 25,ZA 25,zundapp-za-25-za-25,631,PLACEHOLDER
motos/naked/zundapp-zd-40-zd-40.jpg,motos/naked,Naked,Zundapp,ZD 40,ZD 40,zundapp-zd-40-zd-40,631,PLACEHOLDER
motos/naked/zundapp-zr-20-zr-20.jpg,motos/naked,Naked,Zundapp,ZR 20,ZR 20,zundapp-zr-20-zr-20,631,PLACEHOLDER
motos/scooter/aprilia-amico-amico-50.jpg,motos/scooter,Scooter,Aprilia,Amico,Amico 50,aprilia-amico-amico-50,631,PLACEHOLDER
motos/scooter/bsa-dandy-dandy-70.jpg,motos/scooter,Scooter,BSA,Dandy,Dandy 70,bsa-dandy-dandy-70,631,PLACEHOLDER
motos/scooter/bsa-sunbeam-scooter-sunbeam-b1-b2.jpg,motos/scooter,Scooter,BSA,Sunbeam Scooter,Sunbeam B1 / B2,bsa-sunbeam-scooter-sunbeam-b1-b2,631,PLACEHOLDER
motos/scooter/bsa-sunbeam-scooter-sunbeam-b2-b2s.jpg,motos/scooter,Scooter,BSA,Sunbeam Scooter,Sunbeam B2 / B2S,bsa-sunbeam-scooter-sunbeam-b2-b2s,631,PLACEHOLDER
motos/scooter/cz-cezeta-175-cz-175-501-cezeta.jpg,motos/scooter,Scooter,CZ,Cezeta 175,CZ 175/501 Cezeta,cz-cezeta-175-cz-175-501-cezeta,631,PLACEHOLDER
motos/scooter/cz-cezeta-175-cz-175-502-cezeta.jpg,motos/scooter,Scooter,CZ,Cezeta 175,CZ 175/502 Cezeta,cz-cezeta-175-cz-175-502-cezeta,631,PLACEHOLDER
motos/scooter/excelsior-monarch-monarch.jpg,motos/scooter,Scooter,Excelsior,Monarch,Monarch,excelsior-monarch-monarch,631,PLACEHOLDER
motos/scooter/gilera-eco-eco-ec1-citta.jpg,motos/scooter,Scooter,Gilera,Eco,Eco / EC1 / Citta,gilera-eco-eco-ec1-citta,631,PLACEHOLDER
motos/scooter/glas-goggo-scooter-goggo-roller-125.jpg,motos/scooter,Scooter,Glas,Goggo Scooter,Goggo Roller 125,glas-goggo-scooter-goggo-roller-125,631,PLACEHOLDER
motos/scooter/glas-goggo-scooter-goggo-roller-150.jpg,motos/scooter,Scooter,Glas,Goggo Scooter,Goggo Roller 150,glas-goggo-scooter-goggo-roller-150,631,PLACEHOLDER
motos/scooter/glas-goggo-scooter-goggo-roller-200.jpg,motos/scooter,Scooter,Glas,Goggo Scooter,Goggo Roller 200,glas-goggo-scooter-goggo-roller-200,631,PLACEHOLDER
motos/scooter/harley-davidson-topper-scooter-au-ah.jpg,motos/scooter,Scooter,Harley-Davidson,Topper,Scooter AU/AH,harley-davidson-topper-scooter-au-ah,631,PLACEHOLDER
motos/scooter/horex-rebell-rebell-scooter-250.jpg,motos/scooter,Scooter,Horex,Rebell,Rebell (scooter 250),horex-rebell-rebell-scooter-250,631,PLACEHOLDER
motos/scooter/iso-furetto-furetto-65.jpg,motos/scooter,Scooter,Iso,Furetto,Furetto 65,iso-furetto-furetto-65,631,PLACEHOLDER
motos/scooter/iso-iso-f-150-iso-f-150.jpg,motos/scooter,Scooter,Iso,Iso F/150,Iso F/150,iso-iso-f-150-iso-f-150,631,PLACEHOLDER
motos/scooter/iso-iso-milano-iso-milano-diva-150.jpg,motos/scooter,Scooter,Iso,Iso Milano,Iso Milano Diva 150,iso-iso-milano-iso-milano-diva-150,631,PLACEHOLDER
motos/scooter/iso-isocarro-isocarro-motocarro-3-ruedas.jpg,motos/scooter,Scooter,Iso,Isocarro,Isocarro (motocarro 3 ruedas),iso-isocarro-isocarro-motocarro-3-ruedas,631,PLACEHOLDER
motos/scooter/iso-isoscooter-isoscooter-125.jpg,motos/scooter,Scooter,Iso,Isoscooter,Isoscooter 125,iso-isoscooter-isoscooter-125,631,PLACEHOLDER
motos/scooter/kreidler-r-50-r-50-roller.jpg,motos/scooter,Scooter,Kreidler,R 50,R 50 Roller,kreidler-r-50-r-50-roller,631,PLACEHOLDER
motos/scooter/kymco-heroism-125-heroism.jpg,motos/scooter,Scooter,Kymco,Heroism 125,Heroism,kymco-heroism-125-heroism,631,PLACEHOLDER
motos/scooter/kymco-heroism-50-heroism-kcz.jpg,motos/scooter,Scooter,Kymco,Heroism 50,Heroism (KCZ),kymco-heroism-50-heroism-kcz,631,PLACEHOLDER
motos/scooter/laverda-lz-50-lz-50-pippo.jpg,motos/scooter,Scooter,Laverda,LZ 50,LZ 50 Pippo,laverda-lz-50-lz-50-pippo,631,PLACEHOLDER
motos/scooter/maico-maicoletta-maicoletta-175.jpg,motos/scooter,Scooter,Maico,Maicoletta,Maicoletta 175,maico-maicoletta-maicoletta-175,631,PLACEHOLDER
motos/scooter/maico-maicoletta-maicoletta-250.jpg,motos/scooter,Scooter,Maico,Maicoletta,Maicoletta 250,maico-maicoletta-maicoletta-250,631,PLACEHOLDER
motos/scooter/maico-maicoletta-maicoletta-277.jpg,motos/scooter,Scooter,Maico,Maicoletta,Maicoletta 277,maico-maicoletta-maicoletta-277,631,PLACEHOLDER
motos/scooter/maico-mobil-maicomobil-mb-150.jpg,motos/scooter,Scooter,Maico,Mobil,Maicomobil MB 150,maico-mobil-maicomobil-mb-150,631,PLACEHOLDER
motos/scooter/maico-mobil-maicomobil-mb-175.jpg,motos/scooter,Scooter,Maico,Mobil,Maicomobil MB 175,maico-mobil-maicomobil-mb-175,631,PLACEHOLDER
motos/scooter/maico-mobil-maicomobil-mb-200.jpg,motos/scooter,Scooter,Maico,Mobil,Maicomobil MB 200,maico-mobil-maicomobil-mb-200,631,PLACEHOLDER
motos/scooter/montesa-microscooter-microscooter-5m.jpg,motos/scooter,Scooter,Montesa,Microscooter,Microscooter (5M),montesa-microscooter-microscooter-5m,631,PLACEHOLDER
motos/scooter/moto-guzzi-galletto-galletto-160-175-192.jpg,motos/scooter,Scooter,Moto Guzzi,Galletto,Galletto 160/175/192,moto-guzzi-galletto-galletto-160-175-192,631,PLACEHOLDER
motos/scooter/nsu-prima-prima-d.jpg,motos/scooter,Scooter,NSU,Prima,Prima D,nsu-prima-prima-d,631,PLACEHOLDER
motos/scooter/nsu-prima-prima-iii.jpg,motos/scooter,Scooter,NSU,Prima,Prima III,nsu-prima-prima-iii,631,PLACEHOLDER
motos/scooter/nsu-prima-prima-v-f-nfstern.jpg,motos/scooter,Scooter,NSU,Prima,Prima V (Fünfstern),nsu-prima-prima-v-f-nfstern,631,PLACEHOLDER
motos/scooter/ossa-urbe-b77.jpg,motos/scooter,Scooter,Ossa,Urbe,B77,ossa-urbe-b77,631,PLACEHOLDER
motos/scooter/parilla-levriere-125-levriere-greyhound-125.jpg,motos/scooter,Scooter,Parilla,Levriere 125,Levriere (Greyhound) 125,parilla-levriere-125-levriere-greyhound-125,631,PLACEHOLDER
motos/scooter/parilla-levriere-150-levriere-greyhound-150.jpg,motos/scooter,Scooter,Parilla,Levriere 150,Levriere (Greyhound) 150,parilla-levriere-150-levriere-greyhound-150,631,PLACEHOLDER
motos/scooter/piaggio-cosa-cosa-1.jpg,motos/scooter,Scooter,Piaggio,Cosa,Cosa 1,piaggio-cosa-cosa-1,631,PLACEHOLDER
motos/scooter/piaggio-cosa-cosa-2.jpg,motos/scooter,Scooter,Piaggio,Cosa,Cosa 2,piaggio-cosa-cosa-2,631,PLACEHOLDER
motos/scooter/piaggio-hexagon-hexagon-1-serie.jpg,motos/scooter,Scooter,Piaggio,Hexagon,Hexagon (1ª serie),piaggio-hexagon-hexagon-1-serie,631,PLACEHOLDER
motos/scooter/piaggio-hexagon-hexagon-180.jpg,motos/scooter,Scooter,Piaggio,Hexagon,Hexagon 180,piaggio-hexagon-hexagon-180,631,PLACEHOLDER
motos/scooter/piaggio-nrg-nrg-mc1.jpg,motos/scooter,Scooter,Piaggio,NRG,NRG mc1,piaggio-nrg-nrg-mc1,631,PLACEHOLDER
motos/scooter/piaggio-nrg-nrg-mc2.jpg,motos/scooter,Scooter,Piaggio,NRG,NRG MC2,piaggio-nrg-nrg-mc2,631,PLACEHOLDER
motos/scooter/piaggio-quartz-quartz.jpg,motos/scooter,Scooter,Piaggio,Quartz,Quartz,piaggio-quartz-quartz,631,PLACEHOLDER
motos/scooter/piaggio-sfera-sfera-1-serie.jpg,motos/scooter,Scooter,Piaggio,Sfera,Sfera (1ª serie),piaggio-sfera-sfera-1-serie,631,PLACEHOLDER
motos/scooter/piaggio-sfera-sfera-2-serie.jpg,motos/scooter,Scooter,Piaggio,Sfera,Sfera (2ª serie),piaggio-sfera-sfera-2-serie,631,PLACEHOLDER
motos/scooter/piaggio-sfera-sfera.jpg,motos/scooter,Scooter,Piaggio,Sfera,Sfera,piaggio-sfera-sfera,631,PLACEHOLDER
motos/scooter/piaggio-skipper-skipper-skr-1-serie.jpg,motos/scooter,Scooter,Piaggio,Skipper,"Skipper (SKR, 1ª serie)",piaggio-skipper-skipper-skr-1-serie,631,PLACEHOLDER
motos/scooter/piaggio-typhoon-typhoon.jpg,motos/scooter,Scooter,Piaggio,Typhoon,Typhoon,piaggio-typhoon-typhoon,631,PLACEHOLDER
motos/scooter/simson-kr50-kr50.jpg,motos/scooter,Scooter,Simson,KR50,KR50,simson-kr50-kr50,631,PLACEHOLDER
motos/scooter/simson-schwalbe-kr51-1.jpg,motos/scooter,Scooter,Simson,Schwalbe,KR51/1,simson-schwalbe-kr51-1,631,PLACEHOLDER
motos/scooter/simson-schwalbe-kr51-2.jpg,motos/scooter,Scooter,Simson,Schwalbe,KR51/2,simson-schwalbe-kr51-2,631,PLACEHOLDER
motos/scooter/simson-schwalbe-kr51.jpg,motos/scooter,Scooter,Simson,Schwalbe,KR51,simson-schwalbe-kr51,631,PLACEHOLDER
motos/scooter/simson-sr50-sr50-1-x-serie-gamma.jpg,motos/scooter,Scooter,Simson,SR50,SR50/1 X-Serie (gamma),simson-sr50-sr50-1-x-serie-gamma,631,PLACEHOLDER
motos/scooter/simson-sr50-sr50-sr50-1.jpg,motos/scooter,Scooter,Simson,SR50,SR50 / SR50/1,simson-sr50-sr50-sr50-1,631,PLACEHOLDER
motos/scooter/simson-sr80-sr80-sr80-1.jpg,motos/scooter,Scooter,Simson,SR80,SR80 / SR80/1,simson-sr80-sr80-sr80-1,631,PLACEHOLDER
motos/scooter/velocette-viceroy-viceroy.jpg,motos/scooter,Scooter,Velocette,Viceroy,Viceroy,velocette-viceroy-viceroy,631,PLACEHOLDER
motos/scooter/vespa-vespa-125-serie-v-vm-vn-vna-vnb.jpg,motos/scooter,Scooter,Vespa,Vespa 125,Serie V (VM/VN/VNA/VNB),vespa-vespa-125-serie-v-vm-vn-vna-vnb,631,PLACEHOLDER
motos/scooter/vespa-vespa-150-vba-vbb.jpg,motos/scooter,Scooter,Vespa,Vespa 150,VBA/VBB,vespa-vespa-150-vba-vbb,631,PLACEHOLDER
motos/scooter/vespa-vespa-180-ss-super-sport-vsc.jpg,motos/scooter,Scooter,Vespa,Vespa 180 SS,Super Sport (VSC),vespa-vespa-180-ss-super-sport-vsc,631,PLACEHOLDER
motos/scooter/vespa-vespa-50-50-n-l-r-s-v5.jpg,motos/scooter,Scooter,Vespa,Vespa 50,50 N/L/R/S (V5),vespa-vespa-50-50-n-l-r-s-v5,631,PLACEHOLDER
motos/scooter/vespa-vespa-50-special-50-special-v5b.jpg,motos/scooter,Scooter,Vespa,Vespa 50 Special,50 Special (V5B),vespa-vespa-50-special-50-special-v5b,631,PLACEHOLDER
motos/scooter/vespa-vespa-90-90-v9.jpg,motos/scooter,Scooter,Vespa,Vespa 90,90 (V9),vespa-vespa-90-90-v9,631,PLACEHOLDER
motos/scooter/vespa-vespa-90-ss-super-sprint-90-v9ss.jpg,motos/scooter,Scooter,Vespa,Vespa 90 SS,Super Sprint 90 (V9SS),vespa-vespa-90-ss-super-sprint-90-v9ss,631,PLACEHOLDER
motos/scooter/vespa-vespa-98-serie-v98.jpg,motos/scooter,Scooter,Vespa,Vespa 98,Serie V98,vespa-vespa-98-serie-v98,631,PLACEHOLDER
motos/scooter/vespa-vespa-cosa-125-cosa-vnr.jpg,motos/scooter,Scooter,Vespa,Vespa Cosa 125,Cosa (VNR),vespa-vespa-cosa-125-cosa-vnr,631,PLACEHOLDER
motos/scooter/vespa-vespa-cosa-150-cosa-vlr.jpg,motos/scooter,Scooter,Vespa,Vespa Cosa 150,Cosa (VLR),vespa-vespa-cosa-150-cosa-vlr,631,PLACEHOLDER
motos/scooter/vespa-vespa-cosa-200-cosa-vsr.jpg,motos/scooter,Scooter,Vespa,Vespa Cosa 200,Cosa (VSR),vespa-vespa-cosa-200-cosa-vsr,631,PLACEHOLDER
motos/scooter/vespa-vespa-gl-150-gl-vla.jpg,motos/scooter,Scooter,Vespa,Vespa GL 150,GL (VLA),vespa-vespa-gl-150-gl-vla,631,PLACEHOLDER
motos/scooter/vespa-vespa-gs-150-gs150-vs.jpg,motos/scooter,Scooter,Vespa,Vespa GS 150,GS150 (VS),vespa-vespa-gs-150-gs150-vs,631,PLACEHOLDER
motos/scooter/vespa-vespa-gs-160-gs160-vsb.jpg,motos/scooter,Scooter,Vespa,Vespa GS 160,GS160 (VSB),vespa-vespa-gs-160-gs160-vsb,631,PLACEHOLDER
motos/scooter/vespa-vespa-gtr-125-gt-gtr-vnl2.jpg,motos/scooter,Scooter,Vespa,Vespa GTR 125,GT/GTR (VNL2),vespa-vespa-gtr-125-gt-gtr-vnl2,631,PLACEHOLDER
motos/scooter/vespa-vespa-pk-125-pk-125-ets.jpg,motos/scooter,Scooter,Vespa,Vespa PK 125,PK 125 / ETS,vespa-vespa-pk-125-pk-125-ets,631,PLACEHOLDER
motos/scooter/vespa-vespa-pk-50-pk-50-xl.jpg,motos/scooter,Scooter,Vespa,Vespa PK 50,PK 50 / XL,vespa-vespa-pk-50-pk-50-xl,631,PLACEHOLDER
motos/scooter/vespa-vespa-primavera-125-primavera-vma.jpg,motos/scooter,Scooter,Vespa,Vespa Primavera 125,Primavera (VMA),vespa-vespa-primavera-125-primavera-vma,631,PLACEHOLDER
motos/scooter/vespa-vespa-primavera-et3-primavera-et3-vmb.jpg,motos/scooter,Scooter,Vespa,Vespa Primavera ET3,Primavera ET3 (VMB),vespa-vespa-primavera-et3-primavera-et3-vmb,631,PLACEHOLDER
motos/scooter/vespa-vespa-rally-180-rally-180-vsd.jpg,motos/scooter,Scooter,Vespa,Vespa Rally 180,Rally 180 (VSD),vespa-vespa-rally-180-rally-180-vsd,631,PLACEHOLDER
motos/scooter/vespa-vespa-rally-200-rally-200-vse.jpg,motos/scooter,Scooter,Vespa,Vespa Rally 200,Rally 200 (VSE),vespa-vespa-rally-200-rally-200-vse,631,PLACEHOLDER
motos/scooter/vespa-vespa-sprint-150-sprint-vlb.jpg,motos/scooter,Scooter,Vespa,Vespa Sprint 150,Sprint (VLB),vespa-vespa-sprint-150-sprint-vlb,631,PLACEHOLDER
motos/scooter/vespa-vespa-sprint-veloce-150-sprint-veloce-vlb.jpg,motos/scooter,Scooter,Vespa,Vespa Sprint Veloce 150,Sprint Veloce (VLB),vespa-vespa-sprint-veloce-150-sprint-veloce-vlb,631,PLACEHOLDER
motos/scooter/vespa-vespa-super-150-super-vbc.jpg,motos/scooter,Scooter,Vespa,Vespa Super 150,Super (VBC),vespa-vespa-super-150-super-vbc,631,PLACEHOLDER
motos/scooter/vespa-vespa-t5-t5-vnx5.jpg,motos/scooter,Scooter,Vespa,Vespa T5,T5 (VNX5),vespa-vespa-t5-t5-vnx5,631,PLACEHOLDER
motos/scooter/zundapp-bella-bella-175-s.jpg,motos/scooter,Scooter,Zundapp,Bella,Bella 175 S,zundapp-bella-bella-175-s,631,PLACEHOLDER
motos/scooter/zundapp-bella-bella-200.jpg,motos/scooter,Scooter,Zundapp,Bella,Bella 200,zundapp-bella-bella-200,631,PLACEHOLDER
motos/scooter/zundapp-bella-bella-r-150.jpg,motos/scooter,Scooter,Zundapp,Bella,Bella R 150,zundapp-bella-bella-r-150,631,PLACEHOLDER
motos/scooter/zundapp-bella-bella-r-151.jpg,motos/scooter,Scooter,Zundapp,Bella,Bella R 151,zundapp-bella-bella-r-151,631,PLACEHOLDER
motos/scooter/zundapp-bella-bella-r-153.jpg,motos/scooter,Scooter,Zundapp,Bella,Bella R 153,zundapp-bella-bella-r-153,631,PLACEHOLDER
motos/scooter/zundapp-bella-bella-r-154.jpg,motos/scooter,Scooter,Zundapp,Bella,Bella R 154,zundapp-bella-bella-r-154,631,PLACEHOLDER
motos/scooter/zundapp-bella-bella-r-200.jpg,motos/scooter,Scooter,Zundapp,Bella,Bella R 200,zundapp-bella-bella-r-200,631,PLACEHOLDER
motos/scooter/zundapp-bella-bella-r-201.jpg,motos/scooter,Scooter,Zundapp,Bella,Bella R 201,zundapp-bella-bella-r-201,631,PLACEHOLDER
motos/scooter/zundapp-bella-bella-r-203.jpg,motos/scooter,Scooter,Zundapp,Bella,Bella R 203,zundapp-bella-bella-r-203,631,PLACEHOLDER
motos/scooter/zundapp-bella-bella-r-204.jpg,motos/scooter,Scooter,Zundapp,Bella,Bella R 204,zundapp-bella-bella-r-204,631,PLACEHOLDER
motos/scooter/zundapp-bergsteiger-bergsteiger-m25.jpg,motos/scooter,Scooter,Zundapp,Bergsteiger,Bergsteiger M25,zundapp-bergsteiger-bergsteiger-m25,631,PLACEHOLDER
motos/scooter/zundapp-bergsteiger-bergsteiger-m50.jpg,motos/scooter,Scooter,Zundapp,Bergsteiger,Bergsteiger M50,zundapp-bergsteiger-bergsteiger-m50,631,PLACEHOLDER
motos/scooter/zundapp-r-50-r-50-roller.jpg,motos/scooter,Scooter,Zundapp,R 50,R 50 Roller,zundapp-r-50-r-50-roller,631,PLACEHOLDER
motos/sporttourer/bimota-yb5-yb5.jpg,motos/sporttourer,Sporttourer,Bimota,YB5,YB5,bimota-yb5-yb5,631,PLACEHOLDER
motos/sporttourer/ducati-750-paso-paso.jpg,motos/sporttourer,Sporttourer,Ducati,750 Paso,Paso,ducati-750-paso-paso,631,PLACEHOLDER
motos/sporttourer/ducati-906-paso-paso.jpg,motos/sporttourer,Sporttourer,Ducati,906 Paso,Paso,ducati-906-paso-paso,631,PLACEHOLDER
motos/sporttourer/ducati-907-ie-907-ie-paso.jpg,motos/sporttourer,Sporttourer,Ducati,907 i.e.,907 i.e. (Paso),ducati-907-ie-907-ie-paso,631,PLACEHOLDER
motos/sporttourer/honda-cbr1000f-cbr1000f-sc24.jpg,motos/sporttourer,Sporttourer,Honda,CBR1000F,CBR1000F (SC24),honda-cbr1000f-cbr1000f-sc24,631,PLACEHOLDER
motos/sporttourer/honda-gold-wing-gl1000-gold-wing.jpg,motos/sporttourer,Sporttourer,Honda,Gold Wing,GL1000 Gold Wing,honda-gold-wing-gl1000-gold-wing,631,PLACEHOLDER
motos/sporttourer/honda-gold-wing-gl1500-gold-wing.jpg,motos/sporttourer,Sporttourer,Honda,Gold Wing,GL1500 Gold Wing,honda-gold-wing-gl1500-gold-wing,631,PLACEHOLDER
motos/sporttourer/honda-vfr750f-vfr750f-rc24-rc36.jpg,motos/sporttourer,Sporttourer,Honda,VFR750F,VFR750F (RC24/RC36),honda-vfr750f-vfr750f-rc24-rc36,631,PLACEHOLDER
motos/sporttourer/kawasaki-gpz1000rx-zx1000a.jpg,motos/sporttourer,Sporttourer,Kawasaki,GPZ1000RX,ZX1000A,kawasaki-gpz1000rx-zx1000a,631,PLACEHOLDER
motos/sporttourer/kawasaki-zzr1100-zx1100c-zx-11.jpg,motos/sporttourer,Sporttourer,Kawasaki,ZZR1100,ZX1100C (ZX-11),kawasaki-zzr1100-zx1100c-zx-11,631,PLACEHOLDER
motos/sporttourer/laverda-rgs-1000-rgs-corsa.jpg,motos/sporttourer,Sporttourer,Laverda,RGS 1000,RGS Corsa,laverda-rgs-1000-rgs-corsa,631,PLACEHOLDER
motos/sporttourer/laverda-rgs-1000-rgs.jpg,motos/sporttourer,Sporttourer,Laverda,RGS 1000,RGS,laverda-rgs-1000-rgs,631,PLACEHOLDER
motos/sporttourer/moto-guzzi-1000-sp-1000-sp-sp-ii-sp-iii-spada.jpg,motos/sporttourer,Sporttourer,Moto Guzzi,1000 SP,1000 SP / SP II / SP III (Spada),moto-guzzi-1000-sp-1000-sp-sp-ii-sp-iii-spada,631,PLACEHOLDER
motos/sporttourer/norton-commander-commander-rotativo.jpg,motos/sporttourer,Sporttourer,Norton,Commander,Commander rotativo,norton-commander-commander-rotativo,631,PLACEHOLDER
motos/sporttourer/norton-interpol-2-interpol-2.jpg,motos/sporttourer,Sporttourer,Norton,Interpol 2,Interpol 2,norton-interpol-2-interpol-2,631,PLACEHOLDER
motos/sporttourer/triumph-sprint-900-t300.jpg,motos/sporttourer,Sporttourer,Triumph,Sprint,900 (T300),triumph-sprint-900-t300,631,PLACEHOLDER
motos/sporttourer/yamaha-fj1100-fj1100-36y.jpg,motos/sporttourer,Sporttourer,Yamaha,FJ1100,FJ1100 (36Y),yamaha-fj1100-fj1100-36y,631,PLACEHOLDER
motos/sporttourer/yamaha-fj1200-fj1200-1tx-3cv-3xw.jpg,motos/sporttourer,Sporttourer,Yamaha,FJ1200,FJ1200 (1TX/3CV/3XW),yamaha-fj1200-fj1200-1tx-3cv-3xw,631,PLACEHOLDER
motos/sporttourer/yamaha-gts1000-gts1000-4bh.jpg,motos/sporttourer,Sporttourer,Yamaha,GTS1000,GTS1000 (4BH),yamaha-gts1000-gts1000-4bh,631,PLACEHOLDER
motos/sporttourer/yamaha-tdm850-tdm850-1a-gen-3vd.jpg,motos/sporttourer,Sporttourer,Yamaha,TDM850,TDM850 1a gen (3VD),yamaha-tdm850-tdm850-1a-gen-3vd,631,PLACEHOLDER
motos/supersport/ajs-7r-7r-boy-racer.jpg,motos/supersport,Supersport,AJS,7R,"7R ""Boy Racer""",ajs-7r-7r-boy-racer,631,PLACEHOLDER
motos/supersport/ajs-7r3-7r3-tres-valvulas.jpg,motos/supersport,Supersport,AJS,7R3,7R3 tres valvulas,ajs-7r3-7r3-tres-valvulas,631,PLACEHOLDER
motos/supersport/ajs-porcupine-e90s.jpg,motos/supersport,Supersport,AJS,Porcupine,E90S,ajs-porcupine-e90s,631,PLACEHOLDER
motos/supersport/ajs-porcupine-e95.jpg,motos/supersport,Supersport,AJS,Porcupine,E95,ajs-porcupine-e95,631,PLACEHOLDER
motos/supersport/aprilia-af1-af1-125.jpg,motos/supersport,Supersport,Aprilia,AF1,AF1 125,aprilia-af1-af1-125,631,PLACEHOLDER
motos/supersport/aprilia-af1-af1-50.jpg,motos/supersport,Supersport,Aprilia,AF1,AF1 50,aprilia-af1-af1-50,631,PLACEHOLDER
motos/supersport/bimota-500-v-due-v-due-evoluzione.jpg,motos/supersport,Supersport,Bimota,500 V-Due,V-Due Evoluzione,bimota-500-v-due-v-due-evoluzione,631,PLACEHOLDER
motos/supersport/bimota-500-v-due-v-due-serie-original.jpg,motos/supersport,Supersport,Bimota,500 V-Due,V-Due (serie original),bimota-500-v-due-v-due-serie-original,631,PLACEHOLDER
motos/supersport/bimota-bb1-supermono-bb1.jpg,motos/supersport,Supersport,Bimota,BB1 Supermono,BB1,bimota-bb1-supermono-bb1,631,PLACEHOLDER
motos/supersport/bimota-db1-db1-s-sr.jpg,motos/supersport,Supersport,Bimota,DB1,DB1 (S / SR),bimota-db1-db1-s-sr,631,PLACEHOLDER
motos/supersport/bimota-db2-db2.jpg,motos/supersport,Supersport,Bimota,DB2,DB2,bimota-db2-db2,631,PLACEHOLDER
motos/supersport/bimota-hb1-hb1.jpg,motos/supersport,Supersport,Bimota,HB1,HB1,bimota-hb1-hb1,631,PLACEHOLDER
motos/supersport/bimota-hb2-hb2.jpg,motos/supersport,Supersport,Bimota,HB2,HB2,bimota-hb2-hb2,631,PLACEHOLDER
motos/supersport/bimota-hb3-hb3.jpg,motos/supersport,Supersport,Bimota,HB3,HB3,bimota-hb3-hb3,631,PLACEHOLDER
motos/supersport/bimota-kb1-kb1-t2.jpg,motos/supersport,Supersport,Bimota,KB1,KB1 (T2),bimota-kb1-kb1-t2,631,PLACEHOLDER
motos/supersport/bimota-kb2-kb2-laser.jpg,motos/supersport,Supersport,Bimota,KB2,KB2 Laser,bimota-kb2-kb2-laser,631,PLACEHOLDER
motos/supersport/bimota-kb3-kb3.jpg,motos/supersport,Supersport,Bimota,KB3,KB3,bimota-kb3-kb3,631,PLACEHOLDER
motos/supersport/bimota-sb1-sb1.jpg,motos/supersport,Supersport,Bimota,SB1,SB1,bimota-sb1-sb1,631,PLACEHOLDER
motos/supersport/bimota-sb2-sb2.jpg,motos/supersport,Supersport,Bimota,SB2,SB2,bimota-sb2-sb2,631,PLACEHOLDER
motos/supersport/bimota-sb3-sb3.jpg,motos/supersport,Supersport,Bimota,SB3,SB3,bimota-sb3-sb3,631,PLACEHOLDER
motos/supersport/bimota-sb4-sb4.jpg,motos/supersport,Supersport,Bimota,SB4,SB4,bimota-sb4-sb4,631,PLACEHOLDER
motos/supersport/bimota-sb5-sb5.jpg,motos/supersport,Supersport,Bimota,SB5,SB5,bimota-sb5-sb5,631,PLACEHOLDER
motos/supersport/bimota-sb6-sb6.jpg,motos/supersport,Supersport,Bimota,SB6,SB6,bimota-sb6-sb6,631,PLACEHOLDER
motos/supersport/bimota-sb6r-sb6r.jpg,motos/supersport,Supersport,Bimota,SB6R,SB6R,bimota-sb6r-sb6r,631,PLACEHOLDER
motos/supersport/bimota-sb7-sb7.jpg,motos/supersport,Supersport,Bimota,SB7,SB7,bimota-sb7-sb7,631,PLACEHOLDER
motos/supersport/bimota-sb8r-sb8r.jpg,motos/supersport,Supersport,Bimota,SB8R,SB8R,bimota-sb8r-sb8r,631,PLACEHOLDER
motos/supersport/bimota-tesi-1d-tesi-1-d.jpg,motos/supersport,Supersport,Bimota,Tesi 1D,Tesi 1/D,bimota-tesi-1d-tesi-1-d,631,PLACEHOLDER
motos/supersport/bimota-yb1-yb1.jpg,motos/supersport,Supersport,Bimota,YB1,YB1,bimota-yb1-yb1,631,PLACEHOLDER
motos/supersport/bimota-yb10-dieci-yb10-biposto.jpg,motos/supersport,Supersport,Bimota,YB10 Dieci,YB10 (Biposto),bimota-yb10-dieci-yb10-biposto,631,PLACEHOLDER
motos/supersport/bimota-yb11-superleggera-yb11.jpg,motos/supersport,Supersport,Bimota,YB11 Superleggera,YB11,bimota-yb11-superleggera-yb11,631,PLACEHOLDER
motos/supersport/bimota-yb4-yb4-r-ei.jpg,motos/supersport,Supersport,Bimota,YB4,YB4 (R / e.i.),bimota-yb4-yb4-r-ei,631,PLACEHOLDER
motos/supersport/bimota-yb6-yb6-exup-tuatara.jpg,motos/supersport,Supersport,Bimota,YB6,YB6 (EXUP / Tuatara),bimota-yb6-yb6-exup-tuatara,631,PLACEHOLDER
motos/supersport/bimota-yb7-yb7.jpg,motos/supersport,Supersport,Bimota,YB7,YB7,bimota-yb7-yb7,631,PLACEHOLDER
motos/supersport/bimota-yb8-yb8-furano.jpg,motos/supersport,Supersport,Bimota,YB8,YB8 (Furano),bimota-yb8-yb8-furano,631,PLACEHOLDER
motos/supersport/bimota-yb9-bellaria-yb9.jpg,motos/supersport,Supersport,Bimota,YB9 Bellaria,YB9,bimota-yb9-bellaria-yb9,631,PLACEHOLDER
motos/supersport/cagiva-alazzurra-350-alazzurra.jpg,motos/supersport,Supersport,Cagiva,Alazzurra 350,Alazzurra,cagiva-alazzurra-350-alazzurra,631,PLACEHOLDER
motos/supersport/cagiva-alazzurra-650-alazzurra.jpg,motos/supersport,Supersport,Cagiva,Alazzurra 650,Alazzurra,cagiva-alazzurra-650-alazzurra,631,PLACEHOLDER
motos/supersport/ducati-1000-mille-mhr-s2-mille-bevel.jpg,motos/supersport,Supersport,Ducati,1000 Mille,MHR / S2 Mille (bevel),ducati-1000-mille-mhr-s2-mille-bevel,631,PLACEHOLDER
motos/supersport/ducati-750-f1-750-f1.jpg,motos/supersport,Supersport,Ducati,750 F1,750 F1,ducati-750-f1-750-f1,631,PLACEHOLDER
motos/supersport/ducati-750-ss-750-bevel.jpg,motos/supersport,Supersport,Ducati,750 SS,750 (bevel),ducati-750-ss-750-bevel,631,PLACEHOLDER
motos/supersport/ducati-750-ss-supersport-carburacion.jpg,motos/supersport,Supersport,Ducati,750 SS,SuperSport (carburacion),ducati-750-ss-supersport-carburacion,631,PLACEHOLDER
motos/supersport/ducati-851-851-superbike.jpg,motos/supersport,Supersport,Ducati,851,851 (Superbike),ducati-851-851-superbike,631,PLACEHOLDER
motos/supersport/ducati-888-888-superbike.jpg,motos/supersport,Supersport,Ducati,888,888 (Superbike),ducati-888-888-superbike,631,PLACEHOLDER
motos/supersport/ducati-900-s2-900-s2-bevel.jpg,motos/supersport,Supersport,Ducati,900 S2,900 S2 (bevel),ducati-900-s2-900-s2-bevel,631,PLACEHOLDER
motos/supersport/ducati-900-ss-900-bevel.jpg,motos/supersport,Supersport,Ducati,900 SS,900 (bevel),ducati-900-ss-900-bevel,631,PLACEHOLDER
motos/supersport/ducati-900-ss-supersport-carburacion.jpg,motos/supersport,Supersport,Ducati,900 SS,SuperSport (carburacion),ducati-900-ss-supersport-carburacion,631,PLACEHOLDER
motos/supersport/ducati-900-superlight-900-sl-superlight.jpg,motos/supersport,Supersport,Ducati,900 Superlight,900 SL Superlight,ducati-900-superlight-900-sl-superlight,631,PLACEHOLDER
motos/supersport/ducati-916-916-superbike.jpg,motos/supersport,Supersport,Ducati,916,916 (Superbike),ducati-916-916-superbike,631,PLACEHOLDER
motos/supersport/ducati-916-sps-916-sps.jpg,motos/supersport,Supersport,Ducati,916 SPS,916 SPS,ducati-916-sps-916-sps,631,PLACEHOLDER
motos/supersport/ducati-mike-hailwood-replica-mhr-bevel.jpg,motos/supersport,Supersport,Ducati,Mike Hailwood Replica,MHR (bevel),ducati-mike-hailwood-replica-mhr-bevel,631,PLACEHOLDER
motos/supersport/ducati-pantah-500-sl-pantah.jpg,motos/supersport,Supersport,Ducati,Pantah 500 SL,Pantah,ducati-pantah-500-sl-pantah,631,PLACEHOLDER
motos/supersport/ducati-pantah-600-sl-pantah.jpg,motos/supersport,Supersport,Ducati,Pantah 600 SL,Pantah,ducati-pantah-600-sl-pantah,631,PLACEHOLDER
motos/supersport/ducati-pantah-650-sl-pantah.jpg,motos/supersport,Supersport,Ducati,Pantah 650 SL,Pantah,ducati-pantah-650-sl-pantah,631,PLACEHOLDER
motos/supersport/gilera-crono-crono-125.jpg,motos/supersport,Supersport,Gilera,Crono,Crono 125,gilera-crono-crono-125,631,PLACEHOLDER
motos/supersport/gilera-cx-cx-125.jpg,motos/supersport,Supersport,Gilera,CX,CX 125,gilera-cx-cx-125,631,PLACEHOLDER
motos/supersport/gilera-gfr-gfr-125.jpg,motos/supersport,Supersport,Gilera,GFR,GFR 125,gilera-gfr-gfr-125,631,PLACEHOLDER
motos/supersport/gilera-kk-kk-125.jpg,motos/supersport,Supersport,Gilera,KK,KK 125,gilera-kk-kk-125,631,PLACEHOLDER
motos/supersport/gilera-mx-mx1-mxr-125.jpg,motos/supersport,Supersport,Gilera,MX,MX1 / MXR 125,gilera-mx-mx1-mxr-125,631,PLACEHOLDER
motos/supersport/gilera-sp-sp-01-sp-02-sp-91.jpg,motos/supersport,Supersport,Gilera,SP,SP 01 / SP 02 / SP 91,gilera-sp-sp-01-sp-02-sp-91,631,PLACEHOLDER
motos/supersport/honda-cbr600f-cbr600f2-f3-pc25-pc31.jpg,motos/supersport,Supersport,Honda,CBR600F,CBR600F2/F3 (PC25/PC31),honda-cbr600f-cbr600f2-f3-pc25-pc31,631,PLACEHOLDER
motos/supersport/honda-cbr900rr-cbr900rr-fireblade-sc28-sc33.jpg,motos/supersport,Supersport,Honda,CBR900RR,CBR900RR FireBlade (SC28/SC33),honda-cbr900rr-cbr900rr-fireblade-sc28-sc33,631,PLACEHOLDER
motos/supersport/honda-nsr250r-nsr250r.jpg,motos/supersport,Supersport,Honda,NSR250R,NSR250R,honda-nsr250r-nsr250r,631,PLACEHOLDER
motos/supersport/kawasaki-gpx600r-zx600c-ninja-600r.jpg,motos/supersport,Supersport,Kawasaki,GPX600R,ZX600C (Ninja 600R),kawasaki-gpx600r-zx600c-ninja-600r,631,PLACEHOLDER
motos/supersport/kawasaki-gpz1100-kz1100-zx1100-gpz.jpg,motos/supersport,Supersport,Kawasaki,GPz1100,KZ1100 / ZX1100 GPz,kawasaki-gpz1100-kz1100-zx1100-gpz,631,PLACEHOLDER
motos/supersport/kawasaki-gpz550-kz550-gpz.jpg,motos/supersport,Supersport,Kawasaki,GPz550,KZ550 GPz,kawasaki-gpz550-kz550-gpz,631,PLACEHOLDER
motos/supersport/kawasaki-gpz600r-zx600a-ninja-600r.jpg,motos/supersport,Supersport,Kawasaki,GPZ600R,ZX600A (Ninja 600R),kawasaki-gpz600r-zx600a-ninja-600r,631,PLACEHOLDER
motos/supersport/kawasaki-gpz750-turbo-zx750e.jpg,motos/supersport,Supersport,Kawasaki,GPz750 Turbo,ZX750E,kawasaki-gpz750-turbo-zx750e,631,PLACEHOLDER
motos/supersport/kawasaki-gpz750-zx750-gpz-air-cooled.jpg,motos/supersport,Supersport,Kawasaki,GPz750,ZX750 GPz (air-cooled),kawasaki-gpz750-zx750-gpz-air-cooled,631,PLACEHOLDER
motos/supersport/kawasaki-ninja-zx-6r-zx600f.jpg,motos/supersport,Supersport,Kawasaki,Ninja ZX-6R,ZX600F,kawasaki-ninja-zx-6r-zx600f,631,PLACEHOLDER
motos/supersport/kawasaki-ninja-zx-6r-zx600g.jpg,motos/supersport,Supersport,Kawasaki,Ninja ZX-6R,ZX600G,kawasaki-ninja-zx-6r-zx600g,631,PLACEHOLDER
motos/supersport/kawasaki-ninja-zx-9r-zx900b.jpg,motos/supersport,Supersport,Kawasaki,Ninja ZX-9R,ZX900B,kawasaki-ninja-zx-9r-zx900b,631,PLACEHOLDER
motos/supersport/kawasaki-ninja-zx-9r-zx900c.jpg,motos/supersport,Supersport,Kawasaki,Ninja ZX-9R,ZX900C,kawasaki-ninja-zx-9r-zx900c,631,PLACEHOLDER
motos/supersport/kawasaki-zxr400-zx400-h-l.jpg,motos/supersport,Supersport,Kawasaki,ZXR400,ZX400 (H/L),kawasaki-zxr400-zx400-h-l,631,PLACEHOLDER
motos/supersport/kawasaki-zxr750-zx750-h-j-l-m.jpg,motos/supersport,Supersport,Kawasaki,ZXR750,ZX750 (H/J/L/M),kawasaki-zxr750-zx750-h-j-l-m,631,PLACEHOLDER
motos/supersport/kreidler-van-veen-kreidler-gp-50-gp-50-racing.jpg,motos/supersport,Supersport,Kreidler,Van Veen Kreidler GP 50,GP 50 (racing),kreidler-van-veen-kreidler-gp-50-gp-50-racing,631,PLACEHOLDER
motos/supersport/laverda-1000-sfc-1000-sfc.jpg,motos/supersport,Supersport,Laverda,1000 SFC,1000 SFC,laverda-1000-sfc-1000-sfc,631,PLACEHOLDER
motos/supersport/laverda-500-sfc-500-sfc.jpg,motos/supersport,Supersport,Laverda,500 SFC,500 SFC,laverda-500-sfc-500-sfc,631,PLACEHOLDER
motos/supersport/laverda-650-sport-650-ie-sport.jpg,motos/supersport,Supersport,Laverda,650 Sport,650 I.E. Sport,laverda-650-sport-650-ie-sport,631,PLACEHOLDER
motos/supersport/laverda-650-sport-650-sport-chasis-bakker.jpg,motos/supersport,Supersport,Laverda,650 Sport,650 Sport (chasis Bakker),laverda-650-sport-650-sport-chasis-bakker,631,PLACEHOLDER
motos/supersport/laverda-650-sport-650-sport-formula.jpg,motos/supersport,Supersport,Laverda,650 Sport,650 Sport Formula,laverda-650-sport-650-sport-formula,631,PLACEHOLDER
motos/supersport/laverda-668-sport-668-sport.jpg,motos/supersport,Supersport,Laverda,668 Sport,668 Sport,laverda-668-sport-668-sport,631,PLACEHOLDER
motos/supersport/laverda-750-sport-formula-750-sport-formula.jpg,motos/supersport,Supersport,Laverda,750 Sport Formula,750 Sport Formula,laverda-750-sport-formula-750-sport-formula,631,PLACEHOLDER
motos/supersport/laverda-750s-750s-chasis-bakker.jpg,motos/supersport,Supersport,Laverda,750S,750S (chasis Bakker),laverda-750s-750s-chasis-bakker,631,PLACEHOLDER
motos/supersport/matchless-g45-g45-racer.jpg,motos/supersport,Supersport,Matchless,G45,G45 (racer),matchless-g45-g45-racer,631,PLACEHOLDER
motos/supersport/matchless-g50-g50-racer.jpg,motos/supersport,Supersport,Matchless,G50,G50 (racer),matchless-g50-g50-racer,631,PLACEHOLDER
motos/supersport/moto-guzzi-daytona-1000-daytona-1000-ie.jpg,motos/supersport,Supersport,Moto Guzzi,Daytona 1000,Daytona 1000 IE,moto-guzzi-daytona-1000-daytona-1000-ie,631,PLACEHOLDER
motos/supersport/moto-guzzi-le-mans-le-mans-1000-mk-iv-v.jpg,motos/supersport,Supersport,Moto Guzzi,Le Mans,Le Mans 1000 (Mk IV/V),moto-guzzi-le-mans-le-mans-1000-mk-iv-v,631,PLACEHOLDER
motos/supersport/moto-guzzi-le-mans-le-mans-850-ii.jpg,motos/supersport,Supersport,Moto Guzzi,Le Mans,Le Mans 850 II,moto-guzzi-le-mans-le-mans-850-ii,631,PLACEHOLDER
motos/supersport/moto-guzzi-le-mans-le-mans-850-iii.jpg,motos/supersport,Supersport,Moto Guzzi,Le Mans,Le Mans 850 III,moto-guzzi-le-mans-le-mans-850-iii,631,PLACEHOLDER
motos/supersport/moto-guzzi-le-mans-le-mans-850-mk-i.jpg,motos/supersport,Supersport,Moto Guzzi,Le Mans,Le Mans 850 (Mk I),moto-guzzi-le-mans-le-mans-850-mk-i,631,PLACEHOLDER
motos/supersport/moto-guzzi-sport-1100-1100-sport-carb-e-inyecci-n.jpg,motos/supersport,Supersport,Moto Guzzi,Sport 1100,1100 Sport (carb. e inyección),moto-guzzi-sport-1100-1100-sport-carb-e-inyecci-n,631,PLACEHOLDER
motos/supersport/moto-morini-dart-dart-350.jpg,motos/supersport,Supersport,Moto Morini,Dart,Dart 350,moto-morini-dart-dart-350,631,PLACEHOLDER
motos/supersport/moto-morini-dart-dart-400.jpg,motos/supersport,Supersport,Moto Morini,Dart,Dart 400,moto-morini-dart-dart-400,631,PLACEHOLDER
motos/supersport/norton-f1-f1-rotativo.jpg,motos/supersport,Supersport,Norton,F1,F1 rotativo,norton-f1-f1-rotativo,631,PLACEHOLDER
motos/supersport/ossa-250-formula-3-b78.jpg,motos/supersport,Supersport,Ossa,250 Formula 3,B78,ossa-250-formula-3-b78,631,PLACEHOLDER
motos/supersport/suzuki-rg500-gamma-rg500.jpg,motos/supersport,Supersport,Suzuki,RG500 Gamma,RG500,suzuki-rg500-gamma-rg500,631,PLACEHOLDER
motos/supersport/suzuki-rgv250-gamma-rgv250-vj21-22.jpg,motos/supersport,Supersport,Suzuki,RGV250 Gamma,RGV250 (VJ21/22),suzuki-rgv250-gamma-rgv250-vj21-22,631,PLACEHOLDER
motos/supersport/triumph-daytona-1000-t300.jpg,motos/supersport,Supersport,Triumph,Daytona,1000 (T300),triumph-daytona-1000-t300,631,PLACEHOLDER
motos/supersport/triumph-daytona-1200-t300.jpg,motos/supersport,Supersport,Triumph,Daytona,1200 (T300),triumph-daytona-1200-t300,631,PLACEHOLDER
motos/supersport/triumph-daytona-750-t300.jpg,motos/supersport,Supersport,Triumph,Daytona,750 (T300),triumph-daytona-750-t300,631,PLACEHOLDER
motos/supersport/triumph-daytona-900-t300.jpg,motos/supersport,Supersport,Triumph,Daytona,900 (T300),triumph-daytona-900-t300,631,PLACEHOLDER
motos/supersport/triumph-daytona-super-iii.jpg,motos/supersport,Supersport,Triumph,Daytona,Super III,triumph-daytona-super-iii,631,PLACEHOLDER
motos/supersport/yamaha-fz600-fz600.jpg,motos/supersport,Supersport,Yamaha,FZ600,FZ600,yamaha-fz600-fz600,631,PLACEHOLDER
motos/supersport/yamaha-fz750-fz750-genesis-1fn.jpg,motos/supersport,Supersport,Yamaha,FZ750,FZ750 Genesis (1FN),yamaha-fz750-fz750-genesis-1fn,631,PLACEHOLDER
motos/supersport/yamaha-fzr1000-fzr1000-exup-3le.jpg,motos/supersport,Supersport,Yamaha,FZR1000,FZR1000 EXUP (3LE),yamaha-fzr1000-fzr1000-exup-3le,631,PLACEHOLDER
motos/supersport/yamaha-fzr600-fzr600-3he.jpg,motos/supersport,Supersport,Yamaha,FZR600,FZR600 (3HE),yamaha-fzr600-fzr600-3he,631,PLACEHOLDER
motos/supersport/yamaha-rd250lc-rd250lc-4l1.jpg,motos/supersport,Supersport,Yamaha,RD250LC,RD250LC (4L1),yamaha-rd250lc-rd250lc-4l1,631,PLACEHOLDER
motos/supersport/yamaha-rd350-ypvs-rd350-ypvs-rd350r-31k-1ww-3ym.jpg,motos/supersport,Supersport,Yamaha,RD350 YPVS,RD350 YPVS / RD350R (31K/1WW/3YM),yamaha-rd350-ypvs-rd350-ypvs-rd350r-31k-1ww-3ym,631,PLACEHOLDER
motos/supersport/yamaha-rd350lc-rd350lc-4l0.jpg,motos/supersport,Supersport,Yamaha,RD350LC,RD350LC (4L0),yamaha-rd350lc-rd350lc-4l0,631,PLACEHOLDER
motos/supersport/yamaha-rd500lc-rd500lc-rz500-1ge.jpg,motos/supersport,Supersport,Yamaha,RD500LC,RD500LC / RZ500 (1GE),yamaha-rd500lc-rd500lc-rz500-1ge,631,PLACEHOLDER
motos/supersport/yamaha-trx850-trx850-4nx-4un.jpg,motos/supersport,Supersport,Yamaha,TRX850,TRX850 (4NX/4UN),yamaha-trx850-trx850-4nx-4un,631,PLACEHOLDER
motos/supersport/yamaha-tzr250-tzr250-1kt-2xt-3xv.jpg,motos/supersport,Supersport,Yamaha,TZR250,TZR250 (1KT/2XT/3XV),yamaha-tzr250-tzr250-1kt-2xt-3xv,631,PLACEHOLDER
motos/supersport/yamaha-yzf-r7-yzf-r7-ow02-rj01.jpg,motos/supersport,Supersport,Yamaha,YZF-R7,YZF-R7 OW02 (RJ01),yamaha-yzf-r7-yzf-r7-ow02-rj01,631,PLACEHOLDER
motos/supersport/yamaha-yzf750-yzf750r-sp-4hn.jpg,motos/supersport,Supersport,Yamaha,YZF750,YZF750R / SP (4HN),yamaha-yzf750-yzf750r-sp-4hn,631,PLACEHOLDER
motos/trial/aprilia-climber-climber-280.jpg,motos/trial,Trial,Aprilia,Climber,Climber 280,aprilia-climber-climber-280,631,PLACEHOLDER
motos/trial/beta-techno-techno.jpg,motos/trial,Trial,Beta,Techno,Techno,beta-techno-techno,631,PLACEHOLDER
motos/trial/bultaco-chispa-chispa-49.jpg,motos/trial,Trial,Bultaco,Chispa,Chispa 49,bultaco-chispa-chispa-49,631,PLACEHOLDER
motos/trial/bultaco-sherpa-t-sherpa-t-modelo-10.jpg,motos/trial,Trial,Bultaco,Sherpa T,Sherpa T Modelo 10,bultaco-sherpa-t-sherpa-t-modelo-10,631,PLACEHOLDER
motos/trial/bultaco-sherpa-t-sherpa-t-modelo-124-125.jpg,motos/trial,Trial,Bultaco,Sherpa T,Sherpa T Modelo 124/125,bultaco-sherpa-t-sherpa-t-modelo-124-125,631,PLACEHOLDER
motos/trial/bultaco-sherpa-t-sherpa-t-modelo-158-159.jpg,motos/trial,Trial,Bultaco,Sherpa T,Sherpa T Modelo 158/159,bultaco-sherpa-t-sherpa-t-modelo-158-159,631,PLACEHOLDER
motos/trial/bultaco-sherpa-t-sherpa-t-modelo-198-199.jpg,motos/trial,Trial,Bultaco,Sherpa T,Sherpa T Modelo 198/199,bultaco-sherpa-t-sherpa-t-modelo-198-199,631,PLACEHOLDER
motos/trial/bultaco-sherpa-t-sherpa-t-modelo-27.jpg,motos/trial,Trial,Bultaco,Sherpa T,Sherpa T Modelo 27,bultaco-sherpa-t-sherpa-t-modelo-27,631,PLACEHOLDER
motos/trial/bultaco-sherpa-t-sherpa-t-modelo-49.jpg,motos/trial,Trial,Bultaco,Sherpa T,Sherpa T Modelo 49,bultaco-sherpa-t-sherpa-t-modelo-49,631,PLACEHOLDER
motos/trial/bultaco-sherpa-t-sherpa-t-modelo-80.jpg,motos/trial,Trial,Bultaco,Sherpa T,Sherpa T Modelo 80,bultaco-sherpa-t-sherpa-t-modelo-80,631,PLACEHOLDER
motos/trial/bultaco-sherpa-t-sherpa-t-modelo-91-92.jpg,motos/trial,Trial,Bultaco,Sherpa T,Sherpa T Modelo 91/92,bultaco-sherpa-t-sherpa-t-modelo-91-92,631,PLACEHOLDER
motos/trial/gasgas-contact-contact-gt.jpg,motos/trial,Trial,GasGas,Contact,Contact GT,gasgas-contact-contact-gt,631,PLACEHOLDER
motos/trial/gasgas-contact-contact-jt.jpg,motos/trial,Trial,GasGas,Contact,Contact JT,gasgas-contact-contact-jt,631,PLACEHOLDER
motos/trial/gasgas-contact-contact-jtr.jpg,motos/trial,Trial,GasGas,Contact,Contact JTR,gasgas-contact-contact-jtr,631,PLACEHOLDER
motos/trial/gasgas-contact-contact-jtx.jpg,motos/trial,Trial,GasGas,Contact,Contact JTX,gasgas-contact-contact-jtx,631,PLACEHOLDER
motos/trial/gasgas-delta-delta-gt.jpg,motos/trial,Trial,GasGas,Delta,Delta GT,gasgas-delta-delta-gt,631,PLACEHOLDER
motos/trial/gasgas-trial-trial-250-aire.jpg,motos/trial,Trial,GasGas,Trial,Trial 250 (Aire),gasgas-trial-trial-250-aire,631,PLACEHOLDER
motos/trial/gasgas-trial-trial-327-aire.jpg,motos/trial,Trial,GasGas,Trial,Trial 327 (Aire),gasgas-trial-trial-327-aire,631,PLACEHOLDER
motos/trial/gasgas-tx-tx.jpg,motos/trial,Trial,GasGas,TX,TX,gasgas-tx-tx,631,PLACEHOLDER
motos/trial/gilera-50-5v-trial-50-5v-trial.jpg,motos/trial,Trial,Gilera,50 5V Trial,50 5V Trial,gilera-50-5v-trial-50-5v-trial,631,PLACEHOLDER
motos/trial/greeves-anglian-24tgs-24thsa-24thsb-24tjsb.jpg,motos/trial,Trial,Greeves,Anglian,24TGS / 24THSA / 24THSB / 24TJSB,greeves-anglian-24tgs-24thsa-24thsb-24tjsb,631,PLACEHOLDER
motos/trial/greeves-pathfinder-pathfinder-puch.jpg,motos/trial,Trial,Greeves,Pathfinder,Pathfinder (Puch),greeves-pathfinder-pathfinder-puch,631,PLACEHOLDER
motos/trial/greeves-scottish-20ta-20tas-20tc-197-cc.jpg,motos/trial,Trial,Greeves,Scottish,20TA / 20TAS / 20TC (197 cc),greeves-scottish-20ta-20tas-20tc-197-cc,631,PLACEHOLDER
motos/trial/greeves-scottish-24tcs-24tds-24te-s-24tfs-246-cc.jpg,motos/trial,Trial,Greeves,Scottish,24TCS / 24TDS / 24TE(S) / 24TFS (246 cc),greeves-scottish-24tcs-24tds-24te-s-24tfs-246-cc,631,PLACEHOLDER
motos/trial/greeves-wessex-24tj.jpg,motos/trial,Trial,Greeves,Wessex,24TJ,greeves-wessex-24tj,631,PLACEHOLDER
motos/trial/montesa-250-trial-250-trial-11m.jpg,motos/trial,Trial,Montesa,250 Trial,250 Trial (11M),montesa-250-trial-250-trial-11m,631,PLACEHOLDER
motos/trial/montesa-cota-123-cota-123-28m.jpg,motos/trial,Trial,Montesa,Cota 123,Cota 123 (28M),montesa-cota-123-cota-123-28m,631,PLACEHOLDER
motos/trial/montesa-cota-172-cota-172-19m.jpg,motos/trial,Trial,Montesa,Cota 172,Cota 172 (19M),montesa-cota-172-cota-172-19m,631,PLACEHOLDER
motos/trial/montesa-cota-200-cota-200.jpg,motos/trial,Trial,Montesa,Cota 200,Cota 200,montesa-cota-200-cota-200,631,PLACEHOLDER
motos/trial/montesa-cota-242-cota-242.jpg,motos/trial,Trial,Montesa,Cota 242,Cota 242,montesa-cota-242-cota-242,631,PLACEHOLDER
motos/trial/montesa-cota-247-cota-247-21m.jpg,motos/trial,Trial,Montesa,Cota 247,Cota 247 (21M),montesa-cota-247-cota-247-21m,631,PLACEHOLDER
motos/trial/montesa-cota-247-cota-247-c.jpg,motos/trial,Trial,Montesa,Cota 247,Cota 247 C,montesa-cota-247-cota-247-c,631,PLACEHOLDER
motos/trial/montesa-cota-248-cota-248.jpg,motos/trial,Trial,Montesa,Cota 248,Cota 248,montesa-cota-248-cota-248,631,PLACEHOLDER
motos/trial/montesa-cota-25-cota-25-20m.jpg,motos/trial,Trial,Montesa,Cota 25,Cota 25 (20M),montesa-cota-25-cota-25-20m,631,PLACEHOLDER
motos/trial/montesa-cota-304-cota-304.jpg,motos/trial,Trial,Montesa,Cota 304,Cota 304,montesa-cota-304-cota-304,631,PLACEHOLDER
motos/trial/montesa-cota-307-cota-307.jpg,motos/trial,Trial,Montesa,Cota 307,Cota 307,montesa-cota-307-cota-307,631,PLACEHOLDER
motos/trial/montesa-cota-309-cota-309.jpg,motos/trial,Trial,Montesa,Cota 309,Cota 309,montesa-cota-309-cota-309,631,PLACEHOLDER
motos/trial/montesa-cota-310-cota-310.jpg,motos/trial,Trial,Montesa,Cota 310,Cota 310,montesa-cota-310-cota-310,631,PLACEHOLDER
motos/trial/montesa-cota-311-cota-311.jpg,motos/trial,Trial,Montesa,Cota 311,Cota 311,montesa-cota-311-cota-311,631,PLACEHOLDER
motos/trial/montesa-cota-314-r-cota-314-r.jpg,motos/trial,Trial,Montesa,Cota 314 R,Cota 314 R,montesa-cota-314-r-cota-314-r,631,PLACEHOLDER
motos/trial/montesa-cota-330-cota-330.jpg,motos/trial,Trial,Montesa,Cota 330,Cota 330,montesa-cota-330-cota-330,631,PLACEHOLDER
motos/trial/montesa-cota-335-cota-335.jpg,motos/trial,Trial,Montesa,Cota 335,Cota 335,montesa-cota-335-cota-335,631,PLACEHOLDER
motos/trial/montesa-cota-348-cota-348-51m.jpg,motos/trial,Trial,Montesa,Cota 348,Cota 348 (51M),montesa-cota-348-cota-348-51m,631,PLACEHOLDER
motos/trial/montesa-cota-349-cota-349.jpg,motos/trial,Trial,Montesa,Cota 349,Cota 349,montesa-cota-349-cota-349,631,PLACEHOLDER
motos/trial/montesa-cota-350-cota-350.jpg,motos/trial,Trial,Montesa,Cota 350,Cota 350,montesa-cota-350-cota-350,631,PLACEHOLDER
motos/trial/montesa-cota-49-cota-49.jpg,motos/trial,Trial,Montesa,Cota 49,Cota 49,montesa-cota-49-cota-49,631,PLACEHOLDER
motos/trial/montesa-cota-50-cota-50.jpg,motos/trial,Trial,Montesa,Cota 50,Cota 50,montesa-cota-50-cota-50,631,PLACEHOLDER
motos/trial/montesa-cota-74-cota-74-16m.jpg,motos/trial,Trial,Montesa,Cota 74,Cota 74 (16M),montesa-cota-74-cota-74-16m,631,PLACEHOLDER
motos/trial/montesa-cota-80-cota-80-32m.jpg,motos/trial,Trial,Montesa,Cota 80,Cota 80 (32M),montesa-cota-80-cota-80-32m,631,PLACEHOLDER
motos/trial/norton-500t-500t.jpg,motos/trial,Trial,Norton,500T,500T,norton-500t-500t,631,PLACEHOLDER
motos/trial/ossa-mar-250-74-b22-2a-serie.jpg,motos/trial,Trial,Ossa,MAR 250/74,B22 (2a serie),ossa-mar-250-74-b22-2a-serie,631,PLACEHOLDER
motos/trial/ossa-mar-250-b34-1a-serie.jpg,motos/trial,Trial,Ossa,MAR 250,B34 (1a serie),ossa-mar-250-b34-1a-serie,631,PLACEHOLDER
motos/trial/ossa-mar-350-76-b24-2a-serie.jpg,motos/trial,Trial,Ossa,MAR 350/76,B24 (2a serie),ossa-mar-350-76-b24-2a-serie,631,PLACEHOLDER
motos/trial/ossa-mar-350-b24-1a-serie.jpg,motos/trial,Trial,Ossa,MAR 350,B24 (1a serie),ossa-mar-350-b24-1a-serie,631,PLACEHOLDER
motos/trial/ossa-pluma-230-b27-1a-serie.jpg,motos/trial,Trial,Ossa,Pluma 230,B27 (1a serie),ossa-pluma-230-b27-1a-serie,631,PLACEHOLDER
motos/trial/ossa-pluma-250-b27-2a-serie.jpg,motos/trial,Trial,Ossa,Pluma 250,B27 (2a serie),ossa-pluma-250-b27-2a-serie,631,PLACEHOLDER
motos/trial/ossa-tr-80-250-b76.jpg,motos/trial,Trial,Ossa,TR 80 250,B76,ossa-tr-80-250-b76,631,PLACEHOLDER
motos/trial/ossa-tr-80-350-b73.jpg,motos/trial,Trial,Ossa,TR 80 350,B73,ossa-tr-80-350-b73,631,PLACEHOLDER
motos/trial/ossa-trial-250-77-b72.jpg,motos/trial,Trial,Ossa,Trial 250/77,B72,ossa-trial-250-77-b72,631,PLACEHOLDER
motos/trial/ossa-trial-303-b120.jpg,motos/trial,Trial,Ossa,Trial 303,B120,ossa-trial-303-b120,631,PLACEHOLDER
motos/trial/ossa-trial-350-77-b71.jpg,motos/trial,Trial,Ossa,Trial 350/77,B71,ossa-trial-350-77-b71,631,PLACEHOLDER
vehiculos/bus/aec-bridgemaster-bridgemaster.jpg,vehiculos/bus,Bus,AEC,Bridgemaster,Bridgemaster,aec-bridgemaster-bridgemaster,631,PLACEHOLDER
vehiculos/bus/aec-merlin-merlin-london-transport-swift.jpg,vehiculos/bus,Bus,AEC,Merlin,Merlin (London Transport Swift),aec-merlin-merlin-london-transport-swift,631,PLACEHOLDER
vehiculos/bus/aec-regal-iv-regal-iv.jpg,vehiculos/bus,Bus,AEC,Regal IV,Regal IV,aec-regal-iv-regal-iv,631,PLACEHOLDER
vehiculos/bus/aec-regal-regal-662-o662.jpg,vehiculos/bus,Bus,AEC,Regal,Regal 662/O662,aec-regal-regal-662-o662,631,PLACEHOLDER
vehiculos/bus/aec-regent-iii-regent-iii-provincial.jpg,vehiculos/bus,Bus,AEC,Regent III,Regent III (provincial),aec-regent-iii-regent-iii-provincial,631,PLACEHOLDER
vehiculos/bus/aec-regent-iii-rt-type.jpg,vehiculos/bus,Bus,AEC,Regent III,RT-type,aec-regent-iii-rt-type,631,PLACEHOLDER
vehiculos/bus/aec-regent-regent-661-o661.jpg,vehiculos/bus,Bus,AEC,Regent,Regent 661/O661,aec-regent-regent-661-o661,631,PLACEHOLDER
vehiculos/bus/aec-regent-v-regent-v.jpg,vehiculos/bus,Bus,AEC,Regent V,Regent V,aec-regent-v-regent-v,631,PLACEHOLDER
vehiculos/bus/aec-reliance-reliance-early.jpg,vehiculos/bus,Bus,AEC,Reliance,Reliance (early),aec-reliance-reliance-early,631,PLACEHOLDER
vehiculos/bus/aec-reliance-reliance.jpg,vehiculos/bus,Bus,AEC,Reliance,Reliance,aec-reliance-reliance,631,PLACEHOLDER
vehiculos/bus/aec-renown-renown-1962.jpg,vehiculos/bus,Bus,AEC,Renown,Renown (1962),aec-renown-renown-1962,631,PLACEHOLDER
vehiculos/bus/aec-routemaster-rm.jpg,vehiculos/bus,Bus,AEC,Routemaster,RM,aec-routemaster-rm,631,PLACEHOLDER
vehiculos/bus/aec-swift-swift.jpg,vehiculos/bus,Bus,AEC,Swift,Swift,aec-swift-swift,631,PLACEHOLDER
vehiculos/bus/albion-aberdonian-aberdonian-mr11.jpg,vehiculos/bus,Bus,Albion,Aberdonian,Aberdonian MR11,albion-aberdonian-aberdonian-mr11,631,PLACEHOLDER
vehiculos/bus/albion-clydesdale-clydesdale-chasis-de-autobus.jpg,vehiculos/bus,Bus,Albion,Clydesdale,Clydesdale (chasis de autobus),albion-clydesdale-clydesdale-chasis-de-autobus,631,PLACEHOLDER
vehiculos/bus/albion-lowlander-lowlander-lr1-lr3-lr5-lr7-2-pisos.jpg,vehiculos/bus,Bus,Albion,Lowlander,Lowlander LR1/LR3/LR5/LR7 (2 pisos),albion-lowlander-lowlander-lr1-lr3-lr5-lr7-2-pisos,631,PLACEHOLDER
vehiculos/bus/albion-nimbus-nimbus-mr9n.jpg,vehiculos/bus,Bus,Albion,Nimbus,Nimbus MR9N,albion-nimbus-nimbus-mr9n,631,PLACEHOLDER
vehiculos/bus/albion-nimbus-nimbus-ns3an.jpg,vehiculos/bus,Bus,Albion,Nimbus,Nimbus NS3AN,albion-nimbus-nimbus-ns3an,631,PLACEHOLDER
vehiculos/bus/albion-nimbus-nimbus-ns3n.jpg,vehiculos/bus,Bus,Albion,Nimbus,Nimbus NS3N,albion-nimbus-nimbus-ns3n,631,PLACEHOLDER
vehiculos/bus/albion-valkyrie-cx-valkyrie-cx-cx13.jpg,vehiculos/bus,Bus,Albion,Valkyrie CX,Valkyrie CX (CX13),albion-valkyrie-cx-valkyrie-cx-cx13,631,PLACEHOLDER
vehiculos/bus/albion-venturer-cx-venturer-cx-cx19-2-pisos.jpg,vehiculos/bus,Bus,Albion,Venturer CX,"Venturer CX (CX19, 2 pisos)",albion-venturer-cx-venturer-cx-cx19-2-pisos,631,PLACEHOLDER
vehiculos/bus/albion-venturer-venturer-preguerra-2-pisos.jpg,vehiculos/bus,Bus,Albion,Venturer,"Venturer (preguerra, 2 pisos)",albion-venturer-venturer-preguerra-2-pisos,631,PLACEHOLDER
vehiculos/bus/albion-victor-ft-victor-ft39.jpg,vehiculos/bus,Bus,Albion,Victor FT,Victor FT39,albion-victor-ft-victor-ft39,631,PLACEHOLDER
vehiculos/bus/albion-victor-victor-preguerra.jpg,vehiculos/bus,Bus,Albion,Victor,Victor (preguerra),albion-victor-victor-preguerra,631,PLACEHOLDER
vehiculos/bus/albion-victor-vt-victor-vt15.jpg,vehiculos/bus,Bus,Albion,Victor VT,Victor VT15,albion-victor-vt-victor-vt15,631,PLACEHOLDER
vehiculos/bus/albion-victor-vt-victor-vt17.jpg,vehiculos/bus,Bus,Albion,Victor VT,Victor VT17,albion-victor-vt-victor-vt17,631,PLACEHOLDER
vehiculos/bus/albion-victor-vt-victor-vt17b.jpg,vehiculos/bus,Bus,Albion,Victor VT,Victor VT17B,albion-victor-vt-victor-vt17b,631,PLACEHOLDER
vehiculos/bus/albion-viking-vk-viking-vk41-motor-delantero.jpg,vehiculos/bus,Bus,Albion,Viking VK,Viking VK41 (motor delantero),albion-viking-vk-viking-vk41-motor-delantero,631,PLACEHOLDER
vehiculos/bus/albion-viking-vk-viking-vk43-motor-trasero.jpg,vehiculos/bus,Bus,Albion,Viking VK,Viking VK43 (motor trasero),albion-viking-vk-viking-vk43-motor-trasero,631,PLACEHOLDER
vehiculos/bus/bedford-ob-ob-chasis-autocar.jpg,vehiculos/bus,Bus,Bedford,OB,OB (chasis autocar),bedford-ob-ob-chasis-autocar,631,PLACEHOLDER
vehiculos/bus/bedford-sb-sb-sbg-sb3.jpg,vehiculos/bus,Bus,Bedford,SB,SB / SBG / SB3,bedford-sb-sb-sbg-sb3,631,PLACEHOLDER
vehiculos/bus/bedford-sb-sb1.jpg,vehiculos/bus,Bus,Bedford,SB,SB1,bedford-sb-sb1,631,PLACEHOLDER
vehiculos/bus/bedford-sb-sb13.jpg,vehiculos/bus,Bus,Bedford,SB,SB13,bedford-sb-sb13,631,PLACEHOLDER
vehiculos/bus/bedford-sb-sb5.jpg,vehiculos/bus,Bus,Bedford,SB,SB5,bedford-sb-sb5,631,PLACEHOLDER
vehiculos/bus/bedford-sb-sb8.jpg,vehiculos/bus,Bus,Bedford,SB,SB8,bedford-sb-sb8,631,PLACEHOLDER
vehiculos/bus/bedford-sb-sbo.jpg,vehiculos/bus,Bus,Bedford,SB,SBO,bedford-sb-sbo,631,PLACEHOLDER
vehiculos/bus/bedford-val-val14.jpg,vehiculos/bus,Bus,Bedford,VAL,VAL14,bedford-val-val14,631,PLACEHOLDER
vehiculos/bus/bedford-val-val70.jpg,vehiculos/bus,Bus,Bedford,VAL,VAL70,bedford-val-val70,631,PLACEHOLDER
vehiculos/bus/bedford-vam-vam14.jpg,vehiculos/bus,Bus,Bedford,VAM,VAM14,bedford-vam-vam14,631,PLACEHOLDER
vehiculos/bus/bedford-vam-vam3.jpg,vehiculos/bus,Bus,Bedford,VAM,VAM3,bedford-vam-vam3,631,PLACEHOLDER
vehiculos/bus/bedford-vam-vam5.jpg,vehiculos/bus,Bus,Bedford,VAM,VAM5,bedford-vam-vam5,631,PLACEHOLDER
vehiculos/bus/bedford-vam-vam70.jpg,vehiculos/bus,Bus,Bedford,VAM,VAM70,bedford-vam-vam70,631,PLACEHOLDER
vehiculos/bus/bedford-y-series-ylq-10-m.jpg,vehiculos/bus,Bus,Bedford,Y series,YLQ (10 m),bedford-y-series-ylq-10-m,631,PLACEHOLDER
vehiculos/bus/bedford-y-series-ymt-11-m.jpg,vehiculos/bus,Bus,Bedford,Y series,YMT (11 m),bedford-y-series-ymt-11-m,631,PLACEHOLDER
vehiculos/bus/bedford-y-series-ynt-11-m.jpg,vehiculos/bus,Bus,Bedford,Y series,YNT (11 m),bedford-y-series-ynt-11-m,631,PLACEHOLDER
vehiculos/bus/bedford-y-series-ynv-venturer-12-m.jpg,vehiculos/bus,Bus,Bedford,Y series,YNV Venturer (12 m),bedford-y-series-ynv-venturer-12-m,631,PLACEHOLDER
vehiculos/bus/bedford-y-series-yrq-10-m.jpg,vehiculos/bus,Bus,Bedford,Y series,YRQ (10 m),bedford-y-series-yrq-10-m,631,PLACEHOLDER
vehiculos/bus/bedford-y-series-yrt-11-m.jpg,vehiculos/bus,Bus,Bedford,Y series,YRT (11 m),bedford-y-series-yrt-11-m,631,PLACEHOLDER
vehiculos/bus/bianchi-miles-miles-autobus.jpg,vehiculos/bus,Bus,Bianchi,Miles,Miles (autobus),bianchi-miles-miles-autobus,631,PLACEHOLDER
vehiculos/bus/checker-series-e-series-e.jpg,vehiculos/bus,Bus,Checker,Series E,Series E,checker-series-e-series-e,631,PLACEHOLDER
vehiculos/bus/commer-avenger-avenger-mk-ii-iii-iv.jpg,vehiculos/bus,Bus,Commer,Avenger,Avenger Mk II / III / IV,commer-avenger-avenger-mk-ii-iii-iv,631,PLACEHOLDER
vehiculos/bus/daimler-cv-cvg6.jpg,vehiculos/bus,Bus,Daimler,CV,CVG6,daimler-cv-cvg6,631,PLACEHOLDER
vehiculos/bus/daimler-cw-cw-utility-tiempo-de-guerra.jpg,vehiculos/bus,Bus,Daimler,CW,"CW (utility, tiempo de guerra)",daimler-cw-cw-utility-tiempo-de-guerra,631,PLACEHOLDER
vehiculos/bus/daimler-fleetline-fleetline-crg6-marca-daimler.jpg,vehiculos/bus,Bus,Daimler,Fleetline,Fleetline CRG6 (marca Daimler),daimler-fleetline-fleetline-crg6-marca-daimler,631,PLACEHOLDER
vehiculos/bus/daimler-freeline-freeline.jpg,vehiculos/bus,Bus,Daimler,Freeline,Freeline,daimler-freeline-freeline,631,PLACEHOLDER
vehiculos/bus/daimler-roadliner-roadliner.jpg,vehiculos/bus,Bus,Daimler,Roadliner,Roadliner,daimler-roadliner-roadliner,631,PLACEHOLDER
vehiculos/bus/fuso-aero-bus-1a-gen-ms.jpg,vehiculos/bus,Bus,Fuso,Aero Bus,1a gen (MS),fuso-aero-bus-1a-gen-ms,631,PLACEHOLDER
vehiculos/bus/fuso-aero-star-1a-gen-mp.jpg,vehiculos/bus,Bus,Fuso,Aero Star,1a gen (MP),fuso-aero-star-1a-gen-mp,631,PLACEHOLDER
vehiculos/bus/fuso-rosa-2a-gen.jpg,vehiculos/bus,Bus,Fuso,Rosa,2a gen,fuso-rosa-2a-gen,631,PLACEHOLDER
vehiculos/bus/fuso-rosa-3a-gen-be4.jpg,vehiculos/bus,Bus,Fuso,Rosa,3a gen (BE4),fuso-rosa-3a-gen-be4,631,PLACEHOLDER
vehiculos/bus/guy-arab-arab-fd-fdx-prebelica.jpg,vehiculos/bus,Bus,Guy,Arab,Arab (FD/FDX) prebelica,guy-arab-arab-fd-fdx-prebelica,631,PLACEHOLDER
vehiculos/bus/guy-arab-arab-mk-i.jpg,vehiculos/bus,Bus,Guy,Arab,Arab Mk I,guy-arab-arab-mk-i,631,PLACEHOLDER
vehiculos/bus/guy-arab-arab-mk-ii.jpg,vehiculos/bus,Bus,Guy,Arab,Arab Mk II,guy-arab-arab-mk-ii,631,PLACEHOLDER
vehiculos/bus/guy-arab-arab-mk-iii.jpg,vehiculos/bus,Bus,Guy,Arab,Arab Mk III,guy-arab-arab-mk-iii,631,PLACEHOLDER
vehiculos/bus/guy-arab-arab-mk-iv.jpg,vehiculos/bus,Bus,Guy,Arab,Arab Mk IV,guy-arab-arab-mk-iv,631,PLACEHOLDER
vehiculos/bus/guy-arab-arab-mk-v.jpg,vehiculos/bus,Bus,Guy,Arab,Arab Mk V,guy-arab-arab-mk-v,631,PLACEHOLDER
vehiculos/bus/guy-arab-luf-arab-luf.jpg,vehiculos/bus,Bus,Guy,Arab LUF,Arab LUF,guy-arab-luf-arab-luf,631,PLACEHOLDER
vehiculos/bus/guy-arab-uf-arab-uf.jpg,vehiculos/bus,Bus,Guy,Arab UF,Arab UF,guy-arab-uf-arab-uf,631,PLACEHOLDER
vehiculos/bus/guy-victory-victory-j.jpg,vehiculos/bus,Bus,Guy,Victory,Victory J,guy-victory-victory-j,631,PLACEHOLDER
vehiculos/bus/guy-wulfrunian-wulfrunian.jpg,vehiculos/bus,Bus,Guy,Wulfrunian,Wulfrunian,guy-wulfrunian-wulfrunian,631,PLACEHOLDER
vehiculos/bus/hanomag-f20-f25-f30-f35-harburger-transporter-kleinbus.jpg,vehiculos/bus,Bus,Hanomag,F20 / F25 / F30 / F35,Harburger Transporter Kleinbus,hanomag-f20-f25-f30-f35-harburger-transporter-kleinbus,631,PLACEHOLDER
vehiculos/bus/hino-blue-ribbon-blue-ribbon-ht-hu22.jpg,vehiculos/bus,Bus,Hino,Blue Ribbon,Blue Ribbon HT/HU22,hino-blue-ribbon-blue-ribbon-ht-hu22,631,PLACEHOLDER
vehiculos/bus/hino-blue-ribbon-blue-ribbon-hu2m-u.jpg,vehiculos/bus,Bus,Hino,Blue Ribbon,Blue Ribbon HU2M (U-),hino-blue-ribbon-blue-ribbon-hu2m-u,631,PLACEHOLDER
vehiculos/bus/hino-blue-ribbon-blue-ribbon-rt-ru22.jpg,vehiculos/bus,Bus,Hino,Blue Ribbon,Blue Ribbon RT/RU22,hino-blue-ribbon-blue-ribbon-rt-ru22,631,PLACEHOLDER
vehiculos/bus/ifa-h3b-h3b.jpg,vehiculos/bus,Bus,IFA,H3B,H3B,ifa-h3b-h3b,631,PLACEHOLDER
vehiculos/bus/ifa-h6b-h6b.jpg,vehiculos/bus,Bus,IFA,H6B,H6B,ifa-h6b-h6b,631,PLACEHOLDER
vehiculos/bus/kenworth-pacific-school-coach-model-t-pacific.jpg,vehiculos/bus,Bus,Kenworth,Pacific School Coach,Model T (Pacific),kenworth-pacific-school-coach-model-t-pacific,631,PLACEHOLDER
vehiculos/bus/leyland-atlantean-atlantean-an68.jpg,vehiculos/bus,Bus,Leyland,Atlantean,Atlantean AN68,leyland-atlantean-atlantean-an68,631,PLACEHOLDER
vehiculos/bus/leyland-atlantean-atlantean-an69.jpg,vehiculos/bus,Bus,Leyland,Atlantean,Atlantean AN69,leyland-atlantean-atlantean-an69,631,PLACEHOLDER
vehiculos/bus/leyland-atlantean-atlantean-pdr.jpg,vehiculos/bus,Bus,Leyland,Atlantean,Atlantean PDR,leyland-atlantean-atlantean-pdr,631,PLACEHOLDER
vehiculos/bus/leyland-fleetline-fleetline-badge-leyland.jpg,vehiculos/bus,Bus,Leyland,Fleetline,Fleetline (badge Leyland),leyland-fleetline-fleetline-badge-leyland,631,PLACEHOLDER
vehiculos/bus/leyland-leopard-leopard-l-psu3-psu4-psu5.jpg,vehiculos/bus,Bus,Leyland,Leopard,Leopard (L / PSU3 / PSU4 / PSU5),leyland-leopard-leopard-l-psu3-psu4-psu5,631,PLACEHOLDER
vehiculos/bus/leyland-leopard-leopard-psu3-psu4-psu5.jpg,vehiculos/bus,Bus,Leyland,Leopard,Leopard (PSU3 / PSU4 / PSU5),leyland-leopard-leopard-psu3-psu4-psu5,631,PLACEHOLDER
vehiculos/bus/leyland-leopard-leopard-serie-final.jpg,vehiculos/bus,Bus,Leyland,Leopard,Leopard (serie final),leyland-leopard-leopard-serie-final,631,PLACEHOLDER
vehiculos/bus/leyland-lynx-lynx-ii.jpg,vehiculos/bus,Bus,Leyland,Lynx,Lynx II,leyland-lynx-lynx-ii,631,PLACEHOLDER
vehiculos/bus/leyland-lynx-lynx.jpg,vehiculos/bus,Bus,Leyland,Lynx,Lynx,leyland-lynx-lynx,631,PLACEHOLDER
vehiculos/bus/leyland-national-national-2.jpg,vehiculos/bus,Bus,Leyland,National,National 2,leyland-national-national-2,631,PLACEHOLDER
vehiculos/bus/leyland-national-national-mk1.jpg,vehiculos/bus,Bus,Leyland,National,National Mk1,leyland-national-national-mk1,631,PLACEHOLDER
vehiculos/bus/leyland-national-national-series-b.jpg,vehiculos/bus,Bus,Leyland,National,National Series B,leyland-national-national-series-b,631,PLACEHOLDER
vehiculos/bus/leyland-olympian-olympian.jpg,vehiculos/bus,Bus,Leyland,Olympian,Olympian,leyland-olympian-olympian,631,PLACEHOLDER
vehiculos/bus/leyland-royal-tiger-royal-tiger-b50-doyen.jpg,vehiculos/bus,Bus,Leyland,Royal Tiger,Royal Tiger B50 Doyen,leyland-royal-tiger-royal-tiger-b50-doyen,631,PLACEHOLDER
vehiculos/bus/leyland-swift-swift.jpg,vehiculos/bus,Bus,Leyland,Swift,Swift,leyland-swift-swift,631,PLACEHOLDER
vehiculos/bus/leyland-tiger-tiger-b43.jpg,vehiculos/bus,Bus,Leyland,Tiger,Tiger B43,leyland-tiger-tiger-b43,631,PLACEHOLDER
vehiculos/bus/leyland-titan-titan-b15.jpg,vehiculos/bus,Bus,Leyland,Titan,Titan B15,leyland-titan-titan-b15,631,PLACEHOLDER
vehiculos/bus/leyland-titan-titan-pd1.jpg,vehiculos/bus,Bus,Leyland,Titan,Titan PD1,leyland-titan-titan-pd1,631,PLACEHOLDER
vehiculos/bus/leyland-titan-titan-pd2.jpg,vehiculos/bus,Bus,Leyland,Titan,Titan PD2,leyland-titan-titan-pd2,631,PLACEHOLDER
vehiculos/bus/leyland-titan-titan-pd3.jpg,vehiculos/bus,Bus,Leyland,Titan,Titan PD3,leyland-titan-titan-pd3,631,PLACEHOLDER
vehiculos/bus/man-sd200-doble-piso-berlin.jpg,vehiculos/bus,Bus,MAN,SD200,Doble piso (Berlin),man-sd200-doble-piso-berlin,631,PLACEHOLDER
vehiculos/bus/man-sd202-doble-piso.jpg,vehiculos/bus,Bus,MAN,SD202,Doble piso,man-sd202-doble-piso,631,PLACEHOLDER
vehiculos/bus/man-sg220-articulado.jpg,vehiculos/bus,Bus,MAN,SG220,Articulado,man-sg220-articulado,631,PLACEHOLDER
vehiculos/bus/man-sl200-v-v-standard-bus-i.jpg,vehiculos/bus,Bus,MAN,SL200,VÖV Standard-Bus I,man-sl200-v-v-standard-bus-i,631,PLACEHOLDER
vehiculos/bus/man-sl202-v-v-standard-bus-ii.jpg,vehiculos/bus,Bus,MAN,SL202,VÖV Standard-Bus II,man-sl202-v-v-standard-bus-ii,631,PLACEHOLDER
vehiculos/bus/man-sr280-autocar-motor-trasero.jpg,vehiculos/bus,Bus,MAN,SR280,Autocar (motor trasero),man-sr280-autocar-motor-trasero,631,PLACEHOLDER
vehiculos/bus/pegaso-6035-monotral-6035-a.jpg,vehiculos/bus,Bus,Pegaso,6035 Monotral,6035-A,pegaso-6035-monotral-6035-a,631,PLACEHOLDER
vehiculos/bus/pegaso-6035-monotral-6035.jpg,vehiculos/bus,Bus,Pegaso,6035 Monotral,6035,pegaso-6035-monotral-6035,631,PLACEHOLDER
vehiculos/bus/pegaso-6038-6038.jpg,vehiculos/bus,Bus,Pegaso,6038,6038,pegaso-6038-6038,631,PLACEHOLDER
vehiculos/bus/pegaso-z-403-monocasco-z-403.jpg,vehiculos/bus,Bus,Pegaso,Z-403 Monocasco,Z-403,pegaso-z-403-monocasco-z-403,631,PLACEHOLDER
vehiculos/bus/polski-fiat-618-grom-618-grom-autobus.jpg,vehiculos/bus,Bus,Polski Fiat,618 Grom,618 Grom Autobus,polski-fiat-618-grom-618-grom-autobus,631,PLACEHOLDER
vehiculos/bus/polski-fiat-621-621-r.jpg,vehiculos/bus,Bus,Polski Fiat,621,621 R,polski-fiat-621-621-r,631,PLACEHOLDER
vehiculos/bus/scania-3-series-bus-3-series-k113-chasis.jpg,vehiculos/bus,Bus,Scania,3-series bus,3-series (K113 chasis),scania-3-series-bus-3-series-k113-chasis,631,PLACEHOLDER
vehiculos/bus/scania-3-series-bus-3-series-n113-chasis.jpg,vehiculos/bus,Bus,Scania,3-series bus,3-series (N113 chasis),scania-3-series-bus-3-series-n113-chasis,631,PLACEHOLDER
vehiculos/bus/temsa-maraton-maraton-1a-gen-mitsubishi-fuso-aero.jpg,vehiculos/bus,Bus,Temsa,Maraton,"Maraton (1a gen, Mitsubishi Fuso Aero)",temsa-maraton-maraton-1a-gen-mitsubishi-fuso-aero,631,PLACEHOLDER
vehiculos/bus/temsa-prenses-prenses-facelift-del-maraton.jpg,vehiculos/bus,Bus,Temsa,Prenses,Prenses (facelift del Maraton),temsa-prenses-prenses-facelift-del-maraton,631,PLACEHOLDER
vehiculos/bus/van-hool-acron-t8-t815.jpg,vehiculos/bus,Bus,Van Hool,Acron,T8 (T815),van-hool-acron-t8-t815,631,PLACEHOLDER
vehiculos/bus/van-hool-alizee-t8.jpg,vehiculos/bus,Bus,Van Hool,Alizee,T8,van-hool-alizee-t8,631,PLACEHOLDER
vehiculos/bus/van-hool-astral-t8.jpg,vehiculos/bus,Bus,Van Hool,Astral,T8,van-hool-astral-t8,631,PLACEHOLDER
vehiculos/bus/van-hool-astromega-t8-td8-serie.jpg,vehiculos/bus,Bus,Van Hool,Astromega,T8 (TD8-serie),van-hool-astromega-t8-td8-serie,631,PLACEHOLDER
vehiculos/bus/van-hool-astron-t8.jpg,vehiculos/bus,Bus,Van Hool,Astron,T8,van-hool-astron-t8,631,PLACEHOLDER
vehiculos/bus/van-hool-van-hool-fiat-van-hool-fiat.jpg,vehiculos/bus,Bus,Van Hool,Van Hool-Fiat,Van Hool-Fiat,van-hool-van-hool-fiat-van-hool-fiat,631,PLACEHOLDER
vehiculos/cabrio/allard-l-l-type.jpg,vehiculos/cabrio,Cabrio,Allard,L,L Type,allard-l-l-type,631,PLACEHOLDER
vehiculos/cabrio/allard-m-m-type.jpg,vehiculos/cabrio,Cabrio,Allard,M,M Type,allard-m-m-type,631,PLACEHOLDER
vehiculos/cabrio/allard-m2x-m2x.jpg,vehiculos/cabrio,Cabrio,Allard,M2X,M2X,allard-m2x-m2x,631,PLACEHOLDER
vehiculos/cabrio/alpine-a108-a108-cabriolet.jpg,vehiculos/cabrio,Cabrio,Alpine,A108,A108 Cabriolet,alpine-a108-a108-cabriolet,631,PLACEHOLDER
vehiculos/cabrio/amc-rebel-rebel-convertible.jpg,vehiculos/cabrio,Cabrio,AMC,Rebel,Rebel Convertible,amc-rebel-rebel-convertible,631,PLACEHOLDER
vehiculos/cabrio/armstrong-siddeley-hurricane-hurricane-16.jpg,vehiculos/cabrio,Cabrio,Armstrong Siddeley,Hurricane,Hurricane 16,armstrong-siddeley-hurricane-hurricane-16,631,PLACEHOLDER
vehiculos/cabrio/armstrong-siddeley-hurricane-hurricane-18.jpg,vehiculos/cabrio,Cabrio,Armstrong Siddeley,Hurricane,Hurricane 18,armstrong-siddeley-hurricane-hurricane-18,631,PLACEHOLDER
vehiculos/cabrio/aston-martin-2-litre-sports-db1-db1.jpg,vehiculos/cabrio,Cabrio,Aston Martin,2-Litre Sports (DB1),DB1,aston-martin-2-litre-sports-db1-db1,631,PLACEHOLDER
vehiculos/cabrio/aston-martin-v8-vantage-volante-v8-vantage-volante.jpg,vehiculos/cabrio,Cabrio,Aston Martin,V8 Vantage Volante,V8 Vantage Volante,aston-martin-v8-vantage-volante-v8-vantage-volante,631,PLACEHOLDER
vehiculos/cabrio/aston-martin-v8-volante-v8-volante-virage-rebautizado.jpg,vehiculos/cabrio,Cabrio,Aston Martin,V8 Volante,V8 Volante (Virage rebautizado),aston-martin-v8-volante-v8-volante-virage-rebautizado,631,PLACEHOLDER
vehiculos/cabrio/aston-martin-v8-volante-v8-volante.jpg,vehiculos/cabrio,Cabrio,Aston Martin,V8 Volante,V8 Volante,aston-martin-v8-volante-v8-volante,631,PLACEHOLDER
vehiculos/cabrio/aston-martin-virage-volante-virage-volante.jpg,vehiculos/cabrio,Cabrio,Aston Martin,Virage Volante,Virage Volante,aston-martin-virage-volante-virage-volante,631,PLACEHOLDER
vehiculos/cabrio/auburn-33l-model-33l-33m-1913.jpg,vehiculos/cabrio,Cabrio,Auburn,33L,Model 33L / 33M (1913),auburn-33l-model-33l-33m-1913,631,PLACEHOLDER
vehiculos/cabrio/auburn-37l-model-37l-1913.jpg,vehiculos/cabrio,Cabrio,Auburn,37L,Model 37L (1913),auburn-37l-model-37l-1913,631,PLACEHOLDER
vehiculos/cabrio/auburn-4-36-model-4-36-1915-1917.jpg,vehiculos/cabrio,Cabrio,Auburn,4-36,Model 4-36 (1915-1917),auburn-4-36-model-4-36-1915-1917,631,PLACEHOLDER
vehiculos/cabrio/auburn-4-38-model-4-38-1916-1917.jpg,vehiculos/cabrio,Cabrio,Auburn,4-38,Model 4-38 (1916-1917),auburn-4-38-model-4-38-1916-1917,631,PLACEHOLDER
vehiculos/cabrio/auburn-4-40-model-4-40-4-41-1914.jpg,vehiculos/cabrio,Cabrio,Auburn,4-40,Model 4-40 / 4-41 (1914),auburn-4-40-model-4-40-4-41-1914,631,PLACEHOLDER
vehiculos/cabrio/auburn-4-43-model-4-43-1915.jpg,vehiculos/cabrio,Cabrio,Auburn,4-43,Model 4-43 (1915),auburn-4-43-model-4-43-1915,631,PLACEHOLDER
vehiculos/cabrio/auburn-40-model-40-40a-40l-1913.jpg,vehiculos/cabrio,Cabrio,Auburn,40,Model 40 / 40A / 40L (1913),auburn-40-model-40-40a-40l-1913,631,PLACEHOLDER
vehiculos/cabrio/auburn-40-serie-40h-40m-40n-1912.jpg,vehiculos/cabrio,Cabrio,Auburn,40,Serie 40H/40M/40N (1912),auburn-40-serie-40h-40m-40n-1912,631,PLACEHOLDER
vehiculos/cabrio/auburn-6-38-model-6-38-1916.jpg,vehiculos/cabrio,Cabrio,Auburn,6-38,Model 6-38 (1916),auburn-6-38-model-6-38-1916,631,PLACEHOLDER
vehiculos/cabrio/auburn-6-39-model-6-39-1918.jpg,vehiculos/cabrio,Cabrio,Auburn,6-39,Model 6-39 (1918),auburn-6-39-model-6-39-1918,631,PLACEHOLDER
vehiculos/cabrio/auburn-6-40-model-6-40-1915-1916.jpg,vehiculos/cabrio,Cabrio,Auburn,6-40,Model 6-40 (1915-1916),auburn-6-40-model-6-40-1915-1916,631,PLACEHOLDER
vehiculos/cabrio/auburn-6-44-model-6-44-1917-1918.jpg,vehiculos/cabrio,Cabrio,Auburn,6-44,Model 6-44 (1917-1918),auburn-6-44-model-6-44-1917-1918,631,PLACEHOLDER
vehiculos/cabrio/auburn-6-45-model-6-45-6-46-1913-1914.jpg,vehiculos/cabrio,Cabrio,Auburn,6-45,Model 6-45 / 6-46 (1913-1914),auburn-6-45-model-6-45-6-46-1913-1914,631,PLACEHOLDER
vehiculos/cabrio/auburn-6-47-model-6-47-1915.jpg,vehiculos/cabrio,Cabrio,Auburn,6-47,Model 6-47 (1915),auburn-6-47-model-6-47-1915,631,PLACEHOLDER
vehiculos/cabrio/auburn-6-50-model-6-50-1912-1913.jpg,vehiculos/cabrio,Cabrio,Auburn,6-50,Model 6-50 (1912-1913),auburn-6-50-model-6-50-1912-1913,631,PLACEHOLDER
vehiculos/cabrio/auburn-model-a-model-a-tonneau-touring-10-hp.jpg,vehiculos/cabrio,Cabrio,Auburn,Model A,Model A Tonneau/Touring (10 hp),auburn-model-a-model-a-tonneau-touring-10-hp,631,PLACEHOLDER
vehiculos/cabrio/auburn-model-a-model-a-tonneau-touring-6-hp.jpg,vehiculos/cabrio,Cabrio,Auburn,Model A,Model A Tonneau/Touring (6 hp),auburn-model-a-model-a-tonneau-touring-6-hp,631,PLACEHOLDER
vehiculos/cabrio/auburn-model-b-model-b-c-touring-4-cil-106in.jpg,vehiculos/cabrio,Cabrio,Auburn,Model B,"Model B/C Touring (4-cil., 106in)",auburn-model-b-model-b-c-touring-4-cil-106in,631,PLACEHOLDER
vehiculos/cabrio/auburn-model-b-model-b-touring-2-cil.jpg,vehiculos/cabrio,Cabrio,Auburn,Model B,Model B Touring (2-cil.),auburn-model-b-model-b-touring-2-cil,631,PLACEHOLDER
vehiculos/cabrio/auburn-model-c-model-c-touring-2-cil.jpg,vehiculos/cabrio,Cabrio,Auburn,Model C,Model C Touring (2-cil.),auburn-model-c-model-c-touring-2-cil,631,PLACEHOLDER
vehiculos/cabrio/auburn-model-d-model-d-e-touring-2-cil.jpg,vehiculos/cabrio,Cabrio,Auburn,Model D,Model D/E Touring (2-cil.),auburn-model-d-model-d-e-touring-2-cil,631,PLACEHOLDER
vehiculos/cabrio/auburn-model-g-model-g-touring-2-cil.jpg,vehiculos/cabrio,Cabrio,Auburn,Model G,Model G Touring (2-cil.),auburn-model-g-model-g-touring-2-cil,631,PLACEHOLDER
vehiculos/cabrio/auburn-model-h-model-h-close-coupled-touring-2-cil.jpg,vehiculos/cabrio,Cabrio,Auburn,Model H,Model H Close-coupled Touring (2-cil.),auburn-model-h-model-h-close-coupled-touring-2-cil,631,PLACEHOLDER
vehiculos/cabrio/auburn-model-l-model-f-l-touring-4-cil-112in.jpg,vehiculos/cabrio,Cabrio,Auburn,Model L,"Model F/L Touring (4-cil., 112in)",auburn-model-l-model-f-l-touring-4-cil-112in,631,PLACEHOLDER
vehiculos/cabrio/auburn-serie-40-serie-m-n-t-y-4-cil-3181-ci.jpg,vehiculos/cabrio,Cabrio,Auburn,Serie 40,Serie M/N/T/Y (4-cil. 318.1 ci),auburn-serie-40-serie-m-n-t-y-4-cil-3181-ci,631,PLACEHOLDER
vehiculos/cabrio/auburn-serie-40-serie-r-s-x-4-cil-3181-ci.jpg,vehiculos/cabrio,Cabrio,Auburn,Serie 40,Serie R/S/X (4-cil. 318.1 ci),auburn-serie-40-serie-r-s-x-4-cil-3181-ci,631,PLACEHOLDER
vehiculos/cabrio/auburn-union-4-36-4-34-union-1916-1917.jpg,vehiculos/cabrio,Cabrio,Auburn,Union,4-36 / 4-34 Union (1916-1917),auburn-union-4-36-4-34-union-1916-1917,631,PLACEHOLDER
vehiculos/cabrio/audi-cabriolet-cabriolet-typ-8g.jpg,vehiculos/cabrio,Cabrio,Audi,Cabriolet,Cabriolet (Typ 8G),audi-cabriolet-cabriolet-typ-8g,631,PLACEHOLDER
vehiculos/cabrio/austin-a90-atlantic-a90-atlantic.jpg,vehiculos/cabrio,Cabrio,Austin,A90 Atlantic,A90 Atlantic,austin-a90-atlantic-a90-atlantic,631,PLACEHOLDER
vehiculos/cabrio/autobianchi-bianchina-cabriolet.jpg,vehiculos/cabrio,Cabrio,Autobianchi,Bianchina,Cabriolet,autobianchi-bianchina-cabriolet,631,PLACEHOLDER
vehiculos/cabrio/berkeley-foursome-foursome-492.jpg,vehiculos/cabrio,Cabrio,Berkeley,Foursome,Foursome (492),berkeley-foursome-foursome-492,631,PLACEHOLDER
vehiculos/cabrio/bianchi-8-hp-8-hp.jpg,vehiculos/cabrio,Cabrio,Bianchi,8 HP,8 HP,bianchi-8-hp-8-hp,631,PLACEHOLDER
vehiculos/cabrio/bmw-3-series-e30-cabrio.jpg,vehiculos/cabrio,Cabrio,BMW,3 Series,E30 Cabrio,bmw-3-series-e30-cabrio,631,PLACEHOLDER
vehiculos/cabrio/bmw-3-series-e36-cabrio.jpg,vehiculos/cabrio,Cabrio,BMW,3 Series,E36 Cabrio,bmw-3-series-e36-cabrio,631,PLACEHOLDER
vehiculos/cabrio/bond-equipe-2-litre-mark-ii.jpg,vehiculos/cabrio,Cabrio,Bond,Equipe,2-Litre Mark II,bond-equipe-2-litre-mark-ii,631,PLACEHOLDER
vehiculos/cabrio/borgward-isabella-isabella-cabriolet.jpg,vehiculos/cabrio,Cabrio,Borgward,Isabella,Isabella Cabriolet,borgward-isabella-isabella-cabriolet,631,PLACEHOLDER
vehiculos/cabrio/bristol-402-type-402.jpg,vehiculos/cabrio,Cabrio,Bristol,402,Type 402,bristol-402-type-402,631,PLACEHOLDER
vehiculos/cabrio/bristol-beaufort-beaufort-base-412.jpg,vehiculos/cabrio,Cabrio,Bristol,Beaufort,Beaufort (base 412),bristol-beaufort-beaufort-base-412,631,PLACEHOLDER
vehiculos/cabrio/brough-superior-4-litre-4-litre-42.jpg,vehiculos/cabrio,Cabrio,Brough Superior,4 Litre,4-Litre (4.2),brough-superior-4-litre-4-litre-42,631,PLACEHOLDER
vehiculos/cabrio/buick-reatta-reatta-convertible-1990-1991.jpg,vehiculos/cabrio,Cabrio,Buick,Reatta,Reatta Convertible (1990-1991),buick-reatta-reatta-convertible-1990-1991,631,PLACEHOLDER
vehiculos/cabrio/cadillac-allante-1987-1993.jpg,vehiculos/cabrio,Cabrio,Cadillac,Allante,(1987-1993),cadillac-allante-1987-1993,631,PLACEHOLDER
vehiculos/cabrio/cadillac-eldorado-1959-1966-biarritz.jpg,vehiculos/cabrio,Cabrio,Cadillac,Eldorado,(1959-1966) Biarritz,cadillac-eldorado-1959-1966-biarritz,631,PLACEHOLDER
vehiculos/cabrio/cadillac-eldorado-1a-serie-1953-1958.jpg,vehiculos/cabrio,Cabrio,Cadillac,Eldorado,1a serie (1953-1958),cadillac-eldorado-1a-serie-1953-1958,631,PLACEHOLDER
vehiculos/cabrio/chrysler-lebaron-lebaron-k-body-2a-gen.jpg,vehiculos/cabrio,Cabrio,Chrysler,LeBaron,"LeBaron (K-body, 2a gen)",chrysler-lebaron-lebaron-k-body-2a-gen,631,PLACEHOLDER
vehiculos/cabrio/chrysler-sebring-sebring-stratus-convertible-1a-gen-jx.jpg,vehiculos/cabrio,Cabrio,Chrysler,Sebring,"Sebring/Stratus Convertible (1a gen, JX)",chrysler-sebring-sebring-stratus-convertible-1a-gen-jx,631,PLACEHOLDER
vehiculos/cabrio/cisitalia-202-202-c-cabriolet.jpg,vehiculos/cabrio,Cabrio,Cisitalia,202,202 C Cabriolet,cisitalia-202-202-c-cabriolet,631,PLACEHOLDER
vehiculos/cabrio/cord-8-10-cord-8-10-glenn-pray.jpg,vehiculos/cabrio,Cabrio,Cord,8/10,Cord 8/10 (Glenn Pray),cord-8-10-cord-8-10-glenn-pray,631,PLACEHOLDER
vehiculos/cabrio/cord-royale-cord-royale-samco.jpg,vehiculos/cabrio,Cabrio,Cord,Royale,Cord Royale (SAMCO),cord-royale-cord-royale-samco,631,PLACEHOLDER
vehiculos/cabrio/cord-warrior-cord-warrior-samco.jpg,vehiculos/cabrio,Cabrio,Cord,Warrior,Cord Warrior (SAMCO),cord-warrior-cord-warrior-samco,631,PLACEHOLDER
vehiculos/cabrio/crosley-crosley-convertible-cc-four.jpg,vehiculos/cabrio,Cabrio,Crosley,Crosley Convertible,CC Four,crosley-crosley-convertible-cc-four,631,PLACEHOLDER
vehiculos/cabrio/crosley-crosley-convertible-cd-four.jpg,vehiculos/cabrio,Cabrio,Crosley,Crosley Convertible,CD Four,crosley-crosley-convertible-cd-four,631,PLACEHOLDER
vehiculos/cabrio/crosley-crosley-convertible-coupe-prewar-c1a-c2a-cb41-cb42.jpg,vehiculos/cabrio,Cabrio,Crosley,Crosley Convertible Coupe,Prewar (C1A/C2A/CB41/CB42),crosley-crosley-convertible-coupe-prewar-c1a-c2a-cb41-cb42,631,PLACEHOLDER
vehiculos/cabrio/crosley-crosley-convertible-sedan-prewar-c1a-c2a-cb41-cb42.jpg,vehiculos/cabrio,Cabrio,Crosley,Crosley Convertible Sedan,Prewar (C1A/C2A/CB41/CB42),crosley-crosley-convertible-sedan-prewar-c1a-c2a-cb41-cb42,631,PLACEHOLDER
vehiculos/cabrio/daimler-conquest-conquest-drophead-coupe.jpg,vehiculos/cabrio,Cabrio,Daimler,Conquest,Conquest Drophead Coupe,daimler-conquest-conquest-drophead-coupe,631,PLACEHOLDER
vehiculos/cabrio/delage-d6-d6-3-litre-posguerra.jpg,vehiculos/cabrio,Cabrio,Delage,D6,D6 3-Litre (posguerra),delage-d6-d6-3-litre-posguerra,631,PLACEHOLDER
vehiculos/cabrio/delage-d8-d8-120.jpg,vehiculos/cabrio,Cabrio,Delage,D8,D8-120,delage-d8-d8-120,631,PLACEHOLDER
vehiculos/cabrio/delahaye-type-135-type-135-m.jpg,vehiculos/cabrio,Cabrio,Delahaye,Type 135,Type 135 M,delahaye-type-135-type-135-m,631,PLACEHOLDER
vehiculos/cabrio/delahaye-type-175-type-175.jpg,vehiculos/cabrio,Cabrio,Delahaye,Type 175,Type 175,delahaye-type-175-type-175,631,PLACEHOLDER
vehiculos/cabrio/dkw-1000-sp-auto-union-1000-sp-cabriolet.jpg,vehiculos/cabrio,Cabrio,DKW,1000 Sp,Auto Union 1000 Sp Cabriolet,dkw-1000-sp-auto-union-1000-sp-cabriolet,631,PLACEHOLDER
vehiculos/cabrio/dkw-3-6-f93-cabriolet-karmann.jpg,vehiculos/cabrio,Cabrio,DKW,3=6,F93 Cabriolet Karmann,dkw-3-6-f93-cabriolet-karmann,631,PLACEHOLDER
vehiculos/cabrio/dkw-f12-f12-roadster.jpg,vehiculos/cabrio,Cabrio,DKW,F12,F12 Roadster,dkw-f12-f12-roadster,631,PLACEHOLDER
vehiculos/cabrio/dkw-f2-f2-meisterklasse-701.jpg,vehiculos/cabrio,Cabrio,DKW,F2,F2 Meisterklasse 701,dkw-f2-f2-meisterklasse-701,631,PLACEHOLDER
vehiculos/cabrio/dkw-f2-f2-meisterklasse.jpg,vehiculos/cabrio,Cabrio,DKW,F2,F2 Meisterklasse,dkw-f2-f2-meisterklasse,631,PLACEHOLDER
vehiculos/cabrio/dkw-f5-f5-front-luxus-cabriolet.jpg,vehiculos/cabrio,Cabrio,DKW,F5,F5 Front Luxus Cabriolet,dkw-f5-f5-front-luxus-cabriolet,631,PLACEHOLDER
vehiculos/cabrio/dkw-f7-f7-front-luxus-cabriolet.jpg,vehiculos/cabrio,Cabrio,DKW,F7,F7 Front Luxus Cabriolet,dkw-f7-f7-front-luxus-cabriolet,631,PLACEHOLDER
vehiculos/cabrio/dkw-f8-f8-meisterklasse-cabriolet.jpg,vehiculos/cabrio,Cabrio,DKW,F8,F8 Meisterklasse Cabriolet,dkw-f8-f8-meisterklasse-cabriolet,631,PLACEHOLDER
vehiculos/cabrio/duesenberg-model-sj-model-sj-sobrealimentado.jpg,vehiculos/cabrio,Cabrio,Duesenberg,Model SJ,Model SJ (sobrealimentado),duesenberg-model-sj-model-sj-sobrealimentado,631,PLACEHOLDER
vehiculos/cabrio/facel-vega-facellia-facellia-fa-f2-f2b.jpg,vehiculos/cabrio,Cabrio,Facel Vega,Facellia,Facellia FA / F2 / F2B,facel-vega-facellia-facellia-fa-f2-f2b,631,PLACEHOLDER
vehiculos/cabrio/franklin-series-1-8-series-1-8.jpg,vehiculos/cabrio,Cabrio,Franklin,Series 1-8,Series 1-8,franklin-series-1-8-series-1-8,631,PLACEHOLDER
vehiculos/cabrio/franklin-type-b-type-b.jpg,vehiculos/cabrio,Cabrio,Franklin,Type B,Type B,franklin-type-b-type-b,631,PLACEHOLDER
vehiculos/cabrio/franklin-type-c-type-c.jpg,vehiculos/cabrio,Cabrio,Franklin,Type C,Type C,franklin-type-c-type-c,631,PLACEHOLDER
vehiculos/cabrio/franklin-type-d-type-d.jpg,vehiculos/cabrio,Cabrio,Franklin,Type D,Type D,franklin-type-d-type-d,631,PLACEHOLDER
vehiculos/cabrio/franklin-type-f-type-f.jpg,vehiculos/cabrio,Cabrio,Franklin,Type F,Type F,franklin-type-f-type-f,631,PLACEHOLDER
vehiculos/cabrio/franklin-type-g-type-g.jpg,vehiculos/cabrio,Cabrio,Franklin,Type G,Type G,franklin-type-g-type-g,631,PLACEHOLDER
vehiculos/cabrio/franklin-type-h-type-h.jpg,vehiculos/cabrio,Cabrio,Franklin,Type H,Type H,franklin-type-h-type-h,631,PLACEHOLDER
vehiculos/cabrio/franklin-type-m-type-m.jpg,vehiculos/cabrio,Cabrio,Franklin,Type M,Type M,franklin-type-m-type-m,631,PLACEHOLDER
vehiculos/cabrio/frazer-nash-327-80-frazer-nash-bmw.jpg,vehiculos/cabrio,Cabrio,Frazer Nash,327/80,Frazer Nash-BMW,frazer-nash-327-80-frazer-nash-bmw,631,PLACEHOLDER
vehiculos/cabrio/frazer-nash-327-frazer-nash-bmw.jpg,vehiculos/cabrio,Cabrio,Frazer Nash,327,Frazer Nash-BMW,frazer-nash-327-frazer-nash-bmw,631,PLACEHOLDER
vehiculos/cabrio/ginetta-g32-g32-convertible.jpg,vehiculos/cabrio,Cabrio,Ginetta,G32,G32 Convertible,ginetta-g32-g32-convertible,631,PLACEHOLDER
vehiculos/cabrio/glas-glas-1300-gt-glas-gt-frua.jpg,vehiculos/cabrio,Cabrio,Glas,Glas 1300 GT,Glas GT (Frua),glas-glas-1300-gt-glas-gt-frua,631,PLACEHOLDER
vehiculos/cabrio/hanomag-sturm-typ-23-k.jpg,vehiculos/cabrio,Cabrio,Hanomag,Sturm,Typ 23 K,hanomag-sturm-typ-23-k,631,PLACEHOLDER
vehiculos/cabrio/hispano-suiza-12-15-hp-12-15-hp.jpg,vehiculos/cabrio,Cabrio,Hispano-Suiza,12-15 HP,12-15 HP,hispano-suiza-12-15-hp-12-15-hp,631,PLACEHOLDER
vehiculos/cabrio/hispano-suiza-14-hp-14-hp.jpg,vehiculos/cabrio,Cabrio,Hispano-Suiza,14 HP,14 HP,hispano-suiza-14-hp-14-hp,631,PLACEHOLDER
vehiculos/cabrio/hispano-suiza-15-20-hp-15-20-hp.jpg,vehiculos/cabrio,Cabrio,Hispano-Suiza,15-20 HP,15-20 HP,hispano-suiza-15-20-hp-15-20-hp,631,PLACEHOLDER
vehiculos/cabrio/hispano-suiza-16-hp-tipo-30-t30.jpg,vehiculos/cabrio,Cabrio,Hispano-Suiza,16 HP,Tipo 30 (T30),hispano-suiza-16-hp-tipo-30-t30,631,PLACEHOLDER
vehiculos/cabrio/hispano-suiza-20-30-hp-20-30-hp-38l.jpg,vehiculos/cabrio,Cabrio,Hispano-Suiza,20-30 HP,20-30 HP (3.8L),hispano-suiza-20-30-hp-20-30-hp-38l,631,PLACEHOLDER
vehiculos/cabrio/hispano-suiza-20-30-hp-20-30-hp-41l.jpg,vehiculos/cabrio,Cabrio,Hispano-Suiza,20-30 HP,20-30 HP (4.1L),hispano-suiza-20-30-hp-20-30-hp-41l,631,PLACEHOLDER
vehiculos/cabrio/hispano-suiza-20-hp-20-24-hp.jpg,vehiculos/cabrio,Cabrio,Hispano-Suiza,20 HP,20-24 HP,hispano-suiza-20-hp-20-24-hp,631,PLACEHOLDER
vehiculos/cabrio/hispano-suiza-30-40-hp-30-40-hp.jpg,vehiculos/cabrio,Cabrio,Hispano-Suiza,30-40 HP,30-40 HP,hispano-suiza-30-40-hp-30-40-hp,631,PLACEHOLDER
vehiculos/cabrio/hispano-suiza-30-hp-espana-tipo-32-t32.jpg,vehiculos/cabrio,Cabrio,Hispano-Suiza,30 HP Espana,Tipo 32 (T32),hispano-suiza-30-hp-espana-tipo-32-t32,631,PLACEHOLDER
vehiculos/cabrio/hispano-suiza-40-50-hp-40-50-hp.jpg,vehiculos/cabrio,Cabrio,Hispano-Suiza,40-50 HP,40-50 HP,hispano-suiza-40-50-hp-40-50-hp,631,PLACEHOLDER
vehiculos/cabrio/hispano-suiza-40-hp-40-hp.jpg,vehiculos/cabrio,Cabrio,Hispano-Suiza,40 HP,40 HP,hispano-suiza-40-hp-40-hp,631,PLACEHOLDER
vehiculos/cabrio/hispano-suiza-60-75-hp-60-75-hp.jpg,vehiculos/cabrio,Cabrio,Hispano-Suiza,60-75 HP,60-75 HP,hispano-suiza-60-75-hp-60-75-hp,631,PLACEHOLDER
vehiculos/cabrio/hispano-suiza-tipo-21-tipo-21-15-hp-de-luxe.jpg,vehiculos/cabrio,Cabrio,Hispano-Suiza,Tipo 21,Tipo 21 15 HP de Luxe,hispano-suiza-tipo-21-tipo-21-15-hp-de-luxe,631,PLACEHOLDER
vehiculos/cabrio/hispano-suiza-tipo-22-tipo-22-18-hp-de-luxe.jpg,vehiculos/cabrio,Cabrio,Hispano-Suiza,Tipo 22,Tipo 22 18 HP de Luxe,hispano-suiza-tipo-22-tipo-22-18-hp-de-luxe,631,PLACEHOLDER
vehiculos/cabrio/hispano-suiza-tipo-23-tipo-23-30-hp-de-luxe.jpg,vehiculos/cabrio,Cabrio,Hispano-Suiza,Tipo 23,Tipo 23 30 HP de Luxe,hispano-suiza-tipo-23-tipo-23-30-hp-de-luxe,631,PLACEHOLDER
vehiculos/cabrio/horch-horch-850-850-sport.jpg,vehiculos/cabrio,Cabrio,Horch,Horch 850,850 Sport,horch-horch-850-850-sport,631,PLACEHOLDER
vehiculos/cabrio/horch-horch-853-853-a.jpg,vehiculos/cabrio,Cabrio,Horch,Horch 853,853 A,horch-horch-853-853-a,631,PLACEHOLDER
vehiculos/cabrio/horch-horch-853-853.jpg,vehiculos/cabrio,Cabrio,Horch,Horch 853,853,horch-horch-853-853,631,PLACEHOLDER
vehiculos/cabrio/horch-horch-930-v-830-bl-930-v-3-8l.jpg,vehiculos/cabrio,Cabrio,Horch,Horch 930 V,"830 BL / 930 V (3,8L)",horch-horch-930-v-830-bl-930-v-3-8l,631,PLACEHOLDER
vehiculos/cabrio/horch-horch-930-v-830-bl-930-v.jpg,vehiculos/cabrio,Cabrio,Horch,Horch 930 V,830 BL / 930 V,horch-horch-930-v-830-bl-930-v,631,PLACEHOLDER
vehiculos/cabrio/hotchkiss-antheor-anjou-1350-2050.jpg,vehiculos/cabrio,Cabrio,Hotchkiss,Antheor,Anjou 1350 / 2050,hotchkiss-antheor-anjou-1350-2050,631,PLACEHOLDER
vehiculos/cabrio/hupmobile-model-32-model-32-model-h.jpg,vehiculos/cabrio,Cabrio,Hupmobile,Model 32,Model 32 (Model H),hupmobile-model-32-model-32-model-h,631,PLACEHOLDER
vehiculos/cabrio/hupmobile-model-n-model-n.jpg,vehiculos/cabrio,Cabrio,Hupmobile,Model N,Model N,hupmobile-model-n-model-n,631,PLACEHOLDER
vehiculos/cabrio/hupmobile-model-r-model-r-1a-serie.jpg,vehiculos/cabrio,Cabrio,Hupmobile,Model R,Model R (1a serie),hupmobile-model-r-model-r-1a-serie,631,PLACEHOLDER
vehiculos/cabrio/intermeccanica-indra-indra-convertible.jpg,vehiculos/cabrio,Cabrio,Intermeccanica,Indra,Indra Convertible,intermeccanica-indra-indra-convertible,631,PLACEHOLDER
vehiculos/cabrio/jensen-interceptor-interceptor-convertible.jpg,vehiculos/cabrio,Cabrio,Jensen,Interceptor,Interceptor Convertible,jensen-interceptor-interceptor-convertible,631,PLACEHOLDER
vehiculos/cabrio/jowett-jupiter-jupiter-mk1-sa.jpg,vehiculos/cabrio,Cabrio,Jowett,Jupiter,Jupiter Mk1 (SA),jowett-jupiter-jupiter-mk1-sa,631,PLACEHOLDER
vehiculos/cabrio/jowett-jupiter-jupiter-mk1a-sc.jpg,vehiculos/cabrio,Cabrio,Jowett,Jupiter,Jupiter Mk1a (SC),jowett-jupiter-jupiter-mk1a-sc,631,PLACEHOLDER
vehiculos/cabrio/kaiser-deluxe-convertible-k-492-1a-gen.jpg,vehiculos/cabrio,Cabrio,Kaiser,DeLuxe Convertible,K-492 (1a gen),kaiser-deluxe-convertible-k-492-1a-gen,631,PLACEHOLDER
vehiculos/cabrio/kurogane-type-95-type-95-type-b.jpg,vehiculos/cabrio,Cabrio,Kurogane,Type 95,Type 95 Type B,kurogane-type-95-type-95-type-b,631,PLACEHOLDER
vehiculos/cabrio/lancia-flaminia-flaminia-gt-gtl-convertible-touring.jpg,vehiculos/cabrio,Cabrio,Lancia,Flaminia,Flaminia GT/GTL/Convertible (Touring),lancia-flaminia-flaminia-gt-gtl-convertible-touring,631,PLACEHOLDER
vehiculos/cabrio/lea-francis-119-119.jpg,vehiculos/cabrio,Cabrio,Lea-Francis,11.9,11.9,lea-francis-119-119,631,PLACEHOLDER
vehiculos/cabrio/lea-francis-139-139.jpg,vehiculos/cabrio,Cabrio,Lea-Francis,13.9,13.9,lea-francis-139-139,631,PLACEHOLDER
vehiculos/cabrio/lea-francis-15-15-3-cil.jpg,vehiculos/cabrio,Cabrio,Lea-Francis,15,15 (3-cil.),lea-francis-15-15-3-cil,631,PLACEHOLDER
vehiculos/cabrio/lea-francis-ace-of-spades-ace-of-spades-revival-barrie-price.jpg,vehiculos/cabrio,Cabrio,Lea-Francis,Ace of Spades,Ace of Spades (revival Barrie Price),lea-francis-ace-of-spades-ace-of-spades-revival-barrie-price,631,PLACEHOLDER
vehiculos/cabrio/lea-francis-nine-tipo-c.jpg,vehiculos/cabrio,Cabrio,Lea-Francis,Nine,Tipo C,lea-francis-nine-tipo-c,631,PLACEHOLDER
vehiculos/cabrio/lincoln-continental-4a-generacion-convertible.jpg,vehiculos/cabrio,Cabrio,Lincoln,Continental,4a generacion (convertible),lincoln-continental-4a-generacion-convertible,631,PLACEHOLDER
vehiculos/cabrio/lloyd-lloyd-400-lc-400.jpg,vehiculos/cabrio,Cabrio,Lloyd,Lloyd 400,LC 400,lloyd-lloyd-400-lc-400,631,PLACEHOLDER
vehiculos/cabrio/lloyd-lloyd-600-lc-600.jpg,vehiculos/cabrio,Cabrio,Lloyd,Lloyd 600,LC 600,lloyd-lloyd-600-lc-600,631,PLACEHOLDER
vehiculos/cabrio/mercedes-benz-e-class-cabriolet-w124-a124.jpg,vehiculos/cabrio,Cabrio,Mercedes-Benz,E-Class Cabriolet,W124 (A124),mercedes-benz-e-class-cabriolet-w124-a124,631,PLACEHOLDER
vehiculos/cabrio/mercedes-benz-w111-cabriolet-w111.jpg,vehiculos/cabrio,Cabrio,Mercedes-Benz,W111 Cabriolet,W111,mercedes-benz-w111-cabriolet-w111,631,PLACEHOLDER
vehiculos/cabrio/mercury-capri-3a-gen-australia.jpg,vehiculos/cabrio,Cabrio,Mercury,Capri,3a gen (Australia),mercury-capri-3a-gen-australia,631,PLACEHOLDER
vehiculos/cabrio/mini-mini-cabriolet-cabriolet.jpg,vehiculos/cabrio,Cabrio,Mini,Mini Cabriolet,Cabriolet,mini-mini-cabriolet-cabriolet,631,PLACEHOLDER
vehiculos/cabrio/moretti-uno-cabrio-uno-cabrio-coach.jpg,vehiculos/cabrio,Cabrio,Moretti,Uno Cabrio,Uno Cabrio Coach,moretti-uno-cabrio-uno-cabrio-coach,631,PLACEHOLDER
vehiculos/cabrio/nash-ambassador-ambassador-custom-cabriolet-1948.jpg,vehiculos/cabrio,Cabrio,Nash,Ambassador,Ambassador Custom Cabriolet (1948),nash-ambassador-ambassador-custom-cabriolet-1948,631,PLACEHOLDER
vehiculos/cabrio/nash-rambler-rambler-custom-landau-convertible-1950-1952.jpg,vehiculos/cabrio,Cabrio,Nash,Rambler,Rambler Custom Landau Convertible (1950-1952),nash-rambler-rambler-custom-landau-convertible-1950-1952,631,PLACEHOLDER
vehiculos/cabrio/nissan-figaro-pike-fk10.jpg,vehiculos/cabrio,Cabrio,Nissan,Figaro,Pike (FK10),nissan-figaro-pike-fk10,631,PLACEHOLDER
vehiculos/cabrio/packard-caribbean-caribbean-1a-gen-26a-serie.jpg,vehiculos/cabrio,Cabrio,Packard,Caribbean,"Caribbean (1a gen, 26a Serie)",packard-caribbean-caribbean-1a-gen-26a-serie,631,PLACEHOLDER
vehiculos/cabrio/packard-caribbean-caribbean-1a-gen-54a-serie.jpg,vehiculos/cabrio,Cabrio,Packard,Caribbean,"Caribbean (1a gen, 54a Serie)",packard-caribbean-caribbean-1a-gen-54a-serie,631,PLACEHOLDER
vehiculos/cabrio/packard-caribbean-caribbean-2a-gen-55a-serie.jpg,vehiculos/cabrio,Cabrio,Packard,Caribbean,"Caribbean (2a gen, 55a Serie)",packard-caribbean-caribbean-2a-gen-55a-serie,631,PLACEHOLDER
vehiculos/cabrio/packard-caribbean-caribbean-2a-gen-56a-serie.jpg,vehiculos/cabrio,Cabrio,Packard,Caribbean,"Caribbean (2a gen, 56a Serie)",packard-caribbean-caribbean-2a-gen-56a-serie,631,PLACEHOLDER
vehiculos/cabrio/panhard-pl-17-pl-17-cabriolet.jpg,vehiculos/cabrio,Cabrio,Panhard,PL 17,PL 17 Cabriolet,panhard-pl-17-pl-17-cabriolet,631,PLACEHOLDER
vehiculos/cabrio/panther-de-ville-de-ville-convertible.jpg,vehiculos/cabrio,Cabrio,Panther,De Ville,De Ville Convertible,panther-de-ville-de-ville-convertible,631,PLACEHOLDER
vehiculos/cabrio/panther-panther-6-panther-6.jpg,vehiculos/cabrio,Cabrio,Panther,Panther 6,Panther 6,panther-panther-6-panther-6,631,PLACEHOLDER
vehiculos/cabrio/peugeot-205-205-cabriolet.jpg,vehiculos/cabrio,Cabrio,Peugeot,205,205 Cabriolet,peugeot-205-205-cabriolet,631,PLACEHOLDER
vehiculos/cabrio/peugeot-304-304-coup-cabriolet.jpg,vehiculos/cabrio,Cabrio,Peugeot,304,304 Coupé/Cabriolet,peugeot-304-304-coup-cabriolet,631,PLACEHOLDER
vehiculos/cabrio/pierce-arrow-great-arrow-great-arrow-24-28-hp.jpg,vehiculos/cabrio,Cabrio,Pierce-Arrow,Great Arrow,Great Arrow 24/28 HP,pierce-arrow-great-arrow-great-arrow-24-28-hp,631,PLACEHOLDER
vehiculos/cabrio/pierce-arrow-great-arrow-great-arrow-28-32-hp.jpg,vehiculos/cabrio,Cabrio,Pierce-Arrow,Great Arrow,Great Arrow 28/32 HP,pierce-arrow-great-arrow-great-arrow-28-32-hp,631,PLACEHOLDER
vehiculos/cabrio/pierce-arrow-great-arrow-great-arrow-40-45-hp.jpg,vehiculos/cabrio,Cabrio,Pierce-Arrow,Great Arrow,Great Arrow 40/45 HP,pierce-arrow-great-arrow-great-arrow-40-45-hp,631,PLACEHOLDER
vehiculos/cabrio/plymouth-barracuda-barracuda-3a-gen-1970-1974-e-body.jpg,vehiculos/cabrio,Cabrio,Plymouth,Barracuda,Barracuda 3a gen (1970-1974) E-body,plymouth-barracuda-barracuda-3a-gen-1970-1974-e-body,631,PLACEHOLDER
vehiculos/cabrio/rambler-american-2-gen-1961-1963.jpg,vehiculos/cabrio,Cabrio,Rambler,American,2ª gen (1961-1963),rambler-american-2-gen-1961-1963,631,PLACEHOLDER
vehiculos/cabrio/rambler-classic-3-gen-1965-1966.jpg,vehiculos/cabrio,Cabrio,Rambler,Classic,3ª gen (1965-1966),rambler-classic-3-gen-1965-1966,631,PLACEHOLDER
vehiculos/cabrio/rambler-rambler-nash-rambler-1-gen.jpg,vehiculos/cabrio,Cabrio,Rambler,Rambler,Nash Rambler (1ª gen),rambler-rambler-nash-rambler-1-gen,631,PLACEHOLDER
vehiculos/cabrio/rambler-rebel-rambler-rebel-1967.jpg,vehiculos/cabrio,Cabrio,Rambler,Rebel,Rambler Rebel (1967),rambler-rebel-rambler-rebel-1967,631,PLACEHOLDER
vehiculos/cabrio/reliant-scimitar-gtc-se8b.jpg,vehiculos/cabrio,Cabrio,Reliant,Scimitar GTC,SE8b,reliant-scimitar-gtc-se8b,631,PLACEHOLDER
vehiculos/cabrio/renault-caravelle-floride-caravelle.jpg,vehiculos/cabrio,Cabrio,Renault,Caravelle,Floride / Caravelle,renault-caravelle-floride-caravelle,631,PLACEHOLDER
vehiculos/cabrio/riley-rmd-rmd-drophead.jpg,vehiculos/cabrio,Cabrio,Riley,RMD,RMD Drophead,riley-rmd-rmd-drophead,631,PLACEHOLDER
vehiculos/cabrio/rolls-royce-corniche-corniche-ii.jpg,vehiculos/cabrio,Cabrio,Rolls-Royce,Corniche,Corniche II,rolls-royce-corniche-corniche-ii,631,PLACEHOLDER
vehiculos/cabrio/rolls-royce-corniche-corniche-iii.jpg,vehiculos/cabrio,Cabrio,Rolls-Royce,Corniche,Corniche III,rolls-royce-corniche-corniche-iii,631,PLACEHOLDER
vehiculos/cabrio/rolls-royce-corniche-corniche-iv.jpg,vehiculos/cabrio,Cabrio,Rolls-Royce,Corniche,Corniche IV,rolls-royce-corniche-corniche-iv,631,PLACEHOLDER
vehiculos/cabrio/rolls-royce-corniche-corniche-s.jpg,vehiculos/cabrio,Cabrio,Rolls-Royce,Corniche,Corniche S,rolls-royce-corniche-corniche-s,631,PLACEHOLDER
vehiculos/cabrio/rover-200-cabriolet-200-r8.jpg,vehiculos/cabrio,Cabrio,Rover,200 Cabriolet,200 R8,rover-200-cabriolet-200-r8,631,PLACEHOLDER
vehiculos/cabrio/saab-900-900-classic-cabrio.jpg,vehiculos/cabrio,Cabrio,Saab,900,900 Classic Cabrio,saab-900-900-classic-cabrio,631,PLACEHOLDER
vehiculos/cabrio/saab-900-900-ng-cabrio.jpg,vehiculos/cabrio,Cabrio,Saab,900,900 NG Cabrio,saab-900-900-ng-cabrio,631,PLACEHOLDER
vehiculos/cabrio/siata-amica-amica.jpg,vehiculos/cabrio,Cabrio,Siata,Amica,Amica,siata-amica-amica,631,PLACEHOLDER
vehiculos/cabrio/siata-daina-daina.jpg,vehiculos/cabrio,Cabrio,Siata,Daina,Daina,siata-daina-daina,631,PLACEHOLDER
vehiculos/cabrio/siata-turisa-turisa-spyder-siata-espanola.jpg,vehiculos/cabrio,Cabrio,Siata,Turisa,Turisa Spyder (Siata Espanola),siata-turisa-turisa-spyder-siata-espanola,631,PLACEHOLDER
vehiculos/cabrio/simca-oceane-oceane-base-aronde-p60.jpg,vehiculos/cabrio,Cabrio,Simca,Oceane,Oceane (base Aronde P60),simca-oceane-oceane-base-aronde-p60,631,PLACEHOLDER
vehiculos/cabrio/skoda-450-450.jpg,vehiculos/cabrio,Cabrio,Skoda,450,450,skoda-450-450,631,PLACEHOLDER
vehiculos/cabrio/skoda-felicia-felicia-1959.jpg,vehiculos/cabrio,Cabrio,Skoda,Felicia,Felicia (1959),skoda-felicia-felicia-1959,631,PLACEHOLDER
vehiculos/cabrio/spyker-13-30-c1-spyker-13-30-c1.jpg,vehiculos/cabrio,Cabrio,Spyker,13/30 C1,Spyker 13/30 C1,spyker-13-30-c1-spyker-13-30-c1,631,PLACEHOLDER
vehiculos/cabrio/spyker-18-hp-spyker-14-18-hp.jpg,vehiculos/cabrio,Cabrio,Spyker,18 HP,Spyker 14/18 HP,spyker-18-hp-spyker-14-18-hp,631,PLACEHOLDER
vehiculos/cabrio/spyker-25-30-spyker-25-30-hp.jpg,vehiculos/cabrio,Cabrio,Spyker,25/30,Spyker 25/30 HP,spyker-25-30-spyker-25-30-hp,631,PLACEHOLDER
vehiculos/cabrio/stoewer-greif-greif-v8-sport.jpg,vehiculos/cabrio,Cabrio,Stoewer,Greif,Greif V8 Sport,stoewer-greif-greif-v8-sport,631,PLACEHOLDER
vehiculos/cabrio/stoewer-v5-v-5-sport.jpg,vehiculos/cabrio,Cabrio,Stoewer,V5,V 5 Sport,stoewer-v5-v-5-sport,631,PLACEHOLDER
vehiculos/cabrio/studebaker-lark-lark-1a-gen-1959-1961.jpg,vehiculos/cabrio,Cabrio,Studebaker,Lark,Lark 1a gen (1959-1961),studebaker-lark-lark-1a-gen-1959-1961,631,PLACEHOLDER
vehiculos/cabrio/stutz-bearcat-bearcat-1979.jpg,vehiculos/cabrio,Cabrio,Stutz,Bearcat,Bearcat (1979),stutz-bearcat-bearcat-1979,631,PLACEHOLDER
vehiculos/cabrio/stutz-bearcat-bearcat-1980-1986.jpg,vehiculos/cabrio,Cabrio,Stutz,Bearcat,Bearcat (1980-1986),stutz-bearcat-bearcat-1980-1986,631,PLACEHOLDER
vehiculos/cabrio/stutz-bearcat-ii-bearcat-ii-1987-1995.jpg,vehiculos/cabrio,Cabrio,Stutz,Bearcat II,Bearcat II (1987-1995),stutz-bearcat-ii-bearcat-ii-1987-1995,631,PLACEHOLDER
vehiculos/cabrio/talbot-lago-baby-baby-15-prebelico.jpg,vehiculos/cabrio,Cabrio,Talbot-Lago,Baby,Baby-15 (prebelico),talbot-lago-baby-baby-15-prebelico,631,PLACEHOLDER
vehiculos/cabrio/talbot-lago-baby-baby-t120-3-litres.jpg,vehiculos/cabrio,Cabrio,Talbot-Lago,Baby,Baby T120 3-litres,talbot-lago-baby-baby-t120-3-litres,631,PLACEHOLDER
vehiculos/cabrio/talbot-lago-baby-baby-t23-4-litres.jpg,vehiculos/cabrio,Cabrio,Talbot-Lago,Baby,Baby T23 4-litres,talbot-lago-baby-baby-t23-4-litres,631,PLACEHOLDER
vehiculos/cabrio/talbot-samba-samba-cabriolet-pininfarina.jpg,vehiculos/cabrio,Cabrio,Talbot,Samba,Samba Cabriolet (Pininfarina),talbot-samba-samba-cabriolet-pininfarina,631,PLACEHOLDER
vehiculos/cabrio/triumph-spitfire-1500.jpg,vehiculos/cabrio,Cabrio,Triumph,Spitfire,1500,triumph-spitfire-1500,631,PLACEHOLDER
vehiculos/cabrio/triumph-spitfire-mk-i-mk-ii.jpg,vehiculos/cabrio,Cabrio,Triumph,Spitfire,Mk I / Mk II,triumph-spitfire-mk-i-mk-ii,631,PLACEHOLDER
vehiculos/cabrio/triumph-spitfire-mk-iii.jpg,vehiculos/cabrio,Cabrio,Triumph,Spitfire,Mk III,triumph-spitfire-mk-iii,631,PLACEHOLDER
vehiculos/cabrio/triumph-spitfire-mk-iv.jpg,vehiculos/cabrio,Cabrio,Triumph,Spitfire,Mk IV,triumph-spitfire-mk-iv,631,PLACEHOLDER
vehiculos/cabrio/triumph-stag-stag.jpg,vehiculos/cabrio,Cabrio,Triumph,Stag,Stag,triumph-stag-stag,631,PLACEHOLDER
vehiculos/cabrio/triumph-vitesse-2-litre-mk2.jpg,vehiculos/cabrio,Cabrio,Triumph,Vitesse,2-litre / Mk2,triumph-vitesse-2-litre-mk2,631,PLACEHOLDER
vehiculos/cabrio/triumph-vitesse-6-1600.jpg,vehiculos/cabrio,Cabrio,Triumph,Vitesse,6 (1600),triumph-vitesse-6-1600,631,PLACEHOLDER
vehiculos/cabrio/tvr-400se-wedge.jpg,vehiculos/cabrio,Cabrio,TVR,400SE,Wedge,tvr-400se-wedge,631,PLACEHOLDER
vehiculos/cabrio/tvr-450se-wedge.jpg,vehiculos/cabrio,Cabrio,TVR,450SE,Wedge,tvr-450se-wedge,631,PLACEHOLDER
vehiculos/cabrio/volkswagen-beetle-type-1-cabriolet-karmann.jpg,vehiculos/cabrio,Cabrio,Volkswagen,Beetle,Type 1 Cabriolet (Karmann),volkswagen-beetle-type-1-cabriolet-karmann,631,PLACEHOLDER
vehiculos/cabrio/volkswagen-golf-golf-mk1-cabriolet.jpg,vehiculos/cabrio,Cabrio,Volkswagen,Golf,Golf Mk1 Cabriolet,volkswagen-golf-golf-mk1-cabriolet,631,PLACEHOLDER
vehiculos/cabrio/volkswagen-karmann-ghia-type-14-cabriolet.jpg,vehiculos/cabrio,Cabrio,Volkswagen,Karmann Ghia,Type 14 Cabriolet,volkswagen-karmann-ghia-type-14-cabriolet,631,PLACEHOLDER
vehiculos/cabrio/willys-interlagos-interlagos-alpine-a108-brasil.jpg,vehiculos/cabrio,Cabrio,Willys,Interlagos,"Interlagos (Alpine A108, Brasil)",willys-interlagos-interlagos-alpine-a108-brasil,631,PLACEHOLDER
vehiculos/cabrio/willys-jeepster-jeepster-vj-2.jpg,vehiculos/cabrio,Cabrio,Willys,Jeepster,Jeepster VJ-2,willys-jeepster-jeepster-vj-2,631,PLACEHOLDER
vehiculos/cabrio/willys-jeepster-jeepster-vj-3.jpg,vehiculos/cabrio,Cabrio,Willys,Jeepster,Jeepster VJ-3,willys-jeepster-jeepster-vj-3,631,PLACEHOLDER
vehiculos/cabrio/yugo-yugo-cabrio-gvc-cabrio-eeuu.jpg,vehiculos/cabrio,Cabrio,Yugo,Yugo Cabrio,GVC Cabrio (EE.UU.),yugo-yugo-cabrio-gvc-cabrio-eeuu,631,PLACEHOLDER
vehiculos/cabrio/zastava-yugo-cabrio-yugo-cabrio.jpg,vehiculos/cabrio,Cabrio,Zastava,Yugo Cabrio,Yugo Cabrio,zastava-yugo-cabrio-yugo-cabrio,631,PLACEHOLDER
vehiculos/coupe/abarth-131-rally-fiat-131-abarth-rally.jpg,vehiculos/coupe,Coupe,Abarth,131 Rally,Fiat 131 Abarth Rally,abarth-131-rally-fiat-131-abarth-rally,631,PLACEHOLDER
vehiculos/coupe/abarth-205-205a-berlinetta.jpg,vehiculos/coupe,Coupe,Abarth,205,205A Berlinetta,abarth-205-205a-berlinetta,631,PLACEHOLDER
vehiculos/coupe/abarth-750-fiat-abarth-750-gt-bialbero.jpg,vehiculos/coupe,Coupe,Abarth,750,Fiat-Abarth 750 GT Bialbero,abarth-750-fiat-abarth-750-gt-bialbero,631,PLACEHOLDER
vehiculos/coupe/abarth-750-fiat-abarth-750-zagato.jpg,vehiculos/coupe,Coupe,Abarth,750,Fiat-Abarth 750 Zagato,abarth-750-fiat-abarth-750-zagato,631,PLACEHOLDER
vehiculos/coupe/abarth-ot-1300-fiat-abarth-ot-1300.jpg,vehiculos/coupe,Coupe,Abarth,OT 1300,Fiat-Abarth OT 1300,abarth-ot-1300-fiat-abarth-ot-1300,631,PLACEHOLDER
vehiculos/coupe/abarth-ot-2000-fiat-abarth-ot-2000.jpg,vehiculos/coupe,Coupe,Abarth,OT 2000,Fiat-Abarth OT 2000,abarth-ot-2000-fiat-abarth-ot-2000,631,PLACEHOLDER
vehiculos/coupe/abarth-simca-1300-gt-abarth-simca-1300-gt.jpg,vehiculos/coupe,Coupe,Abarth,Simca 1300 GT,Abarth-Simca 1300 GT,abarth-simca-1300-gt-abarth-simca-1300-gt,631,PLACEHOLDER
vehiculos/coupe/abarth-simca-2000-gt-abarth-simca-2000-gt.jpg,vehiculos/coupe,Coupe,Abarth,Simca 2000 GT,Abarth-Simca 2000 GT,abarth-simca-2000-gt-abarth-simca-2000-gt,631,PLACEHOLDER
vehiculos/coupe/ac-3000me-3000me.jpg,vehiculos/coupe,Coupe,AC,3000ME,3000ME,ac-3000me-3000me,631,PLACEHOLDER
vehiculos/coupe/ac-428-428-frua.jpg,vehiculos/coupe,Coupe,AC,428,428 Frua,ac-428-428-frua,631,PLACEHOLDER
vehiculos/coupe/ac-aceca-aceca-bristol.jpg,vehiculos/coupe,Coupe,AC,Aceca,Aceca-Bristol,ac-aceca-aceca-bristol,631,PLACEHOLDER
vehiculos/coupe/ac-aceca-aceca.jpg,vehiculos/coupe,Coupe,AC,Aceca,Aceca,ac-aceca-aceca,631,PLACEHOLDER
vehiculos/coupe/ac-greyhound-greyhound.jpg,vehiculos/coupe,Coupe,AC,Greyhound,Greyhound,ac-greyhound-greyhound,631,PLACEHOLDER
vehiculos/coupe/acura-cl-cl-1st-gen-ya1.jpg,vehiculos/coupe,Coupe,Acura,CL,CL 1st gen (YA1),acura-cl-cl-1st-gen-ya1,631,PLACEHOLDER
vehiculos/coupe/acura-integra-integra-2nd-gen-da-db.jpg,vehiculos/coupe,Coupe,Acura,Integra,Integra 2nd gen (DA/DB),acura-integra-integra-2nd-gen-da-db,631,PLACEHOLDER
vehiculos/coupe/acura-integra-integra-2nd-gen-db2.jpg,vehiculos/coupe,Coupe,Acura,Integra,Integra 2nd gen (DB2),acura-integra-integra-2nd-gen-db2,631,PLACEHOLDER
vehiculos/coupe/acura-legend-legend-coupe-1st-gen.jpg,vehiculos/coupe,Coupe,Acura,Legend,Legend Coupe 1st gen,acura-legend-legend-coupe-1st-gen,631,PLACEHOLDER
vehiculos/coupe/acura-legend-legend-coupe-2nd-gen-ka8.jpg,vehiculos/coupe,Coupe,Acura,Legend,Legend Coupe 2nd gen (KA8),acura-legend-legend-coupe-2nd-gen-ka8,631,PLACEHOLDER
vehiculos/coupe/adler-25-liter-25-liter-typ-10-sport-limousine.jpg,vehiculos/coupe,Coupe,Adler,2.5 Liter,2.5 Liter Typ 10 Sport-Limousine,adler-25-liter-25-liter-typ-10-sport-limousine,631,PLACEHOLDER
vehiculos/coupe/alfa-romeo-1900-1900-sprint-ss.jpg,vehiculos/coupe,Coupe,Alfa Romeo,1900,1900 Sprint/SS,alfa-romeo-1900-1900-sprint-ss,631,PLACEHOLDER
vehiculos/coupe/alfa-romeo-2600-2600-sprint-106.jpg,vehiculos/coupe,Coupe,Alfa Romeo,2600,2600 Sprint (106),alfa-romeo-2600-2600-sprint-106,631,PLACEHOLDER
vehiculos/coupe/alfa-romeo-alfasud-sprint-alfasud-sprint-sprint-902.jpg,vehiculos/coupe,Coupe,Alfa Romeo,Alfasud Sprint,Alfasud Sprint / Sprint (902),alfa-romeo-alfasud-sprint-alfasud-sprint-sprint-902,631,PLACEHOLDER
vehiculos/coupe/alfa-romeo-alfetta-gt-gtv-alfetta-gt-gtv-116.jpg,vehiculos/coupe,Coupe,Alfa Romeo,Alfetta GT / GTV,Alfetta GT/GTV (116),alfa-romeo-alfetta-gt-gtv-alfetta-gt-gtv-116,631,PLACEHOLDER
vehiculos/coupe/alfa-romeo-alfetta-gt-gtv-alfetta-gtv6-116.jpg,vehiculos/coupe,Coupe,Alfa Romeo,Alfetta GT / GTV,Alfetta GTV6 (116),alfa-romeo-alfetta-gt-gtv-alfetta-gtv6-116,631,PLACEHOLDER
vehiculos/coupe/alfa-romeo-giulia-gt-gtv-1750-2000-gtv-105-bertone.jpg,vehiculos/coupe,Coupe,Alfa Romeo,Giulia GT / GTV,1750/2000 GTV (105 Bertone),alfa-romeo-giulia-gt-gtv-1750-2000-gtv-105-bertone,631,PLACEHOLDER
vehiculos/coupe/alfa-romeo-giulia-gt-gtv-giulia-sprint-gt-gtv-105-bertone.jpg,vehiculos/coupe,Coupe,Alfa Romeo,Giulia GT / GTV,Giulia Sprint GT/GTV (105 Bertone),alfa-romeo-giulia-gt-gtv-giulia-sprint-gt-gtv-105-bertone,631,PLACEHOLDER
vehiculos/coupe/alfa-romeo-giulietta-giulietta-sprint-750-101.jpg,vehiculos/coupe,Coupe,Alfa Romeo,Giulietta,Giulietta Sprint (750/101),alfa-romeo-giulietta-giulietta-sprint-750-101,631,PLACEHOLDER
vehiculos/coupe/alfa-romeo-montreal-montreal.jpg,vehiculos/coupe,Coupe,Alfa Romeo,Montreal,Montreal,alfa-romeo-montreal-montreal,631,PLACEHOLDER
vehiculos/coupe/allard-gt-coupe-gt-coupe.jpg,vehiculos/coupe,Coupe,Allard,GT Coupe,GT Coupe,allard-gt-coupe-gt-coupe,631,PLACEHOLDER
vehiculos/coupe/alpine-a106-a106.jpg,vehiculos/coupe,Coupe,Alpine,A106,A106,alpine-a106-a106,631,PLACEHOLDER
vehiculos/coupe/alpine-a108-a108-berlinette.jpg,vehiculos/coupe,Coupe,Alpine,A108,A108 Berlinette,alpine-a108-a108-berlinette,631,PLACEHOLDER
vehiculos/coupe/alpine-a110-a110-berlinette.jpg,vehiculos/coupe,Coupe,Alpine,A110,A110 Berlinette,alpine-a110-a110-berlinette,631,PLACEHOLDER
vehiculos/coupe/alpine-a310-a310-4-cyl.jpg,vehiculos/coupe,Coupe,Alpine,A310,A310 (4 cyl),alpine-a310-a310-4-cyl,631,PLACEHOLDER
vehiculos/coupe/alpine-a310-a310-v6.jpg,vehiculos/coupe,Coupe,Alpine,A310,A310 V6,alpine-a310-a310-v6,631,PLACEHOLDER
vehiculos/coupe/alpine-a610-a610.jpg,vehiculos/coupe,Coupe,Alpine,A610,A610,alpine-a610-a610,631,PLACEHOLDER
vehiculos/coupe/alpine-gta-gta-v6-gt.jpg,vehiculos/coupe,Coupe,Alpine,GTA,GTA (V6 GT),alpine-gta-gta-v6-gt,631,PLACEHOLDER
vehiculos/coupe/alpine-gta-gta-v6-turbo.jpg,vehiculos/coupe,Coupe,Alpine,GTA,GTA (V6 Turbo),alpine-gta-gta-v6-turbo,631,PLACEHOLDER
vehiculos/coupe/alvis-12-80-12-80.jpg,vehiculos/coupe,Coupe,Alvis,12/80,12/80,alvis-12-80-12-80,631,PLACEHOLDER
vehiculos/coupe/alvis-three-litre-tc-108g.jpg,vehiculos/coupe,Coupe,Alvis,Three Litre,TC 108G,alvis-three-litre-tc-108g,631,PLACEHOLDER
vehiculos/coupe/alvis-three-litre-td-21-series-i.jpg,vehiculos/coupe,Coupe,Alvis,Three Litre,TD 21 Series I,alvis-three-litre-td-21-series-i,631,PLACEHOLDER
vehiculos/coupe/alvis-three-litre-td-21-series-ii.jpg,vehiculos/coupe,Coupe,Alvis,Three Litre,TD 21 Series II,alvis-three-litre-td-21-series-ii,631,PLACEHOLDER
vehiculos/coupe/alvis-three-litre-te-21-series-iii.jpg,vehiculos/coupe,Coupe,Alvis,Three Litre,TE 21 (Series III),alvis-three-litre-te-21-series-iii,631,PLACEHOLDER
vehiculos/coupe/alvis-three-litre-tf-21-series-iv.jpg,vehiculos/coupe,Coupe,Alvis,Three Litre,TF 21 (Series IV),alvis-three-litre-tf-21-series-iv,631,PLACEHOLDER
vehiculos/coupe/amc-amx-amx-biplaza.jpg,vehiculos/coupe,Coupe,AMC,AMX,AMX biplaza,amc-amx-amx-biplaza,631,PLACEHOLDER
vehiculos/coupe/amc-eagle-eagle-coupe-serie-30.jpg,vehiculos/coupe,Coupe,AMC,Eagle,Eagle Coupe (Serie 30),amc-eagle-eagle-coupe-serie-30,631,PLACEHOLDER
vehiculos/coupe/amc-eagle-kammback-eagle-serie-50.jpg,vehiculos/coupe,Coupe,AMC,Eagle Kammback,Eagle Serie 50,amc-eagle-kammback-eagle-serie-50,631,PLACEHOLDER
vehiculos/coupe/amc-javelin-javelin-1a-gen.jpg,vehiculos/coupe,Coupe,AMC,Javelin,Javelin (1a gen),amc-javelin-javelin-1a-gen,631,PLACEHOLDER
vehiculos/coupe/amc-javelin-javelin-2a-gen.jpg,vehiculos/coupe,Coupe,AMC,Javelin,Javelin (2a gen),amc-javelin-javelin-2a-gen,631,PLACEHOLDER
vehiculos/coupe/amc-marlin-marlin-1a-gen-plataforma-classic.jpg,vehiculos/coupe,Coupe,AMC,Marlin,"Marlin (1a gen, plataforma Classic)",amc-marlin-marlin-1a-gen-plataforma-classic,631,PLACEHOLDER
vehiculos/coupe/amc-marlin-marlin-2a-gen-plataforma-ambassador.jpg,vehiculos/coupe,Coupe,AMC,Marlin,"Marlin (2a gen, plataforma Ambassador)",amc-marlin-marlin-2a-gen-plataforma-ambassador,631,PLACEHOLDER
vehiculos/coupe/amc-matador-coupe-matador-coupe-2a-gen.jpg,vehiculos/coupe,Coupe,AMC,Matador Coupe,Matador Coupe (2a gen),amc-matador-coupe-matador-coupe-2a-gen,631,PLACEHOLDER
vehiculos/coupe/amc-rambler-american-american-3a-gen.jpg,vehiculos/coupe,Coupe,AMC,Rambler American,American (3a gen),amc-rambler-american-american-3a-gen,631,PLACEHOLDER
vehiculos/coupe/amc-rambler-classic-classic-3a-gen.jpg,vehiculos/coupe,Coupe,AMC,Rambler Classic,Classic (3a gen),amc-rambler-classic-classic-3a-gen,631,PLACEHOLDER
vehiculos/coupe/amc-rebel-machine-rebel.jpg,vehiculos/coupe,Coupe,AMC,Rebel Machine,Rebel,amc-rebel-machine-rebel,631,PLACEHOLDER
vehiculos/coupe/amc-rebel-rebel-hardtop.jpg,vehiculos/coupe,Coupe,AMC,Rebel,Rebel Hardtop,amc-rebel-rebel-hardtop,631,PLACEHOLDER
vehiculos/coupe/amc-spirit-spirit-sedan-kammback.jpg,vehiculos/coupe,Coupe,AMC,Spirit,Spirit Sedan (Kammback),amc-spirit-spirit-sedan-kammback,631,PLACEHOLDER
vehiculos/coupe/armstrong-siddeley-typhoon-typhoon-16.jpg,vehiculos/coupe,Coupe,Armstrong Siddeley,Typhoon,Typhoon 16,armstrong-siddeley-typhoon-typhoon-16,631,PLACEHOLDER
vehiculos/coupe/armstrong-siddeley-typhoon-typhoon-18.jpg,vehiculos/coupe,Coupe,Armstrong Siddeley,Typhoon,Typhoon 18,armstrong-siddeley-typhoon-typhoon-18,631,PLACEHOLDER
vehiculos/coupe/aston-martin-db-mark-iii-db-mark-iii.jpg,vehiculos/coupe,Coupe,Aston Martin,DB Mark III,DB Mark III,aston-martin-db-mark-iii-db-mark-iii,631,PLACEHOLDER
vehiculos/coupe/aston-martin-db2-4-db2-4-mk-i-mk-ii.jpg,vehiculos/coupe,Coupe,Aston Martin,DB2/4,DB2/4 (Mk I / Mk II),aston-martin-db2-4-db2-4-mk-i-mk-ii,631,PLACEHOLDER
vehiculos/coupe/aston-martin-db2-db2.jpg,vehiculos/coupe,Coupe,Aston Martin,DB2,DB2,aston-martin-db2-db2,631,PLACEHOLDER
vehiculos/coupe/aston-martin-db4-db4.jpg,vehiculos/coupe,Coupe,Aston Martin,DB4,DB4,aston-martin-db4-db4,631,PLACEHOLDER
vehiculos/coupe/aston-martin-db5-db5.jpg,vehiculos/coupe,Coupe,Aston Martin,DB5,DB5,aston-martin-db5-db5,631,PLACEHOLDER
vehiculos/coupe/aston-martin-db6-db6-mk-i-mk-ii.jpg,vehiculos/coupe,Coupe,Aston Martin,DB6,DB6 (Mk I / Mk II),aston-martin-db6-db6-mk-i-mk-ii,631,PLACEHOLDER
vehiculos/coupe/aston-martin-dbs-dbs-6-cil.jpg,vehiculos/coupe,Coupe,Aston Martin,DBS,DBS (6 cil.),aston-martin-dbs-dbs-6-cil,631,PLACEHOLDER
vehiculos/coupe/aston-martin-dbs-v8-dbs-v8.jpg,vehiculos/coupe,Coupe,Aston Martin,DBS V8,DBS V8,aston-martin-dbs-v8-dbs-v8,631,PLACEHOLDER
vehiculos/coupe/aston-martin-v8-coupe-v8-coupe-virage-rebautizado.jpg,vehiculos/coupe,Coupe,Aston Martin,V8 Coupe,V8 Coupe (Virage rebautizado),aston-martin-v8-coupe-v8-coupe-virage-rebautizado,631,PLACEHOLDER
vehiculos/coupe/aston-martin-v8-v8-saloon-series-2-5.jpg,vehiculos/coupe,Coupe,Aston Martin,V8,V8 Saloon (Series 2-5),aston-martin-v8-v8-saloon-series-2-5,631,PLACEHOLDER
vehiculos/coupe/aston-martin-v8-vantage-v8-vantage.jpg,vehiculos/coupe,Coupe,Aston Martin,V8 Vantage,V8 Vantage,aston-martin-v8-vantage-v8-vantage,631,PLACEHOLDER
vehiculos/coupe/aston-martin-vantage-vantage-v550-v600.jpg,vehiculos/coupe,Coupe,Aston Martin,Vantage,Vantage V550 / V600,aston-martin-vantage-vantage-v550-v600,631,PLACEHOLDER
vehiculos/coupe/aston-martin-virage-virage.jpg,vehiculos/coupe,Coupe,Aston Martin,Virage,Virage,aston-martin-virage-virage,631,PLACEHOLDER
vehiculos/coupe/audi-coupe-coupe-b2.jpg,vehiculos/coupe,Coupe,Audi,Coupe,Coupe B2,audi-coupe-coupe-b2,631,PLACEHOLDER
vehiculos/coupe/audi-coupe-coupe-b3.jpg,vehiculos/coupe,Coupe,Audi,Coupe,Coupe B3,audi-coupe-coupe-b3,631,PLACEHOLDER
vehiculos/coupe/audi-quattro-ur-quattro-10v.jpg,vehiculos/coupe,Coupe,Audi,Quattro,Ur-Quattro (10V),audi-quattro-ur-quattro-10v,631,PLACEHOLDER
vehiculos/coupe/audi-quattro-ur-quattro-20v.jpg,vehiculos/coupe,Coupe,Audi,Quattro,Ur-Quattro (20V),audi-quattro-ur-quattro-20v,631,PLACEHOLDER
vehiculos/coupe/audi-s2-s2-b3-b4.jpg,vehiculos/coupe,Coupe,Audi,S2,S2 (B3/B4),audi-s2-s2-b3-b4,631,PLACEHOLDER
vehiculos/coupe/audi-sport-quattro-sport-quattro-typ-85q.jpg,vehiculos/coupe,Coupe,Audi,Sport Quattro,Sport Quattro (Typ 85Q),audi-sport-quattro-sport-quattro-typ-85q,631,PLACEHOLDER
vehiculos/coupe/austin-metropolitan-metropolitan.jpg,vehiculos/coupe,Coupe,Austin,Metropolitan,Metropolitan,austin-metropolitan-metropolitan,631,PLACEHOLDER
vehiculos/coupe/auto-union-1000-se-fissore-auto-union-1000-se-argentina-iasf-carroceria-fissore-face.jpg,vehiculos/coupe,Coupe,Auto Union,1000 SE Fissore,"Auto Union 1000 SE (Argentina, IASF / carroceria Fissore-FACE)",auto-union-1000-se-fissore-auto-union-1000-se-argentina-iasf-carroceria-fissore-face,631,PLACEHOLDER
vehiculos/coupe/auto-union-1000-sp-auto-union-1000-sp-alemania-carroceria-baur.jpg,vehiculos/coupe,Coupe,Auto Union,1000 Sp,"Auto Union 1000 Sp (Alemania, carroceria Baur)",auto-union-1000-sp-auto-union-1000-sp-alemania-carroceria-baur,631,PLACEHOLDER
vehiculos/coupe/autobianchi-primula-primula-coupe.jpg,vehiculos/coupe,Coupe,Autobianchi,Primula,Primula Coupe,autobianchi-primula-primula-coupe,631,PLACEHOLDER
vehiculos/coupe/bandini-1000-gt-1000-gt.jpg,vehiculos/coupe,Coupe,Bandini,1000 GT,1000 GT,bandini-1000-gt-1000-gt,631,PLACEHOLDER
vehiculos/coupe/bandini-1000-saloncino-1000-saloncino.jpg,vehiculos/coupe,Coupe,Bandini,1000 Saloncino,1000 Saloncino,bandini-1000-saloncino-1000-saloncino,631,PLACEHOLDER
vehiculos/coupe/bandini-1000-turbo-1000-turbo-berlinetta.jpg,vehiculos/coupe,Coupe,Bandini,1000 Turbo,1000 Turbo Berlinetta,bandini-1000-turbo-1000-turbo-berlinetta,631,PLACEHOLDER
vehiculos/coupe/bandini-750-gt-veloce-750-gt-veloce-zagato.jpg,vehiculos/coupe,Coupe,Bandini,750 GT Veloce,750 GT Veloce Zagato,bandini-750-gt-veloce-750-gt-veloce-zagato,631,PLACEHOLDER
vehiculos/coupe/bentley-continental-sc-continental-sc.jpg,vehiculos/coupe,Coupe,Bentley,Continental SC,Continental SC,bentley-continental-sc-continental-sc,631,PLACEHOLDER
vehiculos/coupe/bentley-r-type-continental-r-type-continental.jpg,vehiculos/coupe,Coupe,Bentley,R-Type Continental,R-Type Continental,bentley-r-type-continental-r-type-continental,631,PLACEHOLDER
vehiculos/coupe/bentley-speed-six-6-litre-speed-six.jpg,vehiculos/coupe,Coupe,Bentley,Speed Six,6½ Litre Speed Six,bentley-speed-six-6-litre-speed-six,631,PLACEHOLDER
vehiculos/coupe/bizzarrini-1900-gt-europa-gt-europa-1900.jpg,vehiculos/coupe,Coupe,Bizzarrini,1900 GT Europa,GT Europa 1900,bizzarrini-1900-gt-europa-gt-europa-1900,631,PLACEHOLDER
vehiculos/coupe/bizzarrini-5300-gt-5300-gt-america.jpg,vehiculos/coupe,Coupe,Bizzarrini,5300 GT,5300 GT America,bizzarrini-5300-gt-5300-gt-america,631,PLACEHOLDER
vehiculos/coupe/bizzarrini-5300-gt-5300-gt-corsa.jpg,vehiculos/coupe,Coupe,Bizzarrini,5300 GT,5300 GT Corsa,bizzarrini-5300-gt-5300-gt-corsa,631,PLACEHOLDER
vehiculos/coupe/bizzarrini-5300-gt-5300-gt-strada.jpg,vehiculos/coupe,Coupe,Bizzarrini,5300 GT,5300 GT Strada,bizzarrini-5300-gt-5300-gt-strada,631,PLACEHOLDER
vehiculos/coupe/bmw-2002-02-series-e10.jpg,vehiculos/coupe,Coupe,BMW,2002,02 Series (E10),bmw-2002-02-series-e10,631,PLACEHOLDER
vehiculos/coupe/bmw-2002-turbo-02-series-e10.jpg,vehiculos/coupe,Coupe,BMW,2002 turbo,02 Series (E10),bmw-2002-turbo-02-series-e10,631,PLACEHOLDER
vehiculos/coupe/bmw-2800-cs-30-cs-e9.jpg,vehiculos/coupe,Coupe,BMW,2800 CS / 3.0 CS,E9,bmw-2800-cs-30-cs-e9,631,PLACEHOLDER
vehiculos/coupe/bmw-3-series-e36-coupe.jpg,vehiculos/coupe,Coupe,BMW,3 Series,E36 Coupe,bmw-3-series-e36-coupe,631,PLACEHOLDER
vehiculos/coupe/bmw-503-503.jpg,vehiculos/coupe,Coupe,BMW,503,503,bmw-503-503,631,PLACEHOLDER
vehiculos/coupe/bmw-6-series-e24.jpg,vehiculos/coupe,Coupe,BMW,6 Series,E24,bmw-6-series-e24,631,PLACEHOLDER
vehiculos/coupe/bmw-700-700.jpg,vehiculos/coupe,Coupe,BMW,700,700,bmw-700-700,631,PLACEHOLDER
vehiculos/coupe/bmw-8-series-e31.jpg,vehiculos/coupe,Coupe,BMW,8 Series,E31,bmw-8-series-e31,631,PLACEHOLDER
vehiculos/coupe/bmw-m1-e26.jpg,vehiculos/coupe,Coupe,BMW,M1,E26,bmw-m1-e26,631,PLACEHOLDER
vehiculos/coupe/bmw-m3-e30.jpg,vehiculos/coupe,Coupe,BMW,M3,E30,bmw-m3-e30,631,PLACEHOLDER
vehiculos/coupe/bmw-m3-e36.jpg,vehiculos/coupe,Coupe,BMW,M3,E36,bmw-m3-e36,631,PLACEHOLDER
vehiculos/coupe/bmw-m6-m635csi-e24.jpg,vehiculos/coupe,Coupe,BMW,M6 / M635CSi,E24,bmw-m6-m635csi-e24,631,PLACEHOLDER
vehiculos/coupe/bond-equipe-2-litre-gt-mark-i.jpg,vehiculos/coupe,Coupe,Bond,Equipe,2-Litre GT Mark I,bond-equipe-2-litre-gt-mark-i,631,PLACEHOLDER
vehiculos/coupe/bond-equipe-2-litre-gt-mark-ii.jpg,vehiculos/coupe,Coupe,Bond,Equipe,2-Litre GT Mark II,bond-equipe-2-litre-gt-mark-ii,631,PLACEHOLDER
vehiculos/coupe/bond-equipe-gt-2-2.jpg,vehiculos/coupe,Coupe,Bond,Equipe,GT 2+2,bond-equipe-gt-2-2,631,PLACEHOLDER
vehiculos/coupe/bond-equipe-gt-4s-1300.jpg,vehiculos/coupe,Coupe,Bond,Equipe,GT 4S 1300,bond-equipe-gt-4s-1300,631,PLACEHOLDER
vehiculos/coupe/bond-equipe-gt-4s.jpg,vehiculos/coupe,Coupe,Bond,Equipe,GT 4S,bond-equipe-gt-4s,631,PLACEHOLDER
vehiculos/coupe/borgward-isabella-isabella-coupe.jpg,vehiculos/coupe,Coupe,Borgward,Isabella,Isabella Coupe,borgward-isabella-isabella-coupe,631,PLACEHOLDER
vehiculos/coupe/bristol-400-type-400.jpg,vehiculos/coupe,Coupe,Bristol,400,Type 400,bristol-400-type-400,631,PLACEHOLDER
vehiculos/coupe/bristol-401-type-401.jpg,vehiculos/coupe,Coupe,Bristol,401,Type 401,bristol-401-type-401,631,PLACEHOLDER
vehiculos/coupe/bristol-403-type-403.jpg,vehiculos/coupe,Coupe,Bristol,403,Type 403,bristol-403-type-403,631,PLACEHOLDER
vehiculos/coupe/bristol-404-type-404.jpg,vehiculos/coupe,Coupe,Bristol,404,Type 404,bristol-404-type-404,631,PLACEHOLDER
vehiculos/coupe/bristol-406-type-406.jpg,vehiculos/coupe,Coupe,Bristol,406,Type 406,bristol-406-type-406,631,PLACEHOLDER
vehiculos/coupe/bristol-406-zagato-type-406s-zagato.jpg,vehiculos/coupe,Coupe,Bristol,406 Zagato,Type 406S (Zagato),bristol-406-zagato-type-406s-zagato,631,PLACEHOLDER
vehiculos/coupe/bristol-407-type-407.jpg,vehiculos/coupe,Coupe,Bristol,407,Type 407,bristol-407-type-407,631,PLACEHOLDER
vehiculos/coupe/bristol-408-type-408-mk-i.jpg,vehiculos/coupe,Coupe,Bristol,408,Type 408 Mk I,bristol-408-type-408-mk-i,631,PLACEHOLDER
vehiculos/coupe/bristol-408-type-408-mk-ii.jpg,vehiculos/coupe,Coupe,Bristol,408,Type 408 Mk II,bristol-408-type-408-mk-ii,631,PLACEHOLDER
vehiculos/coupe/bristol-409-type-409.jpg,vehiculos/coupe,Coupe,Bristol,409,Type 409,bristol-409-type-409,631,PLACEHOLDER
vehiculos/coupe/bristol-410-type-410.jpg,vehiculos/coupe,Coupe,Bristol,410,Type 410,bristol-410-type-410,631,PLACEHOLDER
vehiculos/coupe/bristol-411-type-411-series-1.jpg,vehiculos/coupe,Coupe,Bristol,411,Type 411 Series 1,bristol-411-type-411-series-1,631,PLACEHOLDER
vehiculos/coupe/bristol-411-type-411-series-2.jpg,vehiculos/coupe,Coupe,Bristol,411,Type 411 Series 2,bristol-411-type-411-series-2,631,PLACEHOLDER
vehiculos/coupe/bristol-411-type-411-series-3.jpg,vehiculos/coupe,Coupe,Bristol,411,Type 411 Series 3,bristol-411-type-411-series-3,631,PLACEHOLDER
vehiculos/coupe/bristol-411-type-411-series-4.jpg,vehiculos/coupe,Coupe,Bristol,411,Type 411 Series 4,bristol-411-type-411-series-4,631,PLACEHOLDER
vehiculos/coupe/bristol-411-type-411-series-5.jpg,vehiculos/coupe,Coupe,Bristol,411,Type 411 Series 5,bristol-411-type-411-series-5,631,PLACEHOLDER
vehiculos/coupe/bristol-412-type-412-series-1.jpg,vehiculos/coupe,Coupe,Bristol,412,Type 412 Series 1,bristol-412-type-412-series-1,631,PLACEHOLDER
vehiculos/coupe/bristol-412-type-412-series-2.jpg,vehiculos/coupe,Coupe,Bristol,412,Type 412 Series 2,bristol-412-type-412-series-2,631,PLACEHOLDER
vehiculos/coupe/bristol-603-type-603-series-1.jpg,vehiculos/coupe,Coupe,Bristol,603,Type 603 Series 1,bristol-603-type-603-series-1,631,PLACEHOLDER
vehiculos/coupe/bristol-603-type-603-series-2.jpg,vehiculos/coupe,Coupe,Bristol,603,Type 603 Series 2,bristol-603-type-603-series-2,631,PLACEHOLDER
vehiculos/coupe/bristol-beaufighter-beaufighter-base-412.jpg,vehiculos/coupe,Coupe,Bristol,Beaufighter,Beaufighter (base 412),bristol-beaufighter-beaufighter-base-412,631,PLACEHOLDER
vehiculos/coupe/bristol-blenheim-blenheim-series-1.jpg,vehiculos/coupe,Coupe,Bristol,Blenheim,Blenheim Series 1,bristol-blenheim-blenheim-series-1,631,PLACEHOLDER
vehiculos/coupe/bristol-blenheim-blenheim-series-2.jpg,vehiculos/coupe,Coupe,Bristol,Blenheim,Blenheim Series 2,bristol-blenheim-blenheim-series-2,631,PLACEHOLDER
vehiculos/coupe/bristol-brigand-type-603-series-3-brigand.jpg,vehiculos/coupe,Coupe,Bristol,Brigand,Type 603 Series 3 (Brigand),bristol-brigand-type-603-series-3-brigand,631,PLACEHOLDER
vehiculos/coupe/bristol-britannia-type-603-series-3-britannia.jpg,vehiculos/coupe,Coupe,Bristol,Britannia,Type 603 Series 3 (Britannia),bristol-britannia-type-603-series-3-britannia,631,PLACEHOLDER
vehiculos/coupe/bugatti-eb110-eb110-gt.jpg,vehiculos/coupe,Coupe,Bugatti,EB110,EB110 GT,bugatti-eb110-eb110-gt,631,PLACEHOLDER
vehiculos/coupe/bugatti-eb110-eb110-ss.jpg,vehiculos/coupe,Coupe,Bugatti,EB110,EB110 SS,bugatti-eb110-eb110-ss,631,PLACEHOLDER
vehiculos/coupe/bugatti-type-101-type-101.jpg,vehiculos/coupe,Coupe,Bugatti,Type 101,Type 101,bugatti-type-101-type-101,631,PLACEHOLDER
vehiculos/coupe/bugatti-type-57-type-57.jpg,vehiculos/coupe,Coupe,Bugatti,Type 57,Type 57,bugatti-type-57-type-57,631,PLACEHOLDER
vehiculos/coupe/buick-centurion-centurion-1971-1973.jpg,vehiculos/coupe,Coupe,Buick,Centurion,Centurion (1971-1973),buick-centurion-centurion-1971-1973,631,PLACEHOLDER
vehiculos/coupe/buick-gran-sport-gran-sport-gs-1965-1972.jpg,vehiculos/coupe,Coupe,Buick,Gran Sport,Gran Sport / GS (1965-1972),buick-gran-sport-gran-sport-gs-1965-1972,631,PLACEHOLDER
vehiculos/coupe/buick-gran-sport-gsx-1970-1972.jpg,vehiculos/coupe,Coupe,Buick,Gran Sport,GSX (1970-1972),buick-gran-sport-gsx-1970-1972,631,PLACEHOLDER
vehiculos/coupe/buick-reatta-reatta-1988-1991.jpg,vehiculos/coupe,Coupe,Buick,Reatta,Reatta (1988-1991),buick-reatta-reatta-1988-1991,631,PLACEHOLDER
vehiculos/coupe/buick-regal-regal-2a-gen-g-body-1978-1987.jpg,vehiculos/coupe,Coupe,Buick,Regal,Regal 2a gen G-body (1978-1987),buick-regal-regal-2a-gen-g-body-1978-1987,631,PLACEHOLDER
vehiculos/coupe/buick-regal-regal-3a-gen-w-body-1988-1996.jpg,vehiculos/coupe,Coupe,Buick,Regal,Regal 3a gen W-body (1988-1996),buick-regal-regal-3a-gen-w-body-1988-1996,631,PLACEHOLDER
vehiculos/coupe/buick-regal-regal-gnx-1987.jpg,vehiculos/coupe,Coupe,Buick,Regal,Regal GNX (1987),buick-regal-regal-gnx-1987,631,PLACEHOLDER
vehiculos/coupe/buick-riviera-riviera-1a-gen-1963-1965.jpg,vehiculos/coupe,Coupe,Buick,Riviera,Riviera 1a gen (1963-1965),buick-riviera-riviera-1a-gen-1963-1965,631,PLACEHOLDER
vehiculos/coupe/buick-riviera-riviera-2a-gen-1966-1970.jpg,vehiculos/coupe,Coupe,Buick,Riviera,Riviera 2a gen (1966-1970),buick-riviera-riviera-2a-gen-1966-1970,631,PLACEHOLDER
vehiculos/coupe/buick-riviera-riviera-3a-gen-boattail-1971-1973.jpg,vehiculos/coupe,Coupe,Buick,Riviera,Riviera 3a gen Boattail (1971-1973),buick-riviera-riviera-3a-gen-boattail-1971-1973,631,PLACEHOLDER
vehiculos/coupe/buick-riviera-riviera-4a-gen-1974-1976.jpg,vehiculos/coupe,Coupe,Buick,Riviera,Riviera 4a gen (1974-1976),buick-riviera-riviera-4a-gen-1974-1976,631,PLACEHOLDER
vehiculos/coupe/buick-riviera-riviera-5a-gen-1977-1978.jpg,vehiculos/coupe,Coupe,Buick,Riviera,Riviera 5a gen (1977-1978),buick-riviera-riviera-5a-gen-1977-1978,631,PLACEHOLDER
vehiculos/coupe/buick-riviera-riviera-6a-gen-1979-1985.jpg,vehiculos/coupe,Coupe,Buick,Riviera,Riviera 6a gen (1979-1985),buick-riviera-riviera-6a-gen-1979-1985,631,PLACEHOLDER
vehiculos/coupe/buick-riviera-riviera-7a-gen-1986-1993.jpg,vehiculos/coupe,Coupe,Buick,Riviera,Riviera 7a gen (1986-1993),buick-riviera-riviera-7a-gen-1986-1993,631,PLACEHOLDER
vehiculos/coupe/buick-riviera-riviera-8a-gen-1995-1999.jpg,vehiculos/coupe,Coupe,Buick,Riviera,Riviera 8a gen (1995-1999),buick-riviera-riviera-8a-gen-1995-1999,631,PLACEHOLDER
vehiculos/coupe/buick-skyhawk-skyhawk-2a-gen-j-body-1982-1989.jpg,vehiculos/coupe,Coupe,Buick,Skyhawk,Skyhawk 2a gen J-body (1982-1989),buick-skyhawk-skyhawk-2a-gen-j-body-1982-1989,631,PLACEHOLDER
vehiculos/coupe/buick-skylark-skylark-5a-gen-n-body-1986-1991.jpg,vehiculos/coupe,Coupe,Buick,Skylark,Skylark 5a gen N-body (1986-1991),buick-skylark-skylark-5a-gen-n-body-1986-1991,631,PLACEHOLDER
vehiculos/coupe/buick-somerset-somerset-n-body-1985-1987.jpg,vehiculos/coupe,Coupe,Buick,Somerset,Somerset N-body (1985-1987),buick-somerset-somerset-n-body-1985-1987,631,PLACEHOLDER
vehiculos/coupe/buick-wildcat-wildcat-1963-1970.jpg,vehiculos/coupe,Coupe,Buick,Wildcat,Wildcat (1963-1970),buick-wildcat-wildcat-1963-1970,631,PLACEHOLDER
vehiculos/coupe/cadillac-calais-1965-1970.jpg,vehiculos/coupe,Coupe,Cadillac,Calais,(1965-1970),cadillac-calais-1965-1970,631,PLACEHOLDER
vehiculos/coupe/cadillac-calais-1971-1976.jpg,vehiculos/coupe,Coupe,Cadillac,Calais,(1971-1976),cadillac-calais-1971-1976,631,PLACEHOLDER
vehiculos/coupe/cadillac-eldorado-1967-1970-fwd.jpg,vehiculos/coupe,Coupe,Cadillac,Eldorado,(1967-1970) FWD,cadillac-eldorado-1967-1970-fwd,631,PLACEHOLDER
vehiculos/coupe/cadillac-eldorado-1971-1978.jpg,vehiculos/coupe,Coupe,Cadillac,Eldorado,(1971-1978),cadillac-eldorado-1971-1978,631,PLACEHOLDER
vehiculos/coupe/cadillac-eldorado-1979-1985.jpg,vehiculos/coupe,Coupe,Cadillac,Eldorado,(1979-1985),cadillac-eldorado-1979-1985,631,PLACEHOLDER
vehiculos/coupe/cadillac-eldorado-1986-1991.jpg,vehiculos/coupe,Coupe,Cadillac,Eldorado,(1986-1991),cadillac-eldorado-1986-1991,631,PLACEHOLDER
vehiculos/coupe/chevrolet-beretta-l-body.jpg,vehiculos/coupe,Coupe,Chevrolet,Beretta,L-body,chevrolet-beretta-l-body,631,PLACEHOLDER
vehiculos/coupe/chevrolet-camaro-1st-gen.jpg,vehiculos/coupe,Coupe,Chevrolet,Camaro,1st gen,chevrolet-camaro-1st-gen,631,PLACEHOLDER
vehiculos/coupe/chevrolet-camaro-2nd-gen.jpg,vehiculos/coupe,Coupe,Chevrolet,Camaro,2nd gen,chevrolet-camaro-2nd-gen,631,PLACEHOLDER
vehiculos/coupe/chevrolet-camaro-3rd-gen.jpg,vehiculos/coupe,Coupe,Chevrolet,Camaro,3rd gen,chevrolet-camaro-3rd-gen,631,PLACEHOLDER
vehiculos/coupe/chevrolet-chevelle-1st-2nd-gen.jpg,vehiculos/coupe,Coupe,Chevrolet,Chevelle,1st/2nd gen,chevrolet-chevelle-1st-2nd-gen,631,PLACEHOLDER
vehiculos/coupe/chevrolet-corvair-1st-2nd-gen.jpg,vehiculos/coupe,Coupe,Chevrolet,Corvair,1st/2nd gen,chevrolet-corvair-1st-2nd-gen,631,PLACEHOLDER
vehiculos/coupe/chevrolet-corvette-c2-sting-ray.jpg,vehiculos/coupe,Coupe,Chevrolet,Corvette,C2 Sting Ray,chevrolet-corvette-c2-sting-ray,631,PLACEHOLDER
vehiculos/coupe/chevrolet-corvette-c3.jpg,vehiculos/coupe,Coupe,Chevrolet,Corvette,C3,chevrolet-corvette-c3,631,PLACEHOLDER
vehiculos/coupe/chevrolet-corvette-c4.jpg,vehiculos/coupe,Coupe,Chevrolet,Corvette,C4,chevrolet-corvette-c4,631,PLACEHOLDER
vehiculos/coupe/chevrolet-monte-carlo-1st-2nd-gen.jpg,vehiculos/coupe,Coupe,Chevrolet,Monte Carlo,1st/2nd gen,chevrolet-monte-carlo-1st-2nd-gen,631,PLACEHOLDER
vehiculos/coupe/chevrolet-monte-carlo-3rd-4th-gen-g-body.jpg,vehiculos/coupe,Coupe,Chevrolet,Monte Carlo,3rd/4th gen (G-body),chevrolet-monte-carlo-3rd-4th-gen-g-body,631,PLACEHOLDER
vehiculos/coupe/chevrolet-monte-carlo-5th-gen-w-body.jpg,vehiculos/coupe,Coupe,Chevrolet,Monte Carlo,5th gen (W-body),chevrolet-monte-carlo-5th-gen-w-body,631,PLACEHOLDER
vehiculos/coupe/chevrolet-monza-h-body.jpg,vehiculos/coupe,Coupe,Chevrolet,Monza,H-body,chevrolet-monza-h-body,631,PLACEHOLDER
vehiculos/coupe/chrysler-lebaron-lebaron-j-body-3a-gen.jpg,vehiculos/coupe,Coupe,Chrysler,LeBaron,"LeBaron (J-body, 3a gen)",chrysler-lebaron-lebaron-j-body-3a-gen,631,PLACEHOLDER
vehiculos/coupe/chrysler-lebaron-lebaron-m-body-1a-gen.jpg,vehiculos/coupe,Coupe,Chrysler,LeBaron,"LeBaron (M-body, 1a gen)",chrysler-lebaron-lebaron-m-body-1a-gen,631,PLACEHOLDER
vehiculos/coupe/chrysler-sebring-sebring-coupe-1a-gen-fj.jpg,vehiculos/coupe,Coupe,Chrysler,Sebring,"Sebring Coupe (1a gen, FJ)",chrysler-sebring-sebring-coupe-1a-gen-fj,631,PLACEHOLDER
vehiculos/coupe/cisitalia-202-202-gran-sport.jpg,vehiculos/coupe,Coupe,Cisitalia,202,202 Gran Sport,cisitalia-202-202-gran-sport,631,PLACEHOLDER
vehiculos/coupe/cisitalia-202-d-202-d-competizione.jpg,vehiculos/coupe,Coupe,Cisitalia,202 D,202 D Competizione,cisitalia-202-d-202-d-competizione,631,PLACEHOLDER
vehiculos/coupe/cisitalia-303-df-303-df-coup.jpg,vehiculos/coupe,Coupe,Cisitalia,303 DF,303 DF Coupé,cisitalia-303-df-303-df-coup,631,PLACEHOLDER
vehiculos/coupe/cisitalia-33-df-voloradente-33-df.jpg,vehiculos/coupe,Coupe,Cisitalia,33 DF Voloradente,33 DF,cisitalia-33-df-voloradente-33-df,631,PLACEHOLDER
vehiculos/coupe/cisitalia-505-df-505-df-ghia.jpg,vehiculos/coupe,Coupe,Cisitalia,505 DF,505 DF (Ghia),cisitalia-505-df-505-df-ghia,631,PLACEHOLDER
vehiculos/coupe/cisitalia-750-gt-750-gt-coup.jpg,vehiculos/coupe,Coupe,Cisitalia,750 GT,750 GT Coupé,cisitalia-750-gt-750-gt-coup,631,PLACEHOLDER
vehiculos/coupe/cisitalia-850-gt-850-gt-coup.jpg,vehiculos/coupe,Coupe,Cisitalia,850 GT,850 GT Coupé,cisitalia-850-gt-850-gt-coup,631,PLACEHOLDER
vehiculos/coupe/cisitalia-850-scorpione-cisitalia-abarth-850-scorpione-allemano.jpg,vehiculos/coupe,Coupe,Cisitalia,850 Scorpione,Cisitalia-Abarth 850 Scorpione (Allemano),cisitalia-850-scorpione-cisitalia-abarth-850-scorpione-allemano,631,PLACEHOLDER
vehiculos/coupe/citroen-sm-sm.jpg,vehiculos/coupe,Coupe,Citroen,SM,SM,citroen-sm-sm,631,PLACEHOLDER
vehiculos/coupe/dacia-sport-dacia-1310-sport.jpg,vehiculos/coupe,Coupe,Dacia,Sport,Dacia 1310 Sport,dacia-sport-dacia-1310-sport,631,PLACEHOLDER
vehiculos/coupe/dacia-sport-dacia-1410-sport.jpg,vehiculos/coupe,Coupe,Dacia,Sport,Dacia 1410 Sport,dacia-sport-dacia-1410-sport,631,PLACEHOLDER
vehiculos/coupe/daf-55-daf-55-coupe.jpg,vehiculos/coupe,Coupe,DAF,55,DAF 55 Coupe,daf-55-daf-55-coupe,631,PLACEHOLDER
vehiculos/coupe/daf-66-daf-66-coupe.jpg,vehiculos/coupe,Coupe,DAF,66,DAF 66 Coupe,daf-66-daf-66-coupe,631,PLACEHOLDER
vehiculos/coupe/daimler-double-six-coupe-double-six-xj-c-serie-2-2-puertas.jpg,vehiculos/coupe,Coupe,Daimler,Double-Six Coupe,Double-Six XJ-C Serie 2 (2 puertas),daimler-double-six-coupe-double-six-xj-c-serie-2-2-puertas,631,PLACEHOLDER
vehiculos/coupe/daimler-sovereign-coupe-sovereign-xj-c-serie-2-2-puertas.jpg,vehiculos/coupe,Coupe,Daimler,Sovereign Coupe,Sovereign XJ-C Serie 2 (2 puertas),daimler-sovereign-coupe-sovereign-xj-c-serie-2-2-puertas,631,PLACEHOLDER
vehiculos/coupe/datsun-200sx-s10-silvia.jpg,vehiculos/coupe,Coupe,Datsun,200SX,S10 (Silvia),datsun-200sx-s10-silvia,631,PLACEHOLDER
vehiculos/coupe/datsun-200sx-s110.jpg,vehiculos/coupe,Coupe,Datsun,200SX,S110,datsun-200sx-s110,631,PLACEHOLDER
vehiculos/coupe/datsun-240k-gt-skyline-c110.jpg,vehiculos/coupe,Coupe,Datsun,240K GT,Skyline C110,datsun-240k-gt-skyline-c110,631,PLACEHOLDER
vehiculos/coupe/datsun-240z-s30.jpg,vehiculos/coupe,Coupe,Datsun,240Z,S30,datsun-240z-s30,631,PLACEHOLDER
vehiculos/coupe/datsun-260z-s30-rs30.jpg,vehiculos/coupe,Coupe,Datsun,260Z,S30 (RS30),datsun-260z-s30-rs30,631,PLACEHOLDER
vehiculos/coupe/datsun-280z-s30.jpg,vehiculos/coupe,Coupe,Datsun,280Z,S30,datsun-280z-s30,631,PLACEHOLDER
vehiculos/coupe/datsun-280zx-s130.jpg,vehiculos/coupe,Coupe,Datsun,280ZX,S130,datsun-280zx-s130,631,PLACEHOLDER
vehiculos/coupe/datsun-280zx-turbo-s130.jpg,vehiculos/coupe,Coupe,Datsun,280ZX Turbo,S130,datsun-280zx-turbo-s130,631,PLACEHOLDER
vehiculos/coupe/datsun-510-bluebird-510-coupe-kp510.jpg,vehiculos/coupe,Coupe,Datsun,510,Bluebird 510 Coupe (KP510),datsun-510-bluebird-510-coupe-kp510,631,PLACEHOLDER
vehiculos/coupe/datsun-610-180b-bluebird-610-coupe.jpg,vehiculos/coupe,Coupe,Datsun,610 / 180B,Bluebird 610 Coupe,datsun-610-180b-bluebird-610-coupe,631,PLACEHOLDER
vehiculos/coupe/datsun-sunny-1200-coupe-b110-kb110.jpg,vehiculos/coupe,Coupe,Datsun,Sunny 1200 Coupe,B110 (KB110),datsun-sunny-1200-coupe-b110-kb110,631,PLACEHOLDER
vehiculos/coupe/datsun-violet-160j-coupe-a10.jpg,vehiculos/coupe,Coupe,Datsun,Violet 160J Coupe,A10,datsun-violet-160j-coupe-a10,631,PLACEHOLDER
vehiculos/coupe/de-tomaso-longchamp-longchamp.jpg,vehiculos/coupe,Coupe,De Tomaso,Longchamp,Longchamp,de-tomaso-longchamp-longchamp,631,PLACEHOLDER
vehiculos/coupe/de-tomaso-mangusta-mangusta.jpg,vehiculos/coupe,Coupe,De Tomaso,Mangusta,Mangusta,de-tomaso-mangusta-mangusta,631,PLACEHOLDER
vehiculos/coupe/de-tomaso-pantera-pantera-90-si.jpg,vehiculos/coupe,Coupe,De Tomaso,Pantera,Pantera 90 Si,de-tomaso-pantera-pantera-90-si,631,PLACEHOLDER
vehiculos/coupe/de-tomaso-pantera-pantera-gt5-s.jpg,vehiculos/coupe,Coupe,De Tomaso,Pantera,Pantera GT5-S,de-tomaso-pantera-pantera-gt5-s,631,PLACEHOLDER
vehiculos/coupe/de-tomaso-pantera-pantera-gt5.jpg,vehiculos/coupe,Coupe,De Tomaso,Pantera,Pantera GT5,de-tomaso-pantera-pantera-gt5,631,PLACEHOLDER
vehiculos/coupe/de-tomaso-pantera-pantera-pre-l-l-gts.jpg,vehiculos/coupe,Coupe,De Tomaso,Pantera,Pantera (Pre-L / L / GTS),de-tomaso-pantera-pantera-pre-l-l-gts,631,PLACEHOLDER
vehiculos/coupe/de-tomaso-vallelunga-vallelunga.jpg,vehiculos/coupe,Coupe,De Tomaso,Vallelunga,Vallelunga,de-tomaso-vallelunga-vallelunga,631,PLACEHOLDER
vehiculos/coupe/delage-d6-d6-11-s.jpg,vehiculos/coupe,Coupe,Delage,D6,D6-11 S,delage-d6-d6-11-s,631,PLACEHOLDER
vehiculos/coupe/delage-d6-d6-3-litre.jpg,vehiculos/coupe,Coupe,Delage,D6,D6 3-Litre,delage-d6-d6-3-litre,631,PLACEHOLDER
vehiculos/coupe/delage-d8-d8-105.jpg,vehiculos/coupe,Coupe,Delage,D8,D8-105,delage-d8-d8-105,631,PLACEHOLDER
vehiculos/coupe/delage-di-di-s.jpg,vehiculos/coupe,Coupe,Delage,DI,DI S,delage-di-di-s,631,PLACEHOLDER
vehiculos/coupe/delage-dm-dms.jpg,vehiculos/coupe,Coupe,Delage,DM,DMS,delage-dm-dms,631,PLACEHOLDER
vehiculos/coupe/delahaye-type-135-type-135-32l.jpg,vehiculos/coupe,Coupe,Delahaye,Type 135,Type 135 (3.2L),delahaye-type-135-type-135-32l,631,PLACEHOLDER
vehiculos/coupe/delahaye-type-235-type-235.jpg,vehiculos/coupe,Coupe,Delahaye,Type 235,Type 235,delahaye-type-235-type-235,631,PLACEHOLDER
vehiculos/coupe/delorean-dmc-12-dmc-12.jpg,vehiculos/coupe,Coupe,DeLorean,DMC-12,DMC-12,delorean-dmc-12-dmc-12,631,PLACEHOLDER
vehiculos/coupe/desoto-adventurer-adventurer-1956.jpg,vehiculos/coupe,Coupe,DeSoto,Adventurer,Adventurer 1956,desoto-adventurer-adventurer-1956,631,PLACEHOLDER
vehiculos/coupe/desoto-adventurer-adventurer-1957.jpg,vehiculos/coupe,Coupe,DeSoto,Adventurer,Adventurer 1957,desoto-adventurer-adventurer-1957,631,PLACEHOLDER
vehiculos/coupe/desoto-adventurer-adventurer-1958.jpg,vehiculos/coupe,Coupe,DeSoto,Adventurer,Adventurer 1958,desoto-adventurer-adventurer-1958,631,PLACEHOLDER
vehiculos/coupe/desoto-adventurer-adventurer-1959.jpg,vehiculos/coupe,Coupe,DeSoto,Adventurer,Adventurer 1959,desoto-adventurer-adventurer-1959,631,PLACEHOLDER
vehiculos/coupe/desoto-desoto-1961-1961-sin-designacion-de-serie.jpg,vehiculos/coupe,Coupe,DeSoto,DeSoto (1961),1961 (sin designacion de serie),desoto-desoto-1961-1961-sin-designacion-de-serie,631,PLACEHOLDER
vehiculos/coupe/dkw-1000-s-sport-auto-union-1000-s-sport-fissore-argentina.jpg,vehiculos/coupe,Coupe,DKW,1000 S Sport,Auto Union 1000 S Sport Fissore (Argentina),dkw-1000-s-sport-auto-union-1000-s-sport-fissore-argentina,631,PLACEHOLDER
vehiculos/coupe/dkw-1000-sp-auto-union-1000-sp-coupe.jpg,vehiculos/coupe,Coupe,DKW,1000 Sp,Auto Union 1000 Sp Coupe,dkw-1000-sp-auto-union-1000-sp-coupe,631,PLACEHOLDER
vehiculos/coupe/dkw-3-6-f93-coupe.jpg,vehiculos/coupe,Coupe,DKW,3=6,F93 Coupe,dkw-3-6-f93-coupe,631,PLACEHOLDER
vehiculos/coupe/dkw-f89-f89-coupe-hebmuller.jpg,vehiculos/coupe,Coupe,DKW,F89,F89 Coupe Hebmuller,dkw-f89-f89-coupe-hebmuller,631,PLACEHOLDER
vehiculos/coupe/dkw-fissore-dkw-vemag-fissore-brasil.jpg,vehiculos/coupe,Coupe,DKW,Fissore,DKW-Vemag Fissore (Brasil),dkw-fissore-dkw-vemag-fissore-brasil,631,PLACEHOLDER
vehiculos/coupe/dodge-400-400-k-body.jpg,vehiculos/coupe,Coupe,Dodge,400,400 (K-body),dodge-400-400-k-body,631,PLACEHOLDER
vehiculos/coupe/dodge-avenger-avenger-1a-gen-fj.jpg,vehiculos/coupe,Coupe,Dodge,Avenger,Avenger 1a gen (FJ),dodge-avenger-avenger-1a-gen-fj,631,PLACEHOLDER
vehiculos/coupe/dodge-challenger-challenger-1a-gen-e-body.jpg,vehiculos/coupe,Coupe,Dodge,Challenger,Challenger 1a gen (E-body),dodge-challenger-challenger-1a-gen-e-body,631,PLACEHOLDER
vehiculos/coupe/dodge-challenger-challenger-2a-gen-rebadge-mitsubishi-galant-lambda.jpg,vehiculos/coupe,Coupe,Dodge,Challenger,Challenger 2a gen (rebadge Mitsubishi Galant Lambda),dodge-challenger-challenger-2a-gen-rebadge-mitsubishi-galant-lambda,631,PLACEHOLDER
vehiculos/coupe/dodge-charger-charger-1a-gen-b-body.jpg,vehiculos/coupe,Coupe,Dodge,Charger,Charger 1a gen (B-body),dodge-charger-charger-1a-gen-b-body,631,PLACEHOLDER
vehiculos/coupe/dodge-charger-charger-2a-gen-b-body.jpg,vehiculos/coupe,Coupe,Dodge,Charger,Charger 2a gen (B-body),dodge-charger-charger-2a-gen-b-body,631,PLACEHOLDER
vehiculos/coupe/dodge-charger-charger-3a-gen-b-body.jpg,vehiculos/coupe,Coupe,Dodge,Charger,Charger 3a gen (B-body),dodge-charger-charger-3a-gen-b-body,631,PLACEHOLDER
vehiculos/coupe/dodge-charger-charger-4a-gen-cordoba-base.jpg,vehiculos/coupe,Coupe,Dodge,Charger,Charger 4a gen (Cordoba base),dodge-charger-charger-4a-gen-cordoba-base,631,PLACEHOLDER
vehiculos/coupe/dodge-coronet-coronet-super-bee-b-body.jpg,vehiculos/coupe,Coupe,Dodge,Coronet,Coronet Super Bee (B-body),dodge-coronet-coronet-super-bee-b-body,631,PLACEHOLDER
vehiculos/coupe/dodge-dart-dart-a-body-compacto.jpg,vehiculos/coupe,Coupe,Dodge,Dart,Dart A-body (compacto),dodge-dart-dart-a-body-compacto,631,PLACEHOLDER
vehiculos/coupe/dodge-daytona-daytona-g-body.jpg,vehiculos/coupe,Coupe,Dodge,Daytona,Daytona (G-body),dodge-daytona-daytona-g-body,631,PLACEHOLDER
vehiculos/coupe/dodge-magnum-magnum-xe-b-body.jpg,vehiculos/coupe,Coupe,Dodge,Magnum,Magnum XE (B-body),dodge-magnum-magnum-xe-b-body,631,PLACEHOLDER
vehiculos/coupe/dodge-mirada-mirada-j-body.jpg,vehiculos/coupe,Coupe,Dodge,Mirada,Mirada (J-body),dodge-mirada-mirada-j-body,631,PLACEHOLDER
vehiculos/coupe/dodge-stealth-stealth.jpg,vehiculos/coupe,Coupe,Dodge,Stealth,Stealth,dodge-stealth-stealth,631,PLACEHOLDER
vehiculos/coupe/eagle-summit-summit-1a-gen.jpg,vehiculos/coupe,Coupe,Eagle,Summit,Summit 1a gen,eagle-summit-summit-1a-gen,631,PLACEHOLDER
vehiculos/coupe/eagle-summit-summit-2a-gen.jpg,vehiculos/coupe,Coupe,Eagle,Summit,Summit 2a gen,eagle-summit-summit-2a-gen,631,PLACEHOLDER
vehiculos/coupe/eagle-talon-talon-1g.jpg,vehiculos/coupe,Coupe,Eagle,Talon,Talon 1G,eagle-talon-talon-1g,631,PLACEHOLDER
vehiculos/coupe/eagle-talon-talon-2g.jpg,vehiculos/coupe,Coupe,Eagle,Talon,Talon 2G,eagle-talon-talon-2g,631,PLACEHOLDER
vehiculos/coupe/facel-vega-facel-6-facel-6.jpg,vehiculos/coupe,Coupe,Facel Vega,Facel 6,Facel 6,facel-vega-facel-6-facel-6,631,PLACEHOLDER
vehiculos/coupe/facel-vega-facel-ii-facel-ii.jpg,vehiculos/coupe,Coupe,Facel Vega,Facel II,Facel II,facel-vega-facel-ii-facel-ii,631,PLACEHOLDER
vehiculos/coupe/facel-vega-facel-iii-facel-iii.jpg,vehiculos/coupe,Coupe,Facel Vega,Facel III,Facel III,facel-vega-facel-iii-facel-iii,631,PLACEHOLDER
vehiculos/coupe/facel-vega-fv-fv.jpg,vehiculos/coupe,Coupe,Facel Vega,FV,FV,facel-vega-fv-fv,631,PLACEHOLDER
vehiculos/coupe/facel-vega-fv-fv1-fv2.jpg,vehiculos/coupe,Coupe,Facel Vega,FV,FV1 / FV2,facel-vega-fv-fv1-fv2,631,PLACEHOLDER
vehiculos/coupe/facel-vega-fv-fv2b.jpg,vehiculos/coupe,Coupe,Facel Vega,FV,FV2B,facel-vega-fv-fv2b,631,PLACEHOLDER
vehiculos/coupe/facel-vega-fv-fv3.jpg,vehiculos/coupe,Coupe,Facel Vega,FV,FV3,facel-vega-fv-fv3,631,PLACEHOLDER
vehiculos/coupe/facel-vega-fv-fv3b.jpg,vehiculos/coupe,Coupe,Facel Vega,FV,FV3B,facel-vega-fv-fv3b,631,PLACEHOLDER
vehiculos/coupe/facel-vega-fv-fv4-typhoon.jpg,vehiculos/coupe,Coupe,Facel Vega,FV,FV4 Typhoon,facel-vega-fv-fv4-typhoon,631,PLACEHOLDER
vehiculos/coupe/facel-vega-hk500-hk500.jpg,vehiculos/coupe,Coupe,Facel Vega,HK500,HK500,facel-vega-hk500-hk500,631,PLACEHOLDER
vehiculos/coupe/ferrari-250-gte-2-2-250-gte.jpg,vehiculos/coupe,Coupe,Ferrari,250 GTE 2+2,250 GTE,ferrari-250-gte-2-2-250-gte,631,PLACEHOLDER
vehiculos/coupe/ferrari-275-gtb-275-gtb.jpg,vehiculos/coupe,Coupe,Ferrari,275 GTB,275 GTB,ferrari-275-gtb-275-gtb,631,PLACEHOLDER
vehiculos/coupe/ferrari-275-gtb-4-275-gtb-4.jpg,vehiculos/coupe,Coupe,Ferrari,275 GTB/4,275 GTB/4,ferrari-275-gtb-4-275-gtb-4,631,PLACEHOLDER
vehiculos/coupe/ferrari-288-gto-288-gto.jpg,vehiculos/coupe,Coupe,Ferrari,288 GTO,288 GTO,ferrari-288-gto-288-gto,631,PLACEHOLDER
vehiculos/coupe/ferrari-308-308-gtb-gts-qv.jpg,vehiculos/coupe,Coupe,Ferrari,308,308 GTB/GTS QV,ferrari-308-308-gtb-gts-qv,631,PLACEHOLDER
vehiculos/coupe/ferrari-308-308-gtb-gts.jpg,vehiculos/coupe,Coupe,Ferrari,308,308 GTB/GTS,ferrari-308-308-gtb-gts,631,PLACEHOLDER
vehiculos/coupe/ferrari-308-308-gtbi-gtsi.jpg,vehiculos/coupe,Coupe,Ferrari,308,308 GTBi/GTSi,ferrari-308-308-gtbi-gtsi,631,PLACEHOLDER
vehiculos/coupe/ferrari-328-328-gtb-gts.jpg,vehiculos/coupe,Coupe,Ferrari,328,328 GTB/GTS,ferrari-328-328-gtb-gts,631,PLACEHOLDER
vehiculos/coupe/ferrari-330-gt-2-2-330-gt-2-2.jpg,vehiculos/coupe,Coupe,Ferrari,330 GT 2+2,330 GT 2+2,ferrari-330-gt-2-2-330-gt-2-2,631,PLACEHOLDER
vehiculos/coupe/ferrari-330-gtc-330-gtc-gts.jpg,vehiculos/coupe,Coupe,Ferrari,330 GTC,330 GTC/GTS,ferrari-330-gtc-330-gtc-gts,631,PLACEHOLDER
vehiculos/coupe/ferrari-348-348-tb-ts-gtb-gts.jpg,vehiculos/coupe,Coupe,Ferrari,348,348 tb/ts (GTB/GTS),ferrari-348-348-tb-ts-gtb-gts,631,PLACEHOLDER
vehiculos/coupe/ferrari-365-gt-2-2-365-gt-2-2.jpg,vehiculos/coupe,Coupe,Ferrari,365 GT 2+2,365 GT 2+2,ferrari-365-gt-2-2-365-gt-2-2,631,PLACEHOLDER
vehiculos/coupe/ferrari-365-gt4-2-2-365-gt4-2-2.jpg,vehiculos/coupe,Coupe,Ferrari,365 GT4 2+2,365 GT4 2+2,ferrari-365-gt4-2-2-365-gt4-2-2,631,PLACEHOLDER
vehiculos/coupe/ferrari-365-gtb-4-daytona-365-gtb-4.jpg,vehiculos/coupe,Coupe,Ferrari,365 GTB/4 Daytona,365 GTB/4,ferrari-365-gtb-4-daytona-365-gtb-4,631,PLACEHOLDER
vehiculos/coupe/ferrari-365-gtc-365-gtc-gts.jpg,vehiculos/coupe,Coupe,Ferrari,365 GTC,365 GTC/GTS,ferrari-365-gtc-365-gtc-gts,631,PLACEHOLDER
vehiculos/coupe/ferrari-365-gtc-4-365-gtc-4.jpg,vehiculos/coupe,Coupe,Ferrari,365 GTC/4,365 GTC/4,ferrari-365-gtc-4-365-gtc-4,631,PLACEHOLDER
vehiculos/coupe/ferrari-400-400-400i.jpg,vehiculos/coupe,Coupe,Ferrari,400,400 / 400i,ferrari-400-400-400i,631,PLACEHOLDER
vehiculos/coupe/ferrari-412-412.jpg,vehiculos/coupe,Coupe,Ferrari,412,412,ferrari-412-412,631,PLACEHOLDER
vehiculos/coupe/ferrari-456-456-gt-gta.jpg,vehiculos/coupe,Coupe,Ferrari,456,456 GT/GTA,ferrari-456-456-gt-gta,631,PLACEHOLDER
vehiculos/coupe/ferrari-512-tr-512-tr.jpg,vehiculos/coupe,Coupe,Ferrari,512 TR,512 TR,ferrari-512-tr-512-tr,631,PLACEHOLDER
vehiculos/coupe/ferrari-berlinetta-boxer-365-gt4-bb.jpg,vehiculos/coupe,Coupe,Ferrari,Berlinetta Boxer,365 GT4 BB,ferrari-berlinetta-boxer-365-gt4-bb,631,PLACEHOLDER
vehiculos/coupe/ferrari-berlinetta-boxer-512-bb.jpg,vehiculos/coupe,Coupe,Ferrari,Berlinetta Boxer,512 BB,ferrari-berlinetta-boxer-512-bb,631,PLACEHOLDER
vehiculos/coupe/ferrari-berlinetta-boxer-512-bbi.jpg,vehiculos/coupe,Coupe,Ferrari,Berlinetta Boxer,512 BBi,ferrari-berlinetta-boxer-512-bbi,631,PLACEHOLDER
vehiculos/coupe/ferrari-dino-206-gt-206-gt.jpg,vehiculos/coupe,Coupe,Ferrari,Dino 206 GT,206 GT,ferrari-dino-206-gt-206-gt,631,PLACEHOLDER
vehiculos/coupe/ferrari-dino-246-gt-246-gt.jpg,vehiculos/coupe,Coupe,Ferrari,Dino 246 GT,246 GT,ferrari-dino-246-gt-246-gt,631,PLACEHOLDER
vehiculos/coupe/ferrari-dino-308-gt4-308-gt4.jpg,vehiculos/coupe,Coupe,Ferrari,Dino 308 GT4,308 GT4,ferrari-dino-308-gt4-308-gt4,631,PLACEHOLDER
vehiculos/coupe/ferrari-f355-f355-berlinetta-gts.jpg,vehiculos/coupe,Coupe,Ferrari,F355,F355 Berlinetta/GTS,ferrari-f355-f355-berlinetta-gts,631,PLACEHOLDER
vehiculos/coupe/ferrari-f40-f40.jpg,vehiculos/coupe,Coupe,Ferrari,F40,F40,ferrari-f40-f40,631,PLACEHOLDER
vehiculos/coupe/ferrari-f512-m-f512-m.jpg,vehiculos/coupe,Coupe,Ferrari,F512 M,F512 M,ferrari-f512-m-f512-m,631,PLACEHOLDER
vehiculos/coupe/ferrari-mondial-mondial-32.jpg,vehiculos/coupe,Coupe,Ferrari,Mondial,Mondial 3.2,ferrari-mondial-mondial-32,631,PLACEHOLDER
vehiculos/coupe/ferrari-mondial-mondial-8.jpg,vehiculos/coupe,Coupe,Ferrari,Mondial,Mondial 8,ferrari-mondial-mondial-8,631,PLACEHOLDER
vehiculos/coupe/ferrari-mondial-mondial-qv.jpg,vehiculos/coupe,Coupe,Ferrari,Mondial,Mondial QV,ferrari-mondial-mondial-qv,631,PLACEHOLDER
vehiculos/coupe/ferrari-mondial-mondial-t.jpg,vehiculos/coupe,Coupe,Ferrari,Mondial,Mondial t,ferrari-mondial-mondial-t,631,PLACEHOLDER
vehiculos/coupe/ferrari-testarossa-testarossa.jpg,vehiculos/coupe,Coupe,Ferrari,Testarossa,Testarossa,ferrari-testarossa-testarossa,631,PLACEHOLDER
vehiculos/coupe/fiat-124-sport-coup-ac-bc-cc.jpg,vehiculos/coupe,Coupe,Fiat,124 Sport Coupé,AC / BC / CC,fiat-124-sport-coup-ac-bc-cc,631,PLACEHOLDER
vehiculos/coupe/fiat-128-128-sport-coup-3p.jpg,vehiculos/coupe,Coupe,Fiat,128,128 Sport Coupé / 3P,fiat-128-128-sport-coup-3p,631,PLACEHOLDER
vehiculos/coupe/fiat-130-130-coup.jpg,vehiculos/coupe,Coupe,Fiat,130,130 Coupé,fiat-130-130-coup,631,PLACEHOLDER
vehiculos/coupe/fiat-131-mirafiori-131-racing-abarth.jpg,vehiculos/coupe,Coupe,Fiat,131 Mirafiori,131 Racing / Abarth,fiat-131-mirafiori-131-racing-abarth,631,PLACEHOLDER
vehiculos/coupe/fiat-850-850-coup.jpg,vehiculos/coupe,Coupe,Fiat,850,850 Coupé,fiat-850-850-coup,631,PLACEHOLDER
vehiculos/coupe/fiat-coup-coup-175.jpg,vehiculos/coupe,Coupe,Fiat,Coupé,Coupé (175),fiat-coup-coup-175,631,PLACEHOLDER
vehiculos/coupe/fiat-dino-dino-2400-coup.jpg,vehiculos/coupe,Coupe,Fiat,Dino,Dino 2400 Coupé,fiat-dino-dino-2400-coup,631,PLACEHOLDER
vehiculos/coupe/ford-capri-capri-mk1.jpg,vehiculos/coupe,Coupe,Ford,Capri,Capri Mk1,ford-capri-capri-mk1,631,PLACEHOLDER
vehiculos/coupe/ford-capri-capri-mk2.jpg,vehiculos/coupe,Coupe,Ford,Capri,Capri Mk2,ford-capri-capri-mk2,631,PLACEHOLDER
vehiculos/coupe/ford-capri-capri-mk3.jpg,vehiculos/coupe,Coupe,Ford,Capri,Capri Mk3,ford-capri-capri-mk3,631,PLACEHOLDER
vehiculos/coupe/ford-escort-escort-rs-cosworth.jpg,vehiculos/coupe,Coupe,Ford,Escort,Escort RS Cosworth,ford-escort-escort-rs-cosworth,631,PLACEHOLDER
vehiculos/coupe/ford-mustang-mustang-gen3-fox.jpg,vehiculos/coupe,Coupe,Ford,Mustang,Mustang Gen3 (Fox),ford-mustang-mustang-gen3-fox,631,PLACEHOLDER
vehiculos/coupe/ford-probe-probe-gen1.jpg,vehiculos/coupe,Coupe,Ford,Probe,Probe Gen1,ford-probe-probe-gen1,631,PLACEHOLDER
vehiculos/coupe/ford-probe-probe-gen2.jpg,vehiculos/coupe,Coupe,Ford,Probe,Probe Gen2,ford-probe-probe-gen2,631,PLACEHOLDER
vehiculos/coupe/ford-sierra-sierra-rs-cosworth.jpg,vehiculos/coupe,Coupe,Ford,Sierra,Sierra RS Cosworth,ford-sierra-sierra-rs-cosworth,631,PLACEHOLDER
vehiculos/coupe/ford-thunderbird-thunderbird-gen10.jpg,vehiculos/coupe,Coupe,Ford,Thunderbird,Thunderbird Gen10,ford-thunderbird-thunderbird-gen10,631,PLACEHOLDER
vehiculos/coupe/frazer-nash-continental-posguerra-afn.jpg,vehiculos/coupe,Coupe,Frazer Nash,Continental,Posguerra (AFN),frazer-nash-continental-posguerra-afn,631,PLACEHOLDER
vehiculos/coupe/frazer-nash-le-mans-coupe-posguerra-afn.jpg,vehiculos/coupe,Coupe,Frazer Nash,Le Mans Coupe,Posguerra (AFN),frazer-nash-le-mans-coupe-posguerra-afn,631,PLACEHOLDER
vehiculos/coupe/gilbern-genie-genie.jpg,vehiculos/coupe,Coupe,Gilbern,Genie,Genie,gilbern-genie-genie,631,PLACEHOLDER
vehiculos/coupe/gilbern-gt-gt-1800.jpg,vehiculos/coupe,Coupe,Gilbern,GT,GT 1800,gilbern-gt-gt-1800,631,PLACEHOLDER
vehiculos/coupe/gilbern-gt-gt-mk1.jpg,vehiculos/coupe,Coupe,Gilbern,GT,GT Mk1,gilbern-gt-gt-mk1,631,PLACEHOLDER
vehiculos/coupe/gilbern-invader-invader-mk1.jpg,vehiculos/coupe,Coupe,Gilbern,Invader,Invader Mk1,gilbern-invader-invader-mk1,631,PLACEHOLDER
vehiculos/coupe/gilbern-invader-invader-mk2.jpg,vehiculos/coupe,Coupe,Gilbern,Invader,Invader Mk2,gilbern-invader-invader-mk2,631,PLACEHOLDER
vehiculos/coupe/gilbern-invader-invader-mk3.jpg,vehiculos/coupe,Coupe,Gilbern,Invader,Invader Mk3,gilbern-invader-invader-mk3,631,PLACEHOLDER
vehiculos/coupe/ginetta-g12-g12.jpg,vehiculos/coupe,Coupe,Ginetta,G12,G12,ginetta-g12-g12,631,PLACEHOLDER
vehiculos/coupe/ginetta-g15-g15-mk-i-mk-iii.jpg,vehiculos/coupe,Coupe,Ginetta,G15,G15 (Mk I-Mk III),ginetta-g15-g15-mk-i-mk-iii,631,PLACEHOLDER
vehiculos/coupe/ginetta-g21-g21.jpg,vehiculos/coupe,Coupe,Ginetta,G21,G21,ginetta-g21-g21,631,PLACEHOLDER
vehiculos/coupe/ginetta-g28-g28.jpg,vehiculos/coupe,Coupe,Ginetta,G28,G28,ginetta-g28-g28,631,PLACEHOLDER
vehiculos/coupe/ginetta-g31-g31.jpg,vehiculos/coupe,Coupe,Ginetta,G31,G31,ginetta-g31-g31,631,PLACEHOLDER
vehiculos/coupe/ginetta-g32-g32.jpg,vehiculos/coupe,Coupe,Ginetta,G32,G32,ginetta-g32-g32,631,PLACEHOLDER
vehiculos/coupe/glas-glas-1004-ts-typ-612-04-reihe.jpg,vehiculos/coupe,Coupe,Glas,Glas 1004 TS,Typ 612 (04-Reihe),glas-glas-1004-ts-typ-612-04-reihe,631,PLACEHOLDER
vehiculos/coupe/glas-glas-1004-typ-612-04-reihe.jpg,vehiculos/coupe,Coupe,Glas,Glas 1004,Typ 612 (04-Reihe),glas-glas-1004-typ-612-04-reihe,631,PLACEHOLDER
vehiculos/coupe/glas-glas-1204-typ-612-04-reihe.jpg,vehiculos/coupe,Coupe,Glas,Glas 1204,Typ 612 (04-Reihe),glas-glas-1204-typ-612-04-reihe,631,PLACEHOLDER
vehiculos/coupe/glas-glas-1300-gt-glas-gt-frua.jpg,vehiculos/coupe,Coupe,Glas,Glas 1300 GT,Glas GT (Frua),glas-glas-1300-gt-glas-gt-frua,631,PLACEHOLDER
vehiculos/coupe/glas-glas-1700-gt-glas-gt-frua.jpg,vehiculos/coupe,Coupe,Glas,Glas 1700 GT,Glas GT (Frua),glas-glas-1700-gt-glas-gt-frua,631,PLACEHOLDER
vehiculos/coupe/glas-glas-2600-v8-glas-v8-frua-glaserati.jpg,vehiculos/coupe,Coupe,Glas,Glas 2600 V8,Glas V8 (Frua) - 'Glaserati',glas-glas-2600-v8-glas-v8-frua-glaserati,631,PLACEHOLDER
vehiculos/coupe/glas-glas-3000-v8-glas-v8-frua-glaserati.jpg,vehiculos/coupe,Coupe,Glas,Glas 3000 V8,Glas V8 (Frua) - 'Glaserati',glas-glas-3000-v8-glas-v8-frua-glaserati,631,PLACEHOLDER
vehiculos/coupe/glas-goggomobil-ts-goggomobil-ts250.jpg,vehiculos/coupe,Coupe,Glas,Goggomobil TS,Goggomobil TS250,glas-goggomobil-ts-goggomobil-ts250,631,PLACEHOLDER
vehiculos/coupe/glas-goggomobil-ts-goggomobil-ts300.jpg,vehiculos/coupe,Coupe,Glas,Goggomobil TS,Goggomobil TS300,glas-goggomobil-ts-goggomobil-ts300,631,PLACEHOLDER
vehiculos/coupe/glas-goggomobil-ts-goggomobil-ts400.jpg,vehiculos/coupe,Coupe,Glas,Goggomobil TS,Goggomobil TS400,glas-goggomobil-ts-goggomobil-ts400,631,PLACEHOLDER
vehiculos/coupe/goliath-1100-goliath-1100.jpg,vehiculos/coupe,Coupe,Goliath,1100,Goliath 1100,goliath-1100-goliath-1100,631,PLACEHOLDER
vehiculos/coupe/goliath-gp-700-sport-gp-700-sport.jpg,vehiculos/coupe,Coupe,Goliath,GP 700 Sport,GP 700 Sport,goliath-gp-700-sport-gp-700-sport,631,PLACEHOLDER
vehiculos/coupe/hillman-aero-minx-aero-minx.jpg,vehiculos/coupe,Coupe,Hillman,Aero Minx,Aero Minx,hillman-aero-minx-aero-minx,631,PLACEHOLDER
vehiculos/coupe/hillman-imp-californian-imp.jpg,vehiculos/coupe,Coupe,Hillman,Imp Californian,Imp,hillman-imp-californian-imp,631,PLACEHOLDER
vehiculos/coupe/hillman-minx-californian-californian-mark-vi-viii.jpg,vehiculos/coupe,Coupe,Hillman,Minx Californian,Californian (Mark VI-VIII),hillman-minx-californian-californian-mark-vi-viii,631,PLACEHOLDER
vehiculos/coupe/hino-contessa-contessa-1300-coupe-pd.jpg,vehiculos/coupe,Coupe,Hino,Contessa,Contessa 1300 Coupe (PD),hino-contessa-contessa-1300-coupe-pd,631,PLACEHOLDER
vehiculos/coupe/holden-calibra-calibra.jpg,vehiculos/coupe,Coupe,Holden,Calibra,Calibra,holden-calibra-calibra,631,PLACEHOLDER
vehiculos/coupe/holden-monaro-hk-hg.jpg,vehiculos/coupe,Coupe,Holden,Monaro,HK-HG,holden-monaro-hk-hg,631,PLACEHOLDER
vehiculos/coupe/holden-monaro-hq-hz.jpg,vehiculos/coupe,Coupe,Holden,Monaro,HQ-HZ,holden-monaro-hq-hz,631,PLACEHOLDER
vehiculos/coupe/holden-piazza-piazza.jpg,vehiculos/coupe,Coupe,Holden,Piazza,Piazza,holden-piazza-piazza,631,PLACEHOLDER
vehiculos/coupe/honda-cr-x-cr-x-1-gen-af-as.jpg,vehiculos/coupe,Coupe,Honda,CR-X,CR-X 1ª gen (AF/AS),honda-cr-x-cr-x-1-gen-af-as,631,PLACEHOLDER
vehiculos/coupe/honda-cr-x-cr-x-2-gen-ef-ed.jpg,vehiculos/coupe,Coupe,Honda,CR-X,CR-X 2ª gen (EF/ED),honda-cr-x-cr-x-2-gen-ef-ed,631,PLACEHOLDER
vehiculos/coupe/honda-cr-x-cr-x-2-gen-ef8.jpg,vehiculos/coupe,Coupe,Honda,CR-X,CR-X 2ª gen (EF8),honda-cr-x-cr-x-2-gen-ef8,631,PLACEHOLDER
vehiculos/coupe/honda-cr-x-del-sol-del-sol-eg-eh.jpg,vehiculos/coupe,Coupe,Honda,CR-X del Sol,del Sol (EG/EH),honda-cr-x-del-sol-del-sol-eg-eh,631,PLACEHOLDER
vehiculos/coupe/honda-cr-x-del-sol-del-sol-eg.jpg,vehiculos/coupe,Coupe,Honda,CR-X del Sol,del Sol (EG),honda-cr-x-del-sol-del-sol-eg,631,PLACEHOLDER
vehiculos/coupe/honda-integra-integra-1-gen-da-av.jpg,vehiculos/coupe,Coupe,Honda,Integra,Integra 1ª gen (DA/AV),honda-integra-integra-1-gen-da-av,631,PLACEHOLDER
vehiculos/coupe/honda-integra-integra-2-gen-da.jpg,vehiculos/coupe,Coupe,Honda,Integra,Integra 2ª gen (DA),honda-integra-integra-2-gen-da,631,PLACEHOLDER
vehiculos/coupe/honda-legend-legend-1-gen-coupe-ka.jpg,vehiculos/coupe,Coupe,Honda,Legend,Legend 1ª gen Coupe (KA),honda-legend-legend-1-gen-coupe-ka,631,PLACEHOLDER
vehiculos/coupe/honda-legend-legend-2-gen-coupe-ka8.jpg,vehiculos/coupe,Coupe,Honda,Legend,Legend 2ª gen Coupe (KA8),honda-legend-legend-2-gen-coupe-ka8,631,PLACEHOLDER
vehiculos/coupe/honda-prelude-prelude-1-gen-sn.jpg,vehiculos/coupe,Coupe,Honda,Prelude,Prelude 1ª gen (SN),honda-prelude-prelude-1-gen-sn,631,PLACEHOLDER
vehiculos/coupe/honda-prelude-prelude-2-gen-ab-ba.jpg,vehiculos/coupe,Coupe,Honda,Prelude,Prelude 2ª gen (AB/BA),honda-prelude-prelude-2-gen-ab-ba,631,PLACEHOLDER
vehiculos/coupe/honda-prelude-prelude-3-gen-ba.jpg,vehiculos/coupe,Coupe,Honda,Prelude,Prelude 3ª gen (BA),honda-prelude-prelude-3-gen-ba,631,PLACEHOLDER
vehiculos/coupe/honda-prelude-prelude-4-gen-bb.jpg,vehiculos/coupe,Coupe,Honda,Prelude,Prelude 4ª gen (BB),honda-prelude-prelude-4-gen-bb,631,PLACEHOLDER
vehiculos/coupe/honda-z-z-sa-gs.jpg,vehiculos/coupe,Coupe,Honda,Z,Z (SA/GS),honda-z-z-sa-gs,631,PLACEHOLDER
vehiculos/coupe/hotchkiss-686-grand-sport-serie-600.jpg,vehiculos/coupe,Coupe,Hotchkiss,686 Grand Sport,Serie 600,hotchkiss-686-grand-sport-serie-600,631,PLACEHOLDER
vehiculos/coupe/hudson-italia-italia-touring-carrozzeria.jpg,vehiculos/coupe,Coupe,Hudson,Italia,Italia (Touring / Carrozzeria),hudson-italia-italia-touring-carrozzeria,631,PLACEHOLDER
vehiculos/coupe/hudson-metropolitan-metropolitan-1200-series-i-ii.jpg,vehiculos/coupe,Coupe,Hudson,Metropolitan,Metropolitan 1200 (Series I/II),hudson-metropolitan-metropolitan-1200-series-i-ii,631,PLACEHOLDER
vehiculos/coupe/hudson-metropolitan-metropolitan-1500-series-iii.jpg,vehiculos/coupe,Coupe,Hudson,Metropolitan,Metropolitan 1500 (Series III),hudson-metropolitan-metropolitan-1500-series-iii,631,PLACEHOLDER
vehiculos/coupe/hudson-pacemaker-pacemaker-1939.jpg,vehiculos/coupe,Coupe,Hudson,Pacemaker,Pacemaker (1939),hudson-pacemaker-pacemaker-1939,631,PLACEHOLDER
vehiculos/coupe/hupmobile-model-i-model-i-226.jpg,vehiculos/coupe,Coupe,Hupmobile,Model I,Model I-226,hupmobile-model-i-model-i-226,631,PLACEHOLDER
vehiculos/coupe/hyundai-scoupe-scoupe-slc.jpg,vehiculos/coupe,Coupe,Hyundai,Scoupe,Scoupe (SLC),hyundai-scoupe-scoupe-slc,631,PLACEHOLDER
vehiculos/coupe/imperial-imperial-sexta-generacion-j-body-1981-1983.jpg,vehiculos/coupe,Coupe,Imperial,Imperial,"Sexta generacion (J-body, 1981-1983)",imperial-imperial-sexta-generacion-j-body-1981-1983,631,PLACEHOLDER
vehiculos/coupe/infiniti-m30-m30-f31.jpg,vehiculos/coupe,Coupe,Infiniti,M30,M30 (F31),infiniti-m30-m30-f31,631,PLACEHOLDER
vehiculos/coupe/innocenti-c-c-coupe-osi.jpg,vehiculos/coupe,Coupe,Innocenti,C,C Coupe (OSI),innocenti-c-c-coupe-osi,631,PLACEHOLDER
vehiculos/coupe/intermeccanica-apollo-gt-apollo-3500-gt.jpg,vehiculos/coupe,Coupe,Intermeccanica,Apollo GT,Apollo 3500 GT,intermeccanica-apollo-gt-apollo-3500-gt,631,PLACEHOLDER
vehiculos/coupe/intermeccanica-apollo-gt-apollo-5000-gt.jpg,vehiculos/coupe,Coupe,Intermeccanica,Apollo GT,Apollo 5000 GT,intermeccanica-apollo-gt-apollo-5000-gt,631,PLACEHOLDER
vehiculos/coupe/intermeccanica-griffith-gt-griffith-600-gt.jpg,vehiculos/coupe,Coupe,Intermeccanica,Griffith GT,Griffith 600 GT,intermeccanica-griffith-gt-griffith-600-gt,631,PLACEHOLDER
vehiculos/coupe/intermeccanica-imp-700-gt-imp-intermeccanica-puch.jpg,vehiculos/coupe,Coupe,Intermeccanica,IMP 700 GT,IMP (Intermeccanica-Puch),intermeccanica-imp-700-gt-imp-intermeccanica-puch,631,PLACEHOLDER
vehiculos/coupe/intermeccanica-indra-indra-coup.jpg,vehiculos/coupe,Coupe,Intermeccanica,Indra,Indra Coupé,intermeccanica-indra-indra-coup,631,PLACEHOLDER
vehiculos/coupe/intermeccanica-omega-omega-gt.jpg,vehiculos/coupe,Coupe,Intermeccanica,Omega,Omega GT,intermeccanica-omega-omega-gt,631,PLACEHOLDER
vehiculos/coupe/intermeccanica-torino-torino-pre-italia.jpg,vehiculos/coupe,Coupe,Intermeccanica,Torino,Torino (pre-Italia),intermeccanica-torino-torino-pre-italia,631,PLACEHOLDER
vehiculos/coupe/iso-grifo-grifo-a3-c-corsa.jpg,vehiculos/coupe,Coupe,Iso,Grifo,Grifo A3/C Corsa,iso-grifo-grifo-a3-c-corsa,631,PLACEHOLDER
vehiculos/coupe/iso-grifo-grifo-serie-i.jpg,vehiculos/coupe,Coupe,Iso,Grifo,Grifo Serie I,iso-grifo-grifo-serie-i,631,PLACEHOLDER
vehiculos/coupe/iso-grifo-grifo-serie-ii.jpg,vehiculos/coupe,Coupe,Iso,Grifo,Grifo Serie II,iso-grifo-grifo-serie-ii,631,PLACEHOLDER
vehiculos/coupe/iso-lele-lele-bertone-gandini.jpg,vehiculos/coupe,Coupe,Iso,Lele,Lele (Bertone/Gandini),iso-lele-lele-bertone-gandini,631,PLACEHOLDER
vehiculos/coupe/iso-lele-lele-ir6.jpg,vehiculos/coupe,Coupe,Iso,Lele,Lele IR6,iso-lele-lele-ir6,631,PLACEHOLDER
vehiculos/coupe/iso-rivolta-gt-rivolta-ir-300-ir-340.jpg,vehiculos/coupe,Coupe,Iso,Rivolta GT,Rivolta IR 300 / IR 340,iso-rivolta-gt-rivolta-ir-300-ir-340,631,PLACEHOLDER
vehiculos/coupe/isuzu-117-coupe-117-pa90-95-96.jpg,vehiculos/coupe,Coupe,Isuzu,117 Coupe,117 (PA90/95/96),isuzu-117-coupe-117-pa90-95-96,631,PLACEHOLDER
vehiculos/coupe/isuzu-117-coupe-117-pa96.jpg,vehiculos/coupe,Coupe,Isuzu,117 Coupe,117 (PA96),isuzu-117-coupe-117-pa96,631,PLACEHOLDER
vehiculos/coupe/isuzu-bellett-bellett-gt-gt-r.jpg,vehiculos/coupe,Coupe,Isuzu,Bellett,Bellett GT / GT-R,isuzu-bellett-bellett-gt-gt-r,631,PLACEHOLDER
vehiculos/coupe/isuzu-piazza-1a-gen-jr120-130.jpg,vehiculos/coupe,Coupe,Isuzu,Piazza,1a gen (JR120/130),isuzu-piazza-1a-gen-jr120-130,631,PLACEHOLDER
vehiculos/coupe/isuzu-piazza-2a-gen-jt22.jpg,vehiculos/coupe,Coupe,Isuzu,Piazza,2a gen (JT22),isuzu-piazza-2a-gen-jt22,631,PLACEHOLDER
vehiculos/coupe/jaguar-xj220-xj220.jpg,vehiculos/coupe,Coupe,Jaguar,XJ220,XJ220,jaguar-xj220-xj220,631,PLACEHOLDER
vehiculos/coupe/jaguar-xjs-xj-s-xjs.jpg,vehiculos/coupe,Coupe,Jaguar,XJS,XJ-S / XJS,jaguar-xjs-xj-s-xjs,631,PLACEHOLDER
vehiculos/coupe/jaguar-xjs-xjs-facelift.jpg,vehiculos/coupe,Coupe,Jaguar,XJS,XJS facelift,jaguar-xjs-xjs-facelift,631,PLACEHOLDER
vehiculos/coupe/jawa-750-jawa-750-sport.jpg,vehiculos/coupe,Coupe,Jawa,750,Jawa 750 Sport,jawa-750-jawa-750-sport,631,PLACEHOLDER
vehiculos/coupe/jensen-541-541-541-deluxe.jpg,vehiculos/coupe,Coupe,Jensen,541,541 / 541 Deluxe,jensen-541-541-541-deluxe,631,PLACEHOLDER
vehiculos/coupe/jensen-541-541-r.jpg,vehiculos/coupe,Coupe,Jensen,541,541 R,jensen-541-541-r,631,PLACEHOLDER
vehiculos/coupe/jensen-541-541-s.jpg,vehiculos/coupe,Coupe,Jensen,541,541 S,jensen-541-541-s,631,PLACEHOLDER
vehiculos/coupe/jensen-c-v8-c-v8-mki.jpg,vehiculos/coupe,Coupe,Jensen,C-V8,C-V8 MK.I,jensen-c-v8-c-v8-mki,631,PLACEHOLDER
vehiculos/coupe/jensen-c-v8-c-v8-mkii.jpg,vehiculos/coupe,Coupe,Jensen,C-V8,C-V8 MK.II,jensen-c-v8-c-v8-mkii,631,PLACEHOLDER
vehiculos/coupe/jensen-c-v8-c-v8-mkiii.jpg,vehiculos/coupe,Coupe,Jensen,C-V8,C-V8 MK.III,jensen-c-v8-c-v8-mkiii,631,PLACEHOLDER
vehiculos/coupe/jensen-ff-ff-mki.jpg,vehiculos/coupe,Coupe,Jensen,FF,FF MK.I,jensen-ff-ff-mki,631,PLACEHOLDER
vehiculos/coupe/jensen-ff-ff-mkii.jpg,vehiculos/coupe,Coupe,Jensen,FF,FF MK.II,jensen-ff-ff-mkii,631,PLACEHOLDER
vehiculos/coupe/jensen-ff-ff-mkiii.jpg,vehiculos/coupe,Coupe,Jensen,FF,FF MK.III,jensen-ff-ff-mkiii,631,PLACEHOLDER
vehiculos/coupe/jensen-gt-jensen-gt.jpg,vehiculos/coupe,Coupe,Jensen,GT,Jensen GT,jensen-gt-jensen-gt,631,PLACEHOLDER
vehiculos/coupe/jensen-interceptor-interceptor-coupe.jpg,vehiculos/coupe,Coupe,Jensen,Interceptor,Interceptor Coupe,jensen-interceptor-interceptor-coupe,631,PLACEHOLDER
vehiculos/coupe/jensen-interceptor-interceptor-mki.jpg,vehiculos/coupe,Coupe,Jensen,Interceptor,Interceptor MK.I,jensen-interceptor-interceptor-mki,631,PLACEHOLDER
vehiculos/coupe/jensen-interceptor-interceptor-mkii.jpg,vehiculos/coupe,Coupe,Jensen,Interceptor,Interceptor MK.II,jensen-interceptor-interceptor-mkii,631,PLACEHOLDER
vehiculos/coupe/jensen-interceptor-interceptor-mkiii.jpg,vehiculos/coupe,Coupe,Jensen,Interceptor,Interceptor MK.III,jensen-interceptor-interceptor-mkiii,631,PLACEHOLDER
vehiculos/coupe/jensen-interceptor-interceptor-series-4.jpg,vehiculos/coupe,Coupe,Jensen,Interceptor,Interceptor Series 4,jensen-interceptor-interceptor-series-4,631,PLACEHOLDER
vehiculos/coupe/jensen-interceptor-sp-interceptor-sp.jpg,vehiculos/coupe,Coupe,Jensen,Interceptor SP,Interceptor SP,jensen-interceptor-sp-interceptor-sp,631,PLACEHOLDER
vehiculos/coupe/lamborghini-350-gt-350-gt.jpg,vehiculos/coupe,Coupe,Lamborghini,350 GT,350 GT,lamborghini-350-gt-350-gt,631,PLACEHOLDER
vehiculos/coupe/lamborghini-400-gt-400-gt-2-2.jpg,vehiculos/coupe,Coupe,Lamborghini,400 GT,400 GT 2+2,lamborghini-400-gt-400-gt-2-2,631,PLACEHOLDER
vehiculos/coupe/lamborghini-countach-25th-anniversary.jpg,vehiculos/coupe,Coupe,Lamborghini,Countach,25th Anniversary,lamborghini-countach-25th-anniversary,631,PLACEHOLDER
vehiculos/coupe/lamborghini-countach-5000-quattrovalvole.jpg,vehiculos/coupe,Coupe,Lamborghini,Countach,5000 Quattrovalvole,lamborghini-countach-5000-quattrovalvole,631,PLACEHOLDER
vehiculos/coupe/lamborghini-countach-lp400-s.jpg,vehiculos/coupe,Coupe,Lamborghini,Countach,LP400 S,lamborghini-countach-lp400-s,631,PLACEHOLDER
vehiculos/coupe/lamborghini-countach-lp400.jpg,vehiculos/coupe,Coupe,Lamborghini,Countach,LP400,lamborghini-countach-lp400,631,PLACEHOLDER
vehiculos/coupe/lamborghini-countach-lp500-s-5000-s.jpg,vehiculos/coupe,Coupe,Lamborghini,Countach,LP500 S / 5000 S,lamborghini-countach-lp500-s-5000-s,631,PLACEHOLDER
vehiculos/coupe/lamborghini-espada-serie-i-ii-iii.jpg,vehiculos/coupe,Coupe,Lamborghini,Espada,Serie I/II/III,lamborghini-espada-serie-i-ii-iii,631,PLACEHOLDER
vehiculos/coupe/lamborghini-islero-400-gt-gts.jpg,vehiculos/coupe,Coupe,Lamborghini,Islero,400 GT / GTS,lamborghini-islero-400-gt-gts,631,PLACEHOLDER
vehiculos/coupe/lamborghini-jalpa-p350.jpg,vehiculos/coupe,Coupe,Lamborghini,Jalpa,P350,lamborghini-jalpa-p350,631,PLACEHOLDER
vehiculos/coupe/lamborghini-jarama-400-gt-gts.jpg,vehiculos/coupe,Coupe,Lamborghini,Jarama,400 GT / GTS,lamborghini-jarama-400-gt-gts,631,PLACEHOLDER
vehiculos/coupe/lamborghini-miura-p400-s.jpg,vehiculos/coupe,Coupe,Lamborghini,Miura,P400 S,lamborghini-miura-p400-s,631,PLACEHOLDER
vehiculos/coupe/lamborghini-miura-p400-sv.jpg,vehiculos/coupe,Coupe,Lamborghini,Miura,P400 SV,lamborghini-miura-p400-sv,631,PLACEHOLDER
vehiculos/coupe/lamborghini-miura-p400.jpg,vehiculos/coupe,Coupe,Lamborghini,Miura,P400,lamborghini-miura-p400,631,PLACEHOLDER
vehiculos/coupe/lamborghini-silhouette-p300.jpg,vehiculos/coupe,Coupe,Lamborghini,Silhouette,P300,lamborghini-silhouette-p300,631,PLACEHOLDER
vehiculos/coupe/lamborghini-urraco-p200.jpg,vehiculos/coupe,Coupe,Lamborghini,Urraco,P200,lamborghini-urraco-p200,631,PLACEHOLDER
vehiculos/coupe/lamborghini-urraco-p250.jpg,vehiculos/coupe,Coupe,Lamborghini,Urraco,P250,lamborghini-urraco-p250,631,PLACEHOLDER
vehiculos/coupe/lamborghini-urraco-p300.jpg,vehiculos/coupe,Coupe,Lamborghini,Urraco,P300,lamborghini-urraco-p300,631,PLACEHOLDER
vehiculos/coupe/lancia-appia-appia-coup-gt-pininfarina-zagato.jpg,vehiculos/coupe,Coupe,Lancia,Appia,Appia Coupé/GT (Pininfarina/Zagato),lancia-appia-appia-coup-gt-pininfarina-zagato,631,PLACEHOLDER
vehiculos/coupe/lancia-aurelia-aurelia-b20-gt.jpg,vehiculos/coupe,Coupe,Lancia,Aurelia,Aurelia B20 GT,lancia-aurelia-aurelia-b20-gt,631,PLACEHOLDER
vehiculos/coupe/lancia-beta-beta-coup.jpg,vehiculos/coupe,Coupe,Lancia,Beta,Beta Coupé,lancia-beta-beta-coup,631,PLACEHOLDER
vehiculos/coupe/lancia-flaminia-flaminia-coup-pininfarina.jpg,vehiculos/coupe,Coupe,Lancia,Flaminia,Flaminia Coupé (Pininfarina),lancia-flaminia-flaminia-coup-pininfarina,631,PLACEHOLDER
vehiculos/coupe/lancia-flaminia-flaminia-sport-super-sport-zagato.jpg,vehiculos/coupe,Coupe,Lancia,Flaminia,Flaminia Sport/Super Sport (Zagato),lancia-flaminia-flaminia-sport-super-sport-zagato,631,PLACEHOLDER
vehiculos/coupe/lancia-flavia-flavia-coup-pininfarina.jpg,vehiculos/coupe,Coupe,Lancia,Flavia,Flavia Coupé (Pininfarina),lancia-flavia-flavia-coup-pininfarina,631,PLACEHOLDER
vehiculos/coupe/lancia-flavia-flavia-sport-zagato.jpg,vehiculos/coupe,Coupe,Lancia,Flavia,Flavia Sport (Zagato),lancia-flavia-flavia-sport-zagato,631,PLACEHOLDER
vehiculos/coupe/lancia-fulvia-fulvia-coup-hf.jpg,vehiculos/coupe,Coupe,Lancia,Fulvia,Fulvia Coupé HF,lancia-fulvia-fulvia-coup-hf,631,PLACEHOLDER
vehiculos/coupe/lancia-fulvia-fulvia-coup.jpg,vehiculos/coupe,Coupe,Lancia,Fulvia,Fulvia Coupé,lancia-fulvia-fulvia-coup,631,PLACEHOLDER
vehiculos/coupe/lancia-fulvia-fulvia-sport-zagato.jpg,vehiculos/coupe,Coupe,Lancia,Fulvia,Fulvia Sport (Zagato),lancia-fulvia-fulvia-sport-zagato,631,PLACEHOLDER
vehiculos/coupe/lancia-gamma-gamma-coup.jpg,vehiculos/coupe,Coupe,Lancia,Gamma,Gamma Coupé,lancia-gamma-gamma-coup,631,PLACEHOLDER
vehiculos/coupe/lancia-montecarlo-beta-montecarlo.jpg,vehiculos/coupe,Coupe,Lancia,Montecarlo,Beta Montecarlo,lancia-montecarlo-beta-montecarlo,631,PLACEHOLDER
vehiculos/coupe/lancia-stratos-stratos-hf.jpg,vehiculos/coupe,Coupe,Lancia,Stratos,Stratos HF,lancia-stratos-stratos-hf,631,PLACEHOLDER
vehiculos/coupe/lea-francis-14-14hp-westland.jpg,vehiculos/coupe,Coupe,Lea-Francis,14,14hp Westland,lea-francis-14-14hp-westland,631,PLACEHOLDER
vehiculos/coupe/lexus-sc-300-sc300-z30-jzz30.jpg,vehiculos/coupe,Coupe,Lexus,SC 300,SC300 (Z30 / JZZ30),lexus-sc-300-sc300-z30-jzz30,631,PLACEHOLDER
vehiculos/coupe/lexus-sc-400-sc400-z30-uzz30.jpg,vehiculos/coupe,Coupe,Lexus,SC 400,SC400 (Z30 / UZZ30),lexus-sc-400-sc400-z30-uzz30,631,PLACEHOLDER
vehiculos/coupe/lincoln-capri-1a-generacion.jpg,vehiculos/coupe,Coupe,Lincoln,Capri,1a generacion,lincoln-capri-1a-generacion,631,PLACEHOLDER
vehiculos/coupe/lincoln-capri-2a-generacion.jpg,vehiculos/coupe,Coupe,Lincoln,Capri,2a generacion,lincoln-capri-2a-generacion,631,PLACEHOLDER
vehiculos/coupe/lincoln-continental-1a-generacion.jpg,vehiculos/coupe,Coupe,Lincoln,Continental,1a generacion,lincoln-continental-1a-generacion,631,PLACEHOLDER
vehiculos/coupe/lincoln-continental-mark-ii-mark-ii.jpg,vehiculos/coupe,Coupe,Lincoln,Continental Mark II,Mark II,lincoln-continental-mark-ii-mark-ii,631,PLACEHOLDER
vehiculos/coupe/lincoln-mark-iii-continental-mark-iii.jpg,vehiculos/coupe,Coupe,Lincoln,Mark III,Continental Mark III,lincoln-mark-iii-continental-mark-iii,631,PLACEHOLDER
vehiculos/coupe/lincoln-mark-iv-continental-mark-iv.jpg,vehiculos/coupe,Coupe,Lincoln,Mark IV,Continental Mark IV,lincoln-mark-iv-continental-mark-iv,631,PLACEHOLDER
vehiculos/coupe/lincoln-mark-v-continental-mark-v.jpg,vehiculos/coupe,Coupe,Lincoln,Mark V,Continental Mark V,lincoln-mark-v-continental-mark-v,631,PLACEHOLDER
vehiculos/coupe/lincoln-mark-vi-continental-mark-vi.jpg,vehiculos/coupe,Coupe,Lincoln,Mark VI,Continental Mark VI,lincoln-mark-vi-continental-mark-vi,631,PLACEHOLDER
vehiculos/coupe/lincoln-mark-vii-continental-mark-vii.jpg,vehiculos/coupe,Coupe,Lincoln,Mark VII,Continental Mark VII,lincoln-mark-vii-continental-mark-vii,631,PLACEHOLDER
vehiculos/coupe/lincoln-mark-viii-lincoln-mark-viii.jpg,vehiculos/coupe,Coupe,Lincoln,Mark VIII,Lincoln Mark VIII,lincoln-mark-viii-lincoln-mark-viii,631,PLACEHOLDER
vehiculos/coupe/lloyd-lloyd-300-lc-300.jpg,vehiculos/coupe,Coupe,Lloyd,Lloyd 300,LC 300,lloyd-lloyd-300-lc-300,631,PLACEHOLDER
vehiculos/coupe/lloyd-lloyd-alexander-frua-alexander-frua.jpg,vehiculos/coupe,Coupe,Lloyd,Lloyd Alexander Frua,Alexander Frua,lloyd-lloyd-alexander-frua-alexander-frua,631,PLACEHOLDER
vehiculos/coupe/lotus-eclat-eclat-type-76-84.jpg,vehiculos/coupe,Coupe,Lotus,Eclat,Eclat (Type 76/84),lotus-eclat-eclat-type-76-84,631,PLACEHOLDER
vehiculos/coupe/lotus-elan-2-elan-2-type-50.jpg,vehiculos/coupe,Coupe,Lotus,Elan +2,Elan +2 (Type 50),lotus-elan-2-elan-2-type-50,631,PLACEHOLDER
vehiculos/coupe/lotus-elite-elite-type-14.jpg,vehiculos/coupe,Coupe,Lotus,Elite,Elite (Type 14),lotus-elite-elite-type-14,631,PLACEHOLDER
vehiculos/coupe/lotus-elite-elite-type-75-83.jpg,vehiculos/coupe,Coupe,Lotus,Elite,Elite (Type 75/83),lotus-elite-elite-type-75-83,631,PLACEHOLDER
vehiculos/coupe/lotus-esprit-esprit-s1.jpg,vehiculos/coupe,Coupe,Lotus,Esprit,Esprit S1,lotus-esprit-esprit-s1,631,PLACEHOLDER
vehiculos/coupe/lotus-esprit-esprit-s2.jpg,vehiculos/coupe,Coupe,Lotus,Esprit,Esprit S2,lotus-esprit-esprit-s2,631,PLACEHOLDER
vehiculos/coupe/lotus-esprit-esprit-s22.jpg,vehiculos/coupe,Coupe,Lotus,Esprit,Esprit S2.2,lotus-esprit-esprit-s22,631,PLACEHOLDER
vehiculos/coupe/lotus-esprit-esprit-s3.jpg,vehiculos/coupe,Coupe,Lotus,Esprit,Esprit S3,lotus-esprit-esprit-s3,631,PLACEHOLDER
vehiculos/coupe/lotus-esprit-esprit-s4.jpg,vehiculos/coupe,Coupe,Lotus,Esprit,Esprit S4,lotus-esprit-esprit-s4,631,PLACEHOLDER
vehiculos/coupe/lotus-esprit-esprit-x180.jpg,vehiculos/coupe,Coupe,Lotus,Esprit,Esprit X180,lotus-esprit-esprit-x180,631,PLACEHOLDER
vehiculos/coupe/lotus-esprit-turbo-esprit-s3.jpg,vehiculos/coupe,Coupe,Lotus,Esprit,Turbo Esprit (S3),lotus-esprit-turbo-esprit-s3,631,PLACEHOLDER
vehiculos/coupe/lotus-europa-europa-s1-s2.jpg,vehiculos/coupe,Coupe,Lotus,Europa,Europa S1/S2,lotus-europa-europa-s1-s2,631,PLACEHOLDER
vehiculos/coupe/lotus-europa-europa-twin-cam-special.jpg,vehiculos/coupe,Coupe,Lotus,Europa,Europa Twin Cam/Special,lotus-europa-europa-twin-cam-special,631,PLACEHOLDER
vehiculos/coupe/lotus-excel-excel-type-89.jpg,vehiculos/coupe,Coupe,Lotus,Excel,Excel (Type 89),lotus-excel-excel-type-89,631,PLACEHOLDER
vehiculos/coupe/marcos-fastback-fastback-dennis-adams.jpg,vehiculos/coupe,Coupe,Marcos,Fastback,Fastback (Dennis Adams),marcos-fastback-fastback-dennis-adams,631,PLACEHOLDER
vehiculos/coupe/marcos-gt-gt-1500-chasis-de-madera.jpg,vehiculos/coupe,Coupe,Marcos,GT,GT 1500 (chasis de madera),marcos-gt-gt-1500-chasis-de-madera,631,PLACEHOLDER
vehiculos/coupe/marcos-gt-gt-1600-chasis-de-madera.jpg,vehiculos/coupe,Coupe,Marcos,GT,GT 1600 (chasis de madera),marcos-gt-gt-1600-chasis-de-madera,631,PLACEHOLDER
vehiculos/coupe/marcos-gt-gt-1600-chasis-metalico.jpg,vehiculos/coupe,Coupe,Marcos,GT,GT 1600 (chasis metalico),marcos-gt-gt-1600-chasis-metalico,631,PLACEHOLDER
vehiculos/coupe/marcos-gt-gt-1650-chasis-de-madera.jpg,vehiculos/coupe,Coupe,Marcos,GT,GT 1650 (chasis de madera),marcos-gt-gt-1650-chasis-de-madera,631,PLACEHOLDER
vehiculos/coupe/marcos-gt-gt-1800-chasis-de-madera.jpg,vehiculos/coupe,Coupe,Marcos,GT,GT 1800 (chasis de madera),marcos-gt-gt-1800-chasis-de-madera,631,PLACEHOLDER
vehiculos/coupe/marcos-gt-gt-2-litre-chasis-metalico.jpg,vehiculos/coupe,Coupe,Marcos,GT,GT 2 litre (chasis metalico),marcos-gt-gt-2-litre-chasis-metalico,631,PLACEHOLDER
vehiculos/coupe/marcos-gt-gt-2a-generacion-kit.jpg,vehiculos/coupe,Coupe,Marcos,GT,GT 2a generacion (kit),marcos-gt-gt-2a-generacion-kit,631,PLACEHOLDER
vehiculos/coupe/marcos-gt-gt-3-litre-chasis-de-madera.jpg,vehiculos/coupe,Coupe,Marcos,GT,GT 3 litre (chasis de madera),marcos-gt-gt-3-litre-chasis-de-madera,631,PLACEHOLDER
vehiculos/coupe/marcos-gt-gt-3-litre-chasis-metalico.jpg,vehiculos/coupe,Coupe,Marcos,GT,GT 3 litre (chasis metalico),marcos-gt-gt-3-litre-chasis-metalico,631,PLACEHOLDER
vehiculos/coupe/marcos-gt-gt-3-litre-volvo-chasis-metalico.jpg,vehiculos/coupe,Coupe,Marcos,GT,GT 3 litre Volvo (chasis metalico),marcos-gt-gt-3-litre-volvo-chasis-metalico,631,PLACEHOLDER
vehiculos/coupe/marcos-gullwing-xylon-luton-gullwing.jpg,vehiculos/coupe,Coupe,Marcos,Gullwing,Xylon / Luton Gullwing,marcos-gullwing-xylon-luton-gullwing,631,PLACEHOLDER
vehiculos/coupe/marcos-lm400-lm-calle.jpg,vehiculos/coupe,Coupe,Marcos,LM400,LM (calle),marcos-lm400-lm-calle,631,PLACEHOLDER
vehiculos/coupe/marcos-lm500-lm-calle.jpg,vehiculos/coupe,Coupe,Marcos,LM500,LM (calle),marcos-lm500-lm-calle,631,PLACEHOLDER
vehiculos/coupe/marcos-lm600-lm-calle.jpg,vehiculos/coupe,Coupe,Marcos,LM600,LM (calle),marcos-lm600-lm-calle,631,PLACEHOLDER
vehiculos/coupe/marcos-mantara-mantara-coupe.jpg,vehiculos/coupe,Coupe,Marcos,Mantara,Mantara Coupe,marcos-mantara-mantara-coupe,631,PLACEHOLDER
vehiculos/coupe/marcos-mantaray-mantaray.jpg,vehiculos/coupe,Coupe,Marcos,Mantaray,Mantaray,marcos-mantaray-mantaray,631,PLACEHOLDER
vehiculos/coupe/marcos-mantis-mantis-m70.jpg,vehiculos/coupe,Coupe,Marcos,Mantis,Mantis M70,marcos-mantis-mantis-m70,631,PLACEHOLDER
vehiculos/coupe/marcos-mantula-mantula-coupe.jpg,vehiculos/coupe,Coupe,Marcos,Mantula,Mantula Coupe,marcos-mantula-mantula-coupe,631,PLACEHOLDER
vehiculos/coupe/marcos-martina-martina.jpg,vehiculos/coupe,Coupe,Marcos,Martina,Martina,marcos-martina-martina,631,PLACEHOLDER
vehiculos/coupe/marcos-mini-marcos-mk-i-iii.jpg,vehiculos/coupe,Coupe,Marcos,Mini Marcos,Mk I-III,marcos-mini-marcos-mk-i-iii,631,PLACEHOLDER
vehiculos/coupe/marcos-mini-marcos-mk-iv.jpg,vehiculos/coupe,Coupe,Marcos,Mini Marcos,Mk IV,marcos-mini-marcos-mk-iv,631,PLACEHOLDER
vehiculos/coupe/marcos-mini-marcos-mk-v.jpg,vehiculos/coupe,Coupe,Marcos,Mini Marcos,Mk V,marcos-mini-marcos-mk-v,631,PLACEHOLDER
vehiculos/coupe/maserati-228-228-am334.jpg,vehiculos/coupe,Coupe,Maserati,228,228 (AM334),maserati-228-228-am334,631,PLACEHOLDER
vehiculos/coupe/maserati-3500-gt-3500-gt-touring.jpg,vehiculos/coupe,Coupe,Maserati,3500 GT,3500 GT (Touring),maserati-3500-gt-3500-gt-touring,631,PLACEHOLDER
vehiculos/coupe/maserati-5000-gt-5000-gt.jpg,vehiculos/coupe,Coupe,Maserati,5000 GT,5000 GT,maserati-5000-gt-5000-gt,631,PLACEHOLDER
vehiculos/coupe/maserati-a6-a6-1500.jpg,vehiculos/coupe,Coupe,Maserati,A6,A6 1500,maserati-a6-a6-1500,631,PLACEHOLDER
vehiculos/coupe/maserati-a6-a6g-54-2000.jpg,vehiculos/coupe,Coupe,Maserati,A6,A6G/54 2000,maserati-a6-a6g-54-2000,631,PLACEHOLDER
vehiculos/coupe/maserati-biturbo-222-224v.jpg,vehiculos/coupe,Coupe,Maserati,Biturbo,222 / 2.24v,maserati-biturbo-222-224v,631,PLACEHOLDER
vehiculos/coupe/maserati-biturbo-biturbo-am331.jpg,vehiculos/coupe,Coupe,Maserati,Biturbo,Biturbo (AM331),maserati-biturbo-biturbo-am331,631,PLACEHOLDER
vehiculos/coupe/maserati-bora-bora-am117.jpg,vehiculos/coupe,Coupe,Maserati,Bora,Bora (AM117),maserati-bora-bora-am117,631,PLACEHOLDER
vehiculos/coupe/maserati-ghibli-ghibli-i-am115.jpg,vehiculos/coupe,Coupe,Maserati,Ghibli,Ghibli I (AM115),maserati-ghibli-ghibli-i-am115,631,PLACEHOLDER
vehiculos/coupe/maserati-ghibli-ghibli-ii-am336.jpg,vehiculos/coupe,Coupe,Maserati,Ghibli,Ghibli II (AM336),maserati-ghibli-ghibli-ii-am336,631,PLACEHOLDER
vehiculos/coupe/maserati-indy-indy-am116.jpg,vehiculos/coupe,Coupe,Maserati,Indy,Indy (AM116),maserati-indy-indy-am116,631,PLACEHOLDER
vehiculos/coupe/maserati-karif-karif-am339.jpg,vehiculos/coupe,Coupe,Maserati,Karif,Karif (AM339),maserati-karif-karif-am339,631,PLACEHOLDER
vehiculos/coupe/maserati-khamsin-khamsin-am120.jpg,vehiculos/coupe,Coupe,Maserati,Khamsin,Khamsin (AM120),maserati-khamsin-khamsin-am120,631,PLACEHOLDER
vehiculos/coupe/maserati-kyalami-kyalami-am129.jpg,vehiculos/coupe,Coupe,Maserati,Kyalami,Kyalami (AM129),maserati-kyalami-kyalami-am129,631,PLACEHOLDER
vehiculos/coupe/maserati-merak-merak-am122.jpg,vehiculos/coupe,Coupe,Maserati,Merak,Merak (AM122),maserati-merak-merak-am122,631,PLACEHOLDER
vehiculos/coupe/maserati-merak-merak-ss-am122.jpg,vehiculos/coupe,Coupe,Maserati,Merak,Merak SS (AM122),maserati-merak-merak-ss-am122,631,PLACEHOLDER
vehiculos/coupe/maserati-mexico-mexico-am112.jpg,vehiculos/coupe,Coupe,Maserati,Mexico,Mexico (AM112),maserati-mexico-mexico-am112,631,PLACEHOLDER
vehiculos/coupe/maserati-mistral-mistral-coupe.jpg,vehiculos/coupe,Coupe,Maserati,Mistral,Mistral Coupe,maserati-mistral-mistral-coupe,631,PLACEHOLDER
vehiculos/coupe/maserati-racing-racing-am331.jpg,vehiculos/coupe,Coupe,Maserati,Racing,Racing (AM331),maserati-racing-racing-am331,631,PLACEHOLDER
vehiculos/coupe/maserati-sebring-sebring.jpg,vehiculos/coupe,Coupe,Maserati,Sebring,Sebring,maserati-sebring-sebring,631,PLACEHOLDER
vehiculos/coupe/maserati-shamal-shamal-am339.jpg,vehiculos/coupe,Coupe,Maserati,Shamal,Shamal (AM339),maserati-shamal-shamal-am339,631,PLACEHOLDER
vehiculos/coupe/matra-530-m530-a.jpg,vehiculos/coupe,Coupe,Matra,530,M530 A,matra-530-m530-a,631,PLACEHOLDER
vehiculos/coupe/matra-530-m530-lx.jpg,vehiculos/coupe,Coupe,Matra,530,M530 LX,matra-530-m530-lx,631,PLACEHOLDER
vehiculos/coupe/matra-530-m530-sx.jpg,vehiculos/coupe,Coupe,Matra,530,M530 SX,matra-530-m530-sx,631,PLACEHOLDER
vehiculos/coupe/matra-530-m530.jpg,vehiculos/coupe,Coupe,Matra,530,M530,matra-530-m530,631,PLACEHOLDER
vehiculos/coupe/matra-bagheera-bagheera-serie-1-matra-simca.jpg,vehiculos/coupe,Coupe,Matra,Bagheera,Bagheera Serie 1 (Matra-Simca),matra-bagheera-bagheera-serie-1-matra-simca,631,PLACEHOLDER
vehiculos/coupe/matra-bagheera-bagheera-serie-2-matra-simca-talbot-matra.jpg,vehiculos/coupe,Coupe,Matra,Bagheera,Bagheera Serie 2 (Matra-Simca / Talbot-Matra),matra-bagheera-bagheera-serie-2-matra-simca-talbot-matra,631,PLACEHOLDER
vehiculos/coupe/matra-djet-djet-v-jet-5.jpg,vehiculos/coupe,Coupe,Matra,Djet,Djet V / Jet 5,matra-djet-djet-v-jet-5,631,PLACEHOLDER
vehiculos/coupe/matra-djet-djet-v-s-jet-5-s.jpg,vehiculos/coupe,Coupe,Matra,Djet,Djet V S / Jet 5 S,matra-djet-djet-v-s-jet-5-s,631,PLACEHOLDER
vehiculos/coupe/matra-djet-jet-6.jpg,vehiculos/coupe,Coupe,Matra,Djet,Jet 6,matra-djet-jet-6,631,PLACEHOLDER
vehiculos/coupe/matra-murena-talbot-matra-murena.jpg,vehiculos/coupe,Coupe,Matra,Murena,Talbot-Matra Murena,matra-murena-talbot-matra-murena,631,PLACEHOLDER
vehiculos/coupe/mazda-eunos-cosmo-jc.jpg,vehiculos/coupe,Coupe,Mazda,Eunos Cosmo,JC,mazda-eunos-cosmo-jc,631,PLACEHOLDER
vehiculos/coupe/mazda-mx-3-ec.jpg,vehiculos/coupe,Coupe,Mazda,MX-3,EC,mazda-mx-3-ec,631,PLACEHOLDER
vehiculos/coupe/mazda-mx-6-ge-2a-gen.jpg,vehiculos/coupe,Coupe,Mazda,MX-6,GE (2a gen),mazda-mx-6-ge-2a-gen,631,PLACEHOLDER
vehiculos/coupe/mazda-rx-7-fc-2a-gen.jpg,vehiculos/coupe,Coupe,Mazda,RX-7,FC (2a gen),mazda-rx-7-fc-2a-gen,631,PLACEHOLDER
vehiculos/coupe/mazda-rx-7-sa-fb-1a-gen.jpg,vehiculos/coupe,Coupe,Mazda,RX-7,SA/FB (1a gen),mazda-rx-7-sa-fb-1a-gen,631,PLACEHOLDER
vehiculos/coupe/mclaren-f1-mclaren-f1.jpg,vehiculos/coupe,Coupe,McLaren,F1,McLaren F1,mclaren-f1-mclaren-f1,631,PLACEHOLDER
vehiculos/coupe/mclaren-m6gt-mclaren-m6gt.jpg,vehiculos/coupe,Coupe,McLaren,M6GT,McLaren M6GT,mclaren-m6gt-mclaren-m6gt,631,PLACEHOLDER
vehiculos/coupe/melkus-rs-1000-rs-1000.jpg,vehiculos/coupe,Coupe,Melkus,RS 1000,RS 1000,melkus-rs-1000-rs-1000,631,PLACEHOLDER
vehiculos/coupe/mercedes-benz-300-sl-gullwing-w198.jpg,vehiculos/coupe,Coupe,Mercedes-Benz,300 SL Gullwing,W198,mercedes-benz-300-sl-gullwing-w198,631,PLACEHOLDER
vehiculos/coupe/mercedes-benz-clk-gtr-w297.jpg,vehiculos/coupe,Coupe,Mercedes-Benz,CLK GTR,W297,mercedes-benz-clk-gtr-w297,631,PLACEHOLDER
vehiculos/coupe/mercedes-benz-e-class-coupe-w123-c123.jpg,vehiculos/coupe,Coupe,Mercedes-Benz,E-Class Coupe,W123 (C123),mercedes-benz-e-class-coupe-w123-c123,631,PLACEHOLDER
vehiculos/coupe/mercedes-benz-e-class-coupe-w124-c124.jpg,vehiculos/coupe,Coupe,Mercedes-Benz,E-Class Coupe,W124 (C124),mercedes-benz-e-class-coupe-w124-c124,631,PLACEHOLDER
vehiculos/coupe/mercedes-benz-ponton-coupe-w180.jpg,vehiculos/coupe,Coupe,Mercedes-Benz,Ponton Coupe,W180,mercedes-benz-ponton-coupe-w180,631,PLACEHOLDER
vehiculos/coupe/mercedes-benz-s-class-coupe-cl-c140.jpg,vehiculos/coupe,Coupe,Mercedes-Benz,S-Class Coupe / CL,C140,mercedes-benz-s-class-coupe-cl-c140,631,PLACEHOLDER
vehiculos/coupe/mercedes-benz-s-class-coupe-sec-c126.jpg,vehiculos/coupe,Coupe,Mercedes-Benz,S-Class Coupe (SEC),C126,mercedes-benz-s-class-coupe-sec-c126,631,PLACEHOLDER
vehiculos/coupe/mercedes-benz-slc-c107.jpg,vehiculos/coupe,Coupe,Mercedes-Benz,SLC,C107,mercedes-benz-slc-c107,631,PLACEHOLDER
vehiculos/coupe/mercedes-benz-strichacht-coupe-w114-c114.jpg,vehiculos/coupe,Coupe,Mercedes-Benz,Strichacht Coupe,W114 (C114),mercedes-benz-strichacht-coupe-w114-c114,631,PLACEHOLDER
vehiculos/coupe/mercedes-benz-w111-coupe-w111.jpg,vehiculos/coupe,Coupe,Mercedes-Benz,W111 Coupe,W111,mercedes-benz-w111-coupe-w111,631,PLACEHOLDER
vehiculos/coupe/mercury-capri-2a-gen-fox.jpg,vehiculos/coupe,Coupe,Mercury,Capri,2a gen (Fox),mercury-capri-2a-gen-fox,631,PLACEHOLDER
vehiculos/coupe/mercury-comet-comet-caliente-gt.jpg,vehiculos/coupe,Coupe,Mercury,Comet,Comet/Caliente/GT,mercury-comet-comet-caliente-gt,631,PLACEHOLDER
vehiculos/coupe/mercury-cougar-1a-gen.jpg,vehiculos/coupe,Coupe,Mercury,Cougar,1a gen,mercury-cougar-1a-gen,631,PLACEHOLDER
vehiculos/coupe/mercury-cougar-2a-gen.jpg,vehiculos/coupe,Coupe,Mercury,Cougar,2a gen,mercury-cougar-2a-gen,631,PLACEHOLDER
vehiculos/coupe/mercury-cougar-3a-gen.jpg,vehiculos/coupe,Coupe,Mercury,Cougar,3a gen,mercury-cougar-3a-gen,631,PLACEHOLDER
vehiculos/coupe/mercury-cougar-4a-gen.jpg,vehiculos/coupe,Coupe,Mercury,Cougar,4a gen,mercury-cougar-4a-gen,631,PLACEHOLDER
vehiculos/coupe/mercury-cougar-5a-gen-xr-7.jpg,vehiculos/coupe,Coupe,Mercury,Cougar,5a gen (XR-7),mercury-cougar-5a-gen-xr-7,631,PLACEHOLDER
vehiculos/coupe/mercury-cougar-6a-gen.jpg,vehiculos/coupe,Coupe,Mercury,Cougar,6a gen,mercury-cougar-6a-gen,631,PLACEHOLDER
vehiculos/coupe/mercury-cougar-7a-gen-mn12.jpg,vehiculos/coupe,Coupe,Mercury,Cougar,7a gen (MN12),mercury-cougar-7a-gen-mn12,631,PLACEHOLDER
vehiculos/coupe/mercury-cyclone-comet-cyclone-cyclone.jpg,vehiculos/coupe,Coupe,Mercury,Cyclone,Comet Cyclone / Cyclone,mercury-cyclone-comet-cyclone-cyclone,631,PLACEHOLDER
vehiculos/coupe/mercury-marauder-fastback-marquis.jpg,vehiculos/coupe,Coupe,Mercury,Marauder,Fastback (Marquis),mercury-marauder-fastback-marquis,631,PLACEHOLDER
vehiculos/coupe/mercury-turnpike-cruiser-full-size.jpg,vehiculos/coupe,Coupe,Mercury,Turnpike Cruiser,Full-size,mercury-turnpike-cruiser-full-size,631,PLACEHOLDER
vehiculos/coupe/mercury-zephyr-fox-platform-z-7.jpg,vehiculos/coupe,Coupe,Mercury,Zephyr,Fox platform Z-7,mercury-zephyr-fox-platform-z-7,631,PLACEHOLDER
vehiculos/coupe/mg-mgb-gt-mgb-gt.jpg,vehiculos/coupe,Coupe,MG,MGB GT,MGB GT,mg-mgb-gt-mgb-gt,631,PLACEHOLDER
vehiculos/coupe/mg-mgb-gt-v8-mgb-gt-v8.jpg,vehiculos/coupe,Coupe,MG,MGB GT V8,MGB GT V8,mg-mgb-gt-v8-mgb-gt-v8,631,PLACEHOLDER
vehiculos/coupe/mg-mgc-mgc.jpg,vehiculos/coupe,Coupe,MG,MGC,MGC,mg-mgc-mgc,631,PLACEHOLDER
vehiculos/coupe/mitsubishi-3000gt-3000gt-gto-z15a.jpg,vehiculos/coupe,Coupe,Mitsubishi,3000GT,3000GT / GTO (Z15A),mitsubishi-3000gt-3000gt-gto-z15a,631,PLACEHOLDER
vehiculos/coupe/mitsubishi-3000gt-3000gt-gto-z16a.jpg,vehiculos/coupe,Coupe,Mitsubishi,3000GT,3000GT / GTO (Z16A),mitsubishi-3000gt-3000gt-gto-z16a,631,PLACEHOLDER
vehiculos/coupe/mitsubishi-cordia-cordia-a21x.jpg,vehiculos/coupe,Coupe,Mitsubishi,Cordia,Cordia (A21x),mitsubishi-cordia-cordia-a21x,631,PLACEHOLDER
vehiculos/coupe/mitsubishi-eclipse-eclipse-1g-d21a.jpg,vehiculos/coupe,Coupe,Mitsubishi,Eclipse,Eclipse 1G (D21A),mitsubishi-eclipse-eclipse-1g-d21a,631,PLACEHOLDER
vehiculos/coupe/mitsubishi-eclipse-eclipse-2g-d32a.jpg,vehiculos/coupe,Coupe,Mitsubishi,Eclipse,Eclipse 2G (D32A),mitsubishi-eclipse-eclipse-2g-d32a,631,PLACEHOLDER
vehiculos/coupe/mitsubishi-fto-fto-de.jpg,vehiculos/coupe,Coupe,Mitsubishi,FTO,FTO (DE),mitsubishi-fto-fto-de,631,PLACEHOLDER
vehiculos/coupe/mitsubishi-sapporo-sapporo-a12x.jpg,vehiculos/coupe,Coupe,Mitsubishi,Sapporo,Sapporo (A12x),mitsubishi-sapporo-sapporo-a12x,631,PLACEHOLDER
vehiculos/coupe/mitsubishi-starion-starion-a18x-wide-body.jpg,vehiculos/coupe,Coupe,Mitsubishi,Starion,"Starion (A18x, wide-body)",mitsubishi-starion-starion-a18x-wide-body,631,PLACEHOLDER
vehiculos/coupe/mitsubishi-starion-starion-a18x.jpg,vehiculos/coupe,Coupe,Mitsubishi,Starion,Starion (A18x),mitsubishi-starion-starion-a18x,631,PLACEHOLDER
vehiculos/coupe/moretti-1000-sportiva-sportiva-1000.jpg,vehiculos/coupe,Coupe,Moretti,1000 Sportiva,Sportiva 1000,moretti-1000-sportiva-sportiva-1000,631,PLACEHOLDER
vehiculos/coupe/moretti-1200-1200-coup.jpg,vehiculos/coupe,Coupe,Moretti,1200,1200 Coupé,moretti-1200-1200-coup,631,PLACEHOLDER
vehiculos/coupe/moretti-128-moretti-128-coup.jpg,vehiculos/coupe,Coupe,Moretti,128 Moretti,128 Coupé,moretti-128-moretti-128-coup,631,PLACEHOLDER
vehiculos/coupe/moretti-500-coup-500-coup-base-500-d.jpg,vehiculos/coupe,Coupe,Moretti,500 Coupé,500 Coupé (base 500 D),moretti-500-coup-500-coup-base-500-d,631,PLACEHOLDER
vehiculos/coupe/moretti-500-coup-500-coup-base-500-f.jpg,vehiculos/coupe,Coupe,Moretti,500 Coupé,500 Coupé (base 500 F),moretti-500-coup-500-coup-base-500-f,631,PLACEHOLDER
vehiculos/coupe/moretti-750-750-gran-sport.jpg,vehiculos/coupe,Coupe,Moretti,750,750 Gran Sport,moretti-750-750-gran-sport,631,PLACEHOLDER
vehiculos/coupe/moretti-850-sportiva-sportiva-850.jpg,vehiculos/coupe,Coupe,Moretti,850 Sportiva,Sportiva 850,moretti-850-sportiva-sportiva-850,631,PLACEHOLDER
vehiculos/coupe/morgan-plus-4-plus-plus-4-plus.jpg,vehiculos/coupe,Coupe,Morgan,Plus 4 Plus,Plus 4 Plus,morgan-plus-4-plus-plus-4-plus,631,PLACEHOLDER
vehiculos/coupe/nash-ambassador-ambassador-country-club-1952-1954.jpg,vehiculos/coupe,Coupe,Nash,Ambassador,Ambassador Country Club (1952-1954),nash-ambassador-ambassador-country-club-1952-1954,631,PLACEHOLDER
vehiculos/coupe/nash-metropolitan-serie-i-ii-nk1-nk2.jpg,vehiculos/coupe,Coupe,Nash,Metropolitan,Serie I / II (NK1 / NK2),nash-metropolitan-serie-i-ii-nk1-nk2,631,PLACEHOLDER
vehiculos/coupe/nash-metropolitan-serie-iii-nk3.jpg,vehiculos/coupe,Coupe,Nash,Metropolitan,Serie III (NK3),nash-metropolitan-serie-iii-nk3,631,PLACEHOLDER
vehiculos/coupe/nash-nash-healey-nash-healey-le-mans-coupe-1953-1954.jpg,vehiculos/coupe,Coupe,Nash,Nash-Healey,Nash-Healey Le Mans Coupe (1953-1954),nash-nash-healey-nash-healey-le-mans-coupe-1953-1954,631,PLACEHOLDER
vehiculos/coupe/nash-rambler-rambler-country-club-1951-1952.jpg,vehiculos/coupe,Coupe,Nash,Rambler,Rambler Country Club (1951-1952),nash-rambler-rambler-country-club-1951-1952,631,PLACEHOLDER
vehiculos/coupe/nash-statesman-statesman-country-club-1952-1956.jpg,vehiculos/coupe,Coupe,Nash,Statesman,Statesman Country Club (1952-1956),nash-statesman-statesman-country-club-1952-1956,631,PLACEHOLDER
vehiculos/coupe/nissan-100nx-b13.jpg,vehiculos/coupe,Coupe,Nissan,100NX,B13,nissan-100nx-b13,631,PLACEHOLDER
vehiculos/coupe/nissan-180sx-rs13.jpg,vehiculos/coupe,Coupe,Nissan,180SX,RS13,nissan-180sx-rs13,631,PLACEHOLDER
vehiculos/coupe/nissan-200sx-s13-europa.jpg,vehiculos/coupe,Coupe,Nissan,200SX,S13 (Europa),nissan-200sx-s13-europa,631,PLACEHOLDER
vehiculos/coupe/nissan-200sx-s14-europa.jpg,vehiculos/coupe,Coupe,Nissan,200SX,S14 (Europa),nissan-200sx-s14-europa,631,PLACEHOLDER
vehiculos/coupe/nissan-240sx-s13-norteam-rica.jpg,vehiculos/coupe,Coupe,Nissan,240SX,S13 (Norteamérica),nissan-240sx-s13-norteam-rica,631,PLACEHOLDER
vehiculos/coupe/nissan-240sx-s14-norteam-rica.jpg,vehiculos/coupe,Coupe,Nissan,240SX,S14 (Norteamérica),nissan-240sx-s14-norteam-rica,631,PLACEHOLDER
vehiculos/coupe/nissan-300zx-z31-1-gen.jpg,vehiculos/coupe,Coupe,Nissan,300ZX,Z31 (1ª gen),nissan-300zx-z31-1-gen,631,PLACEHOLDER
vehiculos/coupe/nissan-300zx-z32-2-gen.jpg,vehiculos/coupe,Coupe,Nissan,300ZX,Z32 (2ª gen),nissan-300zx-z32-2-gen,631,PLACEHOLDER
vehiculos/coupe/nissan-silvia-s13-5-gen.jpg,vehiculos/coupe,Coupe,Nissan,Silvia,S13 (5ª gen),nissan-silvia-s13-5-gen,631,PLACEHOLDER
vehiculos/coupe/nissan-silvia-s14-6-gen.jpg,vehiculos/coupe,Coupe,Nissan,Silvia,S14 (6ª gen),nissan-silvia-s14-6-gen,631,PLACEHOLDER
vehiculos/coupe/nissan-skyline-r32-9-gen.jpg,vehiculos/coupe,Coupe,Nissan,Skyline,R32 (9ª gen),nissan-skyline-r32-9-gen,631,PLACEHOLDER
vehiculos/coupe/nissan-skyline-r33-10-gen.jpg,vehiculos/coupe,Coupe,Nissan,Skyline,R33 (10ª gen),nissan-skyline-r33-10-gen,631,PLACEHOLDER
vehiculos/coupe/nsu-sport-prinz-sport-prinz-bertone.jpg,vehiculos/coupe,Coupe,NSU,Sport Prinz,Sport Prinz (Bertone),nsu-sport-prinz-sport-prinz-bertone,631,PLACEHOLDER
vehiculos/coupe/oldsmobile-442-442-1a-gen-a-body.jpg,vehiculos/coupe,Coupe,Oldsmobile,442,442 1a gen (A-body),oldsmobile-442-442-1a-gen-a-body,631,PLACEHOLDER
vehiculos/coupe/oldsmobile-442-442-2a-gen.jpg,vehiculos/coupe,Coupe,Oldsmobile,442,442 2a gen,oldsmobile-442-442-2a-gen,631,PLACEHOLDER
vehiculos/coupe/oldsmobile-442-442-3a-gen-colonnade.jpg,vehiculos/coupe,Coupe,Oldsmobile,442,442 3a gen (Colonnade),oldsmobile-442-442-3a-gen-colonnade,631,PLACEHOLDER
vehiculos/coupe/oldsmobile-442-442-4a-gen-g-body.jpg,vehiculos/coupe,Coupe,Oldsmobile,442,442 4a gen (G-body),oldsmobile-442-442-4a-gen-g-body,631,PLACEHOLDER
vehiculos/coupe/oldsmobile-442-442-5a-gen-g-body.jpg,vehiculos/coupe,Coupe,Oldsmobile,442,442 5a gen (G-body),oldsmobile-442-442-5a-gen-g-body,631,PLACEHOLDER
vehiculos/coupe/oldsmobile-442-442-6a-gen-n-body.jpg,vehiculos/coupe,Coupe,Oldsmobile,442,442 6a gen (N-body),oldsmobile-442-442-6a-gen-n-body,631,PLACEHOLDER
vehiculos/coupe/oldsmobile-achieva-achieva-n-body.jpg,vehiculos/coupe,Coupe,Oldsmobile,Achieva,Achieva (N-body),oldsmobile-achieva-achieva-n-body,631,PLACEHOLDER
vehiculos/coupe/oldsmobile-cutlass-calais-cutlass-calais-n-body.jpg,vehiculos/coupe,Coupe,Oldsmobile,Cutlass Calais,Cutlass Calais (N-body),oldsmobile-cutlass-calais-cutlass-calais-n-body,631,PLACEHOLDER
vehiculos/coupe/oldsmobile-cutlass-cutlass-1a-gen-f-85.jpg,vehiculos/coupe,Coupe,Oldsmobile,Cutlass,Cutlass 1a gen (F-85),oldsmobile-cutlass-cutlass-1a-gen-f-85,631,PLACEHOLDER
vehiculos/coupe/oldsmobile-cutlass-cutlass-2a-gen.jpg,vehiculos/coupe,Coupe,Oldsmobile,Cutlass,Cutlass 2a gen,oldsmobile-cutlass-cutlass-2a-gen,631,PLACEHOLDER
vehiculos/coupe/oldsmobile-cutlass-cutlass-3a-gen.jpg,vehiculos/coupe,Coupe,Oldsmobile,Cutlass,Cutlass 3a gen,oldsmobile-cutlass-cutlass-3a-gen,631,PLACEHOLDER
vehiculos/coupe/oldsmobile-cutlass-cutlass-4a-gen-colonnade.jpg,vehiculos/coupe,Coupe,Oldsmobile,Cutlass,Cutlass 4a gen (Colonnade),oldsmobile-cutlass-cutlass-4a-gen-colonnade,631,PLACEHOLDER
vehiculos/coupe/oldsmobile-cutlass-cutlass-5a-gen-g-body.jpg,vehiculos/coupe,Coupe,Oldsmobile,Cutlass,Cutlass 5a gen (G-body),oldsmobile-cutlass-cutlass-5a-gen-g-body,631,PLACEHOLDER
vehiculos/coupe/oldsmobile-cutlass-supreme-cutlass-supreme-1a-gen.jpg,vehiculos/coupe,Coupe,Oldsmobile,Cutlass Supreme,Cutlass Supreme 1a gen,oldsmobile-cutlass-supreme-cutlass-supreme-1a-gen,631,PLACEHOLDER
vehiculos/coupe/oldsmobile-cutlass-supreme-cutlass-supreme-2a-gen.jpg,vehiculos/coupe,Coupe,Oldsmobile,Cutlass Supreme,Cutlass Supreme 2a gen,oldsmobile-cutlass-supreme-cutlass-supreme-2a-gen,631,PLACEHOLDER
vehiculos/coupe/oldsmobile-cutlass-supreme-cutlass-supreme-3a-gen-colonnade.jpg,vehiculos/coupe,Coupe,Oldsmobile,Cutlass Supreme,Cutlass Supreme 3a gen (Colonnade),oldsmobile-cutlass-supreme-cutlass-supreme-3a-gen-colonnade,631,PLACEHOLDER
vehiculos/coupe/oldsmobile-cutlass-supreme-cutlass-supreme-4a-gen-g-body.jpg,vehiculos/coupe,Coupe,Oldsmobile,Cutlass Supreme,Cutlass Supreme 4a gen (G-body),oldsmobile-cutlass-supreme-cutlass-supreme-4a-gen-g-body,631,PLACEHOLDER
vehiculos/coupe/oldsmobile-cutlass-supreme-cutlass-supreme-5a-gen-w-body.jpg,vehiculos/coupe,Coupe,Oldsmobile,Cutlass Supreme,Cutlass Supreme 5a gen (W-body),oldsmobile-cutlass-supreme-cutlass-supreme-5a-gen-w-body,631,PLACEHOLDER
vehiculos/coupe/oldsmobile-firenza-firenza-j-body.jpg,vehiculos/coupe,Coupe,Oldsmobile,Firenza,Firenza (J-body),oldsmobile-firenza-firenza-j-body,631,PLACEHOLDER
vehiculos/coupe/oldsmobile-hurst-olds-hurst-olds-a-body.jpg,vehiculos/coupe,Coupe,Oldsmobile,Hurst/Olds,Hurst/Olds (A-body),oldsmobile-hurst-olds-hurst-olds-a-body,631,PLACEHOLDER
vehiculos/coupe/oldsmobile-hurst-olds-hurst-olds-g-body.jpg,vehiculos/coupe,Coupe,Oldsmobile,Hurst/Olds,Hurst/Olds (G-body),oldsmobile-hurst-olds-hurst-olds-g-body,631,PLACEHOLDER
vehiculos/coupe/oldsmobile-jetstar-i-jetstar-i.jpg,vehiculos/coupe,Coupe,Oldsmobile,Jetstar I,Jetstar I,oldsmobile-jetstar-i-jetstar-i,631,PLACEHOLDER
vehiculos/coupe/oldsmobile-omega-omega-1a-gen-x-body.jpg,vehiculos/coupe,Coupe,Oldsmobile,Omega,Omega 1a gen (X-body),oldsmobile-omega-omega-1a-gen-x-body,631,PLACEHOLDER
vehiculos/coupe/oldsmobile-omega-omega-2a-gen-x-body.jpg,vehiculos/coupe,Coupe,Oldsmobile,Omega,Omega 2a gen (X-body),oldsmobile-omega-omega-2a-gen-x-body,631,PLACEHOLDER
vehiculos/coupe/oldsmobile-starfire-starfire-1a-gen.jpg,vehiculos/coupe,Coupe,Oldsmobile,Starfire,Starfire 1a gen,oldsmobile-starfire-starfire-1a-gen,631,PLACEHOLDER
vehiculos/coupe/oldsmobile-toronado-toronado-1a-gen.jpg,vehiculos/coupe,Coupe,Oldsmobile,Toronado,Toronado 1a gen,oldsmobile-toronado-toronado-1a-gen,631,PLACEHOLDER
vehiculos/coupe/oldsmobile-toronado-toronado-2a-gen.jpg,vehiculos/coupe,Coupe,Oldsmobile,Toronado,Toronado 2a gen,oldsmobile-toronado-toronado-2a-gen,631,PLACEHOLDER
vehiculos/coupe/oldsmobile-toronado-toronado-3a-gen.jpg,vehiculos/coupe,Coupe,Oldsmobile,Toronado,Toronado 3a gen,oldsmobile-toronado-toronado-3a-gen,631,PLACEHOLDER
vehiculos/coupe/oldsmobile-toronado-toronado-4a-gen.jpg,vehiculos/coupe,Coupe,Oldsmobile,Toronado,Toronado 4a gen,oldsmobile-toronado-toronado-4a-gen,631,PLACEHOLDER
vehiculos/coupe/opel-calibra-calibra.jpg,vehiculos/coupe,Coupe,Opel,Calibra,Calibra,opel-calibra-calibra,631,PLACEHOLDER
vehiculos/coupe/opel-gt-gt.jpg,vehiculos/coupe,Coupe,Opel,GT,GT,opel-gt-gt,631,PLACEHOLDER
vehiculos/coupe/opel-kadett-kadett-c.jpg,vehiculos/coupe,Coupe,Opel,Kadett,Kadett C,opel-kadett-kadett-c,631,PLACEHOLDER
vehiculos/coupe/opel-manta-manta-a.jpg,vehiculos/coupe,Coupe,Opel,Manta,Manta A,opel-manta-manta-a,631,PLACEHOLDER
vehiculos/coupe/opel-manta-manta-b.jpg,vehiculos/coupe,Coupe,Opel,Manta,Manta B,opel-manta-manta-b,631,PLACEHOLDER
vehiculos/coupe/opel-monza-monza.jpg,vehiculos/coupe,Coupe,Opel,Monza,Monza,opel-monza-monza,631,PLACEHOLDER
vehiculos/coupe/opel-tigra-tigra-a.jpg,vehiculos/coupe,Coupe,Opel,Tigra,Tigra A,opel-tigra-tigra-a,631,PLACEHOLDER
vehiculos/coupe/osca-1600-gt-tipo-1600-gt.jpg,vehiculos/coupe,Coupe,OSCA,1600 GT,Tipo 1600 GT,osca-1600-gt-tipo-1600-gt,631,PLACEHOLDER
vehiculos/coupe/osca-1600-gt-tipo-1600-gt2.jpg,vehiculos/coupe,Coupe,OSCA,1600 GT,Tipo 1600 GT2,osca-1600-gt-tipo-1600-gt2,631,PLACEHOLDER
vehiculos/coupe/osca-1600-gt-tipo-1600-gts.jpg,vehiculos/coupe,Coupe,OSCA,1600 GT,Tipo 1600 GTS,osca-1600-gt-tipo-1600-gts,631,PLACEHOLDER
vehiculos/coupe/osca-1600-gt-tipo-1600-gtv.jpg,vehiculos/coupe,Coupe,OSCA,1600 GT,Tipo 1600 GTV,osca-1600-gt-tipo-1600-gtv,631,PLACEHOLDER
vehiculos/coupe/osca-1600-sp-tipo-1600-sp.jpg,vehiculos/coupe,Coupe,OSCA,1600 SP,Tipo 1600 SP,osca-1600-sp-tipo-1600-sp,631,PLACEHOLDER
vehiculos/coupe/packard-four-hundred-four-hundred-55a-serie.jpg,vehiculos/coupe,Coupe,Packard,Four Hundred,Four Hundred (55a Serie),packard-four-hundred-four-hundred-55a-serie,631,PLACEHOLDER
vehiculos/coupe/packard-four-hundred-four-hundred-56a-serie.jpg,vehiculos/coupe,Coupe,Packard,Four Hundred,Four Hundred (56a Serie),packard-four-hundred-four-hundred-56a-serie,631,PLACEHOLDER
vehiculos/coupe/packard-hawk-packard-hawk-58l.jpg,vehiculos/coupe,Coupe,Packard,Hawk,Packard Hawk (58L),packard-hawk-packard-hawk-58l,631,PLACEHOLDER
vehiculos/coupe/packard-mayfair-mayfair-24a-26a-serie.jpg,vehiculos/coupe,Coupe,Packard,Mayfair,Mayfair (24a-26a Serie),packard-mayfair-mayfair-24a-26a-serie,631,PLACEHOLDER
vehiculos/coupe/packard-pacific-pacific-54a-serie.jpg,vehiculos/coupe,Coupe,Packard,Pacific,Pacific (54a Serie),packard-pacific-pacific-54a-serie,631,PLACEHOLDER
vehiculos/coupe/pagani-zonda-c12.jpg,vehiculos/coupe,Coupe,Pagani,Zonda,C12,pagani-zonda-c12,631,PLACEHOLDER
vehiculos/coupe/panhard-24-panhard-24-c.jpg,vehiculos/coupe,Coupe,Panhard,24,Panhard 24 C,panhard-24-panhard-24-c,631,PLACEHOLDER
vehiculos/coupe/panhard-24-panhard-24-ct.jpg,vehiculos/coupe,Coupe,Panhard,24,Panhard 24 CT,panhard-24-panhard-24-ct,631,PLACEHOLDER
vehiculos/coupe/panhard-cd-panhard-cd.jpg,vehiculos/coupe,Coupe,Panhard,CD,Panhard CD,panhard-cd-panhard-cd,631,PLACEHOLDER
vehiculos/coupe/panoz-esperante-gtr-1-gtr-1-version-de-calle.jpg,vehiculos/coupe,Coupe,Panoz,Esperante GTR-1,GTR-1 (version de calle),panoz-esperante-gtr-1-gtr-1-version-de-calle,631,PLACEHOLDER
vehiculos/coupe/panther-solo-solo-2.jpg,vehiculos/coupe,Coupe,Panther,Solo,Solo 2,panther-solo-solo-2,631,PLACEHOLDER
vehiculos/coupe/pegaso-z-102-z-102.jpg,vehiculos/coupe,Coupe,Pegaso,Z-102,Z-102,pegaso-z-102-z-102,631,PLACEHOLDER
vehiculos/coupe/pegaso-z-103-z-103.jpg,vehiculos/coupe,Coupe,Pegaso,Z-103,Z-103,pegaso-z-103-z-103,631,PLACEHOLDER
vehiculos/coupe/peugeot-104-104-coup.jpg,vehiculos/coupe,Coupe,Peugeot,104,104 Coupé,peugeot-104-104-coup,631,PLACEHOLDER
vehiculos/coupe/peugeot-504-504-coup-cabriolet.jpg,vehiculos/coupe,Coupe,Peugeot,504,504 Coupé/Cabriolet,peugeot-504-504-coup-cabriolet,631,PLACEHOLDER
vehiculos/coupe/plymouth-barracuda-barracuda-1a-gen-1964-1966-a-body.jpg,vehiculos/coupe,Coupe,Plymouth,Barracuda,Barracuda 1a gen (1964-1966) A-body,plymouth-barracuda-barracuda-1a-gen-1964-1966-a-body,631,PLACEHOLDER
vehiculos/coupe/plymouth-barracuda-barracuda-2a-gen-1967-1969.jpg,vehiculos/coupe,Coupe,Plymouth,Barracuda,Barracuda 2a gen (1967-1969),plymouth-barracuda-barracuda-2a-gen-1967-1969,631,PLACEHOLDER
vehiculos/coupe/plymouth-barracuda-barracuda-3a-gen-1970-1974-e-body.jpg,vehiculos/coupe,Coupe,Plymouth,Barracuda,Barracuda 3a gen (1970-1974) E-body,plymouth-barracuda-barracuda-3a-gen-1970-1974-e-body,631,PLACEHOLDER
vehiculos/coupe/plymouth-belvedere-belvedere-1954-1956.jpg,vehiculos/coupe,Coupe,Plymouth,Belvedere,Belvedere (1954-1956),plymouth-belvedere-belvedere-1954-1956,631,PLACEHOLDER
vehiculos/coupe/plymouth-belvedere-belvedere-1965-1967.jpg,vehiculos/coupe,Coupe,Plymouth,Belvedere,Belvedere (1965-1967),plymouth-belvedere-belvedere-1965-1967,631,PLACEHOLDER
vehiculos/coupe/plymouth-colt-colt-7a-gen-1993-1994.jpg,vehiculos/coupe,Coupe,Plymouth,Colt,Colt 7a gen (1993-1994),plymouth-colt-colt-7a-gen-1993-1994,631,PLACEHOLDER
vehiculos/coupe/plymouth-conquest-conquest-1984-1986.jpg,vehiculos/coupe,Coupe,Plymouth,Conquest,Conquest (1984-1986),plymouth-conquest-conquest-1984-1986,631,PLACEHOLDER
vehiculos/coupe/plymouth-duster-duster-1970-1976-a-body.jpg,vehiculos/coupe,Coupe,Plymouth,Duster,Duster (1970-1976) A-body,plymouth-duster-duster-1970-1976-a-body,631,PLACEHOLDER
vehiculos/coupe/plymouth-fury-fury-1956-1958.jpg,vehiculos/coupe,Coupe,Plymouth,Fury,Fury (1956-1958),plymouth-fury-fury-1956-1958,631,PLACEHOLDER
vehiculos/coupe/plymouth-fury-fury-1962-1964-b-body.jpg,vehiculos/coupe,Coupe,Plymouth,Fury,Fury (1962-1964) B-body,plymouth-fury-fury-1962-1964-b-body,631,PLACEHOLDER
vehiculos/coupe/plymouth-fury-fury-1965-1968-c-body.jpg,vehiculos/coupe,Coupe,Plymouth,Fury,Fury (1965-1968) C-body,plymouth-fury-fury-1965-1968-c-body,631,PLACEHOLDER
vehiculos/coupe/plymouth-fury-fury-1969-1973-c-body.jpg,vehiculos/coupe,Coupe,Plymouth,Fury,Fury (1969-1973) C-body,plymouth-fury-fury-1969-1973-c-body,631,PLACEHOLDER
vehiculos/coupe/plymouth-gtx-gtx-1967-1971-b-body.jpg,vehiculos/coupe,Coupe,Plymouth,GTX,GTX (1967-1971) B-body,plymouth-gtx-gtx-1967-1971-b-body,631,PLACEHOLDER
vehiculos/coupe/plymouth-laser-laser-1990-1994.jpg,vehiculos/coupe,Coupe,Plymouth,Laser,Laser (1990-1994),plymouth-laser-laser-1990-1994,631,PLACEHOLDER
vehiculos/coupe/plymouth-reliant-reliant-k-coupe-1981-1989.jpg,vehiculos/coupe,Coupe,Plymouth,Reliant,Reliant K Coupe (1981-1989),plymouth-reliant-reliant-k-coupe-1981-1989,631,PLACEHOLDER
vehiculos/coupe/plymouth-road-runner-road-runner-1a-gen-1968-1970.jpg,vehiculos/coupe,Coupe,Plymouth,Road Runner,Road Runner 1a gen (1968-1970),plymouth-road-runner-road-runner-1a-gen-1968-1970,631,PLACEHOLDER
vehiculos/coupe/plymouth-road-runner-road-runner-2a-gen-1971-1974.jpg,vehiculos/coupe,Coupe,Plymouth,Road Runner,Road Runner 2a gen (1971-1974),plymouth-road-runner-road-runner-2a-gen-1971-1974,631,PLACEHOLDER
vehiculos/coupe/plymouth-road-runner-road-runner-3a-gen-1975-b-body.jpg,vehiculos/coupe,Coupe,Plymouth,Road Runner,Road Runner 3a gen (1975) B-body,plymouth-road-runner-road-runner-3a-gen-1975-b-body,631,PLACEHOLDER
vehiculos/coupe/plymouth-road-runner-volare-road-runner-1976-1980.jpg,vehiculos/coupe,Coupe,Plymouth,Road Runner,Volare Road Runner (1976-1980),plymouth-road-runner-volare-road-runner-1976-1980,631,PLACEHOLDER
vehiculos/coupe/plymouth-sapporo-sapporo-1978-1983.jpg,vehiculos/coupe,Coupe,Plymouth,Sapporo,Sapporo (1978-1983),plymouth-sapporo-sapporo-1978-1983,631,PLACEHOLDER
vehiculos/coupe/plymouth-satellite-satellite-1a-gen-1965-1967-b-body.jpg,vehiculos/coupe,Coupe,Plymouth,Satellite,Satellite 1a gen (1965-1967) B-body,plymouth-satellite-satellite-1a-gen-1965-1967-b-body,631,PLACEHOLDER
vehiculos/coupe/plymouth-satellite-satellite-2a-gen-1968-1970.jpg,vehiculos/coupe,Coupe,Plymouth,Satellite,Satellite 2a gen (1968-1970),plymouth-satellite-satellite-2a-gen-1968-1970,631,PLACEHOLDER
vehiculos/coupe/plymouth-satellite-satellite-3a-gen-1971-1974.jpg,vehiculos/coupe,Coupe,Plymouth,Satellite,Satellite 3a gen (1971-1974),plymouth-satellite-satellite-3a-gen-1971-1974,631,PLACEHOLDER
vehiculos/coupe/plymouth-scamp-valiant-scamp-1971-1976.jpg,vehiculos/coupe,Coupe,Plymouth,Scamp,Valiant Scamp (1971-1976),plymouth-scamp-valiant-scamp-1971-1976,631,PLACEHOLDER
vehiculos/coupe/plymouth-superbird-superbird-1970.jpg,vehiculos/coupe,Coupe,Plymouth,Superbird,Superbird (1970),plymouth-superbird-superbird-1970,631,PLACEHOLDER
vehiculos/coupe/plymouth-tc3-horizon-tc3-1979-1982.jpg,vehiculos/coupe,Coupe,Plymouth,TC3,Horizon TC3 (1979-1982),plymouth-tc3-horizon-tc3-1979-1982,631,PLACEHOLDER
vehiculos/coupe/plymouth-turismo-turismo-1983-1987-l-body.jpg,vehiculos/coupe,Coupe,Plymouth,Turismo,Turismo (1983-1987) L-body,plymouth-turismo-turismo-1983-1987-l-body,631,PLACEHOLDER
vehiculos/coupe/plymouth-valiant-valiant-2a-gen-1963-1966.jpg,vehiculos/coupe,Coupe,Plymouth,Valiant,Valiant 2a gen (1963-1966),plymouth-valiant-valiant-2a-gen-1963-1966,631,PLACEHOLDER
vehiculos/coupe/pontiac-fiero-1a-gen-1984-1988.jpg,vehiculos/coupe,Coupe,Pontiac,Fiero,1a gen (1984-1988),pontiac-fiero-1a-gen-1984-1988,631,PLACEHOLDER
vehiculos/coupe/pontiac-firebird-1a-gen-1967-1969.jpg,vehiculos/coupe,Coupe,Pontiac,Firebird,1a gen (1967-1969),pontiac-firebird-1a-gen-1967-1969,631,PLACEHOLDER
vehiculos/coupe/pontiac-firebird-2a-gen-1970-1981.jpg,vehiculos/coupe,Coupe,Pontiac,Firebird,2a gen (1970-1981),pontiac-firebird-2a-gen-1970-1981,631,PLACEHOLDER
vehiculos/coupe/pontiac-firebird-3a-gen-1982-1992.jpg,vehiculos/coupe,Coupe,Pontiac,Firebird,3a gen (1982-1992),pontiac-firebird-3a-gen-1982-1992,631,PLACEHOLDER
vehiculos/coupe/pontiac-grand-prix-5a-gen-g-body-1978-1987.jpg,vehiculos/coupe,Coupe,Pontiac,Grand Prix,5a gen G-body (1978-1987),pontiac-grand-prix-5a-gen-g-body-1978-1987,631,PLACEHOLDER
vehiculos/coupe/pontiac-grand-prix-6a-gen-w-body-1988-1996.jpg,vehiculos/coupe,Coupe,Pontiac,Grand Prix,6a gen W-body (1988-1996),pontiac-grand-prix-6a-gen-w-body-1988-1996,631,PLACEHOLDER
vehiculos/coupe/pontiac-gto-1a-gen-1964-1967.jpg,vehiculos/coupe,Coupe,Pontiac,GTO,1a gen (1964-1967),pontiac-gto-1a-gen-1964-1967,631,PLACEHOLDER
vehiculos/coupe/pontiac-gto-2a-3a-gen-1968-1972.jpg,vehiculos/coupe,Coupe,Pontiac,GTO,2a/3a gen (1968-1972),pontiac-gto-2a-3a-gen-1968-1972,631,PLACEHOLDER
vehiculos/coupe/pontiac-gto-2a-3a-gen-1970-1971.jpg,vehiculos/coupe,Coupe,Pontiac,GTO,2a/3a gen (1970-1971),pontiac-gto-2a-3a-gen-1970-1971,631,PLACEHOLDER
vehiculos/coupe/pontiac-gto-4a-gen-1973-1974.jpg,vehiculos/coupe,Coupe,Pontiac,GTO,4a gen (1973-1974),pontiac-gto-4a-gen-1973-1974,631,PLACEHOLDER
vehiculos/coupe/pontiac-sunbird-1a-gen-h-body-1976-1980.jpg,vehiculos/coupe,Coupe,Pontiac,Sunbird,1a gen H-body (1976-1980),pontiac-sunbird-1a-gen-h-body-1976-1980,631,PLACEHOLDER
vehiculos/coupe/pontiac-sunbird-2a-3a-gen-j-body-1982-1994.jpg,vehiculos/coupe,Coupe,Pontiac,Sunbird,2a/3a gen J-body (1982-1994),pontiac-sunbird-2a-3a-gen-j-body-1982-1994,631,PLACEHOLDER
vehiculos/coupe/porsche-356-356-a.jpg,vehiculos/coupe,Coupe,Porsche,356,356 A,porsche-356-356-a,631,PLACEHOLDER
vehiculos/coupe/porsche-356-356-b-c.jpg,vehiculos/coupe,Coupe,Porsche,356,356 B/C,porsche-356-356-b-c,631,PLACEHOLDER
vehiculos/coupe/porsche-356-356-b.jpg,vehiculos/coupe,Coupe,Porsche,356,356 B,porsche-356-356-b,631,PLACEHOLDER
vehiculos/coupe/porsche-356-356-c.jpg,vehiculos/coupe,Coupe,Porsche,356,356 C,porsche-356-356-c,631,PLACEHOLDER
vehiculos/coupe/porsche-356-356-pre-a.jpg,vehiculos/coupe,Coupe,Porsche,356,356 (Pre-A),porsche-356-356-pre-a,631,PLACEHOLDER
vehiculos/coupe/porsche-911-911-964.jpg,vehiculos/coupe,Coupe,Porsche,911,911 (964),porsche-911-911-964,631,PLACEHOLDER
vehiculos/coupe/porsche-911-911-993.jpg,vehiculos/coupe,Coupe,Porsche,911,911 (993),porsche-911-911-993,631,PLACEHOLDER
vehiculos/coupe/porsche-911-911-g-series.jpg,vehiculos/coupe,Coupe,Porsche,911,911 (G-Series),porsche-911-911-g-series,631,PLACEHOLDER
vehiculos/coupe/porsche-911-911-o-series.jpg,vehiculos/coupe,Coupe,Porsche,911,911 (O-Series),porsche-911-911-o-series,631,PLACEHOLDER
vehiculos/coupe/porsche-911-911-turbo-930.jpg,vehiculos/coupe,Coupe,Porsche,911,911 Turbo (930),porsche-911-911-turbo-930,631,PLACEHOLDER
vehiculos/coupe/porsche-912-912.jpg,vehiculos/coupe,Coupe,Porsche,912,912,porsche-912-912,631,PLACEHOLDER
vehiculos/coupe/porsche-912-912e.jpg,vehiculos/coupe,Coupe,Porsche,912,912E,porsche-912-912e,631,PLACEHOLDER
vehiculos/coupe/porsche-924-924-s.jpg,vehiculos/coupe,Coupe,Porsche,924,924 S,porsche-924-924-s,631,PLACEHOLDER
vehiculos/coupe/porsche-924-924-turbo.jpg,vehiculos/coupe,Coupe,Porsche,924,924 Turbo,porsche-924-924-turbo,631,PLACEHOLDER
vehiculos/coupe/porsche-924-924.jpg,vehiculos/coupe,Coupe,Porsche,924,924,porsche-924-924,631,PLACEHOLDER
vehiculos/coupe/porsche-928-928-gt.jpg,vehiculos/coupe,Coupe,Porsche,928,928 GT,porsche-928-928-gt,631,PLACEHOLDER
vehiculos/coupe/porsche-928-928-gts.jpg,vehiculos/coupe,Coupe,Porsche,928,928 GTS,porsche-928-928-gts,631,PLACEHOLDER
vehiculos/coupe/porsche-928-928-s.jpg,vehiculos/coupe,Coupe,Porsche,928,928 S,porsche-928-928-s,631,PLACEHOLDER
vehiculos/coupe/porsche-928-928-s4.jpg,vehiculos/coupe,Coupe,Porsche,928,928 S4,porsche-928-928-s4,631,PLACEHOLDER
vehiculos/coupe/porsche-928-928.jpg,vehiculos/coupe,Coupe,Porsche,928,928,porsche-928-928,631,PLACEHOLDER
vehiculos/coupe/porsche-944-944-s2.jpg,vehiculos/coupe,Coupe,Porsche,944,944 S2,porsche-944-944-s2,631,PLACEHOLDER
vehiculos/coupe/porsche-944-944-turbo.jpg,vehiculos/coupe,Coupe,Porsche,944,944 Turbo,porsche-944-944-turbo,631,PLACEHOLDER
vehiculos/coupe/porsche-944-944.jpg,vehiculos/coupe,Coupe,Porsche,944,944,porsche-944-944,631,PLACEHOLDER
vehiculos/coupe/porsche-959-959.jpg,vehiculos/coupe,Coupe,Porsche,959,959,porsche-959-959,631,PLACEHOLDER
vehiculos/coupe/porsche-968-968-turbo-s.jpg,vehiculos/coupe,Coupe,Porsche,968,968 Turbo S,porsche-968-968-turbo-s,631,PLACEHOLDER
vehiculos/coupe/porsche-968-968.jpg,vehiculos/coupe,Coupe,Porsche,968,968,porsche-968-968,631,PLACEHOLDER
vehiculos/coupe/prince-skyline-sport-blra-3.jpg,vehiculos/coupe,Coupe,Prince,Skyline Sport,BLRA-3,prince-skyline-sport-blra-3,631,PLACEHOLDER
vehiculos/coupe/rambler-american-2-gen-1961-1963.jpg,vehiculos/coupe,Coupe,Rambler,American,2ª gen (1961-1963),rambler-american-2-gen-1961-1963,631,PLACEHOLDER
vehiculos/coupe/rambler-american-3-gen-1964-1969.jpg,vehiculos/coupe,Coupe,Rambler,American,3ª gen (1964-1969),rambler-american-3-gen-1964-1969,631,PLACEHOLDER
vehiculos/coupe/rambler-classic-2-gen-1963-1964.jpg,vehiculos/coupe,Coupe,Rambler,Classic,2ª gen (1963-1964),rambler-classic-2-gen-1963-1964,631,PLACEHOLDER
vehiculos/coupe/rambler-classic-3-gen-1965-1966.jpg,vehiculos/coupe,Coupe,Rambler,Classic,3ª gen (1965-1966),rambler-classic-3-gen-1965-1966,631,PLACEHOLDER
vehiculos/coupe/rambler-marlin-rambler-marlin-1965.jpg,vehiculos/coupe,Coupe,Rambler,Marlin,Rambler Marlin (1965),rambler-marlin-rambler-marlin-1965,631,PLACEHOLDER
vehiculos/coupe/rambler-rebel-rambler-rebel-1967.jpg,vehiculos/coupe,Coupe,Rambler,Rebel,Rambler Rebel (1967),rambler-rebel-rambler-rebel-1967,631,PLACEHOLDER
vehiculos/coupe/reliant-sabre-sabre-six-se2.jpg,vehiculos/coupe,Coupe,Reliant,Sabre,Sabre Six (SE2),reliant-sabre-sabre-six-se2,631,PLACEHOLDER
vehiculos/coupe/reliant-scimitar-gt-se4.jpg,vehiculos/coupe,Coupe,Reliant,Scimitar GT,SE4,reliant-scimitar-gt-se4,631,PLACEHOLDER
vehiculos/coupe/reliant-scimitar-gt-se4a-se4b.jpg,vehiculos/coupe,Coupe,Reliant,Scimitar GT,SE4a / SE4b,reliant-scimitar-gt-se4a-se4b,631,PLACEHOLDER
vehiculos/coupe/reliant-scimitar-gt-se4c.jpg,vehiculos/coupe,Coupe,Reliant,Scimitar GT,SE4c,reliant-scimitar-gt-se4c,631,PLACEHOLDER
vehiculos/coupe/renault-15-r15.jpg,vehiculos/coupe,Coupe,Renault,15,R15,renault-15-r15,631,PLACEHOLDER
vehiculos/coupe/renault-17-r17.jpg,vehiculos/coupe,Coupe,Renault,17,R17,renault-17-r17,631,PLACEHOLDER
vehiculos/coupe/renault-alpine-a110-a110.jpg,vehiculos/coupe,Coupe,Renault,Alpine A110,A110,renault-alpine-a110-a110,631,PLACEHOLDER
vehiculos/coupe/renault-alpine-a310-a310-4-cil.jpg,vehiculos/coupe,Coupe,Renault,Alpine A310,A310 4-cil.,renault-alpine-a310-a310-4-cil,631,PLACEHOLDER
vehiculos/coupe/renault-alpine-a310-a310-v6.jpg,vehiculos/coupe,Coupe,Renault,Alpine A310,A310 V6,renault-alpine-a310-a310-v6,631,PLACEHOLDER
vehiculos/coupe/renault-alpine-a610-a610.jpg,vehiculos/coupe,Coupe,Renault,Alpine A610,A610,renault-alpine-a610-a610,631,PLACEHOLDER
vehiculos/coupe/renault-alpine-gta-gta.jpg,vehiculos/coupe,Coupe,Renault,Alpine GTA,GTA,renault-alpine-gta-gta,631,PLACEHOLDER
vehiculos/coupe/renault-fuego-fuego-turbo.jpg,vehiculos/coupe,Coupe,Renault,Fuego,Fuego Turbo,renault-fuego-fuego-turbo,631,PLACEHOLDER
vehiculos/coupe/renault-fuego-fuego.jpg,vehiculos/coupe,Coupe,Renault,Fuego,Fuego,renault-fuego-fuego,631,PLACEHOLDER
vehiculos/coupe/rolls-royce-camargue-camargue.jpg,vehiculos/coupe,Coupe,Rolls-Royce,Camargue,Camargue,rolls-royce-camargue-camargue,631,PLACEHOLDER
vehiculos/coupe/rolls-royce-corniche-corniche-i.jpg,vehiculos/coupe,Coupe,Rolls-Royce,Corniche,Corniche I,rolls-royce-corniche-corniche-i,631,PLACEHOLDER
vehiculos/coupe/rosengart-supertraction-lr539.jpg,vehiculos/coupe,Coupe,Rosengart,Supertraction,LR539,rosengart-supertraction-lr539,631,PLACEHOLDER
vehiculos/coupe/rosengart-supertrahuit-supertrahuit.jpg,vehiculos/coupe,Coupe,Rosengart,Supertrahuit,Supertrahuit,rosengart-supertrahuit-supertrahuit,631,PLACEHOLDER
vehiculos/coupe/rover-200-coupe-200-r8-tomcat.jpg,vehiculos/coupe,Coupe,Rover,200 Coupe,200 R8 (Tomcat),rover-200-coupe-200-r8-tomcat,631,PLACEHOLDER
vehiculos/coupe/rover-800-coupe-800-r17.jpg,vehiculos/coupe,Coupe,Rover,800 Coupe,800 R17,rover-800-coupe-800-r17,631,PLACEHOLDER
vehiculos/coupe/saab-900-900-ng-v6.jpg,vehiculos/coupe,Coupe,Saab,900,900 NG V6,saab-900-900-ng-v6,631,PLACEHOLDER
vehiculos/coupe/saab-sonett-sonett-ii.jpg,vehiculos/coupe,Coupe,Saab,Sonett,Sonett II,saab-sonett-sonett-ii,631,PLACEHOLDER
vehiculos/coupe/saab-sonett-sonett-iii.jpg,vehiculos/coupe,Coupe,Saab,Sonett,Sonett III,saab-sonett-sonett-iii,631,PLACEHOLDER
vehiculos/coupe/saab-sonett-sonett-v4.jpg,vehiculos/coupe,Coupe,Saab,Sonett,Sonett V4,saab-sonett-sonett-v4,631,PLACEHOLDER
vehiculos/coupe/saleen-saleen-s351-sn-95.jpg,vehiculos/coupe,Coupe,Saleen,Saleen S351,SN-95,saleen-saleen-s351-sn-95,631,PLACEHOLDER
vehiculos/coupe/saleen-saleen-sr-sn-95.jpg,vehiculos/coupe,Coupe,Saleen,Saleen SR,SN-95,saleen-saleen-sr-sn-95,631,PLACEHOLDER
vehiculos/coupe/salmson-2300-s-2300-sport.jpg,vehiculos/coupe,Coupe,Salmson,2300 S,2300 Sport,salmson-2300-s-2300-sport,631,PLACEHOLDER
vehiculos/coupe/saturn-sc-s-series-1st-gen.jpg,vehiculos/coupe,Coupe,Saturn,SC,S-Series 1st Gen,saturn-sc-s-series-1st-gen,631,PLACEHOLDER
vehiculos/coupe/saturn-sc-s-series-2nd-gen.jpg,vehiculos/coupe,Coupe,Saturn,SC,S-Series 2nd Gen,saturn-sc-s-series-2nd-gen,631,PLACEHOLDER
vehiculos/coupe/seat-1200-sport-1200-1430-sport-bocanegra.jpg,vehiculos/coupe,Coupe,Seat,1200 Sport,1200/1430 Sport (Bocanegra),seat-1200-sport-1200-1430-sport-bocanegra,631,PLACEHOLDER
vehiculos/coupe/seat-124-124-sport-coupe.jpg,vehiculos/coupe,Coupe,Seat,124,124 Sport Coupe,seat-124-124-sport-coupe,631,PLACEHOLDER
vehiculos/coupe/seat-128-128-3p.jpg,vehiculos/coupe,Coupe,Seat,128,128 3P,seat-128-128-3p,631,PLACEHOLDER
vehiculos/coupe/seat-850-850-coupe.jpg,vehiculos/coupe,Coupe,Seat,850,850 Coupe,seat-850-850-coupe,631,PLACEHOLDER
vehiculos/coupe/shelby-cobra-daytona-daytona-coupe.jpg,vehiculos/coupe,Coupe,Shelby,Cobra Daytona,Daytona Coupe,shelby-cobra-daytona-daytona-coupe,631,PLACEHOLDER
vehiculos/coupe/shelby-gt350-gt350-1965-1967.jpg,vehiculos/coupe,Coupe,Shelby,GT350,GT350 (1965-1967),shelby-gt350-gt350-1965-1967,631,PLACEHOLDER
vehiculos/coupe/shelby-gt350-gt350-1968-1970.jpg,vehiculos/coupe,Coupe,Shelby,GT350,GT350 (1968-1970),shelby-gt350-gt350-1968-1970,631,PLACEHOLDER
vehiculos/coupe/shelby-gt500-gt500-1967-1968.jpg,vehiculos/coupe,Coupe,Shelby,GT500,GT500 (1967-1968),shelby-gt500-gt500-1967-1968,631,PLACEHOLDER
vehiculos/coupe/shelby-gt500-gt500-1969-1970.jpg,vehiculos/coupe,Coupe,Shelby,GT500,GT500 (1969-1970),shelby-gt500-gt500-1969-1970,631,PLACEHOLDER
vehiculos/coupe/shelby-gt500-gt500-kr-1968.jpg,vehiculos/coupe,Coupe,Shelby,GT500,GT500 KR (1968),shelby-gt500-gt500-kr-1968,631,PLACEHOLDER
vehiculos/coupe/shelby-shelby-charger-glh-s-charger-glh-s.jpg,vehiculos/coupe,Coupe,Shelby,Shelby Charger GLH-S,Charger GLH-S,shelby-shelby-charger-glh-s-charger-glh-s,631,PLACEHOLDER
vehiculos/coupe/shelby-shelby-charger-l-body.jpg,vehiculos/coupe,Coupe,Shelby,Shelby Charger,L-body,shelby-shelby-charger-l-body,631,PLACEHOLDER
vehiculos/coupe/shelby-shelby-csx-csx-shadow-based.jpg,vehiculos/coupe,Coupe,Shelby,Shelby CSX,CSX (Shadow-based),shelby-shelby-csx-csx-shadow-based,631,PLACEHOLDER
vehiculos/coupe/siata-1300-ts-ts-michelotti.jpg,vehiculos/coupe,Coupe,Siata,1300 TS,TS (Michelotti),siata-1300-ts-ts-michelotti,631,PLACEHOLDER
vehiculos/coupe/siata-1500-ts-ts-michelotti.jpg,vehiculos/coupe,Coupe,Siata,1500 TS,TS (Michelotti),siata-1500-ts-ts-michelotti,631,PLACEHOLDER
vehiculos/coupe/siata-1600-ts-ts-michelotti-facelift-1964.jpg,vehiculos/coupe,Coupe,Siata,1600 TS,"TS (Michelotti, facelift 1964)",siata-1600-ts-ts-michelotti-facelift-1964,631,PLACEHOLDER
vehiculos/coupe/siata-208-208-cs.jpg,vehiculos/coupe,Coupe,Siata,208,208 CS,siata-208-208-cs,631,PLACEHOLDER
vehiculos/coupe/siata-750-siata-abarth-750.jpg,vehiculos/coupe,Coupe,Siata,750,Siata-Abarth 750,siata-750-siata-abarth-750,631,PLACEHOLDER
vehiculos/coupe/siata-daina-daina.jpg,vehiculos/coupe,Coupe,Siata,Daina,Daina,siata-daina-daina,631,PLACEHOLDER
vehiculos/coupe/simca-bagheera-matra-simca-bagheera.jpg,vehiculos/coupe,Coupe,Simca,Bagheera,Matra-Simca Bagheera,simca-bagheera-matra-simca-bagheera,631,PLACEHOLDER
vehiculos/coupe/simca-plein-ciel-plein-ciel-base-aronde-p60.jpg,vehiculos/coupe,Coupe,Simca,Plein Ciel,Plein Ciel (base Aronde P60),simca-plein-ciel-plein-ciel-base-aronde-p60,631,PLACEHOLDER
vehiculos/coupe/simca-simca-1000-coupe-1000-coupe-bertone.jpg,vehiculos/coupe,Coupe,Simca,Simca 1000 Coupe,1000 Coupe (Bertone),simca-simca-1000-coupe-1000-coupe-bertone,631,PLACEHOLDER
vehiculos/coupe/simca-simca-1200s-1200s-coupe-bertone.jpg,vehiculos/coupe,Coupe,Simca,Simca 1200S,1200S Coupe (Bertone),simca-simca-1200s-1200s-coupe-bertone,631,PLACEHOLDER
vehiculos/coupe/simca-simca-8-sport-8-sport.jpg,vehiculos/coupe,Coupe,Simca,Simca 8 Sport,8 Sport,simca-simca-8-sport-8-sport,631,PLACEHOLDER
vehiculos/coupe/simca-simca-9-sport-9-sport.jpg,vehiculos/coupe,Coupe,Simca,Simca 9 Sport,9 Sport,simca-simca-9-sport-9-sport,631,PLACEHOLDER
vehiculos/coupe/simca-simca-sport-sport-base-aronde-90a.jpg,vehiculos/coupe,Coupe,Simca,Simca Sport,Sport (base Aronde 90A),simca-simca-sport-sport-base-aronde-90a,631,PLACEHOLDER
vehiculos/coupe/singer-chamois-chamois-coupe.jpg,vehiculos/coupe,Coupe,Singer,Chamois,Chamois Coupe,singer-chamois-chamois-coupe,631,PLACEHOLDER
vehiculos/coupe/skoda-110-r-110-r-type-718.jpg,vehiculos/coupe,Coupe,Skoda,110 R,110 R (Type 718),skoda-110-r-110-r-type-718,631,PLACEHOLDER
vehiculos/coupe/skoda-garde-garde-type-743.jpg,vehiculos/coupe,Coupe,Skoda,Garde,Garde (Type 743),skoda-garde-garde-type-743,631,PLACEHOLDER
vehiculos/coupe/skoda-rapid-rapid-type-743.jpg,vehiculos/coupe,Coupe,Skoda,Rapid,Rapid (Type 743),skoda-rapid-rapid-type-743,631,PLACEHOLDER
vehiculos/coupe/spyker-c1-aerocoque-spyker-c1-aerocoque.jpg,vehiculos/coupe,Coupe,Spyker,C1 Aerocoque,Spyker C1 Aerocoque,spyker-c1-aerocoque-spyker-c1-aerocoque,631,PLACEHOLDER
vehiculos/coupe/studebaker-avanti-avanti-1962-1963.jpg,vehiculos/coupe,Coupe,Studebaker,Avanti,Avanti (1962-1963),studebaker-avanti-avanti-1962-1963,631,PLACEHOLDER
vehiculos/coupe/studebaker-flight-hawk-hawk-1a-serie-1956.jpg,vehiculos/coupe,Coupe,Studebaker,Flight Hawk,Hawk 1a serie (1956),studebaker-flight-hawk-hawk-1a-serie-1956,631,PLACEHOLDER
vehiculos/coupe/studebaker-golden-hawk-golden-hawk-1956.jpg,vehiculos/coupe,Coupe,Studebaker,Golden Hawk,Golden Hawk (1956),studebaker-golden-hawk-golden-hawk-1956,631,PLACEHOLDER
vehiculos/coupe/studebaker-golden-hawk-golden-hawk-1957-1958.jpg,vehiculos/coupe,Coupe,Studebaker,Golden Hawk,Golden Hawk (1957-1958),studebaker-golden-hawk-golden-hawk-1957-1958,631,PLACEHOLDER
vehiculos/coupe/studebaker-gran-turismo-hawk-gt-hawk-1962-1964.jpg,vehiculos/coupe,Coupe,Studebaker,Gran Turismo Hawk,GT Hawk (1962-1964),studebaker-gran-turismo-hawk-gt-hawk-1962-1964,631,PLACEHOLDER
vehiculos/coupe/studebaker-hawk-hawk-1960-1961.jpg,vehiculos/coupe,Coupe,Studebaker,Hawk,Hawk (1960-1961),studebaker-hawk-hawk-1960-1961,631,PLACEHOLDER
vehiculos/coupe/studebaker-power-hawk-hawk-1a-serie-1956.jpg,vehiculos/coupe,Coupe,Studebaker,Power Hawk,Hawk 1a serie (1956),studebaker-power-hawk-hawk-1a-serie-1956,631,PLACEHOLDER
vehiculos/coupe/studebaker-silver-hawk-silver-hawk-1957-1958.jpg,vehiculos/coupe,Coupe,Studebaker,Silver Hawk,Silver Hawk (1957-1958),studebaker-silver-hawk-silver-hawk-1957-1958,631,PLACEHOLDER
vehiculos/coupe/studebaker-silver-hawk-silver-hawk-1959.jpg,vehiculos/coupe,Coupe,Studebaker,Silver Hawk,Silver Hawk (1959),studebaker-silver-hawk-silver-hawk-1959,631,PLACEHOLDER
vehiculos/coupe/studebaker-sky-hawk-hawk-1a-serie-1956.jpg,vehiculos/coupe,Coupe,Studebaker,Sky Hawk,Hawk 1a serie (1956),studebaker-sky-hawk-hawk-1a-serie-1956,631,PLACEHOLDER
vehiculos/coupe/studebaker-speedster-speedster-1955.jpg,vehiculos/coupe,Coupe,Studebaker,Speedster,Speedster (1955),studebaker-speedster-speedster-1955,631,PLACEHOLDER
vehiculos/coupe/stutz-blackhawk-blackhawk-1977-1979.jpg,vehiculos/coupe,Coupe,Stutz,Blackhawk,Blackhawk (1977-1979),stutz-blackhawk-blackhawk-1977-1979,631,PLACEHOLDER
vehiculos/coupe/stutz-blackhawk-blackhawk-1980-1987.jpg,vehiculos/coupe,Coupe,Stutz,Blackhawk,Blackhawk (1980-1987),stutz-blackhawk-blackhawk-1980-1987,631,PLACEHOLDER
vehiculos/coupe/stutz-blackhawk-blackhawk-l-6-1929-1930.jpg,vehiculos/coupe,Coupe,Stutz,Blackhawk,Blackhawk L-6 (1929-1930),stutz-blackhawk-blackhawk-l-6-1929-1930,631,PLACEHOLDER
vehiculos/coupe/stutz-blackhawk-blackhawk-l-8-1929-1930.jpg,vehiculos/coupe,Coupe,Stutz,Blackhawk,Blackhawk L-8 (1929-1930),stutz-blackhawk-blackhawk-l-8-1929-1930,631,PLACEHOLDER
vehiculos/coupe/stutz-blackhawk-blackhawk-serie-i-1971-1976.jpg,vehiculos/coupe,Coupe,Stutz,Blackhawk,Blackhawk Serie I (1971-1976),stutz-blackhawk-blackhawk-serie-i-1971-1976,631,PLACEHOLDER
vehiculos/coupe/subaru-svx-alcyone-svx.jpg,vehiculos/coupe,Coupe,Subaru,SVX,Alcyone SVX,subaru-svx-alcyone-svx,631,PLACEHOLDER
vehiculos/coupe/subaru-xt-xt-alcyone.jpg,vehiculos/coupe,Coupe,Subaru,XT,XT / Alcyone,subaru-xt-xt-alcyone,631,PLACEHOLDER
vehiculos/coupe/sunbeam-3-litre-3-litre-super-sports.jpg,vehiculos/coupe,Coupe,Sunbeam,3-litre,3-litre Super Sports,sunbeam-3-litre-3-litre-super-sports,631,PLACEHOLDER
vehiculos/coupe/sunbeam-alpine-fastback-alpine-rootes-arrow.jpg,vehiculos/coupe,Coupe,Sunbeam,Alpine Fastback,Alpine (Rootes Arrow),sunbeam-alpine-fastback-alpine-rootes-arrow,631,PLACEHOLDER
vehiculos/coupe/sunbeam-rapier-fastback-rapier-rootes-arrow.jpg,vehiculos/coupe,Coupe,Sunbeam,Rapier Fastback,Rapier (Rootes Arrow),sunbeam-rapier-fastback-rapier-rootes-arrow,631,PLACEHOLDER
vehiculos/coupe/sunbeam-rapier-rapier-series-i.jpg,vehiculos/coupe,Coupe,Sunbeam,Rapier,Rapier Series I,sunbeam-rapier-rapier-series-i,631,PLACEHOLDER
vehiculos/coupe/sunbeam-rapier-rapier-series-ii.jpg,vehiculos/coupe,Coupe,Sunbeam,Rapier,Rapier Series II,sunbeam-rapier-rapier-series-ii,631,PLACEHOLDER
vehiculos/coupe/sunbeam-rapier-rapier-series-iii.jpg,vehiculos/coupe,Coupe,Sunbeam,Rapier,Rapier Series III,sunbeam-rapier-rapier-series-iii,631,PLACEHOLDER
vehiculos/coupe/sunbeam-rapier-rapier-series-iiia.jpg,vehiculos/coupe,Coupe,Sunbeam,Rapier,Rapier Series IIIA,sunbeam-rapier-rapier-series-iiia,631,PLACEHOLDER
vehiculos/coupe/sunbeam-rapier-rapier-series-iv.jpg,vehiculos/coupe,Coupe,Sunbeam,Rapier,Rapier Series IV,sunbeam-rapier-rapier-series-iv,631,PLACEHOLDER
vehiculos/coupe/sunbeam-rapier-rapier-series-v.jpg,vehiculos/coupe,Coupe,Sunbeam,Rapier,Rapier Series V,sunbeam-rapier-rapier-series-v,631,PLACEHOLDER
vehiculos/coupe/sunbeam-stiletto-stiletto.jpg,vehiculos/coupe,Coupe,Sunbeam,Stiletto,Stiletto,sunbeam-stiletto-stiletto,631,PLACEHOLDER
vehiculos/coupe/sunbeam-venezia-venezia.jpg,vehiculos/coupe,Coupe,Sunbeam,Venezia,Venezia,sunbeam-venezia-venezia,631,PLACEHOLDER
vehiculos/coupe/suzuki-cervo-sc100-ss20.jpg,vehiculos/coupe,Coupe,Suzuki,Cervo,SC100 (SS20),suzuki-cervo-sc100-ss20,631,PLACEHOLDER
vehiculos/coupe/suzuki-fronte-coupe-lc10w.jpg,vehiculos/coupe,Coupe,Suzuki,Fronte Coupe,LC10W,suzuki-fronte-coupe-lc10w,631,PLACEHOLDER
vehiculos/coupe/talbot-lago-america-t14-america-bmw-v8.jpg,vehiculos/coupe,Coupe,Talbot-Lago,America,T14 America (BMW V8),talbot-lago-america-t14-america-bmw-v8,631,PLACEHOLDER
vehiculos/coupe/talbot-lago-america-t14-america-simca-v8.jpg,vehiculos/coupe,Coupe,Talbot-Lago,America,T14 America (Simca V8),talbot-lago-america-t14-america-simca-v8,631,PLACEHOLDER
vehiculos/coupe/talbot-lago-baby-baby-t15-posguerra.jpg,vehiculos/coupe,Coupe,Talbot-Lago,Baby,Baby T15 (posguerra),talbot-lago-baby-baby-t15-posguerra,631,PLACEHOLDER
vehiculos/coupe/talbot-lago-grand-sport-t26-grand-sport-gs.jpg,vehiculos/coupe,Coupe,Talbot-Lago,Grand Sport,T26 Grand Sport (GS),talbot-lago-grand-sport-t26-grand-sport-gs,631,PLACEHOLDER
vehiculos/coupe/talbot-lago-sport-2500-t14-ls.jpg,vehiculos/coupe,Coupe,Talbot-Lago,Sport 2500,T14 LS,talbot-lago-sport-2500-t14-ls,631,PLACEHOLDER
vehiculos/coupe/talbot-lago-t150-t150-lago-special.jpg,vehiculos/coupe,Coupe,Talbot-Lago,T150,T150 / Lago Special,talbot-lago-t150-t150-lago-special,631,PLACEHOLDER
vehiculos/coupe/talbot-lago-t150-t150c-ss-goutte-d-eau.jpg,vehiculos/coupe,Coupe,Talbot-Lago,T150,T150C SS (Goutte d'Eau),talbot-lago-t150-t150c-ss-goutte-d-eau,631,PLACEHOLDER
vehiculos/coupe/talbot-matra-murena-talbot-matra-murena.jpg,vehiculos/coupe,Coupe,Talbot,Matra Murena,Talbot Matra Murena,talbot-matra-murena-talbot-matra-murena,631,PLACEHOLDER
vehiculos/coupe/toyota-celica-t160-4-gen.jpg,vehiculos/coupe,Coupe,Toyota,Celica,T160 (4ª gen),toyota-celica-t160-4-gen,631,PLACEHOLDER
vehiculos/coupe/toyota-celica-t180-5-gen.jpg,vehiculos/coupe,Coupe,Toyota,Celica,T180 (5ª gen),toyota-celica-t180-5-gen,631,PLACEHOLDER
vehiculos/coupe/toyota-celica-t200-6-gen.jpg,vehiculos/coupe,Coupe,Toyota,Celica,T200 (6ª gen),toyota-celica-t200-6-gen,631,PLACEHOLDER
vehiculos/coupe/toyota-corolla-levin-trueno-e80-ae86.jpg,vehiculos/coupe,Coupe,Toyota,Corolla Levin/Trueno,E80 (AE86),toyota-corolla-levin-trueno-e80-ae86,631,PLACEHOLDER
vehiculos/coupe/toyota-mr2-w10-aw11.jpg,vehiculos/coupe,Coupe,Toyota,MR2,W10 (AW11),toyota-mr2-w10-aw11,631,PLACEHOLDER
vehiculos/coupe/toyota-mr2-w20-sw20.jpg,vehiculos/coupe,Coupe,Toyota,MR2,W20 (SW20),toyota-mr2-w20-sw20,631,PLACEHOLDER
vehiculos/coupe/toyota-paseo-cynos-l40-1-gen.jpg,vehiculos/coupe,Coupe,Toyota,Paseo (Cynos),L40 (1ª gen),toyota-paseo-cynos-l40-1-gen,631,PLACEHOLDER
vehiculos/coupe/toyota-paseo-cynos-l50-2-gen.jpg,vehiculos/coupe,Coupe,Toyota,Paseo (Cynos),L50 (2ª gen),toyota-paseo-cynos-l50-2-gen,631,PLACEHOLDER
vehiculos/coupe/toyota-sera-sera-exy10.jpg,vehiculos/coupe,Coupe,Toyota,Sera,Sera (EXY10),toyota-sera-sera-exy10,631,PLACEHOLDER
vehiculos/coupe/toyota-soarer-z20.jpg,vehiculos/coupe,Coupe,Toyota,Soarer,Z20,toyota-soarer-z20,631,PLACEHOLDER
vehiculos/coupe/toyota-soarer-z30.jpg,vehiculos/coupe,Coupe,Toyota,Soarer,Z30,toyota-soarer-z30,631,PLACEHOLDER
vehiculos/coupe/toyota-supra-a70-mk3.jpg,vehiculos/coupe,Coupe,Toyota,Supra,A70 (Mk3),toyota-supra-a70-mk3,631,PLACEHOLDER
vehiculos/coupe/triumph-gt6-mk1-mk2-mk3.jpg,vehiculos/coupe,Coupe,Triumph,GT6,Mk1/Mk2/Mk3,triumph-gt6-mk1-mk2-mk3,631,PLACEHOLDER
vehiculos/coupe/triumph-italia-italia-2000-gt.jpg,vehiculos/coupe,Coupe,Triumph,Italia,Italia 2000 GT,triumph-italia-italia-2000-gt,631,PLACEHOLDER
vehiculos/coupe/triumph-tr7-tr7.jpg,vehiculos/coupe,Coupe,Triumph,TR7,TR7,triumph-tr7-tr7,631,PLACEHOLDER
vehiculos/coupe/triumph-tr8-tr8.jpg,vehiculos/coupe,Coupe,Triumph,TR8,TR8,triumph-tr8-tr8,631,PLACEHOLDER
vehiculos/coupe/tvr-1600m-m-series.jpg,vehiculos/coupe,Coupe,TVR,1600M,M-Series,tvr-1600m-m-series,631,PLACEHOLDER
vehiculos/coupe/tvr-2500m-m-series.jpg,vehiculos/coupe,Coupe,TVR,2500M,M-Series,tvr-2500m-m-series,631,PLACEHOLDER
vehiculos/coupe/tvr-3000m-m-series.jpg,vehiculos/coupe,Coupe,TVR,3000M,M-Series,tvr-3000m-m-series,631,PLACEHOLDER
vehiculos/coupe/tvr-3000m-turbo-m-series.jpg,vehiculos/coupe,Coupe,TVR,3000M Turbo,M-Series,tvr-3000m-turbo-m-series,631,PLACEHOLDER
vehiculos/coupe/tvr-350i-wedge.jpg,vehiculos/coupe,Coupe,TVR,350i,Wedge,tvr-350i-wedge,631,PLACEHOLDER
vehiculos/coupe/tvr-390se-wedge.jpg,vehiculos/coupe,Coupe,TVR,390SE,Wedge,tvr-390se-wedge,631,PLACEHOLDER
vehiculos/coupe/tvr-420-seac-wedge.jpg,vehiculos/coupe,Coupe,TVR,420 SEAC,Wedge,tvr-420-seac-wedge,631,PLACEHOLDER
vehiculos/coupe/tvr-450-seac-wedge.jpg,vehiculos/coupe,Coupe,TVR,450 SEAC,Wedge,tvr-450-seac-wedge,631,PLACEHOLDER
vehiculos/coupe/tvr-grantura-grantura-mk-i-ii.jpg,vehiculos/coupe,Coupe,TVR,Grantura,Grantura Mk I/II,tvr-grantura-grantura-mk-i-ii,631,PLACEHOLDER
vehiculos/coupe/tvr-grantura-grantura-mk-iii-1800s.jpg,vehiculos/coupe,Coupe,TVR,Grantura,Grantura Mk III / 1800S,tvr-grantura-grantura-mk-iii-1800s,631,PLACEHOLDER
vehiculos/coupe/tvr-griffith-griffith-200.jpg,vehiculos/coupe,Coupe,TVR,Griffith,Griffith 200,tvr-griffith-griffith-200,631,PLACEHOLDER
vehiculos/coupe/tvr-griffith-griffith-400.jpg,vehiculos/coupe,Coupe,TVR,Griffith,Griffith 400,tvr-griffith-griffith-400,631,PLACEHOLDER
vehiculos/coupe/tvr-tasmin-280i-tasmin-wedge.jpg,vehiculos/coupe,Coupe,TVR,Tasmin 280i,Tasmin / Wedge,tvr-tasmin-280i-tasmin-wedge,631,PLACEHOLDER
vehiculos/coupe/tvr-tasmin-tasmin-wedge.jpg,vehiculos/coupe,Coupe,TVR,Tasmin,Tasmin / Wedge,tvr-tasmin-tasmin-wedge,631,PLACEHOLDER
vehiculos/coupe/tvr-tuscan-tuscan-v6.jpg,vehiculos/coupe,Coupe,TVR,Tuscan,Tuscan V6,tvr-tuscan-tuscan-v6,631,PLACEHOLDER
vehiculos/coupe/tvr-tuscan-tuscan-v8.jpg,vehiculos/coupe,Coupe,TVR,Tuscan,Tuscan V8,tvr-tuscan-tuscan-v8,631,PLACEHOLDER
vehiculos/coupe/tvr-vixen-vixen-2500.jpg,vehiculos/coupe,Coupe,TVR,Vixen,Vixen 2500,tvr-vixen-vixen-2500,631,PLACEHOLDER
vehiculos/coupe/tvr-vixen-vixen-s1-s4.jpg,vehiculos/coupe,Coupe,TVR,Vixen,Vixen S1-S4,tvr-vixen-vixen-s1-s4,631,PLACEHOLDER
vehiculos/coupe/vauxhall-calibra-calibra.jpg,vehiculos/coupe,Coupe,Vauxhall,Calibra,Calibra,vauxhall-calibra-calibra,631,PLACEHOLDER
vehiculos/coupe/vauxhall-firenza-hc.jpg,vehiculos/coupe,Coupe,Vauxhall,Firenza,HC,vauxhall-firenza-hc,631,PLACEHOLDER
vehiculos/coupe/vauxhall-royale-royale.jpg,vehiculos/coupe,Coupe,Vauxhall,Royale,Royale,vauxhall-royale-royale,631,PLACEHOLDER
vehiculos/coupe/vauxhall-tigra-tigra-a.jpg,vehiculos/coupe,Coupe,Vauxhall,Tigra,Tigra A,vauxhall-tigra-tigra-a,631,PLACEHOLDER
vehiculos/coupe/vignale-850-vignale-850-vignale-coupe-2-2.jpg,vehiculos/coupe,Coupe,Vignale,850 Vignale,850 Vignale Coupe 2+2,vignale-850-vignale-850-vignale-coupe-2-2,631,PLACEHOLDER
vehiculos/coupe/vignale-eveline-eveline-base-fiat-124-special.jpg,vehiculos/coupe,Coupe,Vignale,Eveline,Eveline (base Fiat 124 Special),vignale-eveline-eveline-base-fiat-124-special,631,PLACEHOLDER
vehiculos/coupe/vignale-eveline-eveline-base-fiat-124.jpg,vehiculos/coupe,Coupe,Vignale,Eveline,Eveline (base Fiat 124),vignale-eveline-eveline-base-fiat-124,631,PLACEHOLDER
vehiculos/coupe/vignale-samantha-samantha-base-fiat-125-s.jpg,vehiculos/coupe,Coupe,Vignale,Samantha,Samantha (base Fiat 125 S),vignale-samantha-samantha-base-fiat-125-s,631,PLACEHOLDER
vehiculos/coupe/voisin-c27-c27.jpg,vehiculos/coupe,Coupe,Voisin,C27,C27,voisin-c27-c27,631,PLACEHOLDER
vehiculos/coupe/volkswagen-corrado-corrado.jpg,vehiculos/coupe,Coupe,Volkswagen,Corrado,Corrado,volkswagen-corrado-corrado,631,PLACEHOLDER
vehiculos/coupe/volkswagen-karmann-ghia-type-14.jpg,vehiculos/coupe,Coupe,Volkswagen,Karmann Ghia,Type 14,volkswagen-karmann-ghia-type-14,631,PLACEHOLDER
vehiculos/coupe/volkswagen-karmann-ghia-type-34.jpg,vehiculos/coupe,Coupe,Volkswagen,Karmann Ghia,Type 34,volkswagen-karmann-ghia-type-34,631,PLACEHOLDER
vehiculos/coupe/volkswagen-polo-polo-mk2-coupe.jpg,vehiculos/coupe,Coupe,Volkswagen,Polo,Polo Mk2 Coupe,volkswagen-polo-polo-mk2-coupe,631,PLACEHOLDER
vehiculos/coupe/volkswagen-scirocco-scirocco-mk1.jpg,vehiculos/coupe,Coupe,Volkswagen,Scirocco,Scirocco Mk1,volkswagen-scirocco-scirocco-mk1,631,PLACEHOLDER
vehiculos/coupe/volkswagen-scirocco-scirocco-mk2.jpg,vehiculos/coupe,Coupe,Volkswagen,Scirocco,Scirocco Mk2,volkswagen-scirocco-scirocco-mk2,631,PLACEHOLDER
vehiculos/coupe/volkswagen-sp2-sp2-brasil.jpg,vehiculos/coupe,Coupe,Volkswagen,SP2,SP2 (Brasil),volkswagen-sp2-sp2-brasil,631,PLACEHOLDER
vehiculos/coupe/volvo-480-480-turbo.jpg,vehiculos/coupe,Coupe,Volvo,480,480 Turbo,volvo-480-480-turbo,631,PLACEHOLDER
vehiculos/coupe/volvo-480-480.jpg,vehiculos/coupe,Coupe,Volvo,480,480,volvo-480-480,631,PLACEHOLDER
vehiculos/coupe/volvo-780-700-series-bertone.jpg,vehiculos/coupe,Coupe,Volvo,780,700 Series (Bertone),volvo-780-700-series-bertone,631,PLACEHOLDER
vehiculos/coupe/volvo-p1800-1800-1800s-1800e.jpg,vehiculos/coupe,Coupe,Volvo,P1800,1800 / 1800S / 1800E,volvo-p1800-1800-1800s-1800e,631,PLACEHOLDER
vehiculos/coupe/willys-interlagos-interlagos-alpine-a108-brasil.jpg,vehiculos/coupe,Coupe,Willys,Interlagos,"Interlagos (Alpine A108, Brasil)",willys-interlagos-interlagos-alpine-a108-brasil,631,PLACEHOLDER
vehiculos/hatchback/acura-integra-integra-1st-gen-da.jpg,vehiculos/hatchback,Hatchback,Acura,Integra,Integra 1st gen (DA),acura-integra-integra-1st-gen-da,631,PLACEHOLDER
vehiculos/hatchback/alfa-romeo-145-145-930.jpg,vehiculos/hatchback,Hatchback,Alfa Romeo,145,145 (930),alfa-romeo-145-145-930,631,PLACEHOLDER
vehiculos/hatchback/alfa-romeo-146-146-930.jpg,vehiculos/hatchback,Hatchback,Alfa Romeo,146,146 (930),alfa-romeo-146-146-930,631,PLACEHOLDER
vehiculos/hatchback/alfa-romeo-33-33-serie-1-905.jpg,vehiculos/hatchback,Hatchback,Alfa Romeo,33,33 Serie 1 (905),alfa-romeo-33-33-serie-1-905,631,PLACEHOLDER
vehiculos/hatchback/alfa-romeo-33-33-serie-2-907.jpg,vehiculos/hatchback,Hatchback,Alfa Romeo,33,33 Serie 2 (907),alfa-romeo-33-33-serie-2-907,631,PLACEHOLDER
vehiculos/hatchback/alfa-romeo-arna-arna.jpg,vehiculos/hatchback,Hatchback,Alfa Romeo,Arna,Arna,alfa-romeo-arna-arna,631,PLACEHOLDER
vehiculos/hatchback/amc-concord-concord-hatchback.jpg,vehiculos/hatchback,Hatchback,AMC,Concord,Concord Hatchback,amc-concord-concord-hatchback,631,PLACEHOLDER
vehiculos/hatchback/amc-eagle-sx-4-eagle-serie-50.jpg,vehiculos/hatchback,Hatchback,AMC,Eagle SX/4,Eagle Serie 50,amc-eagle-sx-4-eagle-serie-50,631,PLACEHOLDER
vehiculos/hatchback/amc-gremlin-gremlin.jpg,vehiculos/hatchback,Hatchback,AMC,Gremlin,Gremlin,amc-gremlin-gremlin,631,PLACEHOLDER
vehiculos/hatchback/amc-hornet-amx-hornet-hatchback.jpg,vehiculos/hatchback,Hatchback,AMC,Hornet AMX,Hornet Hatchback,amc-hornet-amx-hornet-hatchback,631,PLACEHOLDER
vehiculos/hatchback/amc-hornet-hornet-hatchback.jpg,vehiculos/hatchback,Hatchback,AMC,Hornet,Hornet Hatchback,amc-hornet-hornet-hatchback,631,PLACEHOLDER
vehiculos/hatchback/amc-pacer-pacer-coupe.jpg,vehiculos/hatchback,Hatchback,AMC,Pacer,Pacer Coupe,amc-pacer-pacer-coupe,631,PLACEHOLDER
vehiculos/hatchback/amc-spirit-spirit-liftback.jpg,vehiculos/hatchback,Hatchback,AMC,Spirit,Spirit Liftback,amc-spirit-spirit-liftback,631,PLACEHOLDER
vehiculos/hatchback/audi-50-50-typ-86.jpg,vehiculos/hatchback,Hatchback,Audi,50,50 (Typ 86),audi-50-50-typ-86,631,PLACEHOLDER
vehiculos/hatchback/austin-ambassador-ambassador.jpg,vehiculos/hatchback,Hatchback,Austin,Ambassador,Ambassador,austin-ambassador-ambassador,631,PLACEHOLDER
vehiculos/hatchback/austin-maestro-maestro.jpg,vehiculos/hatchback,Hatchback,Austin,Maestro,Maestro,austin-maestro-maestro,631,PLACEHOLDER
vehiculos/hatchback/austin-maxi-maxi-1500.jpg,vehiculos/hatchback,Hatchback,Austin,Maxi,Maxi 1500,austin-maxi-maxi-1500,631,PLACEHOLDER
vehiculos/hatchback/austin-maxi-maxi-1750.jpg,vehiculos/hatchback,Hatchback,Austin,Maxi,Maxi 1750,austin-maxi-maxi-1750,631,PLACEHOLDER
vehiculos/hatchback/austin-metro-metro-mk1.jpg,vehiculos/hatchback,Hatchback,Austin,Metro,Metro Mk1,austin-metro-metro-mk1,631,PLACEHOLDER
vehiculos/hatchback/autobianchi-a112-a112-abarth.jpg,vehiculos/hatchback,Hatchback,Autobianchi,A112,A112 Abarth,autobianchi-a112-a112-abarth,631,PLACEHOLDER
vehiculos/hatchback/autobianchi-a112-a112-normale-elegant.jpg,vehiculos/hatchback,Hatchback,Autobianchi,A112,A112 (Normale/Elegant),autobianchi-a112-a112-normale-elegant,631,PLACEHOLDER
vehiculos/hatchback/autobianchi-primula-primula.jpg,vehiculos/hatchback,Hatchback,Autobianchi,Primula,Primula,autobianchi-primula-primula,631,PLACEHOLDER
vehiculos/hatchback/autobianchi-y10-y10.jpg,vehiculos/hatchback,Hatchback,Autobianchi,Y10,Y10,autobianchi-y10-y10,631,PLACEHOLDER
vehiculos/hatchback/bmw-3-series-compact-e36-5.jpg,vehiculos/hatchback,Hatchback,BMW,3 Series Compact,E36/5,bmw-3-series-compact-e36-5,631,PLACEHOLDER
vehiculos/hatchback/changan-alto-sc7080-alto-fronte-sb308.jpg,vehiculos/hatchback,Hatchback,Changan,Alto,SC7080 (Alto/Fronte SB308),changan-alto-sc7080-alto-fronte-sb308,631,PLACEHOLDER
vehiculos/hatchback/chevrolet-chevette-t-body-usa.jpg,vehiculos/hatchback,Hatchback,Chevrolet,Chevette,T-body (USA),chevrolet-chevette-t-body-usa,631,PLACEHOLDER
vehiculos/hatchback/chevrolet-citation-x-body.jpg,vehiculos/hatchback,Hatchback,Chevrolet,Citation,X-body,chevrolet-citation-x-body,631,PLACEHOLDER
vehiculos/hatchback/chevrolet-kadett-gm-do-brasil.jpg,vehiculos/hatchback,Hatchback,Chevrolet,Kadett,(GM do Brasil),chevrolet-kadett-gm-do-brasil,631,PLACEHOLDER
vehiculos/hatchback/chevrolet-spectrum-isuzu-gemini.jpg,vehiculos/hatchback,Hatchback,Chevrolet,Spectrum,(Isuzu Gemini),chevrolet-spectrum-isuzu-gemini,631,PLACEHOLDER
vehiculos/hatchback/chevrolet-sprint-suzuki-cultus.jpg,vehiculos/hatchback,Hatchback,Chevrolet,Sprint,(Suzuki Cultus),chevrolet-sprint-suzuki-cultus,631,PLACEHOLDER
vehiculos/hatchback/chevrolet-vega-h-body.jpg,vehiculos/hatchback,Hatchback,Chevrolet,Vega,H-body,chevrolet-vega-h-body,631,PLACEHOLDER
vehiculos/hatchback/chrysler-lebaron-gts-lebaron-gts-h-body.jpg,vehiculos/hatchback,Hatchback,Chrysler,LeBaron GTS,LeBaron GTS (H-body),chrysler-lebaron-gts-lebaron-gts-h-body,631,PLACEHOLDER
vehiculos/hatchback/citroen-ax-ax-diesel.jpg,vehiculos/hatchback,Hatchback,Citroen,AX,AX Diesel,citroen-ax-ax-diesel,631,PLACEHOLDER
vehiculos/hatchback/citroen-ax-ax-gt-gti.jpg,vehiculos/hatchback,Hatchback,Citroen,AX,AX GT/GTi,citroen-ax-ax-gt-gti,631,PLACEHOLDER
vehiculos/hatchback/citroen-ax-ax.jpg,vehiculos/hatchback,Hatchback,Citroen,AX,AX,citroen-ax-ax,631,PLACEHOLDER
vehiculos/hatchback/citroen-bx-bx-diesel-td.jpg,vehiculos/hatchback,Hatchback,Citroen,BX,BX Diesel/TD,citroen-bx-bx-diesel-td,631,PLACEHOLDER
vehiculos/hatchback/citroen-bx-bx-gti-16v.jpg,vehiculos/hatchback,Hatchback,Citroen,BX,BX GTi 16v,citroen-bx-bx-gti-16v,631,PLACEHOLDER
vehiculos/hatchback/citroen-bx-bx.jpg,vehiculos/hatchback,Hatchback,Citroen,BX,BX,citroen-bx-bx,631,PLACEHOLDER
vehiculos/hatchback/citroen-dyane-dyane.jpg,vehiculos/hatchback,Hatchback,Citroen,Dyane,Dyane,citroen-dyane-dyane,631,PLACEHOLDER
vehiculos/hatchback/citroen-gsa-gsa.jpg,vehiculos/hatchback,Hatchback,Citroen,GSA,GSA,citroen-gsa-gsa,631,PLACEHOLDER
vehiculos/hatchback/citroen-lna-ln-lna.jpg,vehiculos/hatchback,Hatchback,Citroen,LNA,LN / LNA,citroen-lna-ln-lna,631,PLACEHOLDER
vehiculos/hatchback/citroen-visa-visa-diesel.jpg,vehiculos/hatchback,Hatchback,Citroen,Visa,Visa Diesel,citroen-visa-visa-diesel,631,PLACEHOLDER
vehiculos/hatchback/citroen-visa-visa.jpg,vehiculos/hatchback,Hatchback,Citroen,Visa,Visa,citroen-visa-visa,631,PLACEHOLDER
vehiculos/hatchback/citroen-zx-zx-16v-20i.jpg,vehiculos/hatchback,Hatchback,Citroen,ZX,ZX 16v/2.0i,citroen-zx-zx-16v-20i,631,PLACEHOLDER
vehiculos/hatchback/citroen-zx-zx-diesel-td.jpg,vehiculos/hatchback,Hatchback,Citroen,ZX,ZX Diesel/TD,citroen-zx-zx-diesel-td,631,PLACEHOLDER
vehiculos/hatchback/citroen-zx-zx.jpg,vehiculos/hatchback,Hatchback,Citroen,ZX,ZX,citroen-zx-zx,631,PLACEHOLDER
vehiculos/hatchback/dacia-1320-dacia-1320-liftback.jpg,vehiculos/hatchback,Hatchback,Dacia,1320,Dacia 1320 Liftback,dacia-1320-dacia-1320-liftback,631,PLACEHOLDER
vehiculos/hatchback/dacia-1325-liberta-dacia-1325-liberta.jpg,vehiculos/hatchback,Hatchback,Dacia,1325 Liberta,Dacia 1325 Liberta,dacia-1325-liberta-dacia-1325-liberta,631,PLACEHOLDER
vehiculos/hatchback/dacia-nova-dacia-nova.jpg,vehiculos/hatchback,Hatchback,Dacia,Nova,Dacia Nova,dacia-nova-dacia-nova,631,PLACEHOLDER
vehiculos/hatchback/daewoo-lemans-lemans-racer-1a-gen.jpg,vehiculos/hatchback,Hatchback,Daewoo,LeMans,LeMans/Racer 1a gen,daewoo-lemans-lemans-racer-1a-gen,631,PLACEHOLDER
vehiculos/hatchback/daihatsu-charade-g10-1a-gen.jpg,vehiculos/hatchback,Hatchback,Daihatsu,Charade,G10 (1a gen),daihatsu-charade-g10-1a-gen,631,PLACEHOLDER
vehiculos/hatchback/daihatsu-charade-g100-3a-gen.jpg,vehiculos/hatchback,Hatchback,Daihatsu,Charade,G100 (3a gen),daihatsu-charade-g100-3a-gen,631,PLACEHOLDER
vehiculos/hatchback/daihatsu-charade-g11-g30-2a-gen.jpg,vehiculos/hatchback,Hatchback,Daihatsu,Charade,G11/G30 (2a gen),daihatsu-charade-g11-g30-2a-gen,631,PLACEHOLDER
vehiculos/hatchback/daihatsu-charade-g200-4a-gen.jpg,vehiculos/hatchback,Hatchback,Daihatsu,Charade,G200 (4a gen),daihatsu-charade-g200-4a-gen,631,PLACEHOLDER
vehiculos/hatchback/daihatsu-cuore-mira-l200-3a-gen.jpg,vehiculos/hatchback,Hatchback,Daihatsu,Cuore/Mira,L200 (3a gen),daihatsu-cuore-mira-l200-3a-gen,631,PLACEHOLDER
vehiculos/hatchback/daihatsu-cuore-mira-l500-l501-4a-gen.jpg,vehiculos/hatchback,Hatchback,Daihatsu,Cuore/Mira,L500/L501 (4a gen),daihatsu-cuore-mira-l500-l501-4a-gen,631,PLACEHOLDER
vehiculos/hatchback/daihatsu-cuore-mira-l55-l60-1a-gen-mira.jpg,vehiculos/hatchback,Hatchback,Daihatsu,Cuore/Mira,L55/L60 (1a gen Mira),daihatsu-cuore-mira-l55-l60-1a-gen-mira,631,PLACEHOLDER
vehiculos/hatchback/daihatsu-cuore-mira-l70-l80-2a-gen.jpg,vehiculos/hatchback,Hatchback,Daihatsu,Cuore/Mira,L70/L80 (2a gen),daihatsu-cuore-mira-l70-l80-2a-gen,631,PLACEHOLDER
vehiculos/hatchback/datsun-310-n10-usa.jpg,vehiculos/hatchback,Hatchback,Datsun,310,N10 (USA),datsun-310-n10-usa,631,PLACEHOLDER
vehiculos/hatchback/datsun-cherry-100a-e10.jpg,vehiculos/hatchback,Hatchback,Datsun,Cherry 100A,E10,datsun-cherry-100a-e10,631,PLACEHOLDER
vehiculos/hatchback/datsun-cherry-120a-e10.jpg,vehiculos/hatchback,Hatchback,Datsun,Cherry 120A,E10,datsun-cherry-120a-e10,631,PLACEHOLDER
vehiculos/hatchback/datsun-cherry-f-ii-f10-f10.jpg,vehiculos/hatchback,Hatchback,Datsun,Cherry F-II / F10,F10,datsun-cherry-f-ii-f10-f10,631,PLACEHOLDER
vehiculos/hatchback/datsun-cherry-n10.jpg,vehiculos/hatchback,Hatchback,Datsun,Cherry,N10,datsun-cherry-n10,631,PLACEHOLDER
vehiculos/hatchback/datsun-f10-f10-usa.jpg,vehiculos/hatchback,Hatchback,Datsun,F10,F10 (USA),datsun-f10-f10-usa,631,PLACEHOLDER
vehiculos/hatchback/dodge-colt-colt-rebadge-mitsubishi-mirage.jpg,vehiculos/hatchback,Hatchback,Dodge,Colt,Colt (rebadge Mitsubishi Mirage),dodge-colt-colt-rebadge-mitsubishi-mirage,631,PLACEHOLDER
vehiculos/hatchback/dodge-lancer-lancer-h-body.jpg,vehiculos/hatchback,Hatchback,Dodge,Lancer,Lancer (H-body),dodge-lancer-lancer-h-body,631,PLACEHOLDER
vehiculos/hatchback/dodge-omni-omni-l-body.jpg,vehiculos/hatchback,Hatchback,Dodge,Omni,Omni (L-body),dodge-omni-omni-l-body,631,PLACEHOLDER
vehiculos/hatchback/dodge-shadow-shadow-p-body.jpg,vehiculos/hatchback,Hatchback,Dodge,Shadow,Shadow (P-body),dodge-shadow-shadow-p-body,631,PLACEHOLDER
vehiculos/hatchback/eagle-vista-vista-mitsubishi-mirage-colt.jpg,vehiculos/hatchback,Hatchback,Eagle,Vista,Vista (Mitsubishi Mirage/Colt),eagle-vista-vista-mitsubishi-mirage-colt,631,PLACEHOLDER
vehiculos/hatchback/fiat-127-serie-1.jpg,vehiculos/hatchback,Hatchback,Fiat,127,Serie 1,fiat-127-serie-1,631,PLACEHOLDER
vehiculos/hatchback/fiat-127-serie-2.jpg,vehiculos/hatchback,Hatchback,Fiat,127,Serie 2,fiat-127-serie-2,631,PLACEHOLDER
vehiculos/hatchback/fiat-127-serie-3.jpg,vehiculos/hatchback,Hatchback,Fiat,127,Serie 3,fiat-127-serie-3,631,PLACEHOLDER
vehiculos/hatchback/fiat-cinquecento-cinquecento-170.jpg,vehiculos/hatchback,Hatchback,Fiat,Cinquecento,Cinquecento (170),fiat-cinquecento-cinquecento-170,631,PLACEHOLDER
vehiculos/hatchback/fiat-cinquecento-cinquecento-sporting.jpg,vehiculos/hatchback,Hatchback,Fiat,Cinquecento,Cinquecento Sporting,fiat-cinquecento-cinquecento-sporting,631,PLACEHOLDER
vehiculos/hatchback/fiat-croma-croma-i-154-turbo.jpg,vehiculos/hatchback,Hatchback,Fiat,Croma,Croma I (154) Turbo,fiat-croma-croma-i-154-turbo,631,PLACEHOLDER
vehiculos/hatchback/fiat-croma-croma-i-154.jpg,vehiculos/hatchback,Hatchback,Fiat,Croma,Croma I (154),fiat-croma-croma-i-154,631,PLACEHOLDER
vehiculos/hatchback/fiat-croma-croma-i-td-id.jpg,vehiculos/hatchback,Hatchback,Fiat,Croma,Croma I TD i.d.,fiat-croma-croma-i-td-id,631,PLACEHOLDER
vehiculos/hatchback/fiat-punto-punto-mk1-176-diesel.jpg,vehiculos/hatchback,Hatchback,Fiat,Punto,Punto Mk1 (176) Diesel,fiat-punto-punto-mk1-176-diesel,631,PLACEHOLDER
vehiculos/hatchback/fiat-punto-punto-mk1-176-gt.jpg,vehiculos/hatchback,Hatchback,Fiat,Punto,Punto Mk1 (176) GT,fiat-punto-punto-mk1-176-gt,631,PLACEHOLDER
vehiculos/hatchback/fiat-punto-punto-mk1-176.jpg,vehiculos/hatchback,Hatchback,Fiat,Punto,Punto Mk1 (176),fiat-punto-punto-mk1-176,631,PLACEHOLDER
vehiculos/hatchback/fiat-ritmo-strada-abarth-105-130-tc.jpg,vehiculos/hatchback,Hatchback,Fiat,Ritmo / Strada,Abarth 105/130 TC,fiat-ritmo-strada-abarth-105-130-tc,631,PLACEHOLDER
vehiculos/hatchback/fiat-ritmo-strada-ritmo-diesel-turbo-ds.jpg,vehiculos/hatchback,Hatchback,Fiat,Ritmo / Strada,Ritmo Diesel / Turbo DS,fiat-ritmo-strada-ritmo-diesel-turbo-ds,631,PLACEHOLDER
vehiculos/hatchback/fiat-ritmo-strada-ritmo-serie-1-2.jpg,vehiculos/hatchback,Hatchback,Fiat,Ritmo / Strada,Ritmo (Serie 1/2),fiat-ritmo-strada-ritmo-serie-1-2,631,PLACEHOLDER
vehiculos/hatchback/fiat-tipo-tipo-160-16v.jpg,vehiculos/hatchback,Hatchback,Fiat,Tipo,Tipo (160) 16V,fiat-tipo-tipo-160-16v,631,PLACEHOLDER
vehiculos/hatchback/fiat-tipo-tipo-160.jpg,vehiculos/hatchback,Hatchback,Fiat,Tipo,Tipo (160),fiat-tipo-tipo-160,631,PLACEHOLDER
vehiculos/hatchback/fiat-tipo-tipo-diesel-td.jpg,vehiculos/hatchback,Hatchback,Fiat,Tipo,Tipo Diesel / TD,fiat-tipo-tipo-diesel-td,631,PLACEHOLDER
vehiculos/hatchback/fiat-uno-uno-diesel.jpg,vehiculos/hatchback,Hatchback,Fiat,Uno,Uno Diesel,fiat-uno-uno-diesel,631,PLACEHOLDER
vehiculos/hatchback/fiat-uno-uno-serie-1.jpg,vehiculos/hatchback,Hatchback,Fiat,Uno,Uno (Serie 1),fiat-uno-uno-serie-1,631,PLACEHOLDER
vehiculos/hatchback/fiat-uno-uno-serie-2.jpg,vehiculos/hatchback,Hatchback,Fiat,Uno,Uno (Serie 2),fiat-uno-uno-serie-2,631,PLACEHOLDER
vehiculos/hatchback/fiat-uno-uno-turbo-ie.jpg,vehiculos/hatchback,Hatchback,Fiat,Uno,Uno Turbo i.e.,fiat-uno-uno-turbo-ie,631,PLACEHOLDER
vehiculos/hatchback/ford-aspire-aspire.jpg,vehiculos/hatchback,Hatchback,Ford,Aspire,Aspire,ford-aspire-aspire,631,PLACEHOLDER
vehiculos/hatchback/ford-escort-escort-mk3.jpg,vehiculos/hatchback,Hatchback,Ford,Escort,Escort Mk3,ford-escort-escort-mk3,631,PLACEHOLDER
vehiculos/hatchback/ford-escort-escort-mk4.jpg,vehiculos/hatchback,Hatchback,Ford,Escort,Escort Mk4,ford-escort-escort-mk4,631,PLACEHOLDER
vehiculos/hatchback/ford-escort-escort-mk5.jpg,vehiculos/hatchback,Hatchback,Ford,Escort,Escort Mk5,ford-escort-escort-mk5,631,PLACEHOLDER
vehiculos/hatchback/ford-escort-escort-mk6.jpg,vehiculos/hatchback,Hatchback,Ford,Escort,Escort Mk6,ford-escort-escort-mk6,631,PLACEHOLDER
vehiculos/hatchback/ford-festiva-festiva.jpg,vehiculos/hatchback,Hatchback,Ford,Festiva,Festiva,ford-festiva-festiva,631,PLACEHOLDER
vehiculos/hatchback/ford-fiesta-fiesta-mk1.jpg,vehiculos/hatchback,Hatchback,Ford,Fiesta,Fiesta Mk1,ford-fiesta-fiesta-mk1,631,PLACEHOLDER
vehiculos/hatchback/ford-fiesta-fiesta-mk2.jpg,vehiculos/hatchback,Hatchback,Ford,Fiesta,Fiesta Mk2,ford-fiesta-fiesta-mk2,631,PLACEHOLDER
vehiculos/hatchback/ford-fiesta-fiesta-mk3.jpg,vehiculos/hatchback,Hatchback,Ford,Fiesta,Fiesta Mk3,ford-fiesta-fiesta-mk3,631,PLACEHOLDER
vehiculos/hatchback/ford-pinto-pinto.jpg,vehiculos/hatchback,Hatchback,Ford,Pinto,Pinto,ford-pinto-pinto,631,PLACEHOLDER
vehiculos/hatchback/ford-sierra-sierra.jpg,vehiculos/hatchback,Hatchback,Ford,Sierra,Sierra,ford-sierra-sierra,631,PLACEHOLDER
vehiculos/hatchback/fso-polonez-polonez-1a-gen.jpg,vehiculos/hatchback,Hatchback,FSO,Polonez,Polonez (1a gen),fso-polonez-polonez-1a-gen,631,PLACEHOLDER
vehiculos/hatchback/ginetta-g26-g26.jpg,vehiculos/hatchback,Hatchback,Ginetta,G26,G26,ginetta-g26-g26,631,PLACEHOLDER
vehiculos/hatchback/ginetta-g30-g30.jpg,vehiculos/hatchback,Hatchback,Ginetta,G30,G30,ginetta-g30-g30,631,PLACEHOLDER
vehiculos/hatchback/holden-astra-lb-lc-ld.jpg,vehiculos/hatchback,Hatchback,Holden,Astra,LB/LC/LD,holden-astra-lb-lc-ld,631,PLACEHOLDER
vehiculos/hatchback/holden-astra-tr.jpg,vehiculos/hatchback,Hatchback,Holden,Astra,TR,holden-astra-tr,631,PLACEHOLDER
vehiculos/hatchback/holden-barina-mb-ml.jpg,vehiculos/hatchback,Hatchback,Holden,Barina,MB/ML,holden-barina-mb-ml,631,PLACEHOLDER
vehiculos/hatchback/holden-barina-mf-mh.jpg,vehiculos/hatchback,Hatchback,Holden,Barina,MF/MH,holden-barina-mf-mh,631,PLACEHOLDER
vehiculos/hatchback/holden-barina-sb.jpg,vehiculos/hatchback,Hatchback,Holden,Barina,SB,holden-barina-sb,631,PLACEHOLDER
vehiculos/hatchback/honda-accord-accord-1-gen-sj-sm.jpg,vehiculos/hatchback,Hatchback,Honda,Accord,Accord 1ª gen (SJ/SM),honda-accord-accord-1-gen-sj-sm,631,PLACEHOLDER
vehiculos/hatchback/honda-city-city-1-gen-aa.jpg,vehiculos/hatchback,Hatchback,Honda,City,City 1ª gen (AA),honda-city-city-1-gen-aa,631,PLACEHOLDER
vehiculos/hatchback/honda-city-city-2-gen-ga.jpg,vehiculos/hatchback,Hatchback,Honda,City,City 2ª gen (GA),honda-city-city-2-gen-ga,631,PLACEHOLDER
vehiculos/hatchback/honda-civic-civic-1-gen-sb.jpg,vehiculos/hatchback,Hatchback,Honda,Civic,Civic 1ª gen (SB),honda-civic-civic-1-gen-sb,631,PLACEHOLDER
vehiculos/hatchback/honda-civic-civic-2-gen-ss-sl.jpg,vehiculos/hatchback,Hatchback,Honda,Civic,Civic 2ª gen (SS/SL),honda-civic-civic-2-gen-ss-sl,631,PLACEHOLDER
vehiculos/hatchback/honda-civic-civic-3-gen-ah-at.jpg,vehiculos/hatchback,Hatchback,Honda,Civic,Civic 3ª gen (AH/AT),honda-civic-civic-3-gen-ah-at,631,PLACEHOLDER
vehiculos/hatchback/honda-civic-civic-4-gen-ef-ed.jpg,vehiculos/hatchback,Hatchback,Honda,Civic,Civic 4ª gen (EF/ED),honda-civic-civic-4-gen-ef-ed,631,PLACEHOLDER
vehiculos/hatchback/honda-civic-civic-4-gen-ef.jpg,vehiculos/hatchback,Hatchback,Honda,Civic,Civic 4ª gen (EF),honda-civic-civic-4-gen-ef,631,PLACEHOLDER
vehiculos/hatchback/honda-civic-civic-5-gen-eg-ej.jpg,vehiculos/hatchback,Hatchback,Honda,Civic,Civic 5ª gen (EG/EJ),honda-civic-civic-5-gen-eg-ej,631,PLACEHOLDER
vehiculos/hatchback/honda-civic-civic-5-gen-eg.jpg,vehiculos/hatchback,Hatchback,Honda,Civic,Civic 5ª gen (EG),honda-civic-civic-5-gen-eg,631,PLACEHOLDER
vehiculos/hatchback/honda-civic-civic-6-gen-ek-ej.jpg,vehiculos/hatchback,Hatchback,Honda,Civic,Civic 6ª gen (EK/EJ),honda-civic-civic-6-gen-ek-ej,631,PLACEHOLDER
vehiculos/hatchback/honda-civic-civic-6-gen-type-r-ek9.jpg,vehiculos/hatchback,Hatchback,Honda,Civic,Civic 6ª gen Type R (EK9),honda-civic-civic-6-gen-type-r-ek9,631,PLACEHOLDER
vehiculos/hatchback/honda-life-life-1-gen.jpg,vehiculos/hatchback,Hatchback,Honda,Life,Life 1ª gen,honda-life-life-1-gen,631,PLACEHOLDER
vehiculos/hatchback/honda-n600-n600-export.jpg,vehiculos/hatchback,Hatchback,Honda,N600,N600 (export),honda-n600-n600-export,631,PLACEHOLDER
vehiculos/hatchback/honda-quintet-quintet-su.jpg,vehiculos/hatchback,Hatchback,Honda,Quintet,Quintet (SU),honda-quintet-quintet-su,631,PLACEHOLDER
vehiculos/hatchback/honda-today-today-jw-ja.jpg,vehiculos/hatchback,Hatchback,Honda,Today,Today (JW/JA),honda-today-today-jw-ja,631,PLACEHOLDER
vehiculos/hatchback/hyundai-accent-accent-x3.jpg,vehiculos/hatchback,Hatchback,Hyundai,Accent,Accent (X3),hyundai-accent-accent-x3,631,PLACEHOLDER
vehiculos/hatchback/hyundai-excel-excel-pony-x1-fwd.jpg,vehiculos/hatchback,Hatchback,Hyundai,Excel,Excel/Pony X1 (FWD),hyundai-excel-excel-pony-x1-fwd,631,PLACEHOLDER
vehiculos/hatchback/hyundai-excel-excel-pony-x2-fwd.jpg,vehiculos/hatchback,Hatchback,Hyundai,Excel,Excel/Pony X2 (FWD),hyundai-excel-excel-pony-x2-fwd,631,PLACEHOLDER
vehiculos/hatchback/hyundai-pony-pony-ii-rwd.jpg,vehiculos/hatchback,Hatchback,Hyundai,Pony,Pony II (RWD),hyundai-pony-pony-ii-rwd,631,PLACEHOLDER
vehiculos/hatchback/innocenti-koral-koral-yugo-koral.jpg,vehiculos/hatchback,Hatchback,Innocenti,Koral,Koral (Yugo Koral),innocenti-koral-koral-yugo-koral,631,PLACEHOLDER
vehiculos/hatchback/innocenti-mille-clip-mille-clip-fiat-uno-ii-polonia.jpg,vehiculos/hatchback,Hatchback,Innocenti,Mille Clip,"Mille Clip (Fiat Uno II, Polonia)",innocenti-mille-clip-mille-clip-fiat-uno-ii-polonia,631,PLACEHOLDER
vehiculos/hatchback/innocenti-mille-mille-fiat-mille-brasilena.jpg,vehiculos/hatchback,Hatchback,Innocenti,Mille,Mille (Fiat Mille brasilena),innocenti-mille-mille-fiat-mille-brasilena,631,PLACEHOLDER
vehiculos/hatchback/innocenti-mini-120-nuova-mini-serie-1-bertone.jpg,vehiculos/hatchback,Hatchback,Innocenti,Mini 120,Nuova Mini Serie 1 (Bertone),innocenti-mini-120-nuova-mini-serie-1-bertone,631,PLACEHOLDER
vehiculos/hatchback/innocenti-mini-3-cilindri-nuova-mini-serie-2-daihatsu.jpg,vehiculos/hatchback,Hatchback,Innocenti,Mini 3 Cilindri,Nuova Mini Serie 2 (Daihatsu),innocenti-mini-3-cilindri-nuova-mini-serie-2-daihatsu,631,PLACEHOLDER
vehiculos/hatchback/innocenti-mini-500-nuova-mini-serie-2-daihatsu.jpg,vehiculos/hatchback,Hatchback,Innocenti,Mini 500,Nuova Mini Serie 2 (Daihatsu),innocenti-mini-500-nuova-mini-serie-2-daihatsu,631,PLACEHOLDER
vehiculos/hatchback/innocenti-mini-650-nuova-mini-serie-2-daihatsu.jpg,vehiculos/hatchback,Hatchback,Innocenti,Mini 650,Nuova Mini Serie 2 (Daihatsu),innocenti-mini-650-nuova-mini-serie-2-daihatsu,631,PLACEHOLDER
vehiculos/hatchback/innocenti-mini-90-nuova-mini-serie-1-bertone.jpg,vehiculos/hatchback,Hatchback,Innocenti,Mini 90,Nuova Mini Serie 1 (Bertone),innocenti-mini-90-nuova-mini-serie-1-bertone,631,PLACEHOLDER
vehiculos/hatchback/innocenti-mini-990-nuova-mini-serie-2-daihatsu-passo-lungo.jpg,vehiculos/hatchback,Hatchback,Innocenti,Mini 990,"Nuova Mini Serie 2 (Daihatsu, passo lungo)",innocenti-mini-990-nuova-mini-serie-2-daihatsu-passo-lungo,631,PLACEHOLDER
vehiculos/hatchback/innocenti-mini-de-tomaso-nuova-mini-serie-1-bertone.jpg,vehiculos/hatchback,Hatchback,Innocenti,Mini De Tomaso,Nuova Mini Serie 1 (Bertone),innocenti-mini-de-tomaso-nuova-mini-serie-1-bertone,631,PLACEHOLDER
vehiculos/hatchback/innocenti-mini-mille-nuova-mini-serie-1-bertone.jpg,vehiculos/hatchback,Hatchback,Innocenti,Mini Mille,Nuova Mini Serie 1 (Bertone),innocenti-mini-mille-nuova-mini-serie-1-bertone,631,PLACEHOLDER
vehiculos/hatchback/innocenti-mini-turbo-de-tomaso-nuova-mini-serie-2-daihatsu.jpg,vehiculos/hatchback,Hatchback,Innocenti,Mini Turbo De Tomaso,Nuova Mini Serie 2 (Daihatsu),innocenti-mini-turbo-de-tomaso-nuova-mini-serie-2-daihatsu,631,PLACEHOLDER
vehiculos/hatchback/innocenti-minidiesel-nuova-mini-serie-2-daihatsu.jpg,vehiculos/hatchback,Hatchback,Innocenti,Minidiesel,Nuova Mini Serie 2 (Daihatsu),innocenti-minidiesel-nuova-mini-serie-2-daihatsu,631,PLACEHOLDER
vehiculos/hatchback/innocenti-minitre-nuova-mini-serie-2-daihatsu.jpg,vehiculos/hatchback,Hatchback,Innocenti,Minitre,Nuova Mini Serie 2 (Daihatsu),innocenti-minitre-nuova-mini-serie-2-daihatsu,631,PLACEHOLDER
vehiculos/hatchback/innocenti-small-500-small-nuova-mini-era-fiat.jpg,vehiculos/hatchback,Hatchback,Innocenti,Small 500,"Small (Nuova Mini, era Fiat)",innocenti-small-500-small-nuova-mini-era-fiat,631,PLACEHOLDER
vehiculos/hatchback/innocenti-small-990-small-nuova-mini-era-fiat.jpg,vehiculos/hatchback,Hatchback,Innocenti,Small 990,"Small (Nuova Mini, era Fiat)",innocenti-small-990-small-nuova-mini-era-fiat,631,PLACEHOLDER
vehiculos/hatchback/isuzu-gemini-2a-gen-jt-ff.jpg,vehiculos/hatchback,Hatchback,Isuzu,Gemini,"2a gen (JT, FF)",isuzu-gemini-2a-gen-jt-ff,631,PLACEHOLDER
vehiculos/hatchback/kaiser-traveler-k-491-k-501-1a-gen.jpg,vehiculos/hatchback,Hatchback,Kaiser,Traveler,K-491 / K-501 (1a gen),kaiser-traveler-k-491-k-501-1a-gen,631,PLACEHOLDER
vehiculos/hatchback/kaiser-traveler-k-511-k-521-k-531-2a-gen.jpg,vehiculos/hatchback,Hatchback,Kaiser,Traveler,K-511 / K-521 / K-531 (2a gen),kaiser-traveler-k-511-k-521-k-531-2a-gen,631,PLACEHOLDER
vehiculos/hatchback/kaiser-vagabond-k-492-k-502-1a-gen.jpg,vehiculos/hatchback,Hatchback,Kaiser,Vagabond,K-492 / K-502 (1a gen),kaiser-vagabond-k-492-k-502-1a-gen,631,PLACEHOLDER
vehiculos/hatchback/kia-avella-avella.jpg,vehiculos/hatchback,Hatchback,Kia,Avella,Avella,kia-avella-avella,631,PLACEHOLDER
vehiculos/hatchback/kia-pride-pride-i-ma-mb.jpg,vehiculos/hatchback,Hatchback,Kia,Pride,Pride I (MA/MB),kia-pride-pride-i-ma-mb,631,PLACEHOLDER
vehiculos/hatchback/kia-pride-pride-ii-da.jpg,vehiculos/hatchback,Hatchback,Kia,Pride,Pride II (DA),kia-pride-pride-ii-da,631,PLACEHOLDER
vehiculos/hatchback/lancia-delta-delta-hf-integrale-16v.jpg,vehiculos/hatchback,Hatchback,Lancia,Delta,Delta HF Integrale 16v,lancia-delta-delta-hf-integrale-16v,631,PLACEHOLDER
vehiculos/hatchback/lancia-delta-delta-hf-integrale-8v.jpg,vehiculos/hatchback,Hatchback,Lancia,Delta,Delta HF Integrale 8v,lancia-delta-delta-hf-integrale-8v,631,PLACEHOLDER
vehiculos/hatchback/lancia-delta-delta-hf-integrale-evoluzione.jpg,vehiculos/hatchback,Hatchback,Lancia,Delta,Delta HF Integrale Evoluzione,lancia-delta-delta-hf-integrale-evoluzione,631,PLACEHOLDER
vehiculos/hatchback/lancia-delta-delta-hf-turbo.jpg,vehiculos/hatchback,Hatchback,Lancia,Delta,Delta HF Turbo,lancia-delta-delta-hf-turbo,631,PLACEHOLDER
vehiculos/hatchback/lancia-delta-delta-hpe-ii.jpg,vehiculos/hatchback,Hatchback,Lancia,Delta,Delta HPE (II),lancia-delta-delta-hpe-ii,631,PLACEHOLDER
vehiculos/hatchback/lancia-delta-delta-i-tipo-831.jpg,vehiculos/hatchback,Hatchback,Lancia,Delta,"Delta (I, Tipo 831)",lancia-delta-delta-i-tipo-831,631,PLACEHOLDER
vehiculos/hatchback/lancia-delta-delta-ii-tipo-836.jpg,vehiculos/hatchback,Hatchback,Lancia,Delta,"Delta (II, Tipo 836)",lancia-delta-delta-ii-tipo-836,631,PLACEHOLDER
vehiculos/hatchback/lancia-y10-y10.jpg,vehiculos/hatchback,Hatchback,Lancia,Y10,Y10,lancia-y10-y10,631,PLACEHOLDER
vehiculos/hatchback/mazda-121-da-1a-gen.jpg,vehiculos/hatchback,Hatchback,Mazda,121,DA (1a gen),mazda-121-da-1a-gen,631,PLACEHOLDER
vehiculos/hatchback/mazda-323-ba-bh-5a-gen.jpg,vehiculos/hatchback,Hatchback,Mazda,323,BA/BH (5a gen),mazda-323-ba-bh-5a-gen,631,PLACEHOLDER
vehiculos/hatchback/mazda-323-bg-4a-gen.jpg,vehiculos/hatchback,Hatchback,Mazda,323,BG (4a gen),mazda-323-bg-4a-gen,631,PLACEHOLDER
vehiculos/hatchback/mercury-bobcat-pinto-based.jpg,vehiculos/hatchback,Hatchback,Mercury,Bobcat,Pinto-based,mercury-bobcat-pinto-based,631,PLACEHOLDER
vehiculos/hatchback/mercury-lynx-escort-based.jpg,vehiculos/hatchback,Hatchback,Mercury,Lynx,Escort-based,mercury-lynx-escort-based,631,PLACEHOLDER
vehiculos/hatchback/mercury-tracer-1a-gen.jpg,vehiculos/hatchback,Hatchback,Mercury,Tracer,1a gen,mercury-tracer-1a-gen,631,PLACEHOLDER
vehiculos/hatchback/mg-mg-maestro-mg-maestro-1600.jpg,vehiculos/hatchback,Hatchback,MG,MG Maestro,MG Maestro 1600,mg-mg-maestro-mg-maestro-1600,631,PLACEHOLDER
vehiculos/hatchback/mg-mg-maestro-mg-maestro-20-efi.jpg,vehiculos/hatchback,Hatchback,MG,MG Maestro,MG Maestro 2.0 EFi,mg-mg-maestro-mg-maestro-20-efi,631,PLACEHOLDER
vehiculos/hatchback/mg-mg-maestro-mg-maestro-turbo.jpg,vehiculos/hatchback,Hatchback,MG,MG Maestro,MG Maestro Turbo,mg-mg-maestro-mg-maestro-turbo,631,PLACEHOLDER
vehiculos/hatchback/mg-mg-metro-mg-metro-turbo.jpg,vehiculos/hatchback,Hatchback,MG,MG Metro,MG Metro Turbo,mg-mg-metro-mg-metro-turbo,631,PLACEHOLDER
vehiculos/hatchback/mg-mg-metro-mg-metro.jpg,vehiculos/hatchback,Hatchback,MG,MG Metro,MG Metro,mg-mg-metro-mg-metro,631,PLACEHOLDER
vehiculos/hatchback/mitsubishi-mirage-mirage-colt-1g.jpg,vehiculos/hatchback,Hatchback,Mitsubishi,Mirage,Mirage/Colt 1G,mitsubishi-mirage-mirage-colt-1g,631,PLACEHOLDER
vehiculos/hatchback/mitsubishi-mirage-mirage-colt-2g.jpg,vehiculos/hatchback,Hatchback,Mitsubishi,Mirage,Mirage/Colt 2G,mitsubishi-mirage-mirage-colt-2g,631,PLACEHOLDER
vehiculos/hatchback/mitsubishi-mirage-mirage-colt-3g.jpg,vehiculos/hatchback,Hatchback,Mitsubishi,Mirage,Mirage/Colt 3G,mitsubishi-mirage-mirage-colt-3g,631,PLACEHOLDER
vehiculos/hatchback/mitsubishi-mirage-mirage-colt-4g.jpg,vehiculos/hatchback,Hatchback,Mitsubishi,Mirage,Mirage/Colt 4G,mitsubishi-mirage-mirage-colt-4g,631,PLACEHOLDER
vehiculos/hatchback/moretti-127-vip-127-vip.jpg,vehiculos/hatchback,Hatchback,Moretti,127 VIP,127 VIP,moretti-127-vip-127-vip,631,PLACEHOLDER
vehiculos/hatchback/moretti-ital-uno-turbo-ital-uno-turbo.jpg,vehiculos/hatchback,Hatchback,Moretti,Ital Uno Turbo,Ital Uno Turbo,moretti-ital-uno-turbo-ital-uno-turbo,631,PLACEHOLDER
vehiculos/hatchback/moretti-ritmo-gold-ritmo-gold.jpg,vehiculos/hatchback,Hatchback,Moretti,Ritmo Gold,Ritmo Gold,moretti-ritmo-gold-ritmo-gold,631,PLACEHOLDER
vehiculos/hatchback/moskvich-2141-aleko-2141-diesel.jpg,vehiculos/hatchback,Hatchback,Moskvich,2141 Aleko,2141 diesel,moskvich-2141-aleko-2141-diesel,631,PLACEHOLDER
vehiculos/hatchback/moskvich-2141-aleko-2141.jpg,vehiculos/hatchback,Hatchback,Moskvich,2141 Aleko,2141,moskvich-2141-aleko-2141,631,PLACEHOLDER
vehiculos/hatchback/nissan-almera-n15-1-gen.jpg,vehiculos/hatchback,Hatchback,Nissan,Almera,N15 (1ª gen),nissan-almera-n15-1-gen,631,PLACEHOLDER
vehiculos/hatchback/nissan-almera-n15-gti.jpg,vehiculos/hatchback,Hatchback,Nissan,Almera,N15 GTI,nissan-almera-n15-gti,631,PLACEHOLDER
vehiculos/hatchback/nissan-be-1-pike-bk10.jpg,vehiculos/hatchback,Hatchback,Nissan,Be-1,Pike (BK10),nissan-be-1-pike-bk10,631,PLACEHOLDER
vehiculos/hatchback/nissan-bluebird-t12-t72-europa.jpg,vehiculos/hatchback,Hatchback,Nissan,Bluebird,T12/T72 (Europa),nissan-bluebird-t12-t72-europa,631,PLACEHOLDER
vehiculos/hatchback/nissan-micra-k10-1-gen-march.jpg,vehiculos/hatchback,Hatchback,Nissan,Micra,K10 (1ª gen / March),nissan-micra-k10-1-gen-march,631,PLACEHOLDER
vehiculos/hatchback/nissan-pao-pike-pk10.jpg,vehiculos/hatchback,Hatchback,Nissan,Pao,Pike (PK10),nissan-pao-pike-pk10,631,PLACEHOLDER
vehiculos/hatchback/nissan-pulsar-gti-r-n14-sunny-gti-r.jpg,vehiculos/hatchback,Hatchback,Nissan,Pulsar GTI-R,N14 (Sunny GTI-R),nissan-pulsar-gti-r-n14-sunny-gti-r,631,PLACEHOLDER
vehiculos/hatchback/nissan-sunny-n13-pulsar-europa.jpg,vehiculos/hatchback,Hatchback,Nissan,Sunny,N13 (Pulsar / Europa),nissan-sunny-n13-pulsar-europa,631,PLACEHOLDER
vehiculos/hatchback/nissan-sunny-n14-pulsar-europa.jpg,vehiculos/hatchback,Hatchback,Nissan,Sunny,N14 (Pulsar / Europa),nissan-sunny-n14-pulsar-europa,631,PLACEHOLDER
vehiculos/hatchback/oldsmobile-firenza-firenza-j-body.jpg,vehiculos/hatchback,Hatchback,Oldsmobile,Firenza,Firenza (J-body),oldsmobile-firenza-firenza-j-body,631,PLACEHOLDER
vehiculos/hatchback/oldsmobile-starfire-starfire-2a-gen-h-body.jpg,vehiculos/hatchback,Hatchback,Oldsmobile,Starfire,Starfire 2a gen (H-body),oldsmobile-starfire-starfire-2a-gen-h-body,631,PLACEHOLDER
vehiculos/hatchback/oltcit-club-oltcit-club-11-r-ta.jpg,vehiculos/hatchback,Hatchback,Oltcit,Club,Oltcit Club (11 R-TA),oltcit-club-oltcit-club-11-r-ta,631,PLACEHOLDER
vehiculos/hatchback/oltcit-club-oltcit-club-11r.jpg,vehiculos/hatchback,Hatchback,Oltcit,Club,Oltcit Club 11R,oltcit-club-oltcit-club-11r,631,PLACEHOLDER
vehiculos/hatchback/oltcit-club-oltcit-club-11rl.jpg,vehiculos/hatchback,Hatchback,Oltcit,Club,Oltcit Club 11RL,oltcit-club-oltcit-club-11rl,631,PLACEHOLDER
vehiculos/hatchback/oltcit-club-oltcit-club-12-trs.jpg,vehiculos/hatchback,Hatchback,Oltcit,Club,Oltcit Club 12 TRS,oltcit-club-oltcit-club-12-trs,631,PLACEHOLDER
vehiculos/hatchback/oltcit-special-oltcit-special.jpg,vehiculos/hatchback,Hatchback,Oltcit,Special,Oltcit Special,oltcit-special-oltcit-special,631,PLACEHOLDER
vehiculos/hatchback/opel-astra-astra-f.jpg,vehiculos/hatchback,Hatchback,Opel,Astra,Astra F,opel-astra-astra-f,631,PLACEHOLDER
vehiculos/hatchback/opel-corsa-corsa-a.jpg,vehiculos/hatchback,Hatchback,Opel,Corsa,Corsa A,opel-corsa-corsa-a,631,PLACEHOLDER
vehiculos/hatchback/opel-corsa-corsa-b.jpg,vehiculos/hatchback,Hatchback,Opel,Corsa,Corsa B,opel-corsa-corsa-b,631,PLACEHOLDER
vehiculos/hatchback/opel-kadett-kadett-d.jpg,vehiculos/hatchback,Hatchback,Opel,Kadett,Kadett D,opel-kadett-kadett-d,631,PLACEHOLDER
vehiculos/hatchback/opel-kadett-kadett-e.jpg,vehiculos/hatchback,Hatchback,Opel,Kadett,Kadett E,opel-kadett-kadett-e,631,PLACEHOLDER
vehiculos/hatchback/peugeot-104-104.jpg,vehiculos/hatchback,Hatchback,Peugeot,104,104,peugeot-104-104,631,PLACEHOLDER
vehiculos/hatchback/peugeot-205-205-gti.jpg,vehiculos/hatchback,Hatchback,Peugeot,205,205 GTI,peugeot-205-205-gti,631,PLACEHOLDER
vehiculos/hatchback/peugeot-205-205.jpg,vehiculos/hatchback,Hatchback,Peugeot,205,205,peugeot-205-205,631,PLACEHOLDER
vehiculos/hatchback/peugeot-309-309-gti.jpg,vehiculos/hatchback,Hatchback,Peugeot,309,309 GTI,peugeot-309-309-gti,631,PLACEHOLDER
vehiculos/hatchback/peugeot-309-309.jpg,vehiculos/hatchback,Hatchback,Peugeot,309,309,peugeot-309-309,631,PLACEHOLDER
vehiculos/hatchback/plymouth-arrow-arrow-1976-1980.jpg,vehiculos/hatchback,Hatchback,Plymouth,Arrow,Arrow (1976-1980),plymouth-arrow-arrow-1976-1980,631,PLACEHOLDER
vehiculos/hatchback/plymouth-champ-champ-1979-1982.jpg,vehiculos/hatchback,Hatchback,Plymouth,Champ,Champ (1979-1982),plymouth-champ-champ-1979-1982,631,PLACEHOLDER
vehiculos/hatchback/plymouth-colt-colt-4a-gen-1979-1984.jpg,vehiculos/hatchback,Hatchback,Plymouth,Colt,Colt 4a gen (1979-1984),plymouth-colt-colt-4a-gen-1979-1984,631,PLACEHOLDER
vehiculos/hatchback/plymouth-colt-colt-5a-gen-1985-1988.jpg,vehiculos/hatchback,Hatchback,Plymouth,Colt,Colt 5a gen (1985-1988),plymouth-colt-colt-5a-gen-1985-1988,631,PLACEHOLDER
vehiculos/hatchback/plymouth-colt-colt-6a-gen-1989-1992.jpg,vehiculos/hatchback,Hatchback,Plymouth,Colt,Colt 6a gen (1989-1992),plymouth-colt-colt-6a-gen-1989-1992,631,PLACEHOLDER
vehiculos/hatchback/plymouth-horizon-horizon-1978-1990-l-body.jpg,vehiculos/hatchback,Hatchback,Plymouth,Horizon,Horizon (1978-1990) L-body,plymouth-horizon-horizon-1978-1990-l-body,631,PLACEHOLDER
vehiculos/hatchback/plymouth-sundance-sundance-1987-1994-p-body.jpg,vehiculos/hatchback,Hatchback,Plymouth,Sundance,Sundance (1987-1994) P-body,plymouth-sundance-sundance-1987-1994-p-body,631,PLACEHOLDER
vehiculos/hatchback/polski-fiat-126p-bis-126p-bis.jpg,vehiculos/hatchback,Hatchback,Polski Fiat,126p BIS,126p BIS,polski-fiat-126p-bis-126p-bis,631,PLACEHOLDER
vehiculos/hatchback/polski-fiat-127p-127p.jpg,vehiculos/hatchback,Hatchback,Polski Fiat,127p,127p,polski-fiat-127p-127p,631,PLACEHOLDER
vehiculos/hatchback/polski-fiat-polonez-polonez-badge-polski-fiat.jpg,vehiculos/hatchback,Hatchback,Polski Fiat,Polonez,Polonez (badge Polski Fiat),polski-fiat-polonez-polonez-badge-polski-fiat,631,PLACEHOLDER
vehiculos/hatchback/pontiac-lemans-6a-gen-daewoo-1988-1993.jpg,vehiculos/hatchback,Hatchback,Pontiac,LeMans,"6a gen (Daewoo, 1988-1993)",pontiac-lemans-6a-gen-daewoo-1988-1993,631,PLACEHOLDER
vehiculos/hatchback/proton-tiara-tiara.jpg,vehiculos/hatchback,Hatchback,Proton,Tiara,Tiara,proton-tiara-tiara,631,PLACEHOLDER
vehiculos/hatchback/reliant-robin-robin-mk2.jpg,vehiculos/hatchback,Hatchback,Reliant,Robin,Robin Mk2,reliant-robin-robin-mk2,631,PLACEHOLDER
vehiculos/hatchback/renault-11-r11-turbo.jpg,vehiculos/hatchback,Hatchback,Renault,11,R11 Turbo,renault-11-r11-turbo,631,PLACEHOLDER
vehiculos/hatchback/renault-11-r11.jpg,vehiculos/hatchback,Hatchback,Renault,11,R11,renault-11-r11,631,PLACEHOLDER
vehiculos/hatchback/renault-14-r14.jpg,vehiculos/hatchback,Hatchback,Renault,14,R14,renault-14-r14,631,PLACEHOLDER
vehiculos/hatchback/renault-16-r16-tx.jpg,vehiculos/hatchback,Hatchback,Renault,16,R16 TX,renault-16-r16-tx,631,PLACEHOLDER
vehiculos/hatchback/renault-16-r16.jpg,vehiculos/hatchback,Hatchback,Renault,16,R16,renault-16-r16,631,PLACEHOLDER
vehiculos/hatchback/renault-19-r19-16s-16v.jpg,vehiculos/hatchback,Hatchback,Renault,19,R19 16S/16V,renault-19-r19-16s-16v,631,PLACEHOLDER
vehiculos/hatchback/renault-19-r19.jpg,vehiculos/hatchback,Hatchback,Renault,19,R19,renault-19-r19,631,PLACEHOLDER
vehiculos/hatchback/renault-20-r20-diesel.jpg,vehiculos/hatchback,Hatchback,Renault,20,R20 Diesel,renault-20-r20-diesel,631,PLACEHOLDER
vehiculos/hatchback/renault-20-r20.jpg,vehiculos/hatchback,Hatchback,Renault,20,R20,renault-20-r20,631,PLACEHOLDER
vehiculos/hatchback/renault-25-r25-diesel.jpg,vehiculos/hatchback,Hatchback,Renault,25,R25 Diesel,renault-25-r25-diesel,631,PLACEHOLDER
vehiculos/hatchback/renault-25-r25-v6.jpg,vehiculos/hatchback,Hatchback,Renault,25,R25 V6,renault-25-r25-v6,631,PLACEHOLDER
vehiculos/hatchback/renault-25-r25.jpg,vehiculos/hatchback,Hatchback,Renault,25,R25,renault-25-r25,631,PLACEHOLDER
vehiculos/hatchback/renault-30-r30-diesel.jpg,vehiculos/hatchback,Hatchback,Renault,30,R30 Diesel,renault-30-r30-diesel,631,PLACEHOLDER
vehiculos/hatchback/renault-30-r30.jpg,vehiculos/hatchback,Hatchback,Renault,30,R30,renault-30-r30,631,PLACEHOLDER
vehiculos/hatchback/renault-4-r4-gtl.jpg,vehiculos/hatchback,Hatchback,Renault,4,R4 GTL,renault-4-r4-gtl,631,PLACEHOLDER
vehiculos/hatchback/renault-4-r4.jpg,vehiculos/hatchback,Hatchback,Renault,4,R4,renault-4-r4,631,PLACEHOLDER
vehiculos/hatchback/renault-5-r5-1a-gen.jpg,vehiculos/hatchback,Hatchback,Renault,5,R5 (1a gen),renault-5-r5-1a-gen,631,PLACEHOLDER
vehiculos/hatchback/renault-5-r5-alpine-gordini.jpg,vehiculos/hatchback,Hatchback,Renault,5,R5 Alpine/Gordini,renault-5-r5-alpine-gordini,631,PLACEHOLDER
vehiculos/hatchback/renault-5-supercinco-2a-gen.jpg,vehiculos/hatchback,Hatchback,Renault,5,Supercinco (2a gen),renault-5-supercinco-2a-gen,631,PLACEHOLDER
vehiculos/hatchback/renault-5-supercinco-diesel.jpg,vehiculos/hatchback,Hatchback,Renault,5,Supercinco Diesel,renault-5-supercinco-diesel,631,PLACEHOLDER
vehiculos/hatchback/renault-5-supercinco-gt-turbo.jpg,vehiculos/hatchback,Hatchback,Renault,5,Supercinco GT Turbo,renault-5-supercinco-gt-turbo,631,PLACEHOLDER
vehiculos/hatchback/renault-6-r6.jpg,vehiculos/hatchback,Hatchback,Renault,6,R6,renault-6-r6,631,PLACEHOLDER
vehiculos/hatchback/renault-clio-clio-i-diesel.jpg,vehiculos/hatchback,Hatchback,Renault,Clio,Clio I Diesel,renault-clio-clio-i-diesel,631,PLACEHOLDER
vehiculos/hatchback/renault-clio-clio-i-williams.jpg,vehiculos/hatchback,Hatchback,Renault,Clio,Clio I Williams,renault-clio-clio-i-williams,631,PLACEHOLDER
vehiculos/hatchback/renault-clio-clio-i.jpg,vehiculos/hatchback,Hatchback,Renault,Clio,Clio I,renault-clio-clio-i,631,PLACEHOLDER
vehiculos/hatchback/renault-safrane-safrane-biturbo-v6.jpg,vehiculos/hatchback,Hatchback,Renault,Safrane,Safrane Biturbo / V6,renault-safrane-safrane-biturbo-v6,631,PLACEHOLDER
vehiculos/hatchback/renault-safrane-safrane-diesel.jpg,vehiculos/hatchback,Hatchback,Renault,Safrane,Safrane Diesel,renault-safrane-safrane-diesel,631,PLACEHOLDER
vehiculos/hatchback/renault-safrane-safrane-i.jpg,vehiculos/hatchback,Hatchback,Renault,Safrane,Safrane I,renault-safrane-safrane-i,631,PLACEHOLDER
vehiculos/hatchback/rover-200-200-r3-3a-gen.jpg,vehiculos/hatchback,Hatchback,Rover,200,200 R3 (3a gen),rover-200-200-r3-3a-gen,631,PLACEHOLDER
vehiculos/hatchback/rover-200-200-r8-2a-gen.jpg,vehiculos/hatchback,Hatchback,Rover,200,200 R8 (2a gen),rover-200-200-r8-2a-gen,631,PLACEHOLDER
vehiculos/hatchback/rover-400-400-hh-r-2a-gen.jpg,vehiculos/hatchback,Hatchback,Rover,400,400 HH-R (2a gen),rover-400-400-hh-r-2a-gen,631,PLACEHOLDER
vehiculos/hatchback/rover-maestro-rover-maestro.jpg,vehiculos/hatchback,Hatchback,Rover,Maestro,Rover Maestro,rover-maestro-rover-maestro,631,PLACEHOLDER
vehiculos/hatchback/rover-metro-100-rover-100-facelift.jpg,vehiculos/hatchback,Hatchback,Rover,Metro / 100,Rover 100 (facelift),rover-metro-100-rover-100-facelift,631,PLACEHOLDER
vehiculos/hatchback/rover-metro-100-rover-100.jpg,vehiculos/hatchback,Hatchback,Rover,Metro / 100,Rover 100,rover-metro-100-rover-100,631,PLACEHOLDER
vehiculos/hatchback/rover-metro-100-rover-metro-r6.jpg,vehiculos/hatchback,Hatchback,Rover,Metro / 100,Rover Metro (R6),rover-metro-100-rover-metro-r6,631,PLACEHOLDER
vehiculos/hatchback/rover-sd1-sd1.jpg,vehiculos/hatchback,Hatchback,Rover,SD1,SD1,rover-sd1-sd1,631,PLACEHOLDER
vehiculos/hatchback/saab-900-900-classic-turbo.jpg,vehiculos/hatchback,Hatchback,Saab,900,900 Classic Turbo,saab-900-900-classic-turbo,631,PLACEHOLDER
vehiculos/hatchback/saab-900-900-classic.jpg,vehiculos/hatchback,Hatchback,Saab,900,900 Classic,saab-900-900-classic,631,PLACEHOLDER
vehiculos/hatchback/saab-900-900-ng-gm900.jpg,vehiculos/hatchback,Hatchback,Saab,900,900 NG (GM900),saab-900-900-ng-gm900,631,PLACEHOLDER
vehiculos/hatchback/saab-900-900-ng-turbo.jpg,vehiculos/hatchback,Hatchback,Saab,900,900 NG Turbo,saab-900-900-ng-turbo,631,PLACEHOLDER
vehiculos/hatchback/saab-9000-9000-cc-cs.jpg,vehiculos/hatchback,Hatchback,Saab,9000,9000 CC/CS,saab-9000-9000-cc-cs,631,PLACEHOLDER
vehiculos/hatchback/saab-9000-9000-turbo.jpg,vehiculos/hatchback,Hatchback,Saab,9000,9000 Turbo,saab-9000-9000-turbo,631,PLACEHOLDER
vehiculos/hatchback/saleen-saleen-mustang-fox-body-1984-1993.jpg,vehiculos/hatchback,Hatchback,Saleen,Saleen Mustang,Fox body (1984-1993),saleen-saleen-mustang-fox-body-1984-1993,631,PLACEHOLDER
vehiculos/hatchback/saleen-saleen-sa-10-fox-body.jpg,vehiculos/hatchback,Hatchback,Saleen,Saleen SA-10,Fox body,saleen-saleen-sa-10-fox-body,631,PLACEHOLDER
vehiculos/hatchback/saleen-saleen-sc-fox-body.jpg,vehiculos/hatchback,Hatchback,Saleen,Saleen SC,Fox body,saleen-saleen-sc-fox-body,631,PLACEHOLDER
vehiculos/hatchback/saleen-saleen-ssc-fox-body.jpg,vehiculos/hatchback,Hatchback,Saleen,Saleen SSC,Fox body,saleen-saleen-ssc-fox-body,631,PLACEHOLDER
vehiculos/hatchback/seat-127-127.jpg,vehiculos/hatchback,Hatchback,Seat,127,127,seat-127-127,631,PLACEHOLDER
vehiculos/hatchback/seat-fura-fura.jpg,vehiculos/hatchback,Hatchback,Seat,Fura,Fura,seat-fura-fura,631,PLACEHOLDER
vehiculos/hatchback/seat-ibiza-ibiza-mk1-diesel.jpg,vehiculos/hatchback,Hatchback,Seat,Ibiza,Ibiza Mk1 Diesel,seat-ibiza-ibiza-mk1-diesel,631,PLACEHOLDER
vehiculos/hatchback/seat-ibiza-ibiza-mk1.jpg,vehiculos/hatchback,Hatchback,Seat,Ibiza,Ibiza Mk1,seat-ibiza-ibiza-mk1,631,PLACEHOLDER
vehiculos/hatchback/seat-marbella-marbella.jpg,vehiculos/hatchback,Hatchback,Seat,Marbella,Marbella,seat-marbella-marbella,631,PLACEHOLDER
vehiculos/hatchback/seat-panda-panda.jpg,vehiculos/hatchback,Hatchback,Seat,Panda,Panda,seat-panda-panda,631,PLACEHOLDER
vehiculos/hatchback/seat-ritmo-ritmo.jpg,vehiculos/hatchback,Hatchback,Seat,Ritmo,Ritmo,seat-ritmo-ritmo,631,PLACEHOLDER
vehiculos/hatchback/seat-ronda-ronda-diesel.jpg,vehiculos/hatchback,Hatchback,Seat,Ronda,Ronda Diesel,seat-ronda-ronda-diesel,631,PLACEHOLDER
vehiculos/hatchback/seat-ronda-ronda.jpg,vehiculos/hatchback,Hatchback,Seat,Ronda,Ronda,seat-ronda-ronda,631,PLACEHOLDER
vehiculos/hatchback/shelby-shelby-glh-s-omni-glh-s.jpg,vehiculos/hatchback,Hatchback,Shelby,Shelby GLH-S,Omni GLH-S,shelby-shelby-glh-s-omni-glh-s,631,PLACEHOLDER
vehiculos/hatchback/simca-horizon-simca-horizon-c2.jpg,vehiculos/hatchback,Hatchback,Simca,Horizon,Simca Horizon (C2),simca-horizon-simca-horizon-c2,631,PLACEHOLDER
vehiculos/hatchback/simca-simca-1100-simca-1100.jpg,vehiculos/hatchback,Hatchback,Simca,Simca 1100,Simca 1100,simca-simca-1100-simca-1100,631,PLACEHOLDER
vehiculos/hatchback/simca-simca-1307-1307-1308-1309.jpg,vehiculos/hatchback,Hatchback,Simca,Simca 1307,1307 / 1308 / 1309,simca-simca-1307-1307-1308-1309,631,PLACEHOLDER
vehiculos/hatchback/simca-simca-1308-1307-1308-1309.jpg,vehiculos/hatchback,Hatchback,Simca,Simca 1308,1307 / 1308 / 1309,simca-simca-1308-1307-1308-1309,631,PLACEHOLDER
vehiculos/hatchback/simca-simca-1309-1307-1308-1309.jpg,vehiculos/hatchback,Hatchback,Simca,Simca 1309,1307 / 1308 / 1309,simca-simca-1309-1307-1308-1309,631,PLACEHOLDER
vehiculos/hatchback/skoda-favorit-favorit-type-781.jpg,vehiculos/hatchback,Hatchback,Skoda,Favorit,Favorit (Type 781),skoda-favorit-favorit-type-781,631,PLACEHOLDER
vehiculos/hatchback/subaru-justy-justy-1-gen-kad.jpg,vehiculos/hatchback,Hatchback,Subaru,Justy,Justy 1ª gen (KAD),subaru-justy-justy-1-gen-kad,631,PLACEHOLDER
vehiculos/hatchback/subaru-rex-rex-1-2-gen-2t.jpg,vehiculos/hatchback,Hatchback,Subaru,Rex,Rex 1ª/2ª gen (2T),subaru-rex-rex-1-2-gen-2t,631,PLACEHOLDER
vehiculos/hatchback/subaru-rex-rex-3-gen.jpg,vehiculos/hatchback,Hatchback,Subaru,Rex,Rex 3ª gen,subaru-rex-rex-3-gen,631,PLACEHOLDER
vehiculos/hatchback/subaru-vivio-vivio.jpg,vehiculos/hatchback,Hatchback,Subaru,Vivio,Vivio,subaru-vivio-vivio,631,PLACEHOLDER
vehiculos/hatchback/suzuki-alto-1a-gen-ss30-40.jpg,vehiculos/hatchback,Hatchback,Suzuki,Alto,1a gen (SS30/40),suzuki-alto-1a-gen-ss30-40,631,PLACEHOLDER
vehiculos/hatchback/suzuki-alto-2a-gen-ca-cc71.jpg,vehiculos/hatchback,Hatchback,Suzuki,Alto,2a gen (CA/CC71),suzuki-alto-2a-gen-ca-cc71,631,PLACEHOLDER
vehiculos/hatchback/suzuki-alto-3a-gen-cl-cn.jpg,vehiculos/hatchback,Hatchback,Suzuki,Alto,3a gen (CL/CN),suzuki-alto-3a-gen-cl-cn,631,PLACEHOLDER
vehiculos/hatchback/suzuki-alto-4a-gen-ha11.jpg,vehiculos/hatchback,Hatchback,Suzuki,Alto,4a gen (HA11),suzuki-alto-4a-gen-ha11,631,PLACEHOLDER
vehiculos/hatchback/suzuki-cervo-mode-3a-gen.jpg,vehiculos/hatchback,Hatchback,Suzuki,Cervo Mode,3a gen,suzuki-cervo-mode-3a-gen,631,PLACEHOLDER
vehiculos/hatchback/suzuki-cultus-1a-gen-sa310-swift.jpg,vehiculos/hatchback,Hatchback,Suzuki,Cultus,1a gen (SA310) / Swift,suzuki-cultus-1a-gen-sa310-swift,631,PLACEHOLDER
vehiculos/hatchback/talbot-alpine-alpine-1510.jpg,vehiculos/hatchback,Hatchback,Talbot,Alpine,Alpine / 1510,talbot-alpine-alpine-1510,631,PLACEHOLDER
vehiculos/hatchback/talbot-horizon-horizon.jpg,vehiculos/hatchback,Hatchback,Talbot,Horizon,Horizon,talbot-horizon-horizon,631,PLACEHOLDER
vehiculos/hatchback/talbot-minx-minx-alpine-rebadge.jpg,vehiculos/hatchback,Hatchback,Talbot,Minx,Minx (Alpine rebadge),talbot-minx-minx-alpine-rebadge,631,PLACEHOLDER
vehiculos/hatchback/talbot-rapier-rapier-alpine-rebadge.jpg,vehiculos/hatchback,Hatchback,Talbot,Rapier,Rapier (Alpine rebadge),talbot-rapier-rapier-alpine-rebadge,631,PLACEHOLDER
vehiculos/hatchback/talbot-samba-samba-rallye.jpg,vehiculos/hatchback,Hatchback,Talbot,Samba,Samba Rallye,talbot-samba-samba-rallye,631,PLACEHOLDER
vehiculos/hatchback/talbot-samba-samba.jpg,vehiculos/hatchback,Hatchback,Talbot,Samba,Samba,talbot-samba-samba,631,PLACEHOLDER
vehiculos/hatchback/talbot-sunbeam-sunbeam-lotus.jpg,vehiculos/hatchback,Hatchback,Talbot,Sunbeam,Sunbeam Lotus,talbot-sunbeam-sunbeam-lotus,631,PLACEHOLDER
vehiculos/hatchback/talbot-sunbeam-sunbeam.jpg,vehiculos/hatchback,Hatchback,Talbot,Sunbeam,Sunbeam,talbot-sunbeam-sunbeam,631,PLACEHOLDER
vehiculos/hatchback/toyota-corolla-e90-6-gen.jpg,vehiculos/hatchback,Hatchback,Toyota,Corolla,E90 (6ª gen),toyota-corolla-e90-6-gen,631,PLACEHOLDER
vehiculos/hatchback/toyota-starlet-ep70-3-gen.jpg,vehiculos/hatchback,Hatchback,Toyota,Starlet,EP70 (3ª gen),toyota-starlet-ep70-3-gen,631,PLACEHOLDER
vehiculos/hatchback/toyota-starlet-ep82-4-gen.jpg,vehiculos/hatchback,Hatchback,Toyota,Starlet,EP82 (4ª gen),toyota-starlet-ep82-4-gen,631,PLACEHOLDER
vehiculos/hatchback/toyota-starlet-ep90-5-gen.jpg,vehiculos/hatchback,Hatchback,Toyota,Starlet,EP90 (5ª gen),toyota-starlet-ep90-5-gen,631,PLACEHOLDER
vehiculos/hatchback/toyota-starlet-ep91-5-gen.jpg,vehiculos/hatchback,Hatchback,Toyota,Starlet,EP91 (5ª gen),toyota-starlet-ep91-5-gen,631,PLACEHOLDER
vehiculos/hatchback/tvr-taimar-m-series.jpg,vehiculos/hatchback,Hatchback,TVR,Taimar,M-Series,tvr-taimar-m-series,631,PLACEHOLDER
vehiculos/hatchback/tvr-taimar-turbo-m-series.jpg,vehiculos/hatchback,Hatchback,TVR,Taimar Turbo,M-Series,tvr-taimar-turbo-m-series,631,PLACEHOLDER
vehiculos/hatchback/vauxhall-astra-astra-mk1.jpg,vehiculos/hatchback,Hatchback,Vauxhall,Astra,Astra Mk1,vauxhall-astra-astra-mk1,631,PLACEHOLDER
vehiculos/hatchback/vauxhall-astra-astra-mk2.jpg,vehiculos/hatchback,Hatchback,Vauxhall,Astra,Astra Mk2,vauxhall-astra-astra-mk2,631,PLACEHOLDER
vehiculos/hatchback/vauxhall-astra-astra-mk3.jpg,vehiculos/hatchback,Hatchback,Vauxhall,Astra,Astra Mk3,vauxhall-astra-astra-mk3,631,PLACEHOLDER
vehiculos/hatchback/vauxhall-chevette-chevette.jpg,vehiculos/hatchback,Hatchback,Vauxhall,Chevette,Chevette,vauxhall-chevette-chevette,631,PLACEHOLDER
vehiculos/hatchback/vauxhall-corsa-corsa-b.jpg,vehiculos/hatchback,Hatchback,Vauxhall,Corsa,Corsa B,vauxhall-corsa-corsa-b,631,PLACEHOLDER
vehiculos/hatchback/vauxhall-nova-nova.jpg,vehiculos/hatchback,Hatchback,Vauxhall,Nova,Nova,vauxhall-nova-nova,631,PLACEHOLDER
vehiculos/hatchback/volkswagen-brasilia-brasilia-brasil.jpg,vehiculos/hatchback,Hatchback,Volkswagen,Brasilia,Brasilia (Brasil),volkswagen-brasilia-brasilia-brasil,631,PLACEHOLDER
vehiculos/hatchback/volkswagen-golf-golf-mk1.jpg,vehiculos/hatchback,Hatchback,Volkswagen,Golf,Golf Mk1,volkswagen-golf-golf-mk1,631,PLACEHOLDER
vehiculos/hatchback/volkswagen-golf-golf-mk2.jpg,vehiculos/hatchback,Hatchback,Volkswagen,Golf,Golf Mk2,volkswagen-golf-golf-mk2,631,PLACEHOLDER
vehiculos/hatchback/volkswagen-golf-golf-mk3.jpg,vehiculos/hatchback,Hatchback,Volkswagen,Golf,Golf Mk3,volkswagen-golf-golf-mk3,631,PLACEHOLDER
vehiculos/hatchback/volkswagen-polo-polo-mk1-type-86.jpg,vehiculos/hatchback,Hatchback,Volkswagen,Polo,Polo Mk1 (Type 86),volkswagen-polo-polo-mk1-type-86,631,PLACEHOLDER
vehiculos/hatchback/volkswagen-polo-polo-mk2-type-86c.jpg,vehiculos/hatchback,Hatchback,Volkswagen,Polo,Polo Mk2 (Type 86C),volkswagen-polo-polo-mk2-type-86c,631,PLACEHOLDER
vehiculos/hatchback/volvo-340-300-series-diesel.jpg,vehiculos/hatchback,Hatchback,Volvo,340,300 Series Diesel,volvo-340-300-series-diesel,631,PLACEHOLDER
vehiculos/hatchback/volvo-340-300-series.jpg,vehiculos/hatchback,Hatchback,Volvo,340,300 Series,volvo-340-300-series,631,PLACEHOLDER
vehiculos/hatchback/yugo-yugo-gv-plus-yugo-gv-eeuu-1985-1992.jpg,vehiculos/hatchback,Hatchback,Yugo,Yugo GV Plus,"Yugo GV (EE.UU., 1985-1992)",yugo-yugo-gv-plus-yugo-gv-eeuu-1985-1992,631,PLACEHOLDER
vehiculos/hatchback/yugo-yugo-gv-yugo-gv-eeuu-1985-1992.jpg,vehiculos/hatchback,Hatchback,Yugo,Yugo GV,"Yugo GV (EE.UU., 1985-1992)",yugo-yugo-gv-yugo-gv-eeuu-1985-1992,631,PLACEHOLDER
vehiculos/hatchback/yugo-yugo-gvx-yugo-gv-eeuu-1985-1992.jpg,vehiculos/hatchback,Hatchback,Yugo,Yugo GVX,"Yugo GV (EE.UU., 1985-1992)",yugo-yugo-gvx-yugo-gv-eeuu-1985-1992,631,PLACEHOLDER
vehiculos/hatchback/yugo-yugo-sana-sana-reino-unido-1990-1992.jpg,vehiculos/hatchback,Hatchback,Yugo,Yugo Sana,"Sana (Reino Unido, 1990-1992)",yugo-yugo-sana-sana-reino-unido-1990-1992,631,PLACEHOLDER
vehiculos/hatchback/zastava-101-zastava-101-1a-serie.jpg,vehiculos/hatchback,Hatchback,Zastava,101,Zastava 101 (1a serie),zastava-101-zastava-101-1a-serie,631,PLACEHOLDER
vehiculos/hatchback/zastava-101-zastava-101-gt-gtl.jpg,vehiculos/hatchback,Hatchback,Zastava,101,Zastava 101 GT/GTL,zastava-101-zastava-101-gt-gtl,631,PLACEHOLDER
vehiculos/hatchback/zastava-101-zastava-101-s-sc.jpg,vehiculos/hatchback,Hatchback,Zastava,101,Zastava 101 S/SC,zastava-101-zastava-101-s-sc,631,PLACEHOLDER
vehiculos/hatchback/zastava-skala-yugo-skala-55-65-1a-serie.jpg,vehiculos/hatchback,Hatchback,Zastava,Skala,Yugo Skala 55/65 (1a serie),zastava-skala-yugo-skala-55-65-1a-serie,631,PLACEHOLDER
vehiculos/hatchback/zastava-uno-zastava-yugo-uno-45r.jpg,vehiculos/hatchback,Hatchback,Zastava,Uno,Zastava Yugo Uno 45R,zastava-uno-zastava-yugo-uno-45r,631,PLACEHOLDER
vehiculos/hatchback/zastava-yugo-gv-yugo-gv-usa.jpg,vehiculos/hatchback,Hatchback,Zastava,Yugo GV,Yugo GV (USA),zastava-yugo-gv-yugo-gv-usa,631,PLACEHOLDER
vehiculos/hatchback/zastava-yugo-gvx-yugo-gvx-usa.jpg,vehiculos/hatchback,Hatchback,Zastava,Yugo GVX,Yugo GVX (USA),zastava-yugo-gvx-yugo-gvx-usa,631,PLACEHOLDER
vehiculos/microcar/ac-petite-petite.jpg,vehiculos/microcar,Microcar,AC,Petite,Petite,ac-petite-petite,631,PLACEHOLDER
vehiculos/microcar/aixam-325-1a-generacion-325.jpg,vehiculos/microcar,Microcar,Aixam,325,1a generacion (325),aixam-325-1a-generacion-325,631,PLACEHOLDER
vehiculos/microcar/aixam-400-1a-generacion-400-500-i.jpg,vehiculos/microcar,Microcar,Aixam,400,1a generacion (400/500 i),aixam-400-1a-generacion-400-500-i,631,PLACEHOLDER
vehiculos/microcar/aixam-500-1a-generacion-400-500-i.jpg,vehiculos/microcar,Microcar,Aixam,500,1a generacion (400/500 i),aixam-500-1a-generacion-400-500-i,631,PLACEHOLDER
vehiculos/microcar/allard-clipper-clipper.jpg,vehiculos/microcar,Microcar,Allard,Clipper,Clipper,allard-clipper-clipper,631,PLACEHOLDER
vehiculos/microcar/autobianchi-bianchina-berlina.jpg,vehiculos/microcar,Microcar,Autobianchi,Bianchina,Berlina,autobianchi-bianchina-berlina,631,PLACEHOLDER
vehiculos/microcar/autobianchi-bianchina-trasformabile.jpg,vehiculos/microcar,Microcar,Autobianchi,Bianchina,Trasformabile,autobianchi-bianchina-trasformabile,631,PLACEHOLDER
vehiculos/microcar/berkeley-t60-t60-4.jpg,vehiculos/microcar,Microcar,Berkeley,T60,T60/4,berkeley-t60-t60-4,631,PLACEHOLDER
vehiculos/microcar/berkeley-t60-t60.jpg,vehiculos/microcar,Microcar,Berkeley,T60,T60,berkeley-t60-t60,631,PLACEHOLDER
vehiculos/microcar/bmw-600-600.jpg,vehiculos/microcar,Microcar,BMW,600,600,bmw-600-600,631,PLACEHOLDER
vehiculos/microcar/bmw-isetta-isetta-250-300.jpg,vehiculos/microcar,Microcar,BMW,Isetta,Isetta 250/300,bmw-isetta-isetta-250-300,631,PLACEHOLDER
vehiculos/microcar/bond-875-mark-i.jpg,vehiculos/microcar,Microcar,Bond,875,Mark I,bond-875-mark-i,631,PLACEHOLDER
vehiculos/microcar/bond-875-mark-ii.jpg,vehiculos/microcar,Microcar,Bond,875,Mark II,bond-875-mark-ii,631,PLACEHOLDER
vehiculos/microcar/bond-bug-700.jpg,vehiculos/microcar,Microcar,Bond,Bug,700,bond-bug-700,631,PLACEHOLDER
vehiculos/microcar/bond-bug-750.jpg,vehiculos/microcar,Microcar,Bond,Bug,750,bond-bug-750,631,PLACEHOLDER
vehiculos/microcar/bond-minicar-mark-a.jpg,vehiculos/microcar,Microcar,Bond,Minicar,Mark A,bond-minicar-mark-a,631,PLACEHOLDER
vehiculos/microcar/bond-minicar-mark-b.jpg,vehiculos/microcar,Microcar,Bond,Minicar,Mark B,bond-minicar-mark-b,631,PLACEHOLDER
vehiculos/microcar/bond-minicar-mark-c.jpg,vehiculos/microcar,Microcar,Bond,Minicar,Mark C,bond-minicar-mark-c,631,PLACEHOLDER
vehiculos/microcar/bond-minicar-mark-d.jpg,vehiculos/microcar,Microcar,Bond,Minicar,Mark D,bond-minicar-mark-d,631,PLACEHOLDER
vehiculos/microcar/bond-minicar-mark-e.jpg,vehiculos/microcar,Microcar,Bond,Minicar,Mark E,bond-minicar-mark-e,631,PLACEHOLDER
vehiculos/microcar/bond-minicar-mark-f.jpg,vehiculos/microcar,Microcar,Bond,Minicar,Mark F,bond-minicar-mark-f,631,PLACEHOLDER
vehiculos/microcar/bond-minicar-mark-g.jpg,vehiculos/microcar,Microcar,Bond,Minicar,Mark G,bond-minicar-mark-g,631,PLACEHOLDER
vehiculos/microcar/dacia-500-lastun-dacia-500-lastun.jpg,vehiculos/microcar,Microcar,Dacia,500 Lastun,Dacia 500 Lastun,dacia-500-lastun-dacia-500-lastun,631,PLACEHOLDER
vehiculos/microcar/darracq-8-hp-monocilindrico-11l.jpg,vehiculos/microcar,Microcar,Darracq,8 HP,Monocilindrico 1.1L,darracq-8-hp-monocilindrico-11l,631,PLACEHOLDER
vehiculos/microcar/darracq-voiture-legere-6-hp-tipo-ribeyrolles.jpg,vehiculos/microcar,Microcar,Darracq,Voiture Legere 6½ HP,Tipo Ribeyrolles,darracq-voiture-legere-6-hp-tipo-ribeyrolles,631,PLACEHOLDER
vehiculos/microcar/fiat-126-126-650.jpg,vehiculos/microcar,Microcar,Fiat,126,126 (650),fiat-126-126-650,631,PLACEHOLDER
vehiculos/microcar/fiat-126-126-bis.jpg,vehiculos/microcar,Microcar,Fiat,126,126 BIS,fiat-126-126-bis,631,PLACEHOLDER
vehiculos/microcar/fiat-500-500-r.jpg,vehiculos/microcar,Microcar,Fiat,500,500 R,fiat-500-500-r,631,PLACEHOLDER
vehiculos/microcar/fiat-500-nuova-500-110.jpg,vehiculos/microcar,Microcar,Fiat,500,Nuova 500 (110),fiat-500-nuova-500-110,631,PLACEHOLDER
vehiculos/microcar/fiat-600-600-d.jpg,vehiculos/microcar,Microcar,Fiat,600,600 D,fiat-600-600-d,631,PLACEHOLDER
vehiculos/microcar/fiat-600-600.jpg,vehiculos/microcar,Microcar,Fiat,600,600,fiat-600-600,631,PLACEHOLDER
vehiculos/microcar/glas-goggomobil-t-goggomobil-t250.jpg,vehiculos/microcar,Microcar,Glas,Goggomobil T,Goggomobil T250,glas-goggomobil-t-goggomobil-t250,631,PLACEHOLDER
vehiculos/microcar/glas-goggomobil-t-goggomobil-t300.jpg,vehiculos/microcar,Microcar,Glas,Goggomobil T,Goggomobil T300,glas-goggomobil-t-goggomobil-t300,631,PLACEHOLDER
vehiculos/microcar/glas-goggomobil-t-goggomobil-t400.jpg,vehiculos/microcar,Microcar,Glas,Goggomobil T,Goggomobil T400,glas-goggomobil-t-goggomobil-t400,631,PLACEHOLDER
vehiculos/microcar/goliath-pionier-pionier-dreirad.jpg,vehiculos/microcar,Microcar,Goliath,Pionier,Pionier (Dreirad),goliath-pionier-pionier-dreirad,631,PLACEHOLDER
vehiculos/microcar/hanomag-2-10-ps-kommissbrot-2-10-ps.jpg,vehiculos/microcar,Microcar,Hanomag,2/10 PS,Kommissbrot (2/10 PS),hanomag-2-10-ps-kommissbrot-2-10-ps,631,PLACEHOLDER
vehiculos/microcar/honda-n360-n360-kei.jpg,vehiculos/microcar,Microcar,Honda,N360,N360 (kei),honda-n360-n360-kei,631,PLACEHOLDER
vehiculos/microcar/humber-humberette-humberette-cyclecar.jpg,vehiculos/microcar,Microcar,Humber,Humberette,Humberette (cyclecar),humber-humberette-humberette-cyclecar,631,PLACEHOLDER
vehiculos/microcar/iso-isetta-isetta-iso-original-italiana.jpg,vehiculos/microcar,Microcar,Iso,Isetta,"Isetta (Iso, original italiana)",iso-isetta-isetta-iso-original-italiana,631,PLACEHOLDER
vehiculos/microcar/maico-500-maico-500.jpg,vehiculos/microcar,Microcar,Maico,500,Maico 500,maico-500-maico-500,631,PLACEHOLDER
vehiculos/microcar/maico-mc-400-mc-400-mc-403-base-champion.jpg,vehiculos/microcar,Microcar,Maico,MC 400,MC 400 / MC 403 (base Champion),maico-mc-400-mc-400-mc-403-base-champion,631,PLACEHOLDER
vehiculos/microcar/messerschmitt-kr175-kr175.jpg,vehiculos/microcar,Microcar,Messerschmitt,KR175,KR175,messerschmitt-kr175-kr175,631,PLACEHOLDER
vehiculos/microcar/messerschmitt-kr200-kr200.jpg,vehiculos/microcar,Microcar,Messerschmitt,KR200,KR200,messerschmitt-kr200-kr200,631,PLACEHOLDER
vehiculos/microcar/messerschmitt-tg500-fmr-tg500-tiger.jpg,vehiculos/microcar,Microcar,Messerschmitt,Tg500,FMR Tg500 (Tiger),messerschmitt-tg500-fmr-tg500-tiger,631,PLACEHOLDER
vehiculos/microcar/mini-mini-moke-moke-uk-australia-portugal.jpg,vehiculos/microcar,Microcar,Mini,Mini Moke,Moke (UK/Australia/Portugal),mini-mini-moke-moke-uk-australia-portugal,631,PLACEHOLDER
vehiculos/microcar/moretti-cita-cita.jpg,vehiculos/microcar,Microcar,Moretti,Cita,Cita,moretti-cita-cita,631,PLACEHOLDER
vehiculos/microcar/moretti-minimaxi-126-minimaxi.jpg,vehiculos/microcar,Microcar,Moretti,Minimaxi,126 Minimaxi,moretti-minimaxi-126-minimaxi,631,PLACEHOLDER
vehiculos/microcar/moretti-minimaxi-500-minimaxi.jpg,vehiculos/microcar,Microcar,Moretti,Minimaxi,500 Minimaxi,moretti-minimaxi-500-minimaxi,631,PLACEHOLDER
vehiculos/microcar/morgan-3-wheeler-f-series.jpg,vehiculos/microcar,Microcar,Morgan,3-Wheeler,F-Series,morgan-3-wheeler-f-series,631,PLACEHOLDER
vehiculos/microcar/morgan-3-wheeler-v-twin.jpg,vehiculos/microcar,Microcar,Morgan,3-Wheeler,V-Twin,morgan-3-wheeler-v-twin,631,PLACEHOLDER
vehiculos/microcar/pierce-arrow-motorette-motorette.jpg,vehiculos/microcar,Microcar,Pierce-Arrow,Motorette,Motorette,pierce-arrow-motorette-motorette,631,PLACEHOLDER
vehiculos/microcar/polski-fiat-500-topolino-500-topolino-pzinz.jpg,vehiculos/microcar,Microcar,Polski Fiat,500 Topolino,500 Topolino (PZInz),polski-fiat-500-topolino-500-topolino-pzinz,631,PLACEHOLDER
vehiculos/microcar/puch-126-puch-126.jpg,vehiculos/microcar,Microcar,Puch,126,Puch 126,puch-126-puch-126,631,PLACEHOLDER
vehiculos/microcar/puch-500-puch-500-d.jpg,vehiculos/microcar,Microcar,Puch,500,Puch 500 D,puch-500-puch-500-d,631,PLACEHOLDER
vehiculos/microcar/puch-500-puch-500-dl.jpg,vehiculos/microcar,Microcar,Puch,500,Puch 500 DL,puch-500-puch-500-dl,631,PLACEHOLDER
vehiculos/microcar/puch-500-puch-500-s.jpg,vehiculos/microcar,Microcar,Puch,500,Puch 500 S,puch-500-puch-500-s,631,PLACEHOLDER
vehiculos/microcar/puch-500-puch-500.jpg,vehiculos/microcar,Microcar,Puch,500,Puch 500,puch-500-puch-500,631,PLACEHOLDER
vehiculos/microcar/puch-650-puch-650-t.jpg,vehiculos/microcar,Microcar,Puch,650,Puch 650 T,puch-650-puch-650-t,631,PLACEHOLDER
vehiculos/microcar/puch-650-puch-650-tr-ii.jpg,vehiculos/microcar,Microcar,Puch,650,Puch 650 TR II,puch-650-puch-650-tr-ii,631,PLACEHOLDER
vehiculos/microcar/puch-650-puch-650-tr.jpg,vehiculos/microcar,Microcar,Puch,650,Puch 650 TR,puch-650-puch-650-tr,631,PLACEHOLDER
vehiculos/microcar/reliant-regal-regal-3-25-mk-vii.jpg,vehiculos/microcar,Microcar,Reliant,Regal,Regal 3/25 (Mk VII),reliant-regal-regal-3-25-mk-vii,631,PLACEHOLDER
vehiculos/microcar/reliant-regal-regal-3-30.jpg,vehiculos/microcar,Microcar,Reliant,Regal,Regal 3/30,reliant-regal-regal-3-30,631,PLACEHOLDER
vehiculos/microcar/reliant-regal-regal-mk-i.jpg,vehiculos/microcar,Microcar,Reliant,Regal,Regal Mk I,reliant-regal-regal-mk-i,631,PLACEHOLDER
vehiculos/microcar/reliant-regal-regal-mk-ii.jpg,vehiculos/microcar,Microcar,Reliant,Regal,Regal Mk II,reliant-regal-regal-mk-ii,631,PLACEHOLDER
vehiculos/microcar/reliant-regal-regal-mk-iii.jpg,vehiculos/microcar,Microcar,Reliant,Regal,Regal Mk III,reliant-regal-regal-mk-iii,631,PLACEHOLDER
vehiculos/microcar/reliant-regal-regal-mk-iv.jpg,vehiculos/microcar,Microcar,Reliant,Regal,Regal Mk IV,reliant-regal-regal-mk-iv,631,PLACEHOLDER
vehiculos/microcar/reliant-regal-regal-mk-v.jpg,vehiculos/microcar,Microcar,Reliant,Regal,Regal Mk V,reliant-regal-regal-mk-v,631,PLACEHOLDER
vehiculos/microcar/reliant-regal-regal-mk-vi.jpg,vehiculos/microcar,Microcar,Reliant,Regal,Regal Mk VI,reliant-regal-regal-mk-vi,631,PLACEHOLDER
vehiculos/microcar/reliant-rialto-rialto-2.jpg,vehiculos/microcar,Microcar,Reliant,Rialto,Rialto 2,reliant-rialto-rialto-2,631,PLACEHOLDER
vehiculos/microcar/reliant-rialto-rialto-mk1.jpg,vehiculos/microcar,Microcar,Reliant,Rialto,Rialto Mk1,reliant-rialto-rialto-mk1,631,PLACEHOLDER
vehiculos/microcar/reliant-rialto-rialto-se.jpg,vehiculos/microcar,Microcar,Reliant,Rialto,Rialto SE,reliant-rialto-rialto-se,631,PLACEHOLDER
vehiculos/microcar/reliant-robin-robin-mk1-748.jpg,vehiculos/microcar,Microcar,Reliant,Robin,Robin Mk1 (748),reliant-robin-robin-mk1-748,631,PLACEHOLDER
vehiculos/microcar/reliant-robin-robin-mk1-850.jpg,vehiculos/microcar,Microcar,Reliant,Robin,Robin Mk1 (850),reliant-robin-robin-mk1-850,631,PLACEHOLDER
vehiculos/microcar/stoewer-motorwagen-stoewer-motorwagen-vierradmotorrad.jpg,vehiculos/microcar,Microcar,Stoewer,Motorwagen,Stoewer Motorwagen Vierradmotorrad,stoewer-motorwagen-stoewer-motorwagen-vierradmotorrad,631,PLACEHOLDER
vehiculos/microcar/subaru-360-360.jpg,vehiculos/microcar,Microcar,Subaru,360,360,subaru-360-360,631,PLACEHOLDER
vehiculos/microcar/subaru-r-2-r-2.jpg,vehiculos/microcar,Microcar,Subaru,R-2,R-2,subaru-r-2-r-2,631,PLACEHOLDER
vehiculos/microcar/trojan-200-trojan-200-heinkel-kabine.jpg,vehiculos/microcar,Microcar,Trojan,200,Trojan 200 (Heinkel Kabine),trojan-200-trojan-200-heinkel-kabine,631,PLACEHOLDER
vehiculos/microcar/vespa-vespa-400-acma-400.jpg,vehiculos/microcar,Microcar,Vespa,Vespa 400,ACMA 400,vespa-vespa-400-acma-400,631,PLACEHOLDER
vehiculos/microcar/voisin-c31-biscooter-c31.jpg,vehiculos/microcar,Microcar,Voisin,C31 Biscooter,C31,voisin-c31-biscooter-c31,631,PLACEHOLDER
vehiculos/microcar/zundapp-janus-janus-250.jpg,vehiculos/microcar,Microcar,Zundapp,Janus,Janus 250,zundapp-janus-janus-250,631,PLACEHOLDER
vehiculos/pickup/auto-union-pick-up-auto-union-pick-up-argentina-iasf-base-dkw-f89-l.jpg,vehiculos/pickup,Pickup,Auto Union,Pick-up,"Auto Union Pick-up (Argentina, IASF, base DKW F89 L)",auto-union-pick-up-auto-union-pick-up-argentina-iasf-base-dkw-f89-l,631,PLACEHOLDER
vehiculos/pickup/bedford-kb-kb-base-isuzu-faster.jpg,vehiculos/pickup,Pickup,Bedford,KB,KB (base Isuzu Faster),bedford-kb-kb-base-isuzu-faster,631,PLACEHOLDER
vehiculos/pickup/chevrolet-c-k-3rd-gen-square-body.jpg,vehiculos/pickup,Pickup,Chevrolet,C/K,3rd gen (Square Body),chevrolet-c-k-3rd-gen-square-body,631,PLACEHOLDER
vehiculos/pickup/chevrolet-c-k-4th-gen-gmt400.jpg,vehiculos/pickup,Pickup,Chevrolet,C/K,4th gen (GMT400),chevrolet-c-k-4th-gen-gmt400,631,PLACEHOLDER
vehiculos/pickup/chevrolet-chevy-500-gm-do-brasil.jpg,vehiculos/pickup,Pickup,Chevrolet,Chevy 500,(GM do Brasil),chevrolet-chevy-500-gm-do-brasil,631,PLACEHOLDER
vehiculos/pickup/chevrolet-el-camino-5th-gen-g-body.jpg,vehiculos/pickup,Pickup,Chevrolet,El Camino,5th gen (G-body),chevrolet-el-camino-5th-gen-g-body,631,PLACEHOLDER
vehiculos/pickup/chevrolet-luv-isuzu-faster.jpg,vehiculos/pickup,Pickup,Chevrolet,LUV,(Isuzu Faster),chevrolet-luv-isuzu-faster,631,PLACEHOLDER
vehiculos/pickup/chevrolet-s-10-1st-gen.jpg,vehiculos/pickup,Pickup,Chevrolet,S-10,1st gen,chevrolet-s-10-1st-gen,631,PLACEHOLDER
vehiculos/pickup/commer-light-pick-up-mark-iii.jpg,vehiculos/pickup,Pickup,Commer,Light Pick-up,Mark III,commer-light-pick-up-mark-iii,631,PLACEHOLDER
vehiculos/pickup/commer-light-pick-up-mark-vi.jpg,vehiculos/pickup,Pickup,Commer,Light Pick-up,Mark VI,commer-light-pick-up-mark-vi,631,PLACEHOLDER
vehiculos/pickup/commer-light-pick-up-mark-viii.jpg,vehiculos/pickup,Pickup,Commer,Light Pick-up,Mark VIII,commer-light-pick-up-mark-viii,631,PLACEHOLDER
vehiculos/pickup/crosley-crosley-pickup-cc-four.jpg,vehiculos/pickup,Pickup,Crosley,Crosley Pickup,CC Four,crosley-crosley-pickup-cc-four,631,PLACEHOLDER
vehiculos/pickup/crosley-crosley-pickup-cd-four.jpg,vehiculos/pickup,Pickup,Crosley,Crosley Pickup,CD Four,crosley-crosley-pickup-cd-four,631,PLACEHOLDER
vehiculos/pickup/crosley-crosley-pickup-prewar-cb41-cb42.jpg,vehiculos/pickup,Pickup,Crosley,Crosley Pickup,Prewar (CB41/CB42),crosley-crosley-pickup-prewar-cb41-cb42,631,PLACEHOLDER
vehiculos/pickup/dacia-1302-dacia-1302-pick-up.jpg,vehiculos/pickup,Pickup,Dacia,1302,Dacia 1302 Pick-up,dacia-1302-dacia-1302-pick-up,631,PLACEHOLDER
vehiculos/pickup/datsun-datsun-truck-320-320.jpg,vehiculos/pickup,Pickup,Datsun,Datsun Truck 320,320,datsun-datsun-truck-320-320,631,PLACEHOLDER
vehiculos/pickup/datsun-datsun-truck-520-521-520-521.jpg,vehiculos/pickup,Pickup,Datsun,Datsun Truck 520/521,520 / 521,datsun-datsun-truck-520-521-520-521,631,PLACEHOLDER
vehiculos/pickup/datsun-datsun-truck-521-521.jpg,vehiculos/pickup,Pickup,Datsun,Datsun Truck 521,521,datsun-datsun-truck-521-521,631,PLACEHOLDER
vehiculos/pickup/datsun-datsun-truck-620-620.jpg,vehiculos/pickup,Pickup,Datsun,Datsun Truck 620,620,datsun-datsun-truck-620-620,631,PLACEHOLDER
vehiculos/pickup/datsun-datsun-truck-720-720.jpg,vehiculos/pickup,Pickup,Datsun,Datsun Truck 720,720,datsun-datsun-truck-720-720,631,PLACEHOLDER
vehiculos/pickup/datsun-sunny-truck-b120.jpg,vehiculos/pickup,Pickup,Datsun,Sunny Truck,B120,datsun-sunny-truck-b120,631,PLACEHOLDER
vehiculos/pickup/delahaye-type-171-type-171.jpg,vehiculos/pickup,Pickup,Delahaye,Type 171,Type 171,delahaye-type-171-type-171,631,PLACEHOLDER
vehiculos/pickup/dodge-d-series-d-w-series-3a-gen-previo-al-ram.jpg,vehiculos/pickup,Pickup,Dodge,D Series,"D/W Series (3a gen, previo al Ram)",dodge-d-series-d-w-series-3a-gen-previo-al-ram,631,PLACEHOLDER
vehiculos/pickup/dodge-dakota-dakota-1a-gen.jpg,vehiculos/pickup,Pickup,Dodge,Dakota,Dakota 1a gen,dodge-dakota-dakota-1a-gen,631,PLACEHOLDER
vehiculos/pickup/dodge-ram-50-ram-50-rebadge-mitsubishi-forte-mighty-max.jpg,vehiculos/pickup,Pickup,Dodge,Ram 50,Ram 50 (rebadge Mitsubishi Forte/Mighty Max),dodge-ram-50-ram-50-rebadge-mitsubishi-forte-mighty-max,631,PLACEHOLDER
vehiculos/pickup/dodge-ram-ram-1a-gen-d-w.jpg,vehiculos/pickup,Pickup,Dodge,Ram,Ram 1a gen (D/W),dodge-ram-ram-1a-gen-d-w,631,PLACEHOLDER
vehiculos/pickup/fso-125p-125p-pickup.jpg,vehiculos/pickup,Pickup,FSO,125p,125p Pickup,fso-125p-125p-pickup,631,PLACEHOLDER
vehiculos/pickup/fso-warszawa-224p.jpg,vehiculos/pickup,Pickup,FSO,Warszawa,224P,fso-warszawa-224p,631,PLACEHOLDER
vehiculos/pickup/gmc-caballero-gmc-caballero-1978-1987.jpg,vehiculos/pickup,Pickup,GMC,Caballero,GMC Caballero (1978-1987),gmc-caballero-gmc-caballero-1978-1987,631,PLACEHOLDER
vehiculos/pickup/gmc-s-15-gmc-s-15-1982-1990.jpg,vehiculos/pickup,Pickup,GMC,S-15,GMC S-15 (1982-1990),gmc-s-15-gmc-s-15-1982-1990,631,PLACEHOLDER
vehiculos/pickup/gmc-sierra-sierra-c-k-gmt400.jpg,vehiculos/pickup,Pickup,GMC,Sierra,Sierra C/K (GMT400),gmc-sierra-sierra-c-k-gmt400,631,PLACEHOLDER
vehiculos/pickup/gmc-sprint-gmc-sprint-1971-1977.jpg,vehiculos/pickup,Pickup,GMC,Sprint,GMC Sprint (1971-1977),gmc-sprint-gmc-sprint-1971-1977,631,PLACEHOLDER
vehiculos/pickup/gmc-syclone-gmc-syclone-1991.jpg,vehiculos/pickup,Pickup,GMC,Syclone,GMC Syclone (1991),gmc-syclone-gmc-syclone-1991,631,PLACEHOLDER
vehiculos/pickup/goliath-f-200-f-200-dreirad.jpg,vehiculos/pickup,Pickup,Goliath,F 200,F 200 (Dreirad),goliath-f-200-f-200-dreirad,631,PLACEHOLDER
vehiculos/pickup/goliath-f-400-f-400-dreirad.jpg,vehiculos/pickup,Pickup,Goliath,F 400,F 400 (Dreirad),goliath-f-400-f-400-dreirad,631,PLACEHOLDER
vehiculos/pickup/goliath-fw-200-fw-200-dreirad.jpg,vehiculos/pickup,Pickup,Goliath,FW 200,FW 200 (Dreirad),goliath-fw-200-fw-200-dreirad,631,PLACEHOLDER
vehiculos/pickup/goliath-fw-400-fw-400-dreirad.jpg,vehiculos/pickup,Pickup,Goliath,FW 400,FW 400 (Dreirad),goliath-fw-400-fw-400-dreirad,631,PLACEHOLDER
vehiculos/pickup/goliath-gd-750-gd-750-dreirad.jpg,vehiculos/pickup,Pickup,Goliath,GD 750,GD 750 (Dreirad),goliath-gd-750-gd-750-dreirad,631,PLACEHOLDER
vehiculos/pickup/goliath-goli-goli-1a-serie-dreirad.jpg,vehiculos/pickup,Pickup,Goliath,Goli,"Goli (1a serie, Dreirad)",goliath-goli-goli-1a-serie-dreirad,631,PLACEHOLDER
vehiculos/pickup/goliath-goli-goli-2a-serie-dreirad.jpg,vehiculos/pickup,Pickup,Goliath,Goli,"Goli (2a serie, Dreirad)",goliath-goli-goli-2a-serie-dreirad,631,PLACEHOLDER
vehiculos/pickup/great-wall-cc1020s-cc1020s-variante-pickup-doble-cabina.jpg,vehiculos/pickup,Pickup,Great Wall,CC1020S,CC1020S (variante pickup doble cabina),great-wall-cc1020s-cc1020s-variante-pickup-doble-cabina,631,PLACEHOLDER
vehiculos/pickup/hanomag-f20-f25-f30-f35-harburger-transporter-pritsche.jpg,vehiculos/pickup,Pickup,Hanomag,F20 / F25 / F30 / F35,Harburger Transporter Pritsche,hanomag-f20-f25-f30-f35-harburger-transporter-pritsche,631,PLACEHOLDER
vehiculos/pickup/hino-briska-briska-1300-fh100.jpg,vehiculos/pickup,Pickup,Hino,Briska,Briska 1300 (FH100),hino-briska-briska-1300-fh100,631,PLACEHOLDER
vehiculos/pickup/hino-briska-briska-fg10.jpg,vehiculos/pickup,Pickup,Hino,Briska,Briska (FG10),hino-briska-briska-fg10,631,PLACEHOLDER
vehiculos/pickup/holden-commodore-ute-vs.jpg,vehiculos/pickup,Pickup,Holden,Commodore Ute,VS,holden-commodore-ute-vs,631,PLACEHOLDER
vehiculos/pickup/holden-one-tonner-ute-wb.jpg,vehiculos/pickup,Pickup,Holden,One Tonner / Ute,WB,holden-one-tonner-ute-wb,631,PLACEHOLDER
vehiculos/pickup/holden-rodeo-kb-diesel.jpg,vehiculos/pickup,Pickup,Holden,Rodeo,KB Diesel,holden-rodeo-kb-diesel,631,PLACEHOLDER
vehiculos/pickup/holden-rodeo-kb.jpg,vehiculos/pickup,Pickup,Holden,Rodeo,KB,holden-rodeo-kb,631,PLACEHOLDER
vehiculos/pickup/honda-t360-t360-kei.jpg,vehiculos/pickup,Pickup,Honda,T360,T360 (kei),honda-t360-t360-kei,631,PLACEHOLDER
vehiculos/pickup/hudson-big-boy-big-boy-series-58.jpg,vehiculos/pickup,Pickup,Hudson,Big Boy,Big Boy Series 58,hudson-big-boy-big-boy-series-58,631,PLACEHOLDER
vehiculos/pickup/hudson-big-boy-big-boy-series-98.jpg,vehiculos/pickup,Pickup,Hudson,Big Boy,Big Boy Series 98,hudson-big-boy-big-boy-series-98,631,PLACEHOLDER
vehiculos/pickup/international-light-line-d-series-light-line.jpg,vehiculos/pickup,Pickup,International,Light Line,D-Series (Light Line),international-light-line-d-series-light-line,631,PLACEHOLDER
vehiculos/pickup/international-travelette-crew-cab-light-line.jpg,vehiculos/pickup,Pickup,International,Travelette,Crew Cab (Light Line),international-travelette-crew-cab-light-line,631,PLACEHOLDER
vehiculos/pickup/isuzu-faster-1a-gen-1972-80.jpg,vehiculos/pickup,Pickup,Isuzu,Faster,1a gen (1972-80),isuzu-faster-1a-gen-1972-80,631,PLACEHOLDER
vehiculos/pickup/isuzu-faster-2a-gen-1980-88.jpg,vehiculos/pickup,Pickup,Isuzu,Faster,2a gen (1980-88),isuzu-faster-2a-gen-1980-88,631,PLACEHOLDER
vehiculos/pickup/isuzu-hombre-hombre-rebadge-chevy-s-10.jpg,vehiculos/pickup,Pickup,Isuzu,Hombre,Hombre (rebadge Chevy S-10),isuzu-hombre-hombre-rebadge-chevy-s-10,631,PLACEHOLDER
vehiculos/pickup/jeep-cj-8-scrambler-cj-8.jpg,vehiculos/pickup,Pickup,Jeep,CJ-8 Scrambler,CJ-8,jeep-cj-8-scrambler-cj-8,631,PLACEHOLDER
vehiculos/pickup/jeep-comanche-mj.jpg,vehiculos/pickup,Pickup,Jeep,Comanche,MJ,jeep-comanche-mj,631,PLACEHOLDER
vehiculos/pickup/jeep-forward-control-fc-150.jpg,vehiculos/pickup,Pickup,Jeep,Forward Control,FC-150,jeep-forward-control-fc-150,631,PLACEHOLDER
vehiculos/pickup/jeep-forward-control-fc-170.jpg,vehiculos/pickup,Pickup,Jeep,Forward Control,FC-170,jeep-forward-control-fc-170,631,PLACEHOLDER
vehiculos/pickup/jeep-gladiator-j-series-sj.jpg,vehiculos/pickup,Pickup,Jeep,Gladiator / J-series,SJ,jeep-gladiator-j-series-sj,631,PLACEHOLDER
vehiculos/pickup/jeep-jeep-truck-willys-jeep-truck.jpg,vehiculos/pickup,Pickup,Jeep,Jeep Truck,Willys Jeep Truck,jeep-jeep-truck-willys-jeep-truck,631,PLACEHOLDER
vehiculos/pickup/kia-bongo-wide-bongo-2a-gen.jpg,vehiculos/pickup,Pickup,Kia,Bongo,Wide Bongo (2a gen),kia-bongo-wide-bongo-2a-gen,631,PLACEHOLDER
vehiculos/pickup/kia-ceres-ceres.jpg,vehiculos/pickup,Pickup,Kia,Ceres,Ceres,kia-ceres-ceres,631,PLACEHOLDER
vehiculos/pickup/kurogane-type-95-type-95-type-c.jpg,vehiculos/pickup,Pickup,Kurogane,Type 95,Type 95 Type C,kurogane-type-95-type-95-type-c,631,PLACEHOLDER
vehiculos/pickup/mahindra-fc-160-fc-forward-control.jpg,vehiculos/pickup,Pickup,Mahindra,FC-160,FC (Forward Control),mahindra-fc-160-fc-forward-control,631,PLACEHOLDER
vehiculos/pickup/mini-mini-pickup-pick-up.jpg,vehiculos/pickup,Pickup,Mini,Mini Pickup,Pick-up,mini-mini-pickup-pick-up,631,PLACEHOLDER
vehiculos/pickup/mitsubishi-l200-l200-1g-forte.jpg,vehiculos/pickup,Pickup,Mitsubishi,L200,L200 1G (Forte),mitsubishi-l200-l200-1g-forte,631,PLACEHOLDER
vehiculos/pickup/mitsubishi-l200-l200-2g.jpg,vehiculos/pickup,Pickup,Mitsubishi,L200,L200 2G,mitsubishi-l200-l200-2g,631,PLACEHOLDER
vehiculos/pickup/moretti-paguro-127-paguro.jpg,vehiculos/pickup,Pickup,Moretti,Paguro,127 Paguro,moretti-paguro-127-paguro,631,PLACEHOLDER
vehiculos/pickup/oltcit-club-12-cs-oltcit-oltena-club-12-cs.jpg,vehiculos/pickup,Pickup,Oltcit,Club 12 CS,Oltcit/Oltena Club 12 CS,oltcit-club-12-cs-oltcit-oltena-club-12-cs,631,PLACEHOLDER
vehiculos/pickup/peugeot-504-504-pick-up.jpg,vehiculos/pickup,Pickup,Peugeot,504,504 Pick-up,peugeot-504-504-pick-up,631,PLACEHOLDER
vehiculos/pickup/plymouth-arrow-truck-arrow-truck-1979-1982.jpg,vehiculos/pickup,Pickup,Plymouth,Arrow Truck,Arrow Truck (1979-1982),plymouth-arrow-truck-arrow-truck-1979-1982,631,PLACEHOLDER
vehiculos/pickup/plymouth-pt-pt-50-pt-57-pt-81-pt-105.jpg,vehiculos/pickup,Pickup,Plymouth,PT,PT-50 / PT-57 / PT-81 / PT-105,plymouth-pt-pt-50-pt-57-pt-81-pt-105,631,PLACEHOLDER
vehiculos/pickup/plymouth-scamp-scamp-1983-l-body.jpg,vehiculos/pickup,Pickup,Plymouth,Scamp,Scamp (1983) L-body,plymouth-scamp-scamp-1983-l-body,631,PLACEHOLDER
vehiculos/pickup/polski-fiat-125p-125p-pickup.jpg,vehiculos/pickup,Pickup,Polski Fiat,125p,125p Pickup,polski-fiat-125p-125p-pickup,631,PLACEHOLDER
vehiculos/pickup/prince-light-miler-t430-3a-gen.jpg,vehiculos/pickup,Pickup,Prince,Light Miler,T430 (3a gen),prince-light-miler-t430-3a-gen,631,PLACEHOLDER
vehiculos/pickup/prince-light-miler-t440-t446-4a-gen.jpg,vehiculos/pickup,Pickup,Prince,Light Miler,T440 / T446 (4a gen),prince-light-miler-t440-t446-4a-gen,631,PLACEHOLDER
vehiculos/pickup/prince-miler-aoth-1-aqth-1-1a-gen.jpg,vehiculos/pickup,Pickup,Prince,Miler,AOTH-1 / AQTH-1 (1a gen),prince-miler-aoth-1-aqth-1-1a-gen,631,PLACEHOLDER
vehiculos/pickup/prince-miler-t441-t447-4a-gen.jpg,vehiculos/pickup,Pickup,Prince,Miler,T441 / T447 (4a gen),prince-miler-t441-t447-4a-gen,631,PLACEHOLDER
vehiculos/pickup/prince-new-miler-arth-1-arth-2-2a-gen.jpg,vehiculos/pickup,Pickup,Prince,New Miler,ARTH-1 / ARTH-2 (2a gen),prince-new-miler-arth-1-arth-2-2a-gen,631,PLACEHOLDER
vehiculos/pickup/prince-prince-commercial-aipc-1-aipc-2.jpg,vehiculos/pickup,Pickup,Prince,Prince Commercial,AIPC-1 / AIPC-2,prince-prince-commercial-aipc-1-aipc-2,631,PLACEHOLDER
vehiculos/pickup/prince-super-miler-t431-3a-gen.jpg,vehiculos/pickup,Pickup,Prince,Super Miler,T431 (3a gen),prince-super-miler-t431-3a-gen,631,PLACEHOLDER
vehiculos/pickup/reliant-fox-fox.jpg,vehiculos/pickup,Pickup,Reliant,Fox,Fox,reliant-fox-fox,631,PLACEHOLDER
vehiculos/pickup/shelby-shelby-dakota-dakota-shelby.jpg,vehiculos/pickup,Pickup,Shelby,Shelby Dakota,Dakota (Shelby),shelby-shelby-dakota-dakota-shelby,631,PLACEHOLDER
vehiculos/pickup/simca-simca-1100-simca-1100-pick-up.jpg,vehiculos/pickup,Pickup,Simca,Simca 1100,Simca 1100 Pick-up,simca-simca-1100-simca-1100-pick-up,631,PLACEHOLDER
vehiculos/pickup/skoda-pick-up-favorit-pick-up-type-787.jpg,vehiculos/pickup,Pickup,Skoda,Pick-up,Favorit Pick-up (Type 787),skoda-pick-up-favorit-pick-up-type-787,631,PLACEHOLDER
vehiculos/pickup/studebaker-2r-series-2r5-1948-1953.jpg,vehiculos/pickup,Pickup,Studebaker,2R Series,2R5 (1948-1953),studebaker-2r-series-2r5-1948-1953,631,PLACEHOLDER
vehiculos/pickup/studebaker-champ-champ-1960-1964.jpg,vehiculos/pickup,Pickup,Studebaker,Champ,Champ (1960-1964),studebaker-champ-champ-1960-1964,631,PLACEHOLDER
vehiculos/pickup/studebaker-e-series-e-series-1954-1955.jpg,vehiculos/pickup,Pickup,Studebaker,E-Series,E-Series (1954-1955),studebaker-e-series-e-series-1954-1955,631,PLACEHOLDER
vehiculos/pickup/studebaker-m-series-m15-m15a-1941-1948.jpg,vehiculos/pickup,Pickup,Studebaker,M-Series,M15 / M15A (1941-1948),studebaker-m-series-m15-m15a-1941-1948,631,PLACEHOLDER
vehiculos/pickup/studebaker-m-series-m5-1941-1948.jpg,vehiculos/pickup,Pickup,Studebaker,M-Series,M5 (1941-1948),studebaker-m-series-m5-1941-1948,631,PLACEHOLDER
vehiculos/pickup/studebaker-scotsman-scotsman-pickup-1958-1959.jpg,vehiculos/pickup,Pickup,Studebaker,Scotsman,Scotsman Pickup (1958-1959),studebaker-scotsman-scotsman-pickup-1958-1959,631,PLACEHOLDER
vehiculos/pickup/studebaker-transtar-transtar-2e-3e-1956-1958.jpg,vehiculos/pickup,Pickup,Studebaker,Transtar,Transtar 2E/3E (1956-1958),studebaker-transtar-transtar-2e-3e-1956-1958,631,PLACEHOLDER
vehiculos/pickup/subaru-brat-brat-brumby.jpg,vehiculos/pickup,Pickup,Subaru,BRAT,BRAT / Brumby,subaru-brat-brat-brumby,631,PLACEHOLDER
vehiculos/pickup/suzuki-mighty-boy-ss40t.jpg,vehiculos/pickup,Pickup,Suzuki,Mighty Boy,SS40T,suzuki-mighty-boy-ss40t,631,PLACEHOLDER
vehiculos/pickup/syrena-syrena-r-20-r-20.jpg,vehiculos/pickup,Pickup,Syrena,Syrena R-20,R-20,syrena-syrena-r-20-r-20,631,PLACEHOLDER
vehiculos/pickup/uaz-450d-uaz-450-1-gen-4x4.jpg,vehiculos/pickup,Pickup,UAZ,450D,UAZ-450 (1ª gen. 4x4),uaz-450d-uaz-450-1-gen-4x4,631,PLACEHOLDER
vehiculos/pickup/uaz-451d-uaz-451-4x2-1-serie.jpg,vehiculos/pickup,Pickup,UAZ,451D,"UAZ-451 (4x2, 1ª serie)",uaz-451d-uaz-451-4x2-1-serie,631,PLACEHOLDER
vehiculos/pickup/uaz-451dm-uaz-451m-4x2-2-serie.jpg,vehiculos/pickup,Pickup,UAZ,451DM,"UAZ-451M (4x2, 2ª serie)",uaz-451dm-uaz-451m-4x2-2-serie,631,PLACEHOLDER
vehiculos/pickup/uaz-452d-uaz-452-4x4.jpg,vehiculos/pickup,Pickup,UAZ,452D,UAZ-452 (4x4),uaz-452d-uaz-452-4x4,631,PLACEHOLDER
vehiculos/pickup/volkswagen-caddy-caddy-mk1-type-14.jpg,vehiculos/pickup,Pickup,Volkswagen,Caddy,Caddy Mk1 (Type 14),volkswagen-caddy-caddy-mk1-type-14,631,PLACEHOLDER
vehiculos/pickup/warszawa-warszawa-200p.jpg,vehiculos/pickup,Pickup,Warszawa,Warszawa,200P,warszawa-warszawa-200p,631,PLACEHOLDER
vehiculos/pickup/warszawa-warszawa-201p.jpg,vehiculos/pickup,Pickup,Warszawa,Warszawa,201P,warszawa-warszawa-201p,631,PLACEHOLDER
vehiculos/pickup/warszawa-warszawa-203p.jpg,vehiculos/pickup,Pickup,Warszawa,Warszawa,203P,warszawa-warszawa-203p,631,PLACEHOLDER
vehiculos/pickup/warszawa-warszawa-204p.jpg,vehiculos/pickup,Pickup,Warszawa,Warszawa,204P,warszawa-warszawa-204p,631,PLACEHOLDER
vehiculos/pickup/warszawa-warszawa-223p.jpg,vehiculos/pickup,Pickup,Warszawa,Warszawa,223P,warszawa-warszawa-223p,631,PLACEHOLDER
vehiculos/pickup/warszawa-warszawa-224p.jpg,vehiculos/pickup,Pickup,Warszawa,Warszawa,224P,warszawa-warszawa-224p,631,PLACEHOLDER
vehiculos/pickup/willys-forward-control-fc-150-fc-150-era-willys-motors.jpg,vehiculos/pickup,Pickup,Willys,Forward Control FC-150,FC-150 (era Willys Motors),willys-forward-control-fc-150-fc-150-era-willys-motors,631,PLACEHOLDER
vehiculos/pickup/willys-forward-control-fc-170-fc-170-era-willys-motors.jpg,vehiculos/pickup,Pickup,Willys,Forward Control FC-170,FC-170 (era Willys Motors),willys-forward-control-fc-170-fc-170-era-willys-motors,631,PLACEHOLDER
vehiculos/pickup/willys-jeep-truck-truck-2t-4t.jpg,vehiculos/pickup,Pickup,Willys,Jeep Truck,Truck (2T/4T),willys-jeep-truck-truck-2t-4t,631,PLACEHOLDER
vehiculos/pickup/willys-jeep-truck-truck-473-475-685.jpg,vehiculos/pickup,Pickup,Willys,Jeep Truck,Truck (473/475/685),willys-jeep-truck-truck-473-475-685,631,PLACEHOLDER
vehiculos/pickup/willys-jeep-truck-truck-6-226.jpg,vehiculos/pickup,Pickup,Willys,Jeep Truck,Truck (6-226),willys-jeep-truck-truck-6-226,631,PLACEHOLDER
vehiculos/pickup/willys-jeep-truck-truck-6-230.jpg,vehiculos/pickup,Pickup,Willys,Jeep Truck,Truck (6-230),willys-jeep-truck-truck-6-230,631,PLACEHOLDER
vehiculos/pickup/willys-pick-up-pick-up-willys-jeep-brasil-luego-f-75.jpg,vehiculos/pickup,Pickup,Willys,Pick-Up,"Pick-Up Willys / Jeep (Brasil, luego F-75)",willys-pick-up-pick-up-willys-jeep-brasil-luego-f-75,631,PLACEHOLDER
vehiculos/roadster/ac-ace-ace-26.jpg,vehiculos/roadster,Roadster,AC,Ace,Ace 2.6,ac-ace-ace-26,631,PLACEHOLDER
vehiculos/roadster/ac-ace-ace-bristol.jpg,vehiculos/roadster,Roadster,AC,Ace,Ace-Bristol,ac-ace-ace-bristol,631,PLACEHOLDER
vehiculos/roadster/ac-ace-ace.jpg,vehiculos/roadster,Roadster,AC,Ace,Ace,ac-ace-ace,631,PLACEHOLDER
vehiculos/roadster/ac-ace-brooklands-ace.jpg,vehiculos/roadster,Roadster,AC,Ace,Brooklands Ace,ac-ace-brooklands-ace,631,PLACEHOLDER
vehiculos/roadster/ac-cobra-289-sports.jpg,vehiculos/roadster,Roadster,AC,Cobra,289 Sports,ac-cobra-289-sports,631,PLACEHOLDER
vehiculos/roadster/ac-cobra-mk-i.jpg,vehiculos/roadster,Roadster,AC,Cobra,Mk I,ac-cobra-mk-i,631,PLACEHOLDER
vehiculos/roadster/ac-cobra-mk-ii.jpg,vehiculos/roadster,Roadster,AC,Cobra,Mk II,ac-cobra-mk-ii,631,PLACEHOLDER
vehiculos/roadster/ac-cobra-mk-iii.jpg,vehiculos/roadster,Roadster,AC,Cobra,Mk III,ac-cobra-mk-iii,631,PLACEHOLDER
vehiculos/roadster/ac-cobra-mk-iv-autokraft.jpg,vehiculos/roadster,Roadster,AC,Cobra,Mk IV (Autokraft),ac-cobra-mk-iv-autokraft,631,PLACEHOLDER
vehiculos/roadster/adler-trumpf-junior-trumpf-junior-sport-roadster.jpg,vehiculos/roadster,Roadster,Adler,Trumpf Junior,Trumpf Junior Sport Roadster,adler-trumpf-junior-trumpf-junior-sport-roadster,631,PLACEHOLDER
vehiculos/roadster/adler-trumpf-trumpf-sport.jpg,vehiculos/roadster,Roadster,Adler,Trumpf,Trumpf Sport,adler-trumpf-trumpf-sport,631,PLACEHOLDER
vehiculos/roadster/allard-j1-j1.jpg,vehiculos/roadster,Roadster,Allard,J1,J1,allard-j1-j1,631,PLACEHOLDER
vehiculos/roadster/allard-j2-j2.jpg,vehiculos/roadster,Roadster,Allard,J2,J2,allard-j2-j2,631,PLACEHOLDER
vehiculos/roadster/allard-j2x-j2x-extended.jpg,vehiculos/roadster,Roadster,Allard,J2X,J2X (extended),allard-j2x-j2x-extended,631,PLACEHOLDER
vehiculos/roadster/allard-j2x-j2x-le-mans.jpg,vehiculos/roadster,Roadster,Allard,J2X,J2X Le Mans,allard-j2x-j2x-le-mans,631,PLACEHOLDER
vehiculos/roadster/allard-jr-jr.jpg,vehiculos/roadster,Roadster,Allard,JR,JR,allard-jr-jr,631,PLACEHOLDER
vehiculos/roadster/allard-k1-k1.jpg,vehiculos/roadster,Roadster,Allard,K1,K1,allard-k1-k1,631,PLACEHOLDER
vehiculos/roadster/allard-k2-k2.jpg,vehiculos/roadster,Roadster,Allard,K2,K2,allard-k2-k2,631,PLACEHOLDER
vehiculos/roadster/allard-k3-k3.jpg,vehiculos/roadster,Roadster,Allard,K3,K3,allard-k3-k3,631,PLACEHOLDER
vehiculos/roadster/allard-palm-beach-palm-beach-mk1.jpg,vehiculos/roadster,Roadster,Allard,Palm Beach,Palm Beach Mk1,allard-palm-beach-palm-beach-mk1,631,PLACEHOLDER
vehiculos/roadster/allard-palm-beach-palm-beach-mk2.jpg,vehiculos/roadster,Roadster,Allard,Palm Beach,Palm Beach Mk2,allard-palm-beach-palm-beach-mk2,631,PLACEHOLDER
vehiculos/roadster/alvis-10-30-10-30.jpg,vehiculos/roadster,Roadster,Alvis,10/30,10/30,alvis-10-30-10-30,631,PLACEHOLDER
vehiculos/roadster/alvis-11-40-11-40.jpg,vehiculos/roadster,Roadster,Alvis,11/40,11/40,alvis-11-40-11-40,631,PLACEHOLDER
vehiculos/roadster/alvis-12-40-12-40.jpg,vehiculos/roadster,Roadster,Alvis,12/40,12/40,alvis-12-40-12-40,631,PLACEHOLDER
vehiculos/roadster/alvis-12-50-12-50-sa-sb-sc.jpg,vehiculos/roadster,Roadster,Alvis,12/50,12/50 SA/SB/SC,alvis-12-50-12-50-sa-sb-sc,631,PLACEHOLDER
vehiculos/roadster/alvis-12-50-12-50-te-tf.jpg,vehiculos/roadster,Roadster,Alvis,12/50,12/50 TE/TF,alvis-12-50-12-50-te-tf,631,PLACEHOLDER
vehiculos/roadster/alvis-12-50-12-50-tg-th-sd.jpg,vehiculos/roadster,Roadster,Alvis,12/50,12/50 TG/TH/SD,alvis-12-50-12-50-tg-th-sd,631,PLACEHOLDER
vehiculos/roadster/alvis-12-50-12-50-tj.jpg,vehiculos/roadster,Roadster,Alvis,12/50,12/50 TJ,alvis-12-50-12-50-tj,631,PLACEHOLDER
vehiculos/roadster/alvis-12-60-12-60-tk-tl.jpg,vehiculos/roadster,Roadster,Alvis,12/60,12/60 TK/TL,alvis-12-60-12-60-tk-tl,631,PLACEHOLDER
vehiculos/roadster/alvis-12-75-fwd-12-75-front-wheel-drive.jpg,vehiculos/roadster,Roadster,Alvis,12/75 FWD,12/75 (Front Wheel Drive),alvis-12-75-fwd-12-75-front-wheel-drive,631,PLACEHOLDER
vehiculos/roadster/alvis-fourteen-tb-14.jpg,vehiculos/roadster,Roadster,Alvis,Fourteen,TB 14,alvis-fourteen-tb-14,631,PLACEHOLDER
vehiculos/roadster/alvis-speed-20-speed-20-sa.jpg,vehiculos/roadster,Roadster,Alvis,Speed 20,Speed 20 SA,alvis-speed-20-speed-20-sa,631,PLACEHOLDER
vehiculos/roadster/alvis-speed-20-speed-20-sb.jpg,vehiculos/roadster,Roadster,Alvis,Speed 20,Speed 20 SB,alvis-speed-20-speed-20-sb,631,PLACEHOLDER
vehiculos/roadster/alvis-speed-20-speed-20-sc.jpg,vehiculos/roadster,Roadster,Alvis,Speed 20,Speed 20 SC,alvis-speed-20-speed-20-sc,631,PLACEHOLDER
vehiculos/roadster/alvis-speed-20-speed-20-sd.jpg,vehiculos/roadster,Roadster,Alvis,Speed 20,Speed 20 SD,alvis-speed-20-speed-20-sd,631,PLACEHOLDER
vehiculos/roadster/alvis-three-litre-tb-21.jpg,vehiculos/roadster,Roadster,Alvis,Three Litre,TB 21,alvis-three-litre-tb-21,631,PLACEHOLDER
vehiculos/roadster/amilcar-c4-type-c4.jpg,vehiculos/roadster,Roadster,Amilcar,C4,Type C4,amilcar-c4-type-c4,631,PLACEHOLDER
vehiculos/roadster/amilcar-c6-type-c6-voiturette.jpg,vehiculos/roadster,Roadster,Amilcar,C6,Type C6 (Voiturette),amilcar-c6-type-c6-voiturette,631,PLACEHOLDER
vehiculos/roadster/amilcar-cc-type-cc.jpg,vehiculos/roadster,Roadster,Amilcar,CC,Type CC,amilcar-cc-type-cc,631,PLACEHOLDER
vehiculos/roadster/amilcar-cgs-type-cgs-grand-sport.jpg,vehiculos/roadster,Roadster,Amilcar,CGS,Type CGS (Grand Sport),amilcar-cgs-type-cgs-grand-sport,631,PLACEHOLDER
vehiculos/roadster/amilcar-cgss-type-cgss-grand-sport-surbaisse.jpg,vehiculos/roadster,Roadster,Amilcar,CGSS,Type CGSS (Grand Sport Surbaisse),amilcar-cgss-type-cgss-grand-sport-surbaisse,631,PLACEHOLDER
vehiculos/roadster/amilcar-cs-type-cs.jpg,vehiculos/roadster,Roadster,Amilcar,CS,Type CS,amilcar-cs-type-cs,631,PLACEHOLDER
vehiculos/roadster/auburn-30l-model-30l-1912.jpg,vehiculos/roadster,Roadster,Auburn,30L,Model 30L (1912),auburn-30l-model-30l-1912,631,PLACEHOLDER
vehiculos/roadster/auburn-35l-model-35l-1912.jpg,vehiculos/roadster,Roadster,Auburn,35L,Model 35L (1912),auburn-35l-model-35l-1912,631,PLACEHOLDER
vehiculos/roadster/auburn-6-39-model-6-39-1917.jpg,vehiculos/roadster,Roadster,Auburn,6-39,Model 6-39 (1917),auburn-6-39-model-6-39-1917,631,PLACEHOLDER
vehiculos/roadster/auburn-8-115-model-8-115-1928-1929.jpg,vehiculos/roadster,Roadster,Auburn,8-115,Model 8-115 (1928-1929),auburn-8-115-model-8-115-1928-1929,631,PLACEHOLDER
vehiculos/roadster/auburn-8-120-model-8-120-boattail-speedster-1929.jpg,vehiculos/roadster,Roadster,Auburn,8-120,Model 8-120 Boattail Speedster (1929),auburn-8-120-model-8-120-boattail-speedster-1929,631,PLACEHOLDER
vehiculos/roadster/auburn-8-125-model-8-125-speedster-1930.jpg,vehiculos/roadster,Roadster,Auburn,8-125,Model 8-125 Speedster (1930),auburn-8-125-model-8-125-speedster-1930,631,PLACEHOLDER
vehiculos/roadster/auburn-851-speedster-8-851-sc-boattail-speedster-1935.jpg,vehiculos/roadster,Roadster,Auburn,851 Speedster,8-851 SC Boattail Speedster (1935),auburn-851-speedster-8-851-sc-boattail-speedster-1935,631,PLACEHOLDER
vehiculos/roadster/auburn-852-speedster-8-852-sc-boattail-speedster-1936.jpg,vehiculos/roadster,Roadster,Auburn,852 Speedster,8-852 SC Boattail Speedster (1936),auburn-852-speedster-8-852-sc-boattail-speedster-1936,631,PLACEHOLDER
vehiculos/roadster/auburn-model-d-model-d-roadster-4-cil.jpg,vehiculos/roadster,Roadster,Auburn,Model D,Model D Roadster (4-cil.),auburn-model-d-model-d-roadster-4-cil,631,PLACEHOLDER
vehiculos/roadster/auburn-model-f-model-f-roadster-2-cil.jpg,vehiculos/roadster,Roadster,Auburn,Model F,Model F Roadster (2-cil.),auburn-model-f-model-f-roadster-2-cil,631,PLACEHOLDER
vehiculos/roadster/auburn-model-k-model-k-roadster-2-cil.jpg,vehiculos/roadster,Roadster,Auburn,Model K,Model K Roadster (2-cil.),auburn-model-k-model-k-roadster-2-cil,631,PLACEHOLDER
vehiculos/roadster/auburn-runabout-runabout-1-cil-10-hp.jpg,vehiculos/roadster,Roadster,Auburn,Runabout,Runabout 1-cil. (10 hp),auburn-runabout-runabout-1-cil-10-hp,631,PLACEHOLDER
vehiculos/roadster/auburn-runabout-runabout-1-cil-6-hp.jpg,vehiculos/roadster,Roadster,Auburn,Runabout,Runabout 1-cil. (6 hp),auburn-runabout-runabout-1-cil-6-hp,631,PLACEHOLDER
vehiculos/roadster/austin-a40-sports-a40-sports.jpg,vehiculos/roadster,Roadster,Austin,A40 Sports,A40 Sports,austin-a40-sports-a40-sports,631,PLACEHOLDER
vehiculos/roadster/autobianchi-stellina-stellina.jpg,vehiculos/roadster,Roadster,Autobianchi,Stellina,Stellina,autobianchi-stellina-stellina,631,PLACEHOLDER
vehiculos/roadster/bandini-1000-p-1000-62-p.jpg,vehiculos/roadster,Roadster,Bandini,1000 P,1000/62 P,bandini-1000-p-1000-62-p,631,PLACEHOLDER
vehiculos/roadster/bandini-1000-sp-1000-sp-mille-sp.jpg,vehiculos/roadster,Roadster,Bandini,1000 SP,1000 SP (Mille S.P.),bandini-1000-sp-1000-sp-mille-sp,631,PLACEHOLDER
vehiculos/roadster/bandini-1000-sport-1000-66-sport.jpg,vehiculos/roadster,Roadster,Bandini,1000 Sport,1000/66 Sport,bandini-1000-sport-1000-66-sport,631,PLACEHOLDER
vehiculos/roadster/bandini-1000-v-1000-70-v.jpg,vehiculos/roadster,Roadster,Bandini,1000 V,1000/70 V,bandini-1000-v-1000-70-v,631,PLACEHOLDER
vehiculos/roadster/bandini-1100-la-prima-1100-46.jpg,vehiculos/roadster,Roadster,Bandini,1100,"""La Prima"" 1100/46",bandini-1100-la-prima-1100-46,631,PLACEHOLDER
vehiculos/roadster/bandini-1100-siluro-1100-siluro.jpg,vehiculos/roadster,Roadster,Bandini,1100 Siluro,1100 Siluro,bandini-1100-siluro-1100-siluro,631,PLACEHOLDER
vehiculos/roadster/bandini-1100-sport-1100-sport.jpg,vehiculos/roadster,Roadster,Bandini,1100 Sport,1100 Sport,bandini-1100-sport-1100-sport,631,PLACEHOLDER
vehiculos/roadster/bandini-1300-prototipo-1300-16v-iniezione.jpg,vehiculos/roadster,Roadster,Bandini,1300 Prototipo,1300 16V Iniezione,bandini-1300-prototipo-1300-16v-iniezione,631,PLACEHOLDER
vehiculos/roadster/bandini-750-sport-internazionale-750-sport-internazionale-saponetta.jpg,vehiculos/roadster,Roadster,Bandini,750 Sport Internazionale,"750 Sport Internazionale ""Saponetta""",bandini-750-sport-internazionale-750-sport-internazionale-saponetta,631,PLACEHOLDER
vehiculos/roadster/bandini-750-sport-siluro-750-sport-siluro.jpg,vehiculos/roadster,Roadster,Bandini,750 Sport Siluro,750 Sport Siluro,bandini-750-sport-siluro-750-sport-siluro,631,PLACEHOLDER
vehiculos/roadster/bandini-bandini-maserati-1500-bandini-maserati-1500.jpg,vehiculos/roadster,Roadster,Bandini,Bandini-Maserati 1500,Bandini-Maserati 1500,bandini-bandini-maserati-1500-bandini-maserati-1500,631,PLACEHOLDER
vehiculos/roadster/bandini-formula-3-formula-3-500.jpg,vehiculos/roadster,Roadster,Bandini,Formula 3,Formula 3 500,bandini-formula-3-formula-3-500,631,PLACEHOLDER
vehiculos/roadster/bandini-formula-junior-formula-junior.jpg,vehiculos/roadster,Roadster,Bandini,Formula Junior,Formula Junior,bandini-formula-junior-formula-junior,631,PLACEHOLDER
vehiculos/roadster/bentley-3-litre-3-litre.jpg,vehiculos/roadster,Roadster,Bentley,3 Litre,3 Litre,bentley-3-litre-3-litre,631,PLACEHOLDER
vehiculos/roadster/bentley-4-litre-4-litre-blower.jpg,vehiculos/roadster,Roadster,Bentley,4½ Litre,4½ Litre Blower,bentley-4-litre-4-litre-blower,631,PLACEHOLDER
vehiculos/roadster/bentley-4-litre-4-litre.jpg,vehiculos/roadster,Roadster,Bentley,4½ Litre,4½ Litre,bentley-4-litre-4-litre,631,PLACEHOLDER
vehiculos/roadster/berkeley-b105-b105.jpg,vehiculos/roadster,Roadster,Berkeley,B105,B105,berkeley-b105-b105,631,PLACEHOLDER
vehiculos/roadster/berkeley-b65-b65.jpg,vehiculos/roadster,Roadster,Berkeley,B65,B65,berkeley-b65-b65,631,PLACEHOLDER
vehiculos/roadster/berkeley-b95-b95.jpg,vehiculos/roadster,Roadster,Berkeley,B95,B95,berkeley-b95-b95,631,PLACEHOLDER
vehiculos/roadster/berkeley-sports-sa322.jpg,vehiculos/roadster,Roadster,Berkeley,Sports,SA322,berkeley-sports-sa322,631,PLACEHOLDER
vehiculos/roadster/berkeley-sports-se328.jpg,vehiculos/roadster,Roadster,Berkeley,Sports,SE328,berkeley-sports-se328,631,PLACEHOLDER
vehiculos/roadster/berkeley-sports-se492-twosome.jpg,vehiculos/roadster,Roadster,Berkeley,Sports,SE492 (Twosome),berkeley-sports-se492-twosome,631,PLACEHOLDER
vehiculos/roadster/bizzarrini-p538-p538s.jpg,vehiculos/roadster,Roadster,Bizzarrini,P538,P538S,bizzarrini-p538-p538s,631,PLACEHOLDER
vehiculos/roadster/bmw-507-507.jpg,vehiculos/roadster,Roadster,BMW,507,507,bmw-507-507,631,PLACEHOLDER
vehiculos/roadster/bmw-z1-z1.jpg,vehiculos/roadster,Roadster,BMW,Z1,Z1,bmw-z1-z1,631,PLACEHOLDER
vehiculos/roadster/bugatti-type-13-type-13-brescia.jpg,vehiculos/roadster,Roadster,Bugatti,Type 13,Type 13 Brescia,bugatti-type-13-type-13-brescia,631,PLACEHOLDER
vehiculos/roadster/bugatti-type-35-type-35.jpg,vehiculos/roadster,Roadster,Bugatti,Type 35,Type 35,bugatti-type-35-type-35,631,PLACEHOLDER
vehiculos/roadster/caterham-21-21.jpg,vehiculos/roadster,Roadster,Caterham,21,21,caterham-21-21,631,PLACEHOLDER
vehiculos/roadster/caterham-seven-hpc.jpg,vehiculos/roadster,Roadster,Caterham,Seven,HPC,caterham-seven-hpc,631,PLACEHOLDER
vehiculos/roadster/caterham-seven-jpe.jpg,vehiculos/roadster,Roadster,Caterham,Seven,JPE,caterham-seven-jpe,631,PLACEHOLDER
vehiculos/roadster/caterham-seven-series-3-ford-lotus-twin-cam.jpg,vehiculos/roadster,Roadster,Caterham,Seven,Series 3 (Ford-Lotus Twin Cam),caterham-seven-series-3-ford-lotus-twin-cam,631,PLACEHOLDER
vehiculos/roadster/caterham-seven-super-sprint-ford-crossflow.jpg,vehiculos/roadster,Roadster,Caterham,Seven,Super Sprint (Ford Crossflow),caterham-seven-super-sprint-ford-crossflow,631,PLACEHOLDER
vehiculos/roadster/chevrolet-corvette-c1.jpg,vehiculos/roadster,Roadster,Chevrolet,Corvette,C1,chevrolet-corvette-c1,631,PLACEHOLDER
vehiculos/roadster/crosley-crosley-hotshot-vc-roadster.jpg,vehiculos/roadster,Roadster,Crosley,Crosley Hotshot,VC (Roadster),crosley-crosley-hotshot-vc-roadster,631,PLACEHOLDER
vehiculos/roadster/crosley-crosley-super-sports-vc-roadster.jpg,vehiculos/roadster,Roadster,Crosley,Crosley Super Sports,VC (Roadster),crosley-crosley-super-sports-vc-roadster,631,PLACEHOLDER
vehiculos/roadster/daimler-conquest-roadster-conquest-roadster-dj254.jpg,vehiculos/roadster,Roadster,Daimler,Conquest Roadster,Conquest Roadster DJ254,daimler-conquest-roadster-conquest-roadster-dj254,631,PLACEHOLDER
vehiculos/roadster/daimler-sp250-sp250-dart.jpg,vehiculos/roadster,Roadster,Daimler,SP250,SP250 (Dart),daimler-sp250-sp250-dart,631,PLACEHOLDER
vehiculos/roadster/darracq-200-hp-record-de-velocidad-en-tierra.jpg,vehiculos/roadster,Roadster,Darracq,200 HP,Record de velocidad en tierra,darracq-200-hp-record-de-velocidad-en-tierra,631,PLACEHOLDER
vehiculos/roadster/darracq-gordon-bennett-racer-gordon-bennett-1904.jpg,vehiculos/roadster,Roadster,Darracq,Gordon Bennett Racer,Gordon Bennett 1904,darracq-gordon-bennett-racer-gordon-bennett-1904,631,PLACEHOLDER
vehiculos/roadster/darracq-talbot-darracq-56-voiturette-de-carreras.jpg,vehiculos/roadster,Roadster,Darracq,Talbot-Darracq 56,Voiturette de carreras,darracq-talbot-darracq-56-voiturette-de-carreras,631,PLACEHOLDER
vehiculos/roadster/darracq-vanderbilt-cup-racer-100-hp.jpg,vehiculos/roadster,Roadster,Darracq,Vanderbilt Cup Racer,100 HP,darracq-vanderbilt-cup-racer-100-hp,631,PLACEHOLDER
vehiculos/roadster/datsun-fairlady-1500-sp310-spl310.jpg,vehiculos/roadster,Roadster,Datsun,Fairlady 1500,SP310 / SPL310,datsun-fairlady-1500-sp310-spl310,631,PLACEHOLDER
vehiculos/roadster/datsun-fairlady-1600-sports-1600-sp311-spl311.jpg,vehiculos/roadster,Roadster,Datsun,Fairlady 1600 / Sports 1600,SP311 / SPL311,datsun-fairlady-1600-sports-1600-sp311-spl311,631,PLACEHOLDER
vehiculos/roadster/datsun-fairlady-2000-sports-2000-sr311-srl311.jpg,vehiculos/roadster,Roadster,Datsun,Fairlady 2000 / Sports 2000,SR311 / SRL311,datsun-fairlady-2000-sports-2000-sr311-srl311,631,PLACEHOLDER
vehiculos/roadster/delage-d8-d8-s.jpg,vehiculos/roadster,Roadster,Delage,D8,D8 S,delage-d8-d8-s,631,PLACEHOLDER
vehiculos/roadster/delage-di-di-ss.jpg,vehiculos/roadster,Roadster,Delage,DI,DI SS,delage-di-di-ss,631,PLACEHOLDER
vehiculos/roadster/delahaye-type-135-type-135-ms.jpg,vehiculos/roadster,Roadster,Delahaye,Type 135,Type 135 MS,delahaye-type-135-type-135-ms,631,PLACEHOLDER
vehiculos/roadster/delahaye-type-145-type-145.jpg,vehiculos/roadster,Roadster,Delahaye,Type 145,Type 145,delahaye-type-145-type-145,631,PLACEHOLDER
vehiculos/roadster/delahaye-type-155-type-155.jpg,vehiculos/roadster,Roadster,Delahaye,Type 155,Type 155,delahaye-type-155-type-155,631,PLACEHOLDER
vehiculos/roadster/delahaye-type-165-type-165.jpg,vehiculos/roadster,Roadster,Delahaye,Type 165,Type 165,delahaye-type-165-type-165,631,PLACEHOLDER
vehiculos/roadster/dkw-typ-p-typ-p.jpg,vehiculos/roadster,Roadster,DKW,Typ P,Typ P,dkw-typ-p-typ-p,631,PLACEHOLDER
vehiculos/roadster/duesenberg-model-ssj-model-ssj-batalla-corta.jpg,vehiculos/roadster,Roadster,Duesenberg,Model SSJ,Model SSJ (batalla corta),duesenberg-model-ssj-model-ssj-batalla-corta,631,PLACEHOLDER
vehiculos/roadster/fiat-x1-9-x1-9-1300.jpg,vehiculos/roadster,Roadster,Fiat,X1/9,X1/9 1300,fiat-x1-9-x1-9-1300,631,PLACEHOLDER
vehiculos/roadster/fiat-x1-9-x1-9-1500-bertone.jpg,vehiculos/roadster,Roadster,Fiat,X1/9,X1/9 1500 (Bertone),fiat-x1-9-x1-9-1500-bertone,631,PLACEHOLDER
vehiculos/roadster/franklin-type-a-type-a.jpg,vehiculos/roadster,Roadster,Franklin,Type A,Type A,franklin-type-a-type-a,631,PLACEHOLDER
vehiculos/roadster/franklin-type-e-type-e.jpg,vehiculos/roadster,Roadster,Franklin,Type E,Type E,franklin-type-e-type-e,631,PLACEHOLDER
vehiculos/roadster/frazer-nash-315-1-frazer-nash-bmw.jpg,vehiculos/roadster,Roadster,Frazer Nash,315/1,Frazer Nash-BMW,frazer-nash-315-1-frazer-nash-bmw,631,PLACEHOLDER
vehiculos/roadster/frazer-nash-319-1-frazer-nash-bmw.jpg,vehiculos/roadster,Roadster,Frazer Nash,319/1,Frazer Nash-BMW,frazer-nash-319-1-frazer-nash-bmw,631,PLACEHOLDER
vehiculos/roadster/frazer-nash-328-frazer-nash-bmw.jpg,vehiculos/roadster,Roadster,Frazer Nash,328,Frazer Nash-BMW,frazer-nash-328-frazer-nash-bmw,631,PLACEHOLDER
vehiculos/roadster/frazer-nash-boulogne-chain-gang.jpg,vehiculos/roadster,Roadster,Frazer Nash,Boulogne,Chain Gang,frazer-nash-boulogne-chain-gang,631,PLACEHOLDER
vehiculos/roadster/frazer-nash-colmore-chain-gang.jpg,vehiculos/roadster,Roadster,Frazer Nash,Colmore,Chain Gang,frazer-nash-colmore-chain-gang,631,PLACEHOLDER
vehiculos/roadster/frazer-nash-dkw-posguerra-afn.jpg,vehiculos/roadster,Roadster,Frazer Nash,DKW,Posguerra (AFN),frazer-nash-dkw-posguerra-afn,631,PLACEHOLDER
vehiculos/roadster/frazer-nash-exeter-chain-gang.jpg,vehiculos/roadster,Roadster,Frazer Nash,Exeter,Chain Gang,frazer-nash-exeter-chain-gang,631,PLACEHOLDER
vehiculos/roadster/frazer-nash-falcon-chain-gang.jpg,vehiculos/roadster,Roadster,Frazer Nash,Falcon,Chain Gang,frazer-nash-falcon-chain-gang,631,PLACEHOLDER
vehiculos/roadster/frazer-nash-fast-tourer-super-sports-chain-gang.jpg,vehiculos/roadster,Roadster,Frazer Nash,Fast Tourer / Super Sports,Chain Gang,frazer-nash-fast-tourer-super-sports-chain-gang,631,PLACEHOLDER
vehiculos/roadster/frazer-nash-fn48-posguerra-afn.jpg,vehiculos/roadster,Roadster,Frazer Nash,FN48,Posguerra (AFN),frazer-nash-fn48-posguerra-afn,631,PLACEHOLDER
vehiculos/roadster/frazer-nash-interceptor-sportop-falcon-chain-gang.jpg,vehiculos/roadster,Roadster,Frazer Nash,Interceptor / Sportop / Falcon,Chain Gang,frazer-nash-interceptor-sportop-falcon-chain-gang,631,PLACEHOLDER
vehiculos/roadster/frazer-nash-le-mans-replica-posguerra-afn.jpg,vehiculos/roadster,Roadster,Frazer Nash,Le Mans Replica,Posguerra (AFN),frazer-nash-le-mans-replica-posguerra-afn,631,PLACEHOLDER
vehiculos/roadster/frazer-nash-mille-miglia-posguerra-afn.jpg,vehiculos/roadster,Roadster,Frazer Nash,Mille Miglia,Posguerra (AFN),frazer-nash-mille-miglia-posguerra-afn,631,PLACEHOLDER
vehiculos/roadster/frazer-nash-nurburg-chain-gang.jpg,vehiculos/roadster,Roadster,Frazer Nash,Nurburg,Chain Gang,frazer-nash-nurburg-chain-gang,631,PLACEHOLDER
vehiculos/roadster/frazer-nash-sebring-posguerra-afn.jpg,vehiculos/roadster,Roadster,Frazer Nash,Sebring,Posguerra (AFN),frazer-nash-sebring-posguerra-afn,631,PLACEHOLDER
vehiculos/roadster/frazer-nash-shelsley-chain-gang.jpg,vehiculos/roadster,Roadster,Frazer Nash,Shelsley,Chain Gang,frazer-nash-shelsley-chain-gang,631,PLACEHOLDER
vehiculos/roadster/frazer-nash-targa-florio-posguerra-afn.jpg,vehiculos/roadster,Roadster,Frazer Nash,Targa Florio,Posguerra (AFN),frazer-nash-targa-florio-posguerra-afn,631,PLACEHOLDER
vehiculos/roadster/frazer-nash-tt-replica-chain-gang.jpg,vehiculos/roadster,Roadster,Frazer Nash,TT Replica,Chain Gang,frazer-nash-tt-replica-chain-gang,631,PLACEHOLDER
vehiculos/roadster/frazer-nash-ulster-100-chain-gang.jpg,vehiculos/roadster,Roadster,Frazer Nash,Ulster 100,Chain Gang,frazer-nash-ulster-100-chain-gang,631,PLACEHOLDER
vehiculos/roadster/frazer-nash-ulster-chain-gang.jpg,vehiculos/roadster,Roadster,Frazer Nash,Ulster,Chain Gang,frazer-nash-ulster-chain-gang,631,PLACEHOLDER
vehiculos/roadster/ginetta-g10-g10.jpg,vehiculos/roadster,Roadster,Ginetta,G10,G10,ginetta-g10-g10,631,PLACEHOLDER
vehiculos/roadster/ginetta-g11-g11.jpg,vehiculos/roadster,Roadster,Ginetta,G11,G11,ginetta-g11-g11,631,PLACEHOLDER
vehiculos/roadster/ginetta-g2-g2.jpg,vehiculos/roadster,Roadster,Ginetta,G2,G2,ginetta-g2-g2,631,PLACEHOLDER
vehiculos/roadster/ginetta-g3-g3.jpg,vehiculos/roadster,Roadster,Ginetta,G3,G3,ginetta-g3-g3,631,PLACEHOLDER
vehiculos/roadster/ginetta-g33-g33-sc.jpg,vehiculos/roadster,Roadster,Ginetta,G33,G33 SC,ginetta-g33-g33-sc,631,PLACEHOLDER
vehiculos/roadster/ginetta-g33-g33-series-1.jpg,vehiculos/roadster,Roadster,Ginetta,G33,G33 Series 1,ginetta-g33-g33-series-1,631,PLACEHOLDER
vehiculos/roadster/ginetta-g33-g33-series-2.jpg,vehiculos/roadster,Roadster,Ginetta,G33,G33 Series 2,ginetta-g33-g33-series-2,631,PLACEHOLDER
vehiculos/roadster/ginetta-g34-g34-g40-en-uk.jpg,vehiculos/roadster,Roadster,Ginetta,G34,G34 (G40 en UK),ginetta-g34-g34-g40-en-uk,631,PLACEHOLDER
vehiculos/roadster/ginetta-g4-g4-series-1.jpg,vehiculos/roadster,Roadster,Ginetta,G4,G4 Series 1,ginetta-g4-g4-series-1,631,PLACEHOLDER
vehiculos/roadster/ginetta-g4-g4-series-2.jpg,vehiculos/roadster,Roadster,Ginetta,G4,G4 Series 2,ginetta-g4-g4-series-2,631,PLACEHOLDER
vehiculos/roadster/ginetta-g4-g4-series-3.jpg,vehiculos/roadster,Roadster,Ginetta,G4,G4 Series 3,ginetta-g4-g4-series-3,631,PLACEHOLDER
vehiculos/roadster/ginetta-g4-g4-series-4.jpg,vehiculos/roadster,Roadster,Ginetta,G4,G4 Series 4,ginetta-g4-g4-series-4,631,PLACEHOLDER
vehiculos/roadster/hispano-suiza-alfonso-xiii-16v-tipo-26-t26.jpg,vehiculos/roadster,Roadster,Hispano-Suiza,Alfonso XIII 16v,Tipo 26 (T26),hispano-suiza-alfonso-xiii-16v-tipo-26-t26,631,PLACEHOLDER
vehiculos/roadster/hispano-suiza-alfonso-xiii-tipo-45-t45.jpg,vehiculos/roadster,Roadster,Hispano-Suiza,Alfonso XIII,Tipo 45 (T45),hispano-suiza-alfonso-xiii-tipo-45-t45,631,PLACEHOLDER
vehiculos/roadster/honda-beat-beat-pp1.jpg,vehiculos/roadster,Roadster,Honda,Beat,Beat (PP1),honda-beat-beat-pp1,631,PLACEHOLDER
vehiculos/roadster/honda-s500-s500-as280.jpg,vehiculos/roadster,Roadster,Honda,S500,S500 (AS280),honda-s500-s500-as280,631,PLACEHOLDER
vehiculos/roadster/honda-s600-s600-as285.jpg,vehiculos/roadster,Roadster,Honda,S600,S600 (AS285),honda-s600-s600-as285,631,PLACEHOLDER
vehiculos/roadster/honda-s800-s800-as800.jpg,vehiculos/roadster,Roadster,Honda,S800,S800 (AS800),honda-s800-s800-as800,631,PLACEHOLDER
vehiculos/roadster/horch-horch-855-855.jpg,vehiculos/roadster,Roadster,Horch,Horch 855,855,horch-horch-855-855,631,PLACEHOLDER
vehiculos/roadster/hudson-model-20-model-20.jpg,vehiculos/roadster,Roadster,Hudson,Model 20,Model 20,hudson-model-20-model-20,631,PLACEHOLDER
vehiculos/roadster/hupmobile-model-20-model-20.jpg,vehiculos/roadster,Roadster,Hupmobile,Model 20,Model 20,hupmobile-model-20-model-20,631,PLACEHOLDER
vehiculos/roadster/hupmobile-model-k-model-k.jpg,vehiculos/roadster,Roadster,Hupmobile,Model K,Model K,hupmobile-model-k-model-k,631,PLACEHOLDER
vehiculos/roadster/intermeccanica-356-speedster-speedster-santa-ana.jpg,vehiculos/roadster,Roadster,Intermeccanica,356 Speedster,Speedster (Santa Ana),intermeccanica-356-speedster-speedster-santa-ana,631,PLACEHOLDER
vehiculos/roadster/intermeccanica-squire-ss100-squire-ss100.jpg,vehiculos/roadster,Roadster,Intermeccanica,Squire SS100,Squire SS100,intermeccanica-squire-ss100-squire-ss100,631,PLACEHOLDER
vehiculos/roadster/jaguar-e-type-series-1.jpg,vehiculos/roadster,Roadster,Jaguar,E-Type,Series 1,jaguar-e-type-series-1,631,PLACEHOLDER
vehiculos/roadster/jaguar-e-type-series-2.jpg,vehiculos/roadster,Roadster,Jaguar,E-Type,Series 2,jaguar-e-type-series-2,631,PLACEHOLDER
vehiculos/roadster/jaguar-e-type-series-3.jpg,vehiculos/roadster,Roadster,Jaguar,E-Type,Series 3,jaguar-e-type-series-3,631,PLACEHOLDER
vehiculos/roadster/jaguar-xk120-xk120.jpg,vehiculos/roadster,Roadster,Jaguar,XK120,XK120,jaguar-xk120-xk120,631,PLACEHOLDER
vehiculos/roadster/jaguar-xk140-xk140.jpg,vehiculos/roadster,Roadster,Jaguar,XK140,XK140,jaguar-xk140-xk140,631,PLACEHOLDER
vehiculos/roadster/jaguar-xk150-xk150.jpg,vehiculos/roadster,Roadster,Jaguar,XK150,XK150,jaguar-xk150-xk150,631,PLACEHOLDER
vehiculos/roadster/jensen-jensen-healey-jensen-healey-mki.jpg,vehiculos/roadster,Roadster,Jensen,Jensen-Healey,Jensen-Healey MK.I,jensen-jensen-healey-jensen-healey-mki,631,PLACEHOLDER
vehiculos/roadster/jensen-jensen-healey-jensen-healey-mkii-jh5.jpg,vehiculos/roadster,Roadster,Jensen,Jensen-Healey,Jensen-Healey MK.II (JH5),jensen-jensen-healey-jensen-healey-mkii-jh5,631,PLACEHOLDER
vehiculos/roadster/jowett-6-hp-6-hp.jpg,vehiculos/roadster,Roadster,Jowett,6 hp,6 hp,jowett-6-hp-6-hp,631,PLACEHOLDER
vehiculos/roadster/jowett-flying-fox-flying-fox-long-seven.jpg,vehiculos/roadster,Roadster,Jowett,Flying Fox,Flying Fox (Long Seven),jowett-flying-fox-flying-fox-long-seven,631,PLACEHOLDER
vehiculos/roadster/jowett-weasel-weasel-long-seven.jpg,vehiculos/roadster,Roadster,Jowett,Weasel,Weasel (Long Seven),jowett-weasel-weasel-long-seven,631,PLACEHOLDER
vehiculos/roadster/kaiser-darrin-darrin-161.jpg,vehiculos/roadster,Roadster,Kaiser,Darrin,Darrin 161,kaiser-darrin-darrin-161,631,PLACEHOLDER
vehiculos/roadster/kia-elan-elan-m100-vigato.jpg,vehiculos/roadster,Roadster,Kia,Elan,Elan (M100 / Vigato),kia-elan-elan-m100-vigato,631,PLACEHOLDER
vehiculos/roadster/kurogane-type-95-type-95-type-a.jpg,vehiculos/roadster,Roadster,Kurogane,Type 95,Type 95 Type A,kurogane-type-95-type-95-type-a,631,PLACEHOLDER
vehiculos/roadster/lea-francis-14-14hp-sports.jpg,vehiculos/roadster,Roadster,Lea-Francis,14,14hp Sports,lea-francis-14-14hp-sports,631,PLACEHOLDER
vehiculos/roadster/lea-francis-2-litre-2-litre-sports.jpg,vehiculos/roadster,Roadster,Lea-Francis,2½ Litre,2½ Litre Sports,lea-francis-2-litre-2-litre-sports,631,PLACEHOLDER
vehiculos/roadster/lea-francis-hyper-tipo-s.jpg,vehiculos/roadster,Roadster,Lea-Francis,Hyper,Tipo S,lea-francis-hyper-tipo-s,631,PLACEHOLDER
vehiculos/roadster/lea-francis-lynx-lynx.jpg,vehiculos/roadster,Roadster,Lea-Francis,Lynx,Lynx,lea-francis-lynx-lynx,631,PLACEHOLDER
vehiculos/roadster/lotus-340r-340r-type-111.jpg,vehiculos/roadster,Roadster,Lotus,340R,340R (Type 111),lotus-340r-340r-type-111,631,PLACEHOLDER
vehiculos/roadster/lotus-elan-elan-m100.jpg,vehiculos/roadster,Roadster,Lotus,Elan,Elan M100,lotus-elan-elan-m100,631,PLACEHOLDER
vehiculos/roadster/lotus-elan-elan-type-26-s1-sprint.jpg,vehiculos/roadster,Roadster,Lotus,Elan,Elan (Type 26/S1-Sprint),lotus-elan-elan-type-26-s1-sprint,631,PLACEHOLDER
vehiculos/roadster/lotus-seven-seven-s2-s3.jpg,vehiculos/roadster,Roadster,Lotus,Seven,Seven S2/S3,lotus-seven-seven-s2-s3,631,PLACEHOLDER
vehiculos/roadster/mazda-mx-5-miata-na-1a-gen.jpg,vehiculos/roadster,Roadster,Mazda,MX-5 (Miata),NA (1a gen),mazda-mx-5-miata-na-1a-gen,631,PLACEHOLDER
vehiculos/roadster/mercedes-benz-190-sl-w121-bii.jpg,vehiculos/roadster,Roadster,Mercedes-Benz,190 SL,W121 BII,mercedes-benz-190-sl-w121-bii,631,PLACEHOLDER
vehiculos/roadster/mercedes-benz-300-sl-roadster-w198.jpg,vehiculos/roadster,Roadster,Mercedes-Benz,300 SL Roadster,W198,mercedes-benz-300-sl-roadster-w198,631,PLACEHOLDER
vehiculos/roadster/mercedes-benz-sl-pagoda-w113.jpg,vehiculos/roadster,Roadster,Mercedes-Benz,SL Pagoda,W113,mercedes-benz-sl-pagoda-w113,631,PLACEHOLDER
vehiculos/roadster/mercedes-benz-sl-r107.jpg,vehiculos/roadster,Roadster,Mercedes-Benz,SL,R107,mercedes-benz-sl-r107,631,PLACEHOLDER
vehiculos/roadster/messerschmitt-kr201-kr201.jpg,vehiculos/roadster,Roadster,Messerschmitt,KR201,KR201,messerschmitt-kr201-kr201,631,PLACEHOLDER
vehiculos/roadster/mg-mg-midget-1500.jpg,vehiculos/roadster,Roadster,MG,MG Midget,1500,mg-mg-midget-1500,631,PLACEHOLDER
vehiculos/roadster/mg-mg-midget-mk-i.jpg,vehiculos/roadster,Roadster,MG,MG Midget,Mk I,mg-mg-midget-mk-i,631,PLACEHOLDER
vehiculos/roadster/mg-mg-midget-mk-ii.jpg,vehiculos/roadster,Roadster,MG,MG Midget,Mk II,mg-mg-midget-mk-ii,631,PLACEHOLDER
vehiculos/roadster/mg-mg-midget-mk-iii.jpg,vehiculos/roadster,Roadster,MG,MG Midget,Mk III,mg-mg-midget-mk-iii,631,PLACEHOLDER
vehiculos/roadster/mg-mg-rv8-mg-rv8.jpg,vehiculos/roadster,Roadster,MG,MG RV8,MG RV8,mg-mg-rv8-mg-rv8,631,PLACEHOLDER
vehiculos/roadster/mg-mg-tc-t-type-tc.jpg,vehiculos/roadster,Roadster,MG,MG TC,T-type TC,mg-mg-tc-t-type-tc,631,PLACEHOLDER
vehiculos/roadster/mg-mg-td-t-type-td.jpg,vehiculos/roadster,Roadster,MG,MG TD,T-type TD,mg-mg-td-t-type-td,631,PLACEHOLDER
vehiculos/roadster/mg-mg-tf-t-type-tf.jpg,vehiculos/roadster,Roadster,MG,MG TF,T-type TF,mg-mg-tf-t-type-tf,631,PLACEHOLDER
vehiculos/roadster/mg-mga-mga-1500.jpg,vehiculos/roadster,Roadster,MG,MGA,MGA 1500,mg-mga-mga-1500,631,PLACEHOLDER
vehiculos/roadster/mg-mga-mga-1600-mk-ii.jpg,vehiculos/roadster,Roadster,MG,MGA,MGA 1600 Mk II,mg-mga-mga-1600-mk-ii,631,PLACEHOLDER
vehiculos/roadster/mg-mga-mga-1600.jpg,vehiculos/roadster,Roadster,MG,MGA,MGA 1600,mg-mga-mga-1600,631,PLACEHOLDER
vehiculos/roadster/mg-mga-mga-twin-cam.jpg,vehiculos/roadster,Roadster,MG,MGA,MGA Twin Cam,mg-mga-mga-twin-cam,631,PLACEHOLDER
vehiculos/roadster/mg-mgb-mgb-roadster.jpg,vehiculos/roadster,Roadster,MG,MGB,MGB Roadster,mg-mgb-mgb-roadster,631,PLACEHOLDER
vehiculos/roadster/morgan-4-4-4-4-1600.jpg,vehiculos/roadster,Roadster,Morgan,4/4,4/4 1600,morgan-4-4-4-4-1600,631,PLACEHOLDER
vehiculos/roadster/morgan-4-4-series-i.jpg,vehiculos/roadster,Roadster,Morgan,4/4,Series I,morgan-4-4-series-i,631,PLACEHOLDER
vehiculos/roadster/morgan-4-4-series-ii.jpg,vehiculos/roadster,Roadster,Morgan,4/4,Series II,morgan-4-4-series-ii,631,PLACEHOLDER
vehiculos/roadster/morgan-4-4-series-iii.jpg,vehiculos/roadster,Roadster,Morgan,4/4,Series III,morgan-4-4-series-iii,631,PLACEHOLDER
vehiculos/roadster/morgan-4-4-series-iv.jpg,vehiculos/roadster,Roadster,Morgan,4/4,Series IV,morgan-4-4-series-iv,631,PLACEHOLDER
vehiculos/roadster/morgan-4-4-series-v.jpg,vehiculos/roadster,Roadster,Morgan,4/4,Series V,morgan-4-4-series-v,631,PLACEHOLDER
vehiculos/roadster/morgan-plus-4-1a-serie-1950-1969.jpg,vehiculos/roadster,Roadster,Morgan,Plus 4,1a serie (1950-1969),morgan-plus-4-1a-serie-1950-1969,631,PLACEHOLDER
vehiculos/roadster/morgan-plus-4-2a-serie-1985-2000.jpg,vehiculos/roadster,Roadster,Morgan,Plus 4,2a serie (1985-2000),morgan-plus-4-2a-serie-1985-2000,631,PLACEHOLDER
vehiculos/roadster/nash-nash-healey-nash-healey-1951-1952-carroceria-britanica.jpg,vehiculos/roadster,Roadster,Nash,Nash-Healey,"Nash-Healey (1951-1952, carroceria britanica)",nash-nash-healey-nash-healey-1951-1952-carroceria-britanica,631,PLACEHOLDER
vehiculos/roadster/nash-nash-healey-nash-healey-pininfarina-1952-1954.jpg,vehiculos/roadster,Roadster,Nash,Nash-Healey,Nash-Healey Pininfarina (1952-1954),nash-nash-healey-nash-healey-pininfarina-1952-1954,631,PLACEHOLDER
vehiculos/roadster/noble-m10-m10.jpg,vehiculos/roadster,Roadster,Noble,M10,M10,noble-m10-m10,631,PLACEHOLDER
vehiculos/roadster/oldsmobile-curved-dash-curved-dash-runabout.jpg,vehiculos/roadster,Roadster,Oldsmobile,Curved Dash,Curved Dash Runabout,oldsmobile-curved-dash-curved-dash-runabout,631,PLACEHOLDER
vehiculos/roadster/osca-mt4-mt4-1100-monoarbol.jpg,vehiculos/roadster,Roadster,OSCA,MT4,MT4 1100 (monoarbol),osca-mt4-mt4-1100-monoarbol,631,PLACEHOLDER
vehiculos/roadster/osca-mt4-mt4-1350-monoarbol.jpg,vehiculos/roadster,Roadster,OSCA,MT4,MT4 1350 (monoarbol),osca-mt4-mt4-1350-monoarbol,631,PLACEHOLDER
vehiculos/roadster/osca-mt4-mt4-2ad-1100.jpg,vehiculos/roadster,Roadster,OSCA,MT4,MT4-2AD 1100,osca-mt4-mt4-2ad-1100,631,PLACEHOLDER
vehiculos/roadster/osca-mt4-mt4-2ad-1350.jpg,vehiculos/roadster,Roadster,OSCA,MT4,MT4-2AD 1350,osca-mt4-mt4-2ad-1350,631,PLACEHOLDER
vehiculos/roadster/osca-mt4-mt4-2ad-1450.jpg,vehiculos/roadster,Roadster,OSCA,MT4,MT4-2AD 1450,osca-mt4-mt4-2ad-1450,631,PLACEHOLDER
vehiculos/roadster/osca-mt4-mt4-2ad-1500.jpg,vehiculos/roadster,Roadster,OSCA,MT4,MT4-2AD 1500,osca-mt4-mt4-2ad-1500,631,PLACEHOLDER
vehiculos/roadster/osca-mt4-mt4-tn-1500-tn.jpg,vehiculos/roadster,Roadster,OSCA,MT4,MT4 TN-1500 TN,osca-mt4-mt4-tn-1500-tn,631,PLACEHOLDER
vehiculos/roadster/packard-model-a-model-a.jpg,vehiculos/roadster,Roadster,Packard,Model A,Model A,packard-model-a-model-a,631,PLACEHOLDER
vehiculos/roadster/packard-model-b-model-b.jpg,vehiculos/roadster,Roadster,Packard,Model B,Model B,packard-model-b-model-b,631,PLACEHOLDER
vehiculos/roadster/packard-model-c-model-c.jpg,vehiculos/roadster,Roadster,Packard,Model C,Model C,packard-model-c-model-c,631,PLACEHOLDER
vehiculos/roadster/packard-model-f-model-f.jpg,vehiculos/roadster,Roadster,Packard,Model F,Model F,packard-model-f-model-f,631,PLACEHOLDER
vehiculos/roadster/packard-model-k-model-k.jpg,vehiculos/roadster,Roadster,Packard,Model K,Model K,packard-model-k-model-k,631,PLACEHOLDER
vehiculos/roadster/packard-model-l-model-l.jpg,vehiculos/roadster,Roadster,Packard,Model L,Model L,packard-model-l-model-l,631,PLACEHOLDER
vehiculos/roadster/packard-model-n-model-n.jpg,vehiculos/roadster,Roadster,Packard,Model N,Model N,packard-model-n-model-n,631,PLACEHOLDER
vehiculos/roadster/packard-speedster-eight-speedster-eight-7a-serie.jpg,vehiculos/roadster,Roadster,Packard,Speedster Eight,Speedster Eight (7a Serie),packard-speedster-eight-speedster-eight-7a-serie,631,PLACEHOLDER
vehiculos/roadster/panhard-dyna-junior-dyna-junior.jpg,vehiculos/roadster,Roadster,Panhard,Dyna Junior,Dyna Junior,panhard-dyna-junior-dyna-junior,631,PLACEHOLDER
vehiculos/roadster/panoz-aiv-roadster-aiv-roadster.jpg,vehiculos/roadster,Roadster,Panoz,AIV Roadster,AIV Roadster,panoz-aiv-roadster-aiv-roadster,631,PLACEHOLDER
vehiculos/roadster/panoz-roadster-roadster-original.jpg,vehiculos/roadster,Roadster,Panoz,Roadster,Roadster (original),panoz-roadster-roadster-original,631,PLACEHOLDER
vehiculos/roadster/panther-brooklands-brooklands-j72-re-ingenierizado.jpg,vehiculos/roadster,Roadster,Panther,Brooklands,Brooklands (J72 re-ingenierizado),panther-brooklands-brooklands-j72-re-ingenierizado,631,PLACEHOLDER
vehiculos/roadster/panther-j72-j72.jpg,vehiculos/roadster,Roadster,Panther,J72,J72,panther-j72-j72,631,PLACEHOLDER
vehiculos/roadster/panther-kallista-kallista.jpg,vehiculos/roadster,Roadster,Panther,Kallista,Kallista,panther-kallista-kallista,631,PLACEHOLDER
vehiculos/roadster/panther-lima-lima-serie-1-mk1.jpg,vehiculos/roadster,Roadster,Panther,Lima,Lima Serie 1 (Mk1),panther-lima-lima-serie-1-mk1,631,PLACEHOLDER
vehiculos/roadster/panther-lima-lima-serie-2-mk2.jpg,vehiculos/roadster,Roadster,Panther,Lima,Lima Serie 2 (Mk2),panther-lima-lima-serie-2-mk2,631,PLACEHOLDER
vehiculos/roadster/pierce-arrow-arrow-arrow.jpg,vehiculos/roadster,Roadster,Pierce-Arrow,Arrow,Arrow,pierce-arrow-arrow-arrow,631,PLACEHOLDER
vehiculos/roadster/plymouth-prowler-prowler-1997-2000-pr.jpg,vehiculos/roadster,Roadster,Plymouth,Prowler,Prowler (1997-2000) PR,plymouth-prowler-prowler-1997-2000-pr,631,PLACEHOLDER
vehiculos/roadster/porsche-914-914-4.jpg,vehiculos/roadster,Roadster,Porsche,914,914/4,porsche-914-914-4,631,PLACEHOLDER
vehiculos/roadster/porsche-914-914-6.jpg,vehiculos/roadster,Roadster,Porsche,914,914/6,porsche-914-914-6,631,PLACEHOLDER
vehiculos/roadster/reliant-sabre-sabre-4-se2.jpg,vehiculos/roadster,Roadster,Reliant,Sabre,Sabre 4 (SE2),reliant-sabre-sabre-4-se2,631,PLACEHOLDER
vehiculos/roadster/reliant-scimitar-sabre-sabre-1400-ford.jpg,vehiculos/roadster,Roadster,Reliant,Scimitar Sabre,Sabre 1400 (Ford),reliant-scimitar-sabre-sabre-1400-ford,631,PLACEHOLDER
vehiculos/roadster/reliant-scimitar-sabre-sabre-1400-rover-k.jpg,vehiculos/roadster,Roadster,Reliant,Scimitar Sabre,Sabre 1400 (Rover K),reliant-scimitar-sabre-sabre-1400-rover-k,631,PLACEHOLDER
vehiculos/roadster/reliant-scimitar-sabre-sabre-1800ti.jpg,vehiculos/roadster,Roadster,Reliant,Scimitar Sabre,Sabre 1800Ti,reliant-scimitar-sabre-sabre-1800ti,631,PLACEHOLDER
vehiculos/roadster/reliant-scimitar-ss1-ss1-1300.jpg,vehiculos/roadster,Roadster,Reliant,Scimitar SS1,SS1 1300,reliant-scimitar-ss1-ss1-1300,631,PLACEHOLDER
vehiculos/roadster/reliant-scimitar-ss1-ss1-1600.jpg,vehiculos/roadster,Roadster,Reliant,Scimitar SS1,SS1 1600,reliant-scimitar-ss1-ss1-1600,631,PLACEHOLDER
vehiculos/roadster/reliant-scimitar-ss1-ss1-1800ti.jpg,vehiculos/roadster,Roadster,Reliant,Scimitar SS1,SS1 1800Ti,reliant-scimitar-ss1-ss1-1800ti,631,PLACEHOLDER
vehiculos/roadster/reliant-scimitar-sst-sst-1400.jpg,vehiculos/roadster,Roadster,Reliant,Scimitar SST,SST 1400,reliant-scimitar-sst-sst-1400,631,PLACEHOLDER
vehiculos/roadster/reliant-scimitar-sst-sst-1800ti.jpg,vehiculos/roadster,Roadster,Reliant,Scimitar SST,SST 1800Ti,reliant-scimitar-sst-sst-1800ti,631,PLACEHOLDER
vehiculos/roadster/renault-sport-spider-sport-spider.jpg,vehiculos/roadster,Roadster,Renault,Sport Spider,Sport Spider,renault-sport-spider-sport-spider,631,PLACEHOLDER
vehiculos/roadster/riley-brooklands-nine-brooklands.jpg,vehiculos/roadster,Roadster,Riley,Brooklands,Nine Brooklands,riley-brooklands-nine-brooklands,631,PLACEHOLDER
vehiculos/roadster/riley-eleven-redwing-redwing-108-hp.jpg,vehiculos/roadster,Roadster,Riley,Eleven Redwing,Redwing (10.8 hp),riley-eleven-redwing-redwing-108-hp,631,PLACEHOLDER
vehiculos/roadster/riley-imp-nine-imp.jpg,vehiculos/roadster,Roadster,Riley,Imp,Nine Imp,riley-imp-nine-imp,631,PLACEHOLDER
vehiculos/roadster/riley-mph-mph.jpg,vehiculos/roadster,Roadster,Riley,MPH,MPH,riley-mph-mph,631,PLACEHOLDER
vehiculos/roadster/riley-rmc-rmc-roadster.jpg,vehiculos/roadster,Roadster,Riley,RMC,RMC Roadster,riley-rmc-rmc-roadster,631,PLACEHOLDER
vehiculos/roadster/riley-sprite-sprite-12-4.jpg,vehiculos/roadster,Roadster,Riley,Sprite,Sprite (12/4),riley-sprite-sprite-12-4,631,PLACEHOLDER
vehiculos/roadster/salmson-al-type-al.jpg,vehiculos/roadster,Roadster,Salmson,AL,Type AL,salmson-al-type-al,631,PLACEHOLDER
vehiculos/roadster/salmson-d-type-d.jpg,vehiculos/roadster,Roadster,Salmson,D,Type D,salmson-d-type-d,631,PLACEHOLDER
vehiculos/roadster/salmson-grand-sport-gs.jpg,vehiculos/roadster,Roadster,Salmson,Grand Sport,GS,salmson-grand-sport-gs,631,PLACEHOLDER
vehiculos/roadster/salmson-grand-sport-gs8.jpg,vehiculos/roadster,Roadster,Salmson,Grand Sport,GS8,salmson-grand-sport-gs8,631,PLACEHOLDER
vehiculos/roadster/salmson-val3-type-val3.jpg,vehiculos/roadster,Roadster,Salmson,VAL3,Type VAL3,salmson-val3-type-val3,631,PLACEHOLDER
vehiculos/roadster/shelby-cobra-cobra-mk1-260.jpg,vehiculos/roadster,Roadster,Shelby,Cobra,Cobra Mk1 (260),shelby-cobra-cobra-mk1-260,631,PLACEHOLDER
vehiculos/roadster/shelby-cobra-cobra-mk2-289.jpg,vehiculos/roadster,Roadster,Shelby,Cobra,Cobra Mk2 (289),shelby-cobra-cobra-mk2-289,631,PLACEHOLDER
vehiculos/roadster/shelby-cobra-cobra-mk3-427.jpg,vehiculos/roadster,Roadster,Shelby,Cobra,Cobra Mk3 (427),shelby-cobra-cobra-mk3-427,631,PLACEHOLDER
vehiculos/roadster/shelby-series-1-series-1.jpg,vehiculos/roadster,Roadster,Shelby,Series 1,Series 1,shelby-series-1-series-1,631,PLACEHOLDER
vehiculos/roadster/simson-supra-supra-typ-s-sport-ss.jpg,vehiculos/roadster,Roadster,Simson,Supra,Supra Typ S Sport (SS),simson-supra-supra-typ-s-sport-ss,631,PLACEHOLDER
vehiculos/roadster/simson-supra-supra-typ-s.jpg,vehiculos/roadster,Roadster,Simson,Supra,Supra Typ S,simson-supra-supra-typ-s,631,PLACEHOLDER
vehiculos/roadster/singer-1-litre-le-mans-six-sohc-1933-37.jpg,vehiculos/roadster,Roadster,Singer,1½ Litre Le Mans,Six SOHC (1933-37),singer-1-litre-le-mans-six-sohc-1933-37,631,PLACEHOLDER
vehiculos/roadster/singer-nine-le-mans-le-mans-1933-37.jpg,vehiculos/roadster,Roadster,Singer,Nine Le Mans,Le Mans (1933-37),singer-nine-le-mans-le-mans-1933-37,631,PLACEHOLDER
vehiculos/roadster/singer-nine-roadster-9-roadster-1939-49.jpg,vehiculos/roadster,Roadster,Singer,Nine Roadster,9 Roadster (1939-49),singer-nine-roadster-9-roadster-1939-49,631,PLACEHOLDER
vehiculos/roadster/singer-nine-roadster-series-4a.jpg,vehiculos/roadster,Roadster,Singer,Nine Roadster,Series 4A,singer-nine-roadster-series-4a,631,PLACEHOLDER
vehiculos/roadster/singer-nine-roadster-series-4ab.jpg,vehiculos/roadster,Roadster,Singer,Nine Roadster,Series 4AB,singer-nine-roadster-series-4ab,631,PLACEHOLDER
vehiculos/roadster/singer-nine-roadster-series-4ac.jpg,vehiculos/roadster,Roadster,Singer,Nine Roadster,Series 4AC,singer-nine-roadster-series-4ac,631,PLACEHOLDER
vehiculos/roadster/singer-nine-special-speed-special-speed-1935.jpg,vehiculos/roadster,Roadster,Singer,Nine Special Speed,Special Speed (1935),singer-nine-special-speed-special-speed-1935,631,PLACEHOLDER
vehiculos/roadster/singer-sm-roadster-series-4ad.jpg,vehiculos/roadster,Roadster,Singer,SM Roadster,Series 4AD,singer-sm-roadster-series-4ad,631,PLACEHOLDER
vehiculos/roadster/spyker-3-hp-spijker-3-hp.jpg,vehiculos/roadster,Roadster,Spyker,3 HP,Spijker 3 HP,spyker-3-hp-spijker-3-hp,631,PLACEHOLDER
vehiculos/roadster/spyker-5-hp-spijker-5-hp.jpg,vehiculos/roadster,Roadster,Spyker,5 HP,Spijker 5 HP,spyker-5-hp-spijker-5-hp,631,PLACEHOLDER
vehiculos/roadster/spyker-60-hp-spyker-60-hp-4wd.jpg,vehiculos/roadster,Roadster,Spyker,60 HP,Spyker 60 HP (4WD),spyker-60-hp-spyker-60-hp-4wd,631,PLACEHOLDER
vehiculos/roadster/ssangyong-kallista-kallista-rebadge-panther.jpg,vehiculos/roadster,Roadster,SsangYong,Kallista,Kallista (rebadge Panther),ssangyong-kallista-kallista-rebadge-panther,631,PLACEHOLDER
vehiculos/roadster/studebaker-electric-studebaker-electric-1902-1912.jpg,vehiculos/roadster,Roadster,Studebaker,Electric,Studebaker Electric (1902-1912),studebaker-electric-studebaker-electric-1902-1912,631,PLACEHOLDER
vehiculos/roadster/stutz-bearcat-bearcat-dv-32-1931-1933.jpg,vehiculos/roadster,Roadster,Stutz,Bearcat,Bearcat DV-32 (1931-1933),stutz-bearcat-bearcat-dv-32-1931-1933,631,PLACEHOLDER
vehiculos/roadster/stutz-bearcat-series-4e-4f-1914-1916.jpg,vehiculos/roadster,Roadster,Stutz,Bearcat,Series 4E/4F (1914-1916),stutz-bearcat-series-4e-4f-1914-1916,631,PLACEHOLDER
vehiculos/roadster/stutz-bearcat-series-a-b-1912-1913.jpg,vehiculos/roadster,Roadster,Stutz,Bearcat,Series A/B (1912-1913),stutz-bearcat-series-a-b-1912-1913,631,PLACEHOLDER
vehiculos/roadster/stutz-bearcat-series-g-h-1919-1920.jpg,vehiculos/roadster,Roadster,Stutz,Bearcat,Series G/H (1919-1920),stutz-bearcat-series-g-h-1919-1920,631,PLACEHOLDER
vehiculos/roadster/stutz-bearcat-series-k-kldh-1920-1922.jpg,vehiculos/roadster,Roadster,Stutz,Bearcat,Series K / KLDH (1920-1922),stutz-bearcat-series-k-kldh-1920-1922,631,PLACEHOLDER
vehiculos/roadster/stutz-bearcat-series-s-1917-1918.jpg,vehiculos/roadster,Roadster,Stutz,Bearcat,Series S (1917-1918),stutz-bearcat-series-s-1917-1918,631,PLACEHOLDER
vehiculos/roadster/stutz-speedway-four-speedway-four-1923-1924.jpg,vehiculos/roadster,Roadster,Stutz,Speedway Four,Speedway Four (1923-1924),stutz-speedway-four-speedway-four-1923-1924,631,PLACEHOLDER
vehiculos/roadster/stutz-speedway-six-speedway-six-1924.jpg,vehiculos/roadster,Roadster,Stutz,Speedway Six,Speedway Six (1924),stutz-speedway-six-speedway-six-1924,631,PLACEHOLDER
vehiculos/roadster/stutz-super-bearcat-super-bearcat-1933-1934.jpg,vehiculos/roadster,Roadster,Stutz,Super Bearcat,Super Bearcat (1933-1934),stutz-super-bearcat-super-bearcat-1933-1934,631,PLACEHOLDER
vehiculos/roadster/sunbeam-alpine-alpine-mk-i-mk-iii-1953-1955.jpg,vehiculos/roadster,Roadster,Sunbeam,Alpine,Alpine Mk I / Mk III (1953-1955),sunbeam-alpine-alpine-mk-i-mk-iii-1953-1955,631,PLACEHOLDER
vehiculos/roadster/sunbeam-alpine-alpine-series-i.jpg,vehiculos/roadster,Roadster,Sunbeam,Alpine,Alpine Series I,sunbeam-alpine-alpine-series-i,631,PLACEHOLDER
vehiculos/roadster/sunbeam-alpine-alpine-series-ii.jpg,vehiculos/roadster,Roadster,Sunbeam,Alpine,Alpine Series II,sunbeam-alpine-alpine-series-ii,631,PLACEHOLDER
vehiculos/roadster/sunbeam-alpine-alpine-series-iii.jpg,vehiculos/roadster,Roadster,Sunbeam,Alpine,Alpine Series III,sunbeam-alpine-alpine-series-iii,631,PLACEHOLDER
vehiculos/roadster/sunbeam-alpine-alpine-series-iv.jpg,vehiculos/roadster,Roadster,Sunbeam,Alpine,Alpine Series IV,sunbeam-alpine-alpine-series-iv,631,PLACEHOLDER
vehiculos/roadster/sunbeam-alpine-alpine-series-v.jpg,vehiculos/roadster,Roadster,Sunbeam,Alpine,Alpine Series V,sunbeam-alpine-alpine-series-v,631,PLACEHOLDER
vehiculos/roadster/sunbeam-tiger-tiger-mk-i-mk-ia.jpg,vehiculos/roadster,Roadster,Sunbeam,Tiger,Tiger Mk I / Mk IA,sunbeam-tiger-tiger-mk-i-mk-ia,631,PLACEHOLDER
vehiculos/roadster/sunbeam-tiger-tiger-mk-ii.jpg,vehiculos/roadster,Roadster,Sunbeam,Tiger,Tiger Mk II,sunbeam-tiger-tiger-mk-ii,631,PLACEHOLDER
vehiculos/roadster/suzuki-cappuccino-ea11r-ea21r.jpg,vehiculos/roadster,Roadster,Suzuki,Cappuccino,EA11R/EA21R,suzuki-cappuccino-ea11r-ea21r,631,PLACEHOLDER
vehiculos/roadster/triumph-1800-2000-roadster-roadster.jpg,vehiculos/roadster,Roadster,Triumph,1800/2000 Roadster,Roadster,triumph-1800-2000-roadster-roadster,631,PLACEHOLDER
vehiculos/roadster/triumph-tr2-tr2.jpg,vehiculos/roadster,Roadster,Triumph,TR2,TR2,triumph-tr2-tr2,631,PLACEHOLDER
vehiculos/roadster/triumph-tr3-tr3-tr3a.jpg,vehiculos/roadster,Roadster,Triumph,TR3,TR3 / TR3A,triumph-tr3-tr3-tr3a,631,PLACEHOLDER
vehiculos/roadster/triumph-tr4-tr4-tr4a.jpg,vehiculos/roadster,Roadster,Triumph,TR4,TR4 / TR4A,triumph-tr4-tr4-tr4a,631,PLACEHOLDER
vehiculos/roadster/triumph-tr5-tr5-pi-tr250.jpg,vehiculos/roadster,Roadster,Triumph,TR5,TR5 PI / TR250,triumph-tr5-tr5-pi-tr250,631,PLACEHOLDER
vehiculos/roadster/triumph-tr6-tr6.jpg,vehiculos/roadster,Roadster,Triumph,TR6,TR6,triumph-tr6-tr6,631,PLACEHOLDER
vehiculos/roadster/tvr-3000s-m-series.jpg,vehiculos/roadster,Roadster,TVR,3000S,M-Series,tvr-3000s-m-series,631,PLACEHOLDER
vehiculos/roadster/tvr-3000s-turbo-m-series.jpg,vehiculos/roadster,Roadster,TVR,3000S Turbo,M-Series,tvr-3000s-turbo-m-series,631,PLACEHOLDER
vehiculos/roadster/tvr-s1-s-series.jpg,vehiculos/roadster,Roadster,TVR,S1,S-Series,tvr-s1-s-series,631,PLACEHOLDER
vehiculos/roadster/tvr-s2-s3-s4-s-series.jpg,vehiculos/roadster,Roadster,TVR,S2/S3/S4,S-Series,tvr-s2-s3-s4-s-series,631,PLACEHOLDER
vehiculos/roadster/tvr-v8s-s-series.jpg,vehiculos/roadster,Roadster,TVR,V8S,S-Series,tvr-v8s-s-series,631,PLACEHOLDER
vehiculos/roadster/vignale-gamine-gamine-base-fiat-500f.jpg,vehiculos/roadster,Roadster,Vignale,Gamine,Gamine (base Fiat 500F),vignale-gamine-gamine-base-fiat-500f,631,PLACEHOLDER
vehiculos/roadster/wanderer-w1-w1-5-12-ps.jpg,vehiculos/roadster,Roadster,Wanderer,W1,W1 (5/12 PS),wanderer-w1-w1-5-12-ps,631,PLACEHOLDER
vehiculos/roadster/wanderer-w2-w2-5-15-ps.jpg,vehiculos/roadster,Roadster,Wanderer,W2,W2 (5/15 PS),wanderer-w2-w2-5-15-ps,631,PLACEHOLDER
vehiculos/roadster/wanderer-w25k-w25k.jpg,vehiculos/roadster,Roadster,Wanderer,W25K,W25K,wanderer-w25k-w25k,631,PLACEHOLDER
vehiculos/roadster/wanderer-w3-w3-5-15-ps.jpg,vehiculos/roadster,Roadster,Wanderer,W3,W3 (5/15 PS),wanderer-w3-w3-5-15-ps,631,PLACEHOLDER
vehiculos/roadster/wanderer-w4-w4-5-15-ps.jpg,vehiculos/roadster,Roadster,Wanderer,W4,W4 (5/15 PS),wanderer-w4-w4-5-15-ps,631,PLACEHOLDER
vehiculos/roadster/wanderer-w8-w8-5-20-ps.jpg,vehiculos/roadster,Roadster,Wanderer,W8,W8 (5/20 PS),wanderer-w8-w8-5-20-ps,631,PLACEHOLDER
vehiculos/roadster/wartburg-313-wartburg-313.jpg,vehiculos/roadster,Roadster,Wartburg,313,Wartburg 313,wartburg-313-wartburg-313,631,PLACEHOLDER
vehiculos/roadster/wolseley-hornet-special-hornet-special-1271-cc.jpg,vehiculos/roadster,Roadster,Wolseley,Hornet Special,Hornet Special (1271 cc),wolseley-hornet-special-hornet-special-1271-cc,631,PLACEHOLDER
vehiculos/roadster/wolseley-hornet-special-hornet-special-1604-cc.jpg,vehiculos/roadster,Roadster,Wolseley,Hornet Special,Hornet Special (1604 cc),wolseley-hornet-special-hornet-special-1604-cc,631,PLACEHOLDER
vehiculos/sedan/abarth-1000-tc-fiat-abarth-1000-tc-berlina.jpg,vehiculos/sedan,Sedan,Abarth,1000 TC,Fiat-Abarth 1000 TC Berlina,abarth-1000-tc-fiat-abarth-1000-tc-berlina,631,PLACEHOLDER
vehiculos/sedan/abarth-595-fiat-abarth-595.jpg,vehiculos/sedan,Sedan,Abarth,595,Fiat-Abarth 595,abarth-595-fiat-abarth-595,1119973,OK
vehiculos/sedan/abarth-695-fiat-abarth-695-ss.jpg,vehiculos/sedan,Sedan,Abarth,695,Fiat-Abarth 695 SS,abarth-695-fiat-abarth-695-ss,1160559,OK
vehiculos/sedan/abarth-850-tc-fiat-abarth-850-tc-berlina.jpg,vehiculos/sedan,Sedan,Abarth,850 TC,Fiat-Abarth 850 TC Berlina,abarth-850-tc-fiat-abarth-850-tc-berlina,1242553,OK
vehiculos/sedan/ac-2-litre-2-litre-saloon.jpg,vehiculos/sedan,Sedan,AC,2-Litre,2-Litre Saloon,ac-2-litre-2-litre-saloon,631,PLACEHOLDER
vehiculos/sedan/acura-el-el-1st-gen-canada.jpg,vehiculos/sedan,Sedan,Acura,EL,EL 1st gen (Canada),acura-el-el-1st-gen-canada,631,PLACEHOLDER
vehiculos/sedan/acura-integra-integra-2nd-gen-db.jpg,vehiculos/sedan,Sedan,Acura,Integra,Integra 2nd gen (DB),acura-integra-integra-2nd-gen-db,631,PLACEHOLDER
vehiculos/sedan/acura-legend-legend-1st-gen-ka1-ka2.jpg,vehiculos/sedan,Sedan,Acura,Legend,Legend 1st gen (KA1/KA2),acura-legend-legend-1st-gen-ka1-ka2,631,PLACEHOLDER
vehiculos/sedan/acura-legend-legend-1st-gen-ka3-ka4.jpg,vehiculos/sedan,Sedan,Acura,Legend,Legend 1st gen (KA3/KA4),acura-legend-legend-1st-gen-ka3-ka4,631,PLACEHOLDER
vehiculos/sedan/acura-legend-legend-2nd-gen-ka7.jpg,vehiculos/sedan,Sedan,Acura,Legend,Legend 2nd gen (KA7),acura-legend-legend-2nd-gen-ka7,631,PLACEHOLDER
vehiculos/sedan/acura-tl-tl-1st-gen-ua.jpg,vehiculos/sedan,Sedan,Acura,TL,TL 1st gen (UA),acura-tl-tl-1st-gen-ua,631,PLACEHOLDER
vehiculos/sedan/acura-vigor-vigor-cc.jpg,vehiculos/sedan,Sedan,Acura,Vigor,Vigor (CC),acura-vigor-vigor-cc,631,PLACEHOLDER
vehiculos/sedan/adler-10-50-ps-10-50-ps.jpg,vehiculos/sedan,Sedan,Adler,10/50 PS,10/50 PS,adler-10-50-ps-10-50-ps,631,PLACEHOLDER
vehiculos/sedan/adler-12-34-ps-12-34-ps.jpg,vehiculos/sedan,Sedan,Adler,12/34 PS,12/34 PS,adler-12-34-ps-12-34-ps,631,PLACEHOLDER
vehiculos/sedan/adler-18-60-ps-18-60-ps.jpg,vehiculos/sedan,Sedan,Adler,18/60 PS,18/60 PS,adler-18-60-ps-18-60-ps,631,PLACEHOLDER
vehiculos/sedan/adler-18-80-ps-18-80-ps.jpg,vehiculos/sedan,Sedan,Adler,18/80 PS,18/80 PS,adler-18-80-ps-18-80-ps,631,PLACEHOLDER
vehiculos/sedan/adler-2-liter-2-liter.jpg,vehiculos/sedan,Sedan,Adler,2 Liter,2 Liter,adler-2-liter-2-liter,631,PLACEHOLDER
vehiculos/sedan/adler-24-28-ps-24-28-ps.jpg,vehiculos/sedan,Sedan,Adler,24/28 PS,24/28 PS,adler-24-28-ps-24-28-ps,631,PLACEHOLDER
vehiculos/sedan/adler-25-liter-25-liter-typ-10-autobahn-adler.jpg,vehiculos/sedan,Sedan,Adler,2.5 Liter,2.5 Liter Typ 10 (Autobahn Adler),adler-25-liter-25-liter-typ-10-autobahn-adler,631,PLACEHOLDER
vehiculos/sedan/adler-6-22-ps-6-22-ps.jpg,vehiculos/sedan,Sedan,Adler,6/22 PS,6/22 PS,adler-6-22-ps-6-22-ps,631,PLACEHOLDER
vehiculos/sedan/adler-6-25-ps-6-25-ps.jpg,vehiculos/sedan,Sedan,Adler,6/25 PS,6/25 PS,adler-6-25-ps-6-25-ps,631,PLACEHOLDER
vehiculos/sedan/adler-9-24-ps-9-24-ps.jpg,vehiculos/sedan,Sedan,Adler,9/24 PS,9/24 PS,adler-9-24-ps-9-24-ps,631,PLACEHOLDER
vehiculos/sedan/adler-diplomat-diplomat-1a-serie.jpg,vehiculos/sedan,Sedan,Adler,Diplomat,Diplomat (1a serie),adler-diplomat-diplomat-1a-serie,631,PLACEHOLDER
vehiculos/sedan/adler-diplomat-diplomat-2a-serie.jpg,vehiculos/sedan,Sedan,Adler,Diplomat,Diplomat (2a serie),adler-diplomat-diplomat-2a-serie,631,PLACEHOLDER
vehiculos/sedan/adler-favorit-favorit.jpg,vehiculos/sedan,Sedan,Adler,Favorit,Favorit,adler-favorit-favorit,631,PLACEHOLDER
vehiculos/sedan/adler-primus-primus-15-liter.jpg,vehiculos/sedan,Sedan,Adler,Primus,Primus 1.5 Liter,adler-primus-primus-15-liter,631,PLACEHOLDER
vehiculos/sedan/adler-primus-primus-17-liter.jpg,vehiculos/sedan,Sedan,Adler,Primus,Primus 1.7 Liter,adler-primus-primus-17-liter,631,PLACEHOLDER
vehiculos/sedan/adler-primus-primus-17e.jpg,vehiculos/sedan,Sedan,Adler,Primus,Primus 1.7E,adler-primus-primus-17e,631,PLACEHOLDER
vehiculos/sedan/adler-standard-6-standard-6-3u-recarrozado.jpg,vehiculos/sedan,Sedan,Adler,Standard 6,Standard 6 - 3U (recarrozado),adler-standard-6-standard-6-3u-recarrozado,631,PLACEHOLDER
vehiculos/sedan/adler-standard-6-standard-6-6a-12-50.jpg,vehiculos/sedan,Sedan,Adler,Standard 6,Standard 6 - 6A 12/50,adler-standard-6-standard-6-6a-12-50,631,PLACEHOLDER
vehiculos/sedan/adler-standard-6-standard-6-6n-10-45.jpg,vehiculos/sedan,Sedan,Adler,Standard 6,Standard 6 - 6N 10/45,adler-standard-6-standard-6-6n-10-45,631,PLACEHOLDER
vehiculos/sedan/adler-standard-6-standard-6-6s-12-50.jpg,vehiculos/sedan,Sedan,Adler,Standard 6,Standard 6 - 6S 12/50,adler-standard-6-standard-6-6s-12-50,631,PLACEHOLDER
vehiculos/sedan/adler-standard-8-standard-8-15-70-15-80-ps.jpg,vehiculos/sedan,Sedan,Adler,Standard 8,Standard 8 (15/70 - 15/80 PS),adler-standard-8-standard-8-15-70-15-80-ps,631,PLACEHOLDER
vehiculos/sedan/adler-trumpf-junior-trumpf-junior-1e-jupiter.jpg,vehiculos/sedan,Sedan,Adler,Trumpf Junior,Trumpf Junior 1E (Jupiter),adler-trumpf-junior-trumpf-junior-1e-jupiter,631,PLACEHOLDER
vehiculos/sedan/adler-trumpf-junior-trumpf-junior-1g.jpg,vehiculos/sedan,Sedan,Adler,Trumpf Junior,Trumpf Junior 1G,adler-trumpf-junior-trumpf-junior-1g,631,PLACEHOLDER
vehiculos/sedan/adler-trumpf-trumpf-15-liter.jpg,vehiculos/sedan,Sedan,Adler,Trumpf,Trumpf 1.5 Liter,adler-trumpf-trumpf-15-liter,631,PLACEHOLDER
vehiculos/sedan/adler-trumpf-trumpf-17-ev.jpg,vehiculos/sedan,Sedan,Adler,Trumpf,Trumpf 1.7 EV,adler-trumpf-trumpf-17-ev,631,PLACEHOLDER
vehiculos/sedan/adler-trumpf-trumpf-17-liter.jpg,vehiculos/sedan,Sedan,Adler,Trumpf,Trumpf 1.7 Liter,adler-trumpf-trumpf-17-liter,631,PLACEHOLDER
vehiculos/sedan/adler-vis-a-vis-vis-a-vis-primer-adler.jpg,vehiculos/sedan,Sedan,Adler,Vis-a-Vis,Vis-a-Vis (primer Adler),adler-vis-a-vis-vis-a-vis-primer-adler,631,PLACEHOLDER
vehiculos/sedan/albion-albion-12-albion-12-hp.jpg,vehiculos/sedan,Sedan,Albion,Albion 12,Albion 12 hp,albion-albion-12-albion-12-hp,631,PLACEHOLDER
vehiculos/sedan/albion-albion-15-albion-15-hp.jpg,vehiculos/sedan,Sedan,Albion,Albion 15,Albion 15 hp,albion-albion-15-albion-15-hp,631,PLACEHOLDER
vehiculos/sedan/albion-albion-16-albion-16-hp-a3.jpg,vehiculos/sedan,Sedan,Albion,Albion 16,Albion 16 hp (A3),albion-albion-16-albion-16-hp-a3,631,PLACEHOLDER
vehiculos/sedan/albion-albion-24-30-albion-24-30-hp.jpg,vehiculos/sedan,Sedan,Albion,Albion 24/30,Albion 24/30 hp,albion-albion-24-30-albion-24-30-hp,631,PLACEHOLDER
vehiculos/sedan/albion-albion-8-albion-8-hp.jpg,vehiculos/sedan,Sedan,Albion,Albion 8,Albion 8 hp,albion-albion-8-albion-8-hp,631,PLACEHOLDER
vehiculos/sedan/alfa-romeo-155-155-167.jpg,vehiculos/sedan,Sedan,Alfa Romeo,155,155 (167),alfa-romeo-155-155-167,631,PLACEHOLDER
vehiculos/sedan/alfa-romeo-155-155-q4-167.jpg,vehiculos/sedan,Sedan,Alfa Romeo,155,155 Q4 (167),alfa-romeo-155-155-q4-167,631,PLACEHOLDER
vehiculos/sedan/alfa-romeo-164-164-164.jpg,vehiculos/sedan,Sedan,Alfa Romeo,164,164 (164),alfa-romeo-164-164-164,631,PLACEHOLDER
vehiculos/sedan/alfa-romeo-1750-2000-berlina-105.jpg,vehiculos/sedan,Sedan,Alfa Romeo,1750 / 2000 Berlina,1750/2000 Berlina (105),alfa-romeo-1750-2000-berlina-105,631,PLACEHOLDER
vehiculos/sedan/alfa-romeo-1900-1900-first-serie.jpg,vehiculos/sedan,Sedan,Alfa Romeo,1900,1900 (primera serie),alfa-romeo-1900-1900-first-serie,631,PLACEHOLDER
vehiculos/sedan/alfa-romeo-2000-2000-102.jpg,vehiculos/sedan,Sedan,Alfa Romeo,2000,2000 (102),alfa-romeo-2000-2000-102,631,PLACEHOLDER
vehiculos/sedan/alfa-romeo-2600-2600-106.jpg,vehiculos/sedan,Sedan,Alfa Romeo,2600,2600 (106),alfa-romeo-2600-2600-106,631,PLACEHOLDER
vehiculos/sedan/alfa-romeo-75-75-162b.jpg,vehiculos/sedan,Sedan,Alfa Romeo,75,75 (162B),alfa-romeo-75-75-162b,631,PLACEHOLDER
vehiculos/sedan/alfa-romeo-90-90-162.jpg,vehiculos/sedan,Sedan,Alfa Romeo,90,90 (162),alfa-romeo-90-90-162,631,PLACEHOLDER
vehiculos/sedan/alfa-romeo-alfa-6-119.jpg,vehiculos/sedan,Sedan,Alfa Romeo,Alfa 6,Alfa 6 (119),alfa-romeo-alfa-6-119,631,PLACEHOLDER
vehiculos/sedan/alfa-romeo-alfasud-901.jpg,vehiculos/sedan,Sedan,Alfa Romeo,Alfasud,Alfasud (901),alfa-romeo-alfasud-901,631,PLACEHOLDER
vehiculos/sedan/alfa-romeo-alfetta-116.jpg,vehiculos/sedan,Sedan,Alfa Romeo,Alfetta,Alfetta (116),alfa-romeo-alfetta-116,631,PLACEHOLDER
vehiculos/sedan/alfa-romeo-giulia-105.jpg,vehiculos/sedan,Sedan,Alfa Romeo,Giulia,Giulia (105),alfa-romeo-giulia-105,631,PLACEHOLDER
vehiculos/sedan/alfa-romeo-giulietta-116.jpg,vehiculos/sedan,Sedan,Alfa Romeo,Giulietta,"Giulietta (116, nueva)",alfa-romeo-giulietta-116,631,PLACEHOLDER
vehiculos/sedan/alfa-romeo-giulietta-750-101.jpg,vehiculos/sedan,Sedan,Alfa Romeo,Giulietta,Giulietta (750/101),alfa-romeo-giulietta-750-101,631,PLACEHOLDER
vehiculos/sedan/allard-p1.jpg,vehiculos/sedan,Sedan,Allard,P1,P1,allard-p1,631,PLACEHOLDER
vehiculos/sedan/allard-p2-monte-carlo.jpg,vehiculos/sedan,Sedan,Allard,P2,P2 Monte Carlo,allard-p2-monte-carlo,631,PLACEHOLDER
vehiculos/sedan/alvis-12-70.jpg,vehiculos/sedan,Sedan,Alvis,12/70,12/70,alvis-12-70,631,PLACEHOLDER
vehiculos/sedan/alvis-1475.jpg,vehiculos/sedan,Sedan,Alvis,14.75,14.75,alvis-1475,631,PLACEHOLDER
vehiculos/sedan/alvis-43-litre.jpg,vehiculos/sedan,Sedan,Alvis,4.3 Litre,4.3 Litre,alvis-43-litre,631,PLACEHOLDER
vehiculos/sedan/alvis-crested-eagle.jpg,vehiculos/sedan,Sedan,Alvis,Crested Eagle,Crested Eagle,alvis-crested-eagle,631,PLACEHOLDER
vehiculos/sedan/alvis-firebird.jpg,vehiculos/sedan,Sedan,Alvis,Firebird,Firebird,alvis-firebird,631,PLACEHOLDER
vehiculos/sedan/alvis-firefly.jpg,vehiculos/sedan,Sedan,Alvis,Firefly,Firefly,alvis-firefly,631,PLACEHOLDER
vehiculos/sedan/alvis-fourteen-ta-14.jpg,vehiculos/sedan,Sedan,Alvis,Fourteen,TA 14,alvis-fourteen-ta-14,631,PLACEHOLDER
vehiculos/sedan/alvis-silver-crest-silver-crest.jpg,vehiculos/sedan,Sedan,Alvis,Silver Crest,Silver Crest,alvis-silver-crest-silver-crest,631,PLACEHOLDER
vehiculos/sedan/alvis-silver-eagle-silver-eagle-sa-tb-se.jpg,vehiculos/sedan,Sedan,Alvis,Silver Eagle,Silver Eagle SA/TB/SE,alvis-silver-eagle-silver-eagle-sa-tb-se,631,PLACEHOLDER
vehiculos/sedan/alvis-silver-eagle-silver-eagle-sd.jpg,vehiculos/sedan,Sedan,Alvis,Silver Eagle,Silver Eagle SD,alvis-silver-eagle-silver-eagle-sd,631,PLACEHOLDER
vehiculos/sedan/alvis-silver-eagle-silver-eagle-sf-sg.jpg,vehiculos/sedan,Sedan,Alvis,Silver Eagle,Silver Eagle SF/SG,alvis-silver-eagle-silver-eagle-sf-sg,631,PLACEHOLDER
vehiculos/sedan/alvis-speed-25-speed-25.jpg,vehiculos/sedan,Sedan,Alvis,Speed 25,Speed 25,alvis-speed-25-speed-25,631,PLACEHOLDER
vehiculos/sedan/alvis-three-litre-ta-21.jpg,vehiculos/sedan,Sedan,Alvis,Three Litre,TA 21,alvis-three-litre-ta-21,631,PLACEHOLDER
vehiculos/sedan/alvis-three-litre-tc-21-100.jpg,vehiculos/sedan,Sedan,Alvis,Three Litre,TC 21/100,alvis-three-litre-tc-21-100,631,PLACEHOLDER
vehiculos/sedan/alvis-three-litre-tc-21.jpg,vehiculos/sedan,Sedan,Alvis,Three Litre,TC 21,alvis-three-litre-tc-21,631,PLACEHOLDER
vehiculos/sedan/amc-ambassador-ambassador-1a-gen.jpg,vehiculos/sedan,Sedan,AMC,Ambassador,Ambassador (1a gen),amc-ambassador-ambassador-1a-gen,631,PLACEHOLDER
vehiculos/sedan/amc-ambassador-ambassador-2a-gen.jpg,vehiculos/sedan,Sedan,AMC,Ambassador,Ambassador (2a gen),amc-ambassador-ambassador-2a-gen,631,PLACEHOLDER
vehiculos/sedan/amc-ambassador-ambassador-3a-gen.jpg,vehiculos/sedan,Sedan,AMC,Ambassador,Ambassador (3a gen),amc-ambassador-ambassador-3a-gen,631,PLACEHOLDER
vehiculos/sedan/amc-ambassador-ambassador-4a-gen.jpg,vehiculos/sedan,Sedan,AMC,Ambassador,Ambassador (4a gen),amc-ambassador-ambassador-4a-gen,631,PLACEHOLDER
vehiculos/sedan/amc-ambassador-ambassador-5a-gen.jpg,vehiculos/sedan,Sedan,AMC,Ambassador,Ambassador (5a gen),amc-ambassador-ambassador-5a-gen,631,PLACEHOLDER
vehiculos/sedan/amc-ambassador-ambassador-6a-gen.jpg,vehiculos/sedan,Sedan,AMC,Ambassador,Ambassador (6a gen),amc-ambassador-ambassador-6a-gen,631,PLACEHOLDER
vehiculos/sedan/amc-ambassador-ambassador-7a-gen.jpg,vehiculos/sedan,Sedan,AMC,Ambassador,Ambassador (7a gen),amc-ambassador-ambassador-7a-gen,631,PLACEHOLDER
vehiculos/sedan/amc-ambassador-ambassador-8a-gen.jpg,vehiculos/sedan,Sedan,AMC,Ambassador,Ambassador (8a gen),amc-ambassador-ambassador-8a-gen,631,PLACEHOLDER
vehiculos/sedan/amc-concord-concord.jpg,vehiculos/sedan,Sedan,AMC,Concord,Concord,amc-concord-concord,631,PLACEHOLDER
vehiculos/sedan/amc-eagle-eagle-sedan-serie-30.jpg,vehiculos/sedan,Sedan,AMC,Eagle,Eagle Sedan (Serie 30),amc-eagle-eagle-sedan-serie-30,631,PLACEHOLDER
vehiculos/sedan/amc-hornet-hornet.jpg,vehiculos/sedan,Sedan,AMC,Hornet,Hornet,amc-hornet-hornet,631,PLACEHOLDER
vehiculos/sedan/amc-matador-matador-1a-gen.jpg,vehiculos/sedan,Sedan,AMC,Matador,Matador (1a gen),amc-matador-matador-1a-gen,631,PLACEHOLDER
vehiculos/sedan/amc-matador-matador-2a-gen.jpg,vehiculos/sedan,Sedan,AMC,Matador,Matador (2a gen),amc-matador-matador-2a-gen,631,PLACEHOLDER
vehiculos/sedan/amc-rambler-american-american-1a-gen.jpg,vehiculos/sedan,Sedan,AMC,Rambler American,American (1a gen),amc-rambler-american-american-1a-gen,631,PLACEHOLDER
vehiculos/sedan/amc-rambler-american-american-2a-gen.jpg,vehiculos/sedan,Sedan,AMC,Rambler American,American (2a gen),amc-rambler-american-american-2a-gen,631,PLACEHOLDER
vehiculos/sedan/amc-rambler-american-american-3a-gen.jpg,vehiculos/sedan,Sedan,AMC,Rambler American,American (3a gen),amc-rambler-american-american-3a-gen,631,PLACEHOLDER
vehiculos/sedan/amc-rambler-classic-classic-1a-gen.jpg,vehiculos/sedan,Sedan,AMC,Rambler Classic,Classic (1a gen),amc-rambler-classic-classic-1a-gen,631,PLACEHOLDER
vehiculos/sedan/amc-rambler-classic-classic-2a-gen.jpg,vehiculos/sedan,Sedan,AMC,Rambler Classic,Classic (2a gen),amc-rambler-classic-classic-2a-gen,631,PLACEHOLDER
vehiculos/sedan/amc-rambler-classic-classic-3a-gen.jpg,vehiculos/sedan,Sedan,AMC,Rambler Classic,Classic (3a gen),amc-rambler-classic-classic-3a-gen,631,PLACEHOLDER
vehiculos/sedan/amc-rebel-rebel.jpg,vehiculos/sedan,Sedan,AMC,Rebel,Rebel,amc-rebel-rebel,631,PLACEHOLDER
vehiculos/sedan/amilcar-c8-bis-cs8-type-c8-bis-cs8.jpg,vehiculos/sedan,Sedan,Amilcar,C8 bis / CS8,Type C8 bis / CS8,amilcar-c8-bis-cs8-type-c8-bis-cs8,631,PLACEHOLDER
vehiculos/sedan/amilcar-c8-type-c8.jpg,vehiculos/sedan,Sedan,Amilcar,C8,Type C8,amilcar-c8-type-c8,631,PLACEHOLDER
vehiculos/sedan/amilcar-compound-compound-b38-ohv.jpg,vehiculos/sedan,Sedan,Amilcar,Compound,Compound B38 OHV,amilcar-compound-compound-b38-ohv,631,PLACEHOLDER
vehiculos/sedan/amilcar-compound-compound-b38.jpg,vehiculos/sedan,Sedan,Amilcar,Compound,Compound B38,amilcar-compound-compound-b38,631,PLACEHOLDER
vehiculos/sedan/amilcar-m-type-m.jpg,vehiculos/sedan,Sedan,Amilcar,M,Type M,amilcar-m-type-m,631,PLACEHOLDER
vehiculos/sedan/amilcar-m2-type-m2.jpg,vehiculos/sedan,Sedan,Amilcar,M2,Type M2,amilcar-m2-type-m2,631,PLACEHOLDER
vehiculos/sedan/amilcar-m3-type-m3.jpg,vehiculos/sedan,Sedan,Amilcar,M3,Type M3,amilcar-m3-type-m3,631,PLACEHOLDER
vehiculos/sedan/amilcar-m4-type-m4.jpg,vehiculos/sedan,Sedan,Amilcar,M4,Type M4,amilcar-m4-type-m4,631,PLACEHOLDER
vehiculos/sedan/amilcar-pegase-pegase-12cv.jpg,vehiculos/sedan,Sedan,Amilcar,Pegase,Pegase 12CV,amilcar-pegase-pegase-12cv,631,PLACEHOLDER
vehiculos/sedan/amilcar-pegase-pegase-14cv.jpg,vehiculos/sedan,Sedan,Amilcar,Pegase,Pegase 14CV,amilcar-pegase-pegase-14cv,631,PLACEHOLDER
vehiculos/sedan/armstrong-siddeley-12-plus-12-plus.jpg,vehiculos/sedan,Sedan,Armstrong Siddeley,12 Plus,12 Plus,armstrong-siddeley-12-plus-12-plus,631,PLACEHOLDER
vehiculos/sedan/armstrong-siddeley-20-25-20-25-hp.jpg,vehiculos/sedan,Sedan,Armstrong Siddeley,20/25,20/25 hp,armstrong-siddeley-20-25-20-25-hp,631,PLACEHOLDER
vehiculos/sedan/armstrong-siddeley-eighteen-18-50-18-mk-ii.jpg,vehiculos/sedan,Sedan,Armstrong Siddeley,Eighteen,18/50 (18 Mk II),armstrong-siddeley-eighteen-18-50-18-mk-ii,631,PLACEHOLDER
vehiculos/sedan/armstrong-siddeley-eighteen-18-hp.jpg,vehiculos/sedan,Sedan,Armstrong Siddeley,Eighteen,18 hp,armstrong-siddeley-eighteen-18-hp,631,PLACEHOLDER
vehiculos/sedan/armstrong-siddeley-fifteen-15-6.jpg,vehiculos/sedan,Sedan,Armstrong Siddeley,Fifteen,15/6,armstrong-siddeley-fifteen-15-6,631,PLACEHOLDER
vehiculos/sedan/armstrong-siddeley-fifteen-15-hp.jpg,vehiculos/sedan,Sedan,Armstrong Siddeley,Fifteen,15 hp,armstrong-siddeley-fifteen-15-hp,631,PLACEHOLDER
vehiculos/sedan/armstrong-siddeley-fourteen-14-hp.jpg,vehiculos/sedan,Sedan,Armstrong Siddeley,Fourteen,14 hp,armstrong-siddeley-fourteen-14-hp,631,PLACEHOLDER
vehiculos/sedan/armstrong-siddeley-fourteen-four-fourteen.jpg,vehiculos/sedan,Sedan,Armstrong Siddeley,Fourteen,Four-Fourteen,armstrong-siddeley-fourteen-four-fourteen,631,PLACEHOLDER
vehiculos/sedan/armstrong-siddeley-lancaster-lancaster-16.jpg,vehiculos/sedan,Sedan,Armstrong Siddeley,Lancaster,Lancaster 16,armstrong-siddeley-lancaster-lancaster-16,631,PLACEHOLDER
vehiculos/sedan/armstrong-siddeley-lancaster-lancaster-18.jpg,vehiculos/sedan,Sedan,Armstrong Siddeley,Lancaster,Lancaster 18,armstrong-siddeley-lancaster-lancaster-18,631,PLACEHOLDER
vehiculos/sedan/armstrong-siddeley-sapphire-234-sapphire-234.jpg,vehiculos/sedan,Sedan,Armstrong Siddeley,Sapphire 234,Sapphire 234,armstrong-siddeley-sapphire-234-sapphire-234,631,PLACEHOLDER
vehiculos/sedan/armstrong-siddeley-sapphire-236-sapphire-236.jpg,vehiculos/sedan,Sedan,Armstrong Siddeley,Sapphire 236,Sapphire 236,armstrong-siddeley-sapphire-236-sapphire-236,631,PLACEHOLDER
vehiculos/sedan/armstrong-siddeley-sapphire-346-sapphire-346.jpg,vehiculos/sedan,Sedan,Armstrong Siddeley,Sapphire 346,Sapphire 346,armstrong-siddeley-sapphire-346-sapphire-346,631,PLACEHOLDER
vehiculos/sedan/armstrong-siddeley-seventeen-long-17.jpg,vehiculos/sedan,Sedan,Armstrong Siddeley,Seventeen,Long 17,armstrong-siddeley-seventeen-long-17,631,PLACEHOLDER
vehiculos/sedan/armstrong-siddeley-seventeen-short-17.jpg,vehiculos/sedan,Sedan,Armstrong Siddeley,Seventeen,Short 17,armstrong-siddeley-seventeen-short-17,631,PLACEHOLDER
vehiculos/sedan/armstrong-siddeley-siddeley-special-siddeley-special.jpg,vehiculos/sedan,Sedan,Armstrong Siddeley,Siddeley Special,Siddeley Special,armstrong-siddeley-siddeley-special-siddeley-special,631,PLACEHOLDER
vehiculos/sedan/armstrong-siddeley-sixteen-16-hp.jpg,vehiculos/sedan,Sedan,Armstrong Siddeley,Sixteen,16 hp,armstrong-siddeley-sixteen-16-hp,631,PLACEHOLDER
vehiculos/sedan/armstrong-siddeley-star-sapphire-star-sapphire.jpg,vehiculos/sedan,Sedan,Armstrong Siddeley,Star Sapphire,Star Sapphire,armstrong-siddeley-star-sapphire-star-sapphire,631,PLACEHOLDER
vehiculos/sedan/armstrong-siddeley-thirty-30-hp.jpg,vehiculos/sedan,Sedan,Armstrong Siddeley,Thirty,30 hp,armstrong-siddeley-thirty-30-hp,631,PLACEHOLDER
vehiculos/sedan/armstrong-siddeley-twelve-12-hp.jpg,vehiculos/sedan,Sedan,Armstrong Siddeley,Twelve,12 hp,armstrong-siddeley-twelve-12-hp,631,PLACEHOLDER
vehiculos/sedan/armstrong-siddeley-twenty-20-hp.jpg,vehiculos/sedan,Sedan,Armstrong Siddeley,Twenty,20 hp,armstrong-siddeley-twenty-20-hp,631,PLACEHOLDER
vehiculos/sedan/armstrong-siddeley-whitley-whitley-18.jpg,vehiculos/sedan,Sedan,Armstrong Siddeley,Whitley,Whitley 18,armstrong-siddeley-whitley-whitley-18,631,PLACEHOLDER
vehiculos/sedan/aston-martin-lagonda-lagonda-wedge-series-2-4.jpg,vehiculos/sedan,Sedan,Aston Martin,Lagonda,"Lagonda (wedge, Series 2-4)",aston-martin-lagonda-lagonda-wedge-series-2-4,631,PLACEHOLDER
vehiculos/sedan/auburn-12-160-12-160-12-160a-1932.jpg,vehiculos/sedan,Sedan,Auburn,12-160,12-160 / 12-160A (1932),auburn-12-160-12-160-12-160a-1932,631,PLACEHOLDER
vehiculos/sedan/auburn-12-161-12-161-12-161a-1933.jpg,vehiculos/sedan,Sedan,Auburn,12-161,12-161 / 12-161A (1933),auburn-12-161-12-161-12-161a-1933,631,PLACEHOLDER
vehiculos/sedan/auburn-12-165-12-165-salon-1933-1934.jpg,vehiculos/sedan,Sedan,Auburn,12-165,12-165 Salon (1933-1934),auburn-12-165-12-165-salon-1933-1934,631,PLACEHOLDER
vehiculos/sedan/auburn-4-44-model-4-44-1926.jpg,vehiculos/sedan,Sedan,Auburn,4-44,Model 4-44 (1926),auburn-4-44-model-4-44-1926,631,PLACEHOLDER
vehiculos/sedan/auburn-6-43-model-6-43-1923-1925.jpg,vehiculos/sedan,Sedan,Auburn,6-43,Model 6-43 (1923-1925),auburn-6-43-model-6-43-1923-1925,631,PLACEHOLDER
vehiculos/sedan/auburn-6-51-model-6-51-1923.jpg,vehiculos/sedan,Sedan,Auburn,6-51,Model 6-51 (1923),auburn-6-51-model-6-51-1923,631,PLACEHOLDER
vehiculos/sedan/auburn-6-63-model-6-63-1923-1924.jpg,vehiculos/sedan,Sedan,Auburn,6-63,Model 6-63 (1923-1924),auburn-6-63-model-6-63-1923-1924,631,PLACEHOLDER
vehiculos/sedan/auburn-6-66-model-6-66-1925-1927.jpg,vehiculos/sedan,Sedan,Auburn,6-66,Model 6-66 (1925-1927),auburn-6-66-model-6-66-1925-1927,631,PLACEHOLDER
vehiculos/sedan/auburn-6-76-model-6-76-1928-1929.jpg,vehiculos/sedan,Sedan,Auburn,6-76,Model 6-76 (1928-1929),auburn-6-76-model-6-76-1928-1929,631,PLACEHOLDER
vehiculos/sedan/auburn-6-80-model-6-80-1929.jpg,vehiculos/sedan,Sedan,Auburn,6-80,Model 6-80 (1929),auburn-6-80-model-6-80-1929,631,PLACEHOLDER
vehiculos/sedan/auburn-6-85-model-6-85-1930.jpg,vehiculos/sedan,Sedan,Auburn,6-85,Model 6-85 (1930),auburn-6-85-model-6-85-1930,631,PLACEHOLDER
vehiculos/sedan/auburn-652-652x-652y-1934.jpg,vehiculos/sedan,Sedan,Auburn,652,652X / 652Y (1934),auburn-652-652x-652y-1934,631,PLACEHOLDER
vehiculos/sedan/auburn-653-6-653-1935.jpg,vehiculos/sedan,Sedan,Auburn,653,6-653 (1935),auburn-653-6-653-1935,631,PLACEHOLDER
vehiculos/sedan/auburn-654-6-654-1936.jpg,vehiculos/sedan,Sedan,Auburn,654,6-654 (1936),auburn-654-6-654-1936,631,PLACEHOLDER
vehiculos/sedan/auburn-8-100-8-100-8-100a-1932.jpg,vehiculos/sedan,Sedan,Auburn,8-100,8-100 / 8-100A (1932),auburn-8-100-8-100-8-100a-1932,631,PLACEHOLDER
vehiculos/sedan/auburn-8-101-8-101-8-101a-8-105-1933.jpg,vehiculos/sedan,Sedan,Auburn,8-101,8-101 / 8-101A / 8-105 (1933),auburn-8-101-8-101-8-101a-8-105-1933,631,PLACEHOLDER
vehiculos/sedan/auburn-8-63-model-8-63-1925.jpg,vehiculos/sedan,Sedan,Auburn,8-63,Model 8-63 (1925),auburn-8-63-model-8-63-1925,631,PLACEHOLDER
vehiculos/sedan/auburn-8-77-model-8-77-1927-1928.jpg,vehiculos/sedan,Sedan,Auburn,8-77,Model 8-77 (1927-1928),auburn-8-77-model-8-77-1927-1928,631,PLACEHOLDER
vehiculos/sedan/auburn-8-88-8-88-1926-1927.jpg,vehiculos/sedan,Sedan,Auburn,8-88,8-88 (1926-1927),auburn-8-88-8-88-1926-1927,631,PLACEHOLDER
vehiculos/sedan/auburn-8-88-8-88-1928-1929.jpg,vehiculos/sedan,Sedan,Auburn,8-88,8-88 (1928-1929),auburn-8-88-8-88-1928-1929,631,PLACEHOLDER
vehiculos/sedan/auburn-8-88-8-88-eight-in-line-1925.jpg,vehiculos/sedan,Sedan,Auburn,8-88,8-88 Eight-in-Line (1925),auburn-8-88-8-88-eight-in-line-1925,631,PLACEHOLDER
vehiculos/sedan/auburn-8-90-model-8-90-1929.jpg,vehiculos/sedan,Sedan,Auburn,8-90,Model 8-90 (1929),auburn-8-90-model-8-90-1929,631,PLACEHOLDER
vehiculos/sedan/auburn-8-95-model-8-95-1930.jpg,vehiculos/sedan,Sedan,Auburn,8-95,Model 8-95 (1930),auburn-8-95-model-8-95-1930,631,PLACEHOLDER
vehiculos/sedan/auburn-8-98-8-98-8-98a-1931.jpg,vehiculos/sedan,Sedan,Auburn,8-98,8-98 / 8-98A (1931),auburn-8-98-8-98-8-98a-1931,631,PLACEHOLDER
vehiculos/sedan/auburn-850-850x-850y-8-50x-8-50y-1934.jpg,vehiculos/sedan,Sedan,Auburn,850,"850X / 850Y (8-50X / 8-50Y, 1934)",auburn-850-850x-850y-8-50x-8-50y-1934,631,PLACEHOLDER
vehiculos/sedan/auburn-851-8-851-atmosferico-1935.jpg,vehiculos/sedan,Sedan,Auburn,851,8-851 atmosferico (1935),auburn-851-8-851-atmosferico-1935,631,PLACEHOLDER
vehiculos/sedan/auburn-852-8-852-atmosferico-1936.jpg,vehiculos/sedan,Sedan,Auburn,852,8-852 atmosferico (1936),auburn-852-8-852-atmosferico-1936,631,PLACEHOLDER
vehiculos/sedan/auburn-beauty-six-6-39-beauty-six-1919-1921.jpg,vehiculos/sedan,Sedan,Auburn,Beauty Six,6-39 Beauty Six (1919-1921),auburn-beauty-six-6-39-beauty-six-1919-1921,631,PLACEHOLDER
vehiculos/sedan/auburn-beauty-six-6-51-beauty-six-1922.jpg,vehiculos/sedan,Sedan,Auburn,Beauty Six,6-51 Beauty Six (1922),auburn-beauty-six-6-51-beauty-six-1922,631,PLACEHOLDER
vehiculos/sedan/audi-100-100-c1.jpg,vehiculos/sedan,Sedan,Audi,100,100 C1,audi-100-100-c1,631,PLACEHOLDER
vehiculos/sedan/audi-100-100-c2.jpg,vehiculos/sedan,Sedan,Audi,100,100 C2,audi-100-100-c2,631,PLACEHOLDER
vehiculos/sedan/audi-100-100-c3.jpg,vehiculos/sedan,Sedan,Audi,100,100 C3,audi-100-100-c3,631,PLACEHOLDER
vehiculos/sedan/audi-100-100-c4.jpg,vehiculos/sedan,Sedan,Audi,100,100 C4,audi-100-100-c4,631,PLACEHOLDER
vehiculos/sedan/audi-200-200-c2.jpg,vehiculos/sedan,Sedan,Audi,200,200 C2,audi-200-200-c2,631,PLACEHOLDER
vehiculos/sedan/audi-200-200-c3.jpg,vehiculos/sedan,Sedan,Audi,200,200 C3,audi-200-200-c3,631,PLACEHOLDER
vehiculos/sedan/audi-60-f103.jpg,vehiculos/sedan,Sedan,Audi,60,F103,audi-60-f103,631,PLACEHOLDER
vehiculos/sedan/audi-72-75-f103.jpg,vehiculos/sedan,Sedan,Audi,72/75,F103,audi-72-75-f103,631,PLACEHOLDER
vehiculos/sedan/audi-80-80-b1.jpg,vehiculos/sedan,Sedan,Audi,80,80 B1,audi-80-80-b1,631,PLACEHOLDER
vehiculos/sedan/audi-80-80-b2.jpg,vehiculos/sedan,Sedan,Audi,80,80 B2,audi-80-80-b2,631,PLACEHOLDER
vehiculos/sedan/audi-80-80-b3.jpg,vehiculos/sedan,Sedan,Audi,80,80 B3,audi-80-80-b3,631,PLACEHOLDER
vehiculos/sedan/audi-80-80-b4.jpg,vehiculos/sedan,Sedan,Audi,80,80 B4,audi-80-80-b4,631,PLACEHOLDER
vehiculos/sedan/audi-90-90-b2.jpg,vehiculos/sedan,Sedan,Audi,90,90 B2,audi-90-90-b2,631,PLACEHOLDER
vehiculos/sedan/audi-90-90-b3.jpg,vehiculos/sedan,Sedan,Audi,90,90 B3,audi-90-90-b3,631,PLACEHOLDER
vehiculos/sedan/audi-s4-s4-c4.jpg,vehiculos/sedan,Sedan,Audi,S4,S4 (C4),audi-s4-s4-c4,631,PLACEHOLDER
vehiculos/sedan/audi-s6-s6-c4.jpg,vehiculos/sedan,Sedan,Audi,S6,S6 (C4),audi-s6-s6-c4,631,PLACEHOLDER
vehiculos/sedan/audi-super-90-f103.jpg,vehiculos/sedan,Sedan,Audi,Super 90,F103,audi-super-90-f103,631,PLACEHOLDER
vehiculos/sedan/audi-v8-v8-d11.jpg,vehiculos/sedan,Sedan,Audi,V8,V8 (D11),audi-v8-v8-d11,631,PLACEHOLDER
vehiculos/sedan/austin-1100-ado16.jpg,vehiculos/sedan,Sedan,Austin,1100,ADO16,austin-1100-ado16,631,PLACEHOLDER
vehiculos/sedan/austin-1300-ado16.jpg,vehiculos/sedan,Sedan,Austin,1300,ADO16,austin-1300-ado16,631,PLACEHOLDER
vehiculos/sedan/austin-1800-ado17-landcrab.jpg,vehiculos/sedan,Sedan,Austin,1800,ADO17 (Landcrab),austin-1800-ado17-landcrab,631,PLACEHOLDER
vehiculos/sedan/austin-2200-ado17-landcrab.jpg,vehiculos/sedan,Sedan,Austin,2200,ADO17 (Landcrab),austin-2200-ado17-landcrab,631,PLACEHOLDER
vehiculos/sedan/austin-3-litre-austin-3-litre.jpg,vehiculos/sedan,Sedan,Austin,3-Litre,Austin 3-Litre,austin-3-litre-austin-3-litre,631,PLACEHOLDER
vehiculos/sedan/austin-a30-a30.jpg,vehiculos/sedan,Sedan,Austin,A30,A30,austin-a30-a30,631,PLACEHOLDER
vehiculos/sedan/austin-a35-a35.jpg,vehiculos/sedan,Sedan,Austin,A35,A35,austin-a35-a35,631,PLACEHOLDER
vehiculos/sedan/austin-a40-devon-a40-devon-dorset.jpg,vehiculos/sedan,Sedan,Austin,A40 Devon,A40 Devon/Dorset,austin-a40-devon-a40-devon-dorset,631,PLACEHOLDER
vehiculos/sedan/austin-a40-farina-a40-farina-mk1.jpg,vehiculos/sedan,Sedan,Austin,A40 Farina,A40 Farina Mk1,austin-a40-farina-a40-farina-mk1,631,PLACEHOLDER
vehiculos/sedan/austin-a40-farina-a40-farina-mk2.jpg,vehiculos/sedan,Sedan,Austin,A40 Farina,A40 Farina Mk2,austin-a40-farina-a40-farina-mk2,631,PLACEHOLDER
vehiculos/sedan/austin-a40-somerset-a40-somerset.jpg,vehiculos/sedan,Sedan,Austin,A40 Somerset,A40 Somerset,austin-a40-somerset-a40-somerset,631,PLACEHOLDER
vehiculos/sedan/austin-a70-hampshire-a70-hampshire.jpg,vehiculos/sedan,Sedan,Austin,A70 Hampshire,A70 Hampshire,austin-a70-hampshire-a70-hampshire,631,PLACEHOLDER
vehiculos/sedan/austin-a70-hereford-a70-hereford.jpg,vehiculos/sedan,Sedan,Austin,A70 Hereford,A70 Hereford,austin-a70-hereford-a70-hereford,631,PLACEHOLDER
vehiculos/sedan/austin-allegro-allegro-series-1-3.jpg,vehiculos/sedan,Sedan,Austin,Allegro,Allegro (Series 1-3),austin-allegro-allegro-series-1-3,631,PLACEHOLDER
vehiculos/sedan/austin-cambridge-a40-cambridge.jpg,vehiculos/sedan,Sedan,Austin,Cambridge,A40 Cambridge,austin-cambridge-a40-cambridge,631,PLACEHOLDER
vehiculos/sedan/austin-cambridge-a50-cambridge.jpg,vehiculos/sedan,Sedan,Austin,Cambridge,A50 Cambridge,austin-cambridge-a50-cambridge,631,PLACEHOLDER
vehiculos/sedan/austin-cambridge-a55-cambridge-mk1.jpg,vehiculos/sedan,Sedan,Austin,Cambridge,A55 Cambridge Mk1,austin-cambridge-a55-cambridge-mk1,631,PLACEHOLDER
vehiculos/sedan/austin-cambridge-a55-cambridge-mk2-farina.jpg,vehiculos/sedan,Sedan,Austin,Cambridge,A55 Cambridge Mk2 (Farina),austin-cambridge-a55-cambridge-mk2-farina,631,PLACEHOLDER
vehiculos/sedan/austin-cambridge-a60-cambridge-farina.jpg,vehiculos/sedan,Sedan,Austin,Cambridge,A60 Cambridge (Farina),austin-cambridge-a60-cambridge-farina,631,PLACEHOLDER
vehiculos/sedan/austin-eight-austin-eight.jpg,vehiculos/sedan,Sedan,Austin,Eight,Austin Eight,austin-eight-austin-eight,631,PLACEHOLDER
vehiculos/sedan/austin-fx3-fx3-taxi.jpg,vehiculos/sedan,Sedan,Austin,FX3,FX3 Taxi,austin-fx3-fx3-taxi,631,PLACEHOLDER
vehiculos/sedan/austin-fx4-fx4-taxi.jpg,vehiculos/sedan,Sedan,Austin,FX4,FX4 Taxi,austin-fx4-fx4-taxi,631,PLACEHOLDER
vehiculos/sedan/austin-mini-austin-mini-mk1-mk2.jpg,vehiculos/sedan,Sedan,Austin,Mini,Austin Mini Mk1/Mk2,austin-mini-austin-mini-mk1-mk2,631,PLACEHOLDER
vehiculos/sedan/austin-mini-cooper-austin-mini-cooper.jpg,vehiculos/sedan,Sedan,Austin,Mini Cooper,Austin Mini Cooper,austin-mini-cooper-austin-mini-cooper,631,PLACEHOLDER
vehiculos/sedan/austin-mini-cooper-s-austin-mini-cooper-s.jpg,vehiculos/sedan,Sedan,Austin,Mini Cooper S,Austin Mini Cooper S,austin-mini-cooper-s-austin-mini-cooper-s,631,PLACEHOLDER
vehiculos/sedan/austin-montego-montego.jpg,vehiculos/sedan,Sedan,Austin,Montego,Montego,austin-montego-montego,631,PLACEHOLDER
vehiculos/sedan/austin-princess-18-22-princess.jpg,vehiculos/sedan,Sedan,Austin,Princess,18-22 / Princess,austin-princess-18-22-princess,631,PLACEHOLDER
vehiculos/sedan/austin-seven-austin-seven.jpg,vehiculos/sedan,Sedan,Austin,Seven,Austin Seven,austin-seven-austin-seven,631,PLACEHOLDER
vehiculos/sedan/austin-ten-ten-four.jpg,vehiculos/sedan,Sedan,Austin,Ten,Ten-Four,austin-ten-ten-four,631,PLACEHOLDER
vehiculos/sedan/austin-twelve-twelve-four.jpg,vehiculos/sedan,Sedan,Austin,Twelve,Twelve-Four,austin-twelve-twelve-four,631,PLACEHOLDER
vehiculos/sedan/austin-westminster-a110-westminster.jpg,vehiculos/sedan,Sedan,Austin,Westminster,A110 Westminster,austin-westminster-a110-westminster,631,PLACEHOLDER
vehiculos/sedan/austin-westminster-a90-a95-westminster.jpg,vehiculos/sedan,Sedan,Austin,Westminster,A90/A95 Westminster,austin-westminster-a90-a95-westminster,631,PLACEHOLDER
vehiculos/sedan/austin-westminster-a99-westminster.jpg,vehiculos/sedan,Sedan,Austin,Westminster,A99 Westminster,austin-westminster-a99-westminster,631,PLACEHOLDER
vehiculos/sedan/authi-austin-1100-ado16.jpg,vehiculos/sedan,Sedan,Authi,Austin 1100,ADO16,authi-austin-1100-ado16,631,PLACEHOLDER
vehiculos/sedan/authi-austin-1300-ado16.jpg,vehiculos/sedan,Sedan,Authi,Austin 1300,ADO16,authi-austin-1300-ado16,631,PLACEHOLDER
vehiculos/sedan/authi-austin-de-luxe-ado16.jpg,vehiculos/sedan,Sedan,Authi,Austin de Luxe,ADO16,authi-austin-de-luxe-ado16,631,PLACEHOLDER
vehiculos/sedan/authi-austin-victoria-victoria-ado16-michelotti.jpg,vehiculos/sedan,Sedan,Authi,Austin Victoria,Victoria (ADO16 Michelotti),authi-austin-victoria-victoria-ado16-michelotti,631,PLACEHOLDER
vehiculos/sedan/authi-mg-1100-ado16.jpg,vehiculos/sedan,Sedan,Authi,MG 1100,ADO16,authi-mg-1100-ado16,631,PLACEHOLDER
vehiculos/sedan/authi-mg-1300-ado16.jpg,vehiculos/sedan,Sedan,Authi,MG 1300,ADO16,authi-mg-1300-ado16,631,PLACEHOLDER
vehiculos/sedan/authi-mini-1000-ado15.jpg,vehiculos/sedan,Sedan,Authi,Mini 1000,ADO15,authi-mini-1000-ado15,631,PLACEHOLDER
vehiculos/sedan/authi-mini-1275-c-ado15.jpg,vehiculos/sedan,Sedan,Authi,Mini 1275 C,ADO15,authi-mini-1275-c-ado15,631,PLACEHOLDER
vehiculos/sedan/authi-mini-1275-gt-ado15.jpg,vehiculos/sedan,Sedan,Authi,Mini 1275 GT,ADO15,authi-mini-1275-gt-ado15,631,PLACEHOLDER
vehiculos/sedan/authi-mini-850-ado15.jpg,vehiculos/sedan,Sedan,Authi,Mini 850,ADO15,authi-mini-850-ado15,631,PLACEHOLDER
vehiculos/sedan/authi-mini-cooper-1300-ado15.jpg,vehiculos/sedan,Sedan,Authi,Mini Cooper 1300,ADO15,authi-mini-cooper-1300-ado15,631,PLACEHOLDER
vehiculos/sedan/authi-morris-1100-ado16.jpg,vehiculos/sedan,Sedan,Authi,Morris 1100,ADO16,authi-morris-1100-ado16,631,PLACEHOLDER
vehiculos/sedan/authi-morris-1300-ado16.jpg,vehiculos/sedan,Sedan,Authi,Morris 1300,ADO16,authi-morris-1300-ado16,631,PLACEHOLDER
vehiculos/sedan/auto-union-1000-auto-union-1000-alemania.jpg,vehiculos/sedan,Sedan,Auto Union,1000,Auto Union 1000 (Alemania),auto-union-1000-auto-union-1000-alemania,631,PLACEHOLDER
vehiculos/sedan/auto-union-1000-s-auto-union-1000-s-alemania.jpg,vehiculos/sedan,Sedan,Auto Union,1000 S,Auto Union 1000 S (Alemania),auto-union-1000-s-auto-union-1000-s-alemania,631,PLACEHOLDER
vehiculos/sedan/auto-union-1000-s-auto-union-1000-s-argentina-iasf.jpg,vehiculos/sedan,Sedan,Auto Union,1000 S,"Auto Union 1000 S (Argentina, IASF)",auto-union-1000-s-auto-union-1000-s-argentina-iasf,631,PLACEHOLDER
vehiculos/sedan/autobianchi-a111-a111.jpg,vehiculos/sedan,Sedan,Autobianchi,A111,A111,autobianchi-a111-a111,631,PLACEHOLDER
vehiculos/sedan/bentley-3-litre-derby-3-litre.jpg,vehiculos/sedan,Sedan,Bentley,3½ Litre,Derby 3½ Litre,bentley-3-litre-derby-3-litre,631,PLACEHOLDER
vehiculos/sedan/bentley-4-litre-4-litre.jpg,vehiculos/sedan,Sedan,Bentley,4 Litre,4 Litre,bentley-4-litre-4-litre,631,PLACEHOLDER
vehiculos/sedan/bentley-4-litre-derby-4-litre.jpg,vehiculos/sedan,Sedan,Bentley,4¼ Litre,Derby 4¼ Litre,bentley-4-litre-derby-4-litre,631,PLACEHOLDER
vehiculos/sedan/bentley-6-litre-6-litre.jpg,vehiculos/sedan,Sedan,Bentley,6½ Litre,6½ Litre,bentley-6-litre-6-litre,631,PLACEHOLDER
vehiculos/sedan/bentley-8-litre-8-litre.jpg,vehiculos/sedan,Sedan,Bentley,8 Litre,8 Litre,bentley-8-litre-8-litre,631,PLACEHOLDER
vehiculos/sedan/bentley-brooklands-brooklands.jpg,vehiculos/sedan,Sedan,Bentley,Brooklands,Brooklands,bentley-brooklands-brooklands,631,PLACEHOLDER
vehiculos/sedan/bentley-eight-eight.jpg,vehiculos/sedan,Sedan,Bentley,Eight,Eight,bentley-eight-eight,631,PLACEHOLDER
vehiculos/sedan/bentley-mark-v-mark-v.jpg,vehiculos/sedan,Sedan,Bentley,Mark V,Mark V,bentley-mark-v-mark-v,631,PLACEHOLDER
vehiculos/sedan/bentley-mark-vi-mark-vi.jpg,vehiculos/sedan,Sedan,Bentley,Mark VI,Mark VI,bentley-mark-vi-mark-vi,631,PLACEHOLDER
vehiculos/sedan/bentley-mulsanne-mulsanne-turbo.jpg,vehiculos/sedan,Sedan,Bentley,Mulsanne,Mulsanne Turbo,bentley-mulsanne-mulsanne-turbo,631,PLACEHOLDER
vehiculos/sedan/bentley-mulsanne-mulsanne.jpg,vehiculos/sedan,Sedan,Bentley,Mulsanne,Mulsanne,bentley-mulsanne-mulsanne,631,PLACEHOLDER
vehiculos/sedan/bentley-r-type-r-type.jpg,vehiculos/sedan,Sedan,Bentley,R-Type,R-Type,bentley-r-type-r-type,631,PLACEHOLDER
vehiculos/sedan/bentley-s1-s1.jpg,vehiculos/sedan,Sedan,Bentley,S1,S1,bentley-s1-s1,631,PLACEHOLDER
vehiculos/sedan/bentley-s2-s2.jpg,vehiculos/sedan,Sedan,Bentley,S2,S2,bentley-s2-s2,631,PLACEHOLDER
vehiculos/sedan/bentley-s3-s3.jpg,vehiculos/sedan,Sedan,Bentley,S3,S3,bentley-s3-s3,631,PLACEHOLDER
vehiculos/sedan/bentley-t-series-t1.jpg,vehiculos/sedan,Sedan,Bentley,T-Series,T1,bentley-t-series-t1,631,PLACEHOLDER
vehiculos/sedan/bentley-t-series-t2.jpg,vehiculos/sedan,Sedan,Bentley,T-Series,T2,bentley-t-series-t2,631,PLACEHOLDER
vehiculos/sedan/bentley-turbo-r-turbo-r.jpg,vehiculos/sedan,Sedan,Bentley,Turbo R,Turbo R,bentley-turbo-r-turbo-r,631,PLACEHOLDER
vehiculos/sedan/bianchi-s4-s-4.jpg,vehiculos/sedan,Sedan,Bianchi,S4,S/4,bianchi-s4-s-4,631,PLACEHOLDER
vehiculos/sedan/bianchi-s5-s-5-13.jpg,vehiculos/sedan,Sedan,Bianchi,S5,S/5 (1.3),bianchi-s5-s-5-13,631,PLACEHOLDER
vehiculos/sedan/bianchi-s5-s-5-15.jpg,vehiculos/sedan,Sedan,Bianchi,S5,S/5 (1.5),bianchi-s5-s-5-15,631,PLACEHOLDER
vehiculos/sedan/bianchi-s6-s-6.jpg,vehiculos/sedan,Sedan,Bianchi,S6,S/6,bianchi-s6-s-6,631,PLACEHOLDER
vehiculos/sedan/bianchi-s8-s-8-27.jpg,vehiculos/sedan,Sedan,Bianchi,S8,S/8 (2.7),bianchi-s8-s-8-27,631,PLACEHOLDER
vehiculos/sedan/bianchi-s8-s-8-29.jpg,vehiculos/sedan,Sedan,Bianchi,S8,S/8 (2.9),bianchi-s8-s-8-29,631,PLACEHOLDER
vehiculos/sedan/bianchi-s9-s-9.jpg,vehiculos/sedan,Sedan,Bianchi,S9,S/9,bianchi-s9-s-9,631,PLACEHOLDER
vehiculos/sedan/bmw-3-series-e21.jpg,vehiculos/sedan,Sedan,BMW,3 Series,E21,bmw-3-series-e21,631,PLACEHOLDER
vehiculos/sedan/bmw-3-series-e30.jpg,vehiculos/sedan,Sedan,BMW,3 Series,E30,bmw-3-series-e30,631,PLACEHOLDER
vehiculos/sedan/bmw-3-series-e36.jpg,vehiculos/sedan,Sedan,BMW,3 Series,E36,bmw-3-series-e36,631,PLACEHOLDER
vehiculos/sedan/bmw-5-series-e12.jpg,vehiculos/sedan,Sedan,BMW,5 Series,E12,bmw-5-series-e12,631,PLACEHOLDER
vehiculos/sedan/bmw-5-series-e28.jpg,vehiculos/sedan,Sedan,BMW,5 Series,E28,bmw-5-series-e28,631,PLACEHOLDER
vehiculos/sedan/bmw-5-series-e34.jpg,vehiculos/sedan,Sedan,BMW,5 Series,E34,bmw-5-series-e34,631,PLACEHOLDER
vehiculos/sedan/bmw-501-502-501-502-barockengel.jpg,vehiculos/sedan,Sedan,BMW,501/502,501/502 (Barockengel),bmw-501-502-501-502-barockengel,631,PLACEHOLDER
vehiculos/sedan/bmw-7-series-e23.jpg,vehiculos/sedan,Sedan,BMW,7 Series,E23,bmw-7-series-e23,631,PLACEHOLDER
vehiculos/sedan/bmw-7-series-e32.jpg,vehiculos/sedan,Sedan,BMW,7 Series,E32,bmw-7-series-e32,631,PLACEHOLDER
vehiculos/sedan/bmw-m5-e28.jpg,vehiculos/sedan,Sedan,BMW,M5,E28,bmw-m5-e28,631,PLACEHOLDER
vehiculos/sedan/bmw-m5-e34.jpg,vehiculos/sedan,Sedan,BMW,M5,E34,bmw-m5-e34,631,PLACEHOLDER
vehiculos/sedan/bmw-new-class-1500-1800-2000-neue-klasse.jpg,vehiculos/sedan,Sedan,BMW,New Class,1500/1800/2000 (Neue Klasse),bmw-new-class-1500-1800-2000-neue-klasse,631,PLACEHOLDER
vehiculos/sedan/bmw-new-six-e3-2500-2800-30.jpg,vehiculos/sedan,Sedan,BMW,New Six,E3 (2500/2800/3.0),bmw-new-six-e3-2500-2800-30,631,PLACEHOLDER
vehiculos/sedan/borgward-hansa-1500-hansa-1500.jpg,vehiculos/sedan,Sedan,Borgward,Hansa 1500,Hansa 1500,borgward-hansa-1500-hansa-1500,631,PLACEHOLDER
vehiculos/sedan/borgward-hansa-1800-hansa-1800-d.jpg,vehiculos/sedan,Sedan,Borgward,Hansa 1800,Hansa 1800 D,borgward-hansa-1800-hansa-1800-d,631,PLACEHOLDER
vehiculos/sedan/borgward-hansa-1800-hansa-1800.jpg,vehiculos/sedan,Sedan,Borgward,Hansa 1800,Hansa 1800,borgward-hansa-1800-hansa-1800,631,PLACEHOLDER
vehiculos/sedan/borgward-hansa-2400-hansa-2400-fastback.jpg,vehiculos/sedan,Sedan,Borgward,Hansa 2400,Hansa 2400 (fastback),borgward-hansa-2400-hansa-2400-fastback,631,PLACEHOLDER
vehiculos/sedan/borgward-hansa-2400-hansa-2400-pullman.jpg,vehiculos/sedan,Sedan,Borgward,Hansa 2400,Hansa 2400 Pullman,borgward-hansa-2400-hansa-2400-pullman,631,PLACEHOLDER
vehiculos/sedan/borgward-isabella-isabella-ts.jpg,vehiculos/sedan,Sedan,Borgward,Isabella,Isabella TS,borgward-isabella-isabella-ts,631,PLACEHOLDER
vehiculos/sedan/borgward-isabella-isabella.jpg,vehiculos/sedan,Sedan,Borgward,Isabella,Isabella,borgward-isabella-isabella,631,PLACEHOLDER
vehiculos/sedan/borgward-p100-p100-big-six.jpg,vehiculos/sedan,Sedan,Borgward,P100,P100 (Big Six),borgward-p100-p100-big-six,631,PLACEHOLDER
vehiculos/sedan/brabus-c-v8-w202.jpg,vehiculos/sedan,Sedan,Brabus,C V8,W202,brabus-c-v8-w202,631,PLACEHOLDER
vehiculos/sedan/brabus-e-v12-w124.jpg,vehiculos/sedan,Sedan,Brabus,E V12,W124,brabus-e-v12-w124,631,PLACEHOLDER
vehiculos/sedan/bristol-405-type-405.jpg,vehiculos/sedan,Sedan,Bristol,405,Type 405,bristol-405-type-405,631,PLACEHOLDER
vehiculos/sedan/brough-superior-35-litre-3-litre.jpg,vehiculos/sedan,Sedan,Brough Superior,3.5 Litre,3½-Litre,brough-superior-35-litre-3-litre,631,PLACEHOLDER
vehiculos/sedan/bugatti-type-41-type-41-royale.jpg,vehiculos/sedan,Sedan,Bugatti,Type 41,Type 41 Royale,bugatti-type-41-type-41-royale,631,PLACEHOLDER
vehiculos/sedan/buick-century-century-fwd-a-body-1982-1996.jpg,vehiculos/sedan,Sedan,Buick,Century,Century FWD A-body (1982-1996),buick-century-century-fwd-a-body-1982-1996,631,PLACEHOLDER
vehiculos/sedan/buick-electra-electra-6a-gen-fwd-c-body-1985-1990.jpg,vehiculos/sedan,Sedan,Buick,Electra,Electra 6a gen FWD C-body (1985-1990),buick-electra-electra-6a-gen-fwd-c-body-1985-1990,631,PLACEHOLDER
vehiculos/sedan/buick-invicta-invicta-1959-1963.jpg,vehiculos/sedan,Sedan,Buick,Invicta,Invicta (1959-1963),buick-invicta-invicta-1959-1963,631,PLACEHOLDER
vehiculos/sedan/buick-lesabre-lesabre-6a-gen-h-body-1986-1991.jpg,vehiculos/sedan,Sedan,Buick,LeSabre,LeSabre 6a gen H-body (1986-1991),buick-lesabre-lesabre-6a-gen-h-body-1986-1991,631,PLACEHOLDER
vehiculos/sedan/buick-lesabre-lesabre-7a-gen-1992-1999.jpg,vehiculos/sedan,Sedan,Buick,LeSabre,LeSabre 7a gen (1992-1999),buick-lesabre-lesabre-7a-gen-1992-1999,631,PLACEHOLDER
vehiculos/sedan/buick-park-avenue-park-avenue-1a-gen-1991-1996.jpg,vehiculos/sedan,Sedan,Buick,Park Avenue,Park Avenue 1a gen (1991-1996),buick-park-avenue-park-avenue-1a-gen-1991-1996,631,PLACEHOLDER
vehiculos/sedan/buick-roadmaster-roadmaster-1992-1996.jpg,vehiculos/sedan,Sedan,Buick,Roadmaster,Roadmaster (1992-1996),buick-roadmaster-roadmaster-1992-1996,631,PLACEHOLDER
vehiculos/sedan/buick-skylark-skylark-4a-gen-x-body-1980-1985.jpg,vehiculos/sedan,Sedan,Buick,Skylark,Skylark 4a gen X-body (1980-1985),buick-skylark-skylark-4a-gen-x-body-1980-1985,631,PLACEHOLDER
vehiculos/sedan/buick-skylark-skylark-5a-gen-n-body-1986-1991.jpg,vehiculos/sedan,Sedan,Buick,Skylark,Skylark 5a gen N-body (1986-1991),buick-skylark-skylark-5a-gen-n-body-1986-1991,631,PLACEHOLDER
vehiculos/sedan/buick-skylark-skylark-6a-gen-n-body-1992-1998.jpg,vehiculos/sedan,Sedan,Buick,Skylark,Skylark 6a gen N-body (1992-1998),buick-skylark-skylark-6a-gen-n-body-1992-1998,631,PLACEHOLDER
vehiculos/sedan/cadillac-brougham-1987-1992.jpg,vehiculos/sedan,Sedan,Cadillac,Brougham,(1987-1992),cadillac-brougham-1987-1992,631,PLACEHOLDER
vehiculos/sedan/cadillac-cimarron-1982-1988.jpg,vehiculos/sedan,Sedan,Cadillac,Cimarron,(1982-1988),cadillac-cimarron-1982-1988,631,PLACEHOLDER
vehiculos/sedan/cadillac-deville-1a-gen-1959-1960.jpg,vehiculos/sedan,Sedan,Cadillac,DeVille,1a gen (1959-1960),cadillac-deville-1a-gen-1959-1960,631,PLACEHOLDER
vehiculos/sedan/cadillac-deville-2a-gen-1961-1964.jpg,vehiculos/sedan,Sedan,Cadillac,DeVille,2a gen (1961-1964),cadillac-deville-2a-gen-1961-1964,631,PLACEHOLDER
vehiculos/sedan/cadillac-deville-3a-gen-1965-1970.jpg,vehiculos/sedan,Sedan,Cadillac,DeVille,3a gen (1965-1970),cadillac-deville-3a-gen-1965-1970,631,PLACEHOLDER
vehiculos/sedan/cadillac-deville-4a-gen-1971-1976.jpg,vehiculos/sedan,Sedan,Cadillac,DeVille,4a gen (1971-1976),cadillac-deville-4a-gen-1971-1976,631,PLACEHOLDER
vehiculos/sedan/cadillac-deville-5a-gen-1977-1984.jpg,vehiculos/sedan,Sedan,Cadillac,DeVille,5a gen (1977-1984),cadillac-deville-5a-gen-1977-1984,631,PLACEHOLDER
vehiculos/sedan/cadillac-deville-6a-gen-1985-1993.jpg,vehiculos/sedan,Sedan,Cadillac,DeVille,6a gen (1985-1993),cadillac-deville-6a-gen-1985-1993,631,PLACEHOLDER
vehiculos/sedan/cadillac-deville-7a-gen-1994-1999.jpg,vehiculos/sedan,Sedan,Cadillac,DeVille,7a gen (1994-1999),cadillac-deville-7a-gen-1994-1999,631,PLACEHOLDER
vehiculos/sedan/cadillac-eldorado-brougham-1957-1960.jpg,vehiculos/sedan,Sedan,Cadillac,Eldorado Brougham,(1957-1960),cadillac-eldorado-brougham-1957-1960,631,PLACEHOLDER
vehiculos/sedan/cadillac-fleetwood-brougham-d-body-1979-1985.jpg,vehiculos/sedan,Sedan,Cadillac,Fleetwood Brougham,D-body (1979-1985),cadillac-fleetwood-brougham-d-body-1979-1985,631,PLACEHOLDER
vehiculos/sedan/cadillac-fleetwood-brougham-d-body-rwd-1977-1986.jpg,vehiculos/sedan,Sedan,Cadillac,Fleetwood Brougham,D-body RWD (1977-1986),cadillac-fleetwood-brougham-d-body-rwd-1977-1986,631,PLACEHOLDER
vehiculos/sedan/cadillac-fleetwood-fwd-c-body-1985-1993.jpg,vehiculos/sedan,Sedan,Cadillac,Fleetwood,FWD C-body (1985-1993),cadillac-fleetwood-fwd-c-body-1985-1993,631,PLACEHOLDER
vehiculos/sedan/cadillac-fleetwood-rwd-d-body-1993.jpg,vehiculos/sedan,Sedan,Cadillac,Fleetwood,RWD D-body (1993),cadillac-fleetwood-rwd-d-body-1993,631,PLACEHOLDER
vehiculos/sedan/cadillac-fleetwood-rwd-d-body-1994-1996.jpg,vehiculos/sedan,Sedan,Cadillac,Fleetwood,RWD D-body (1994-1996),cadillac-fleetwood-rwd-d-body-1994-1996,631,PLACEHOLDER
vehiculos/sedan/cadillac-fleetwood-sixty-special-fwd-1987-1993.jpg,vehiculos/sedan,Sedan,Cadillac,Fleetwood Sixty Special,FWD (1987-1993),cadillac-fleetwood-sixty-special-fwd-1987-1993,631,PLACEHOLDER
vehiculos/sedan/cadillac-series-61-1939-1951.jpg,vehiculos/sedan,Sedan,Cadillac,Series 61,(1939-1951),cadillac-series-61-1939-1951,631,PLACEHOLDER
vehiculos/sedan/cadillac-series-62-l-head-1940-1948.jpg,vehiculos/sedan,Sedan,Cadillac,Series 62,L-head (1940-1948),cadillac-series-62-l-head-1940-1948,631,PLACEHOLDER
vehiculos/sedan/cadillac-series-62-ohv-v8-1949-1964.jpg,vehiculos/sedan,Sedan,Cadillac,Series 62,OHV V8 (1949-1964),cadillac-series-62-ohv-v8-1949-1964,631,PLACEHOLDER
vehiculos/sedan/cadillac-seville-1a-gen-1975-1979.jpg,vehiculos/sedan,Sedan,Cadillac,Seville,1a gen (1975-1979),cadillac-seville-1a-gen-1975-1979,631,PLACEHOLDER
vehiculos/sedan/cadillac-seville-1a-gen-1978-1979.jpg,vehiculos/sedan,Sedan,Cadillac,Seville,1a gen (1978-1979),cadillac-seville-1a-gen-1978-1979,631,PLACEHOLDER
vehiculos/sedan/cadillac-seville-2a-gen-1980-1985.jpg,vehiculos/sedan,Sedan,Cadillac,Seville,2a gen (1980-1985),cadillac-seville-2a-gen-1980-1985,631,PLACEHOLDER
vehiculos/sedan/cadillac-seville-3a-gen-1986-1991.jpg,vehiculos/sedan,Sedan,Cadillac,Seville,3a gen (1986-1991),cadillac-seville-3a-gen-1986-1991,631,PLACEHOLDER
vehiculos/sedan/cadillac-seville-4a-gen-1992-1997.jpg,vehiculos/sedan,Sedan,Cadillac,Seville,4a gen (1992-1997),cadillac-seville-4a-gen-1992-1997,631,PLACEHOLDER
vehiculos/sedan/cadillac-sixty-special-fleetwood-sixty-special-1938-1970.jpg,vehiculos/sedan,Sedan,Cadillac,Sixty Special,Fleetwood Sixty Special (1938-1970),cadillac-sixty-special-fleetwood-sixty-special-1938-1970,631,PLACEHOLDER
vehiculos/sedan/checker-aerobus-aerobus-a12e-a12w.jpg,vehiculos/sedan,Sedan,Checker,Aerobus,Aerobus (A12E/A12W),checker-aerobus-aerobus-a12e-a12w,631,PLACEHOLDER
vehiculos/sedan/checker-marathon-deluxe-deluxe-a12e.jpg,vehiculos/sedan,Sedan,Checker,Marathon DeLuxe,DeLuxe (A12E),checker-marathon-deluxe-deluxe-a12e,631,PLACEHOLDER
vehiculos/sedan/checker-marathon-marathon-a11-a12.jpg,vehiculos/sedan,Sedan,Checker,Marathon,Marathon (A11/A12),checker-marathon-marathon-a11-a12,631,PLACEHOLDER
vehiculos/sedan/checker-marathon-town-custom-town-custom-deluxe-a12e.jpg,vehiculos/sedan,Sedan,Checker,Marathon Town Custom,Town Custom / DeLuxe (A12E),checker-marathon-town-custom-town-custom-deluxe-a12e,631,PLACEHOLDER
vehiculos/sedan/checker-marathon-town-custom-town-custom-deluxe-a19e-luego-a12e.jpg,vehiculos/sedan,Sedan,Checker,Marathon Town Custom,"Town Custom / DeLuxe (A19E, luego A12E)",checker-marathon-town-custom-town-custom-deluxe-a19e-luego-a12e,631,PLACEHOLDER
vehiculos/sedan/checker-model-a-model-a.jpg,vehiculos/sedan,Sedan,Checker,Model A,Model A,checker-model-a-model-a,631,PLACEHOLDER
vehiculos/sedan/checker-model-a2-model-a2-a3.jpg,vehiculos/sedan,Sedan,Checker,Model A2,Model A2 / A3,checker-model-a2-model-a2-a3,631,PLACEHOLDER
vehiculos/sedan/checker-model-a4-model-a4-a5.jpg,vehiculos/sedan,Sedan,Checker,Model A4,Model A4 / A5,checker-model-a4-model-a4-a5,631,PLACEHOLDER
vehiculos/sedan/checker-model-a6-model-a6-a7.jpg,vehiculos/sedan,Sedan,Checker,Model A6,Model A6 / A7,checker-model-a6-model-a6-a7,631,PLACEHOLDER
vehiculos/sedan/checker-model-a8-model-a8.jpg,vehiculos/sedan,Sedan,Checker,Model A8,Model A8,checker-model-a8-model-a8,631,PLACEHOLDER
vehiculos/sedan/checker-model-a9-model-a9.jpg,vehiculos/sedan,Sedan,Checker,Model A9,Model A9,checker-model-a9-model-a9,631,PLACEHOLDER
vehiculos/sedan/checker-model-c-model-c.jpg,vehiculos/sedan,Sedan,Checker,Model C,Model C,checker-model-c-model-c,631,PLACEHOLDER
vehiculos/sedan/checker-model-e-model-e.jpg,vehiculos/sedan,Sedan,Checker,Model E,Model E,checker-model-e-model-e,631,PLACEHOLDER
vehiculos/sedan/checker-model-f-model-f.jpg,vehiculos/sedan,Sedan,Checker,Model F,Model F,checker-model-f-model-f,631,PLACEHOLDER
vehiculos/sedan/checker-model-g-model-g-4.jpg,vehiculos/sedan,Sedan,Checker,Model G,Model G-4,checker-model-g-model-g-4,631,PLACEHOLDER
vehiculos/sedan/checker-model-g-model-g-6.jpg,vehiculos/sedan,Sedan,Checker,Model G,Model G-6,checker-model-g-model-g-6,631,PLACEHOLDER
vehiculos/sedan/checker-model-h-model-h-h-2.jpg,vehiculos/sedan,Sedan,Checker,Model H,Model H / H-2,checker-model-h-model-h-h-2,631,PLACEHOLDER
vehiculos/sedan/checker-model-k-model-k.jpg,vehiculos/sedan,Sedan,Checker,Model K,Model K,checker-model-k-model-k,631,PLACEHOLDER
vehiculos/sedan/checker-model-m-model-m.jpg,vehiculos/sedan,Sedan,Checker,Model M,Model M,checker-model-m-model-m,631,PLACEHOLDER
vehiculos/sedan/checker-model-t-model-t.jpg,vehiculos/sedan,Sedan,Checker,Model T,Model T,checker-model-t-model-t,631,PLACEHOLDER
vehiculos/sedan/checker-model-y-model-y-6.jpg,vehiculos/sedan,Sedan,Checker,Model Y,Model Y-6,checker-model-y-model-y-6,631,PLACEHOLDER
vehiculos/sedan/checker-model-y-model-y-8.jpg,vehiculos/sedan,Sedan,Checker,Model Y,Model Y-8,checker-model-y-model-y-8,631,PLACEHOLDER
vehiculos/sedan/checker-superba-superba-a10.jpg,vehiculos/sedan,Sedan,Checker,Superba,Superba (A10),checker-superba-superba-a10,631,PLACEHOLDER
vehiculos/sedan/chevrolet-bel-air-tri-five.jpg,vehiculos/sedan,Sedan,Chevrolet,Bel Air,Tri-Five,chevrolet-bel-air-tri-five,631,PLACEHOLDER
vehiculos/sedan/chevrolet-caprice-4th-gen-b-body.jpg,vehiculos/sedan,Sedan,Chevrolet,Caprice,4th gen B-body,chevrolet-caprice-4th-gen-b-body,631,PLACEHOLDER
vehiculos/sedan/chevrolet-cavalier-1st-gen-j-body.jpg,vehiculos/sedan,Sedan,Chevrolet,Cavalier,1st gen (J-body),chevrolet-cavalier-1st-gen-j-body,631,PLACEHOLDER
vehiculos/sedan/chevrolet-celebrity-a-body.jpg,vehiculos/sedan,Sedan,Chevrolet,Celebrity,A-body,chevrolet-celebrity-a-body,631,PLACEHOLDER
vehiculos/sedan/chevrolet-chevette-gm-do-brasil.jpg,vehiculos/sedan,Sedan,Chevrolet,Chevette,(GM do Brasil),chevrolet-chevette-gm-do-brasil,631,PLACEHOLDER
vehiculos/sedan/chevrolet-corsica-l-body.jpg,vehiculos/sedan,Sedan,Chevrolet,Corsica,L-body,chevrolet-corsica-l-body,631,PLACEHOLDER
vehiculos/sedan/chevrolet-impala-7th-gen-b-body.jpg,vehiculos/sedan,Sedan,Chevrolet,Impala,7th gen B-body,chevrolet-impala-7th-gen-b-body,631,PLACEHOLDER
vehiculos/sedan/chevrolet-impala-full-size-clasico.jpg,vehiculos/sedan,Sedan,Chevrolet,Impala,full-size (clasico),chevrolet-impala-full-size-clasico,631,PLACEHOLDER
vehiculos/sedan/chevrolet-lumina-1st-gen-w-body.jpg,vehiculos/sedan,Sedan,Chevrolet,Lumina,1st gen (W-body),chevrolet-lumina-1st-gen-w-body,631,PLACEHOLDER
vehiculos/sedan/chevrolet-malibu-clasico-g-body.jpg,vehiculos/sedan,Sedan,Chevrolet,Malibu,clasico (G-body),chevrolet-malibu-clasico-g-body,631,PLACEHOLDER
vehiculos/sedan/chevrolet-monza-gm-do-brasil.jpg,vehiculos/sedan,Sedan,Chevrolet,Monza,(GM do Brasil),chevrolet-monza-gm-do-brasil,631,PLACEHOLDER
vehiculos/sedan/chevrolet-nova-5th-gen-fwd-nummi.jpg,vehiculos/sedan,Sedan,Chevrolet,Nova,"5th gen (FWD, NUMMI)",chevrolet-nova-5th-gen-fwd-nummi,631,PLACEHOLDER
vehiculos/sedan/chevrolet-nova-chevy-ii-nova.jpg,vehiculos/sedan,Sedan,Chevrolet,Nova,Chevy II / Nova,chevrolet-nova-chevy-ii-nova,631,PLACEHOLDER
vehiculos/sedan/chevrolet-omega-1st-gen-gm-do-brasil.jpg,vehiculos/sedan,Sedan,Chevrolet,Omega,1st gen (GM do Brasil),chevrolet-omega-1st-gen-gm-do-brasil,631,PLACEHOLDER
vehiculos/sedan/chevrolet-opala-gm-do-brasil.jpg,vehiculos/sedan,Sedan,Chevrolet,Opala,(GM do Brasil),chevrolet-opala-gm-do-brasil,631,PLACEHOLDER
vehiculos/sedan/chrysler-cirrus-cirrus-ja.jpg,vehiculos/sedan,Sedan,Chrysler,Cirrus,Cirrus (JA),chrysler-cirrus-cirrus-ja,631,PLACEHOLDER
vehiculos/sedan/chrysler-concorde-concorde-1a-gen-lh.jpg,vehiculos/sedan,Sedan,Chrysler,Concorde,"Concorde (1a gen, LH)",chrysler-concorde-concorde-1a-gen-lh,631,PLACEHOLDER
vehiculos/sedan/chrysler-fifth-avenue-fifth-avenue-m-body.jpg,vehiculos/sedan,Sedan,Chrysler,Fifth Avenue,Fifth Avenue (M-body),chrysler-fifth-avenue-fifth-avenue-m-body,631,PLACEHOLDER
vehiculos/sedan/chrysler-imperial-imperial-c-body.jpg,vehiculos/sedan,Sedan,Chrysler,Imperial,Imperial (C-body),chrysler-imperial-imperial-c-body,631,PLACEHOLDER
vehiculos/sedan/chrysler-lebaron-lebaron-k-body-2a-gen.jpg,vehiculos/sedan,Sedan,Chrysler,LeBaron,"LeBaron (K-body, 2a gen)",chrysler-lebaron-lebaron-k-body-2a-gen,631,PLACEHOLDER
vehiculos/sedan/chrysler-lebaron-lebaron-m-body-1a-gen.jpg,vehiculos/sedan,Sedan,Chrysler,LeBaron,"LeBaron (M-body, 1a gen)",chrysler-lebaron-lebaron-m-body-1a-gen,631,PLACEHOLDER
vehiculos/sedan/chrysler-lhs-lhs-1a-gen-lh.jpg,vehiculos/sedan,Sedan,Chrysler,LHS,"LHS (1a gen, LH)",chrysler-lhs-lhs-1a-gen-lh,631,PLACEHOLDER
vehiculos/sedan/chrysler-neon-neon-europa-1a-gen.jpg,vehiculos/sedan,Sedan,Chrysler,Neon,"Neon (Europa, 1a gen)",chrysler-neon-neon-europa-1a-gen,631,PLACEHOLDER
vehiculos/sedan/chrysler-new-yorker-fifth-avenue-new-yorker-fifth-avenue-c-body.jpg,vehiculos/sedan,Sedan,Chrysler,New Yorker Fifth Avenue,New Yorker/Fifth Avenue (C-body),chrysler-new-yorker-fifth-avenue-new-yorker-fifth-avenue-c-body,631,PLACEHOLDER
vehiculos/sedan/chrysler-new-yorker-new-yorker-lh-14a-gen.jpg,vehiculos/sedan,Sedan,Chrysler,New Yorker,"New Yorker (LH, 14a gen)",chrysler-new-yorker-new-yorker-lh-14a-gen,631,PLACEHOLDER
vehiculos/sedan/chrysler-saratoga-saratoga-europa.jpg,vehiculos/sedan,Sedan,Chrysler,Saratoga,Saratoga (Europa),chrysler-saratoga-saratoga-europa,631,PLACEHOLDER
vehiculos/sedan/chrysler-vision-vision-lh.jpg,vehiculos/sedan,Sedan,Chrysler,Vision,Vision (LH),chrysler-vision-vision-lh,631,PLACEHOLDER
vehiculos/sedan/citroen-2cv-2cv-type-a.jpg,vehiculos/sedan,Sedan,Citroen,2CV,2CV (Type A),citroen-2cv-2cv-type-a,631,PLACEHOLDER
vehiculos/sedan/citroen-2cv-2cv6.jpg,vehiculos/sedan,Sedan,Citroen,2CV,2CV6,citroen-2cv-2cv6,631,PLACEHOLDER
vehiculos/sedan/citroen-ami-ami-6.jpg,vehiculos/sedan,Sedan,Citroen,Ami,Ami 6,citroen-ami-ami-6,631,PLACEHOLDER
vehiculos/sedan/citroen-ami-ami-8.jpg,vehiculos/sedan,Sedan,Citroen,Ami,Ami 8,citroen-ami-ami-8,631,PLACEHOLDER
vehiculos/sedan/citroen-ami-ami-super.jpg,vehiculos/sedan,Sedan,Citroen,Ami,Ami Super,citroen-ami-ami-super,631,PLACEHOLDER
vehiculos/sedan/citroen-cx-cx-diesel-trd-turbo.jpg,vehiculos/sedan,Sedan,Citroen,CX,CX Diesel/TRD Turbo,citroen-cx-cx-diesel-trd-turbo,631,PLACEHOLDER
vehiculos/sedan/citroen-cx-cx-gti-turbo.jpg,vehiculos/sedan,Sedan,Citroen,CX,CX GTi Turbo,citroen-cx-cx-gti-turbo,631,PLACEHOLDER
vehiculos/sedan/citroen-cx-cx-serie-1-2.jpg,vehiculos/sedan,Sedan,Citroen,CX,CX Serie 1/2,citroen-cx-cx-serie-1-2,631,PLACEHOLDER
vehiculos/sedan/citroen-ds-ds-19-20-21.jpg,vehiculos/sedan,Sedan,Citroen,DS,DS 19/20/21,citroen-ds-ds-19-20-21,631,PLACEHOLDER
vehiculos/sedan/citroen-ds-ds-23.jpg,vehiculos/sedan,Sedan,Citroen,DS,DS 23,citroen-ds-ds-23,631,PLACEHOLDER
vehiculos/sedan/citroen-gs-gs.jpg,vehiculos/sedan,Sedan,Citroen,GS,GS,citroen-gs-gs,631,PLACEHOLDER
vehiculos/sedan/citroen-id-id-19-20.jpg,vehiculos/sedan,Sedan,Citroen,ID,ID 19/20,citroen-id-id-19-20,631,PLACEHOLDER
vehiculos/sedan/citroen-traction-avant-15-six.jpg,vehiculos/sedan,Sedan,Citroen,Traction Avant,15 Six,citroen-traction-avant-15-six,631,PLACEHOLDER
vehiculos/sedan/citroen-traction-avant-7-11-cv.jpg,vehiculos/sedan,Sedan,Citroen,Traction Avant,7/11 CV,citroen-traction-avant-7-11-cv,631,PLACEHOLDER
vehiculos/sedan/citroen-xm-xm-turbo-d.jpg,vehiculos/sedan,Sedan,Citroen,XM,XM Turbo D,citroen-xm-xm-turbo-d,631,PLACEHOLDER
vehiculos/sedan/citroen-xm-xm-v6.jpg,vehiculos/sedan,Sedan,Citroen,XM,XM V6,citroen-xm-xm-v6,631,PLACEHOLDER
vehiculos/sedan/citroen-xm-xm.jpg,vehiculos/sedan,Sedan,Citroen,XM,XM,citroen-xm-xm,631,PLACEHOLDER
vehiculos/sedan/cord-810-cord-810.jpg,vehiculos/sedan,Sedan,Cord,810,Cord 810,cord-810-cord-810,631,PLACEHOLDER
vehiculos/sedan/cord-812-cord-812-s.jpg,vehiculos/sedan,Sedan,Cord,812,Cord 812 S,cord-812-cord-812-s,631,PLACEHOLDER
vehiculos/sedan/cord-812-cord-812.jpg,vehiculos/sedan,Sedan,Cord,812,Cord 812,cord-812-cord-812,631,PLACEHOLDER
vehiculos/sedan/cord-l-29-cord-l-29.jpg,vehiculos/sedan,Sedan,Cord,L-29,Cord L-29,cord-l-29-cord-l-29,631,PLACEHOLDER
vehiculos/sedan/crosley-crosley-liberty-sedan-prewar-cb42.jpg,vehiculos/sedan,Sedan,Crosley,Crosley Liberty Sedan,Prewar (CB42),crosley-crosley-liberty-sedan-prewar-cb42,631,PLACEHOLDER
vehiculos/sedan/crosley-crosley-sedan-cc-four.jpg,vehiculos/sedan,Sedan,Crosley,Crosley Sedan,CC Four,crosley-crosley-sedan-cc-four,631,PLACEHOLDER
vehiculos/sedan/crosley-crosley-sedan-cd-four.jpg,vehiculos/sedan,Sedan,Crosley,Crosley Sedan,CD Four,crosley-crosley-sedan-cd-four,631,PLACEHOLDER
vehiculos/sedan/dacia-1100-dacia-1100.jpg,vehiculos/sedan,Sedan,Dacia,1100,Dacia 1100,dacia-1100-dacia-1100,631,PLACEHOLDER
vehiculos/sedan/dacia-1300-dacia-1300-berlina.jpg,vehiculos/sedan,Sedan,Dacia,1300,Dacia 1300 Berlina,dacia-1300-dacia-1300-berlina,631,PLACEHOLDER
vehiculos/sedan/dacia-1301-dacia-1301-lux-super.jpg,vehiculos/sedan,Sedan,Dacia,1301,Dacia 1301 Lux Super,dacia-1301-dacia-1301-lux-super,631,PLACEHOLDER
vehiculos/sedan/dacia-2000-dacia-2000.jpg,vehiculos/sedan,Sedan,Dacia,2000,Dacia 2000,dacia-2000-dacia-2000,631,PLACEHOLDER
vehiculos/sedan/daewoo-arcadia-arcadia-honda-legend-2a-gen.jpg,vehiculos/sedan,Sedan,Daewoo,Arcadia,Arcadia (Honda Legend 2a gen),daewoo-arcadia-arcadia-honda-legend-2a-gen,631,PLACEHOLDER
vehiculos/sedan/daewoo-brougham-brougham-familia-prince.jpg,vehiculos/sedan,Sedan,Daewoo,Brougham,Brougham (familia Prince),daewoo-brougham-brougham-familia-prince,631,PLACEHOLDER
vehiculos/sedan/daewoo-espero-espero.jpg,vehiculos/sedan,Sedan,Daewoo,Espero,Espero,daewoo-espero-espero,631,PLACEHOLDER
vehiculos/sedan/daewoo-imperial-imperial-v-car.jpg,vehiculos/sedan,Sedan,Daewoo,Imperial,Imperial (V-car),daewoo-imperial-imperial-v-car,631,PLACEHOLDER
vehiculos/sedan/daewoo-lemans-lemans-1a-gen.jpg,vehiculos/sedan,Sedan,Daewoo,LeMans,LeMans 1a gen,daewoo-lemans-lemans-1a-gen,631,PLACEHOLDER
vehiculos/sedan/daewoo-maepsy-maepsy-na.jpg,vehiculos/sedan,Sedan,Daewoo,Maepsy,Maepsy-Na,daewoo-maepsy-maepsy-na,631,PLACEHOLDER
vehiculos/sedan/daewoo-prince-prince.jpg,vehiculos/sedan,Sedan,Daewoo,Prince,Prince,daewoo-prince-prince,631,PLACEHOLDER
vehiculos/sedan/daewoo-royale-royale-diesel.jpg,vehiculos/sedan,Sedan,Daewoo,Royale,Royale Diesel,daewoo-royale-royale-diesel,631,PLACEHOLDER
vehiculos/sedan/daewoo-royale-royale-prince.jpg,vehiculos/sedan,Sedan,Daewoo,Royale,Royale Prince,daewoo-royale-royale-prince,631,PLACEHOLDER
vehiculos/sedan/daewoo-royale-royale-salon-super-salon.jpg,vehiculos/sedan,Sedan,Daewoo,Royale,Royale Salon / Super Salon,daewoo-royale-royale-salon-super-salon,631,PLACEHOLDER
vehiculos/sedan/daewoo-royale-royale-xq-duke.jpg,vehiculos/sedan,Sedan,Daewoo,Royale,Royale XQ / Duke,daewoo-royale-royale-xq-duke,631,PLACEHOLDER
vehiculos/sedan/daf-33-daf-33.jpg,vehiculos/sedan,Sedan,DAF,33,DAF 33,daf-33-daf-33,631,PLACEHOLDER
vehiculos/sedan/daf-44-daf-44.jpg,vehiculos/sedan,Sedan,DAF,44,DAF 44,daf-44-daf-44,631,PLACEHOLDER
vehiculos/sedan/daf-46-daf-46.jpg,vehiculos/sedan,Sedan,DAF,46,DAF 46,daf-46-daf-46,631,PLACEHOLDER
vehiculos/sedan/daf-55-daf-55.jpg,vehiculos/sedan,Sedan,DAF,55,DAF 55,daf-55-daf-55,631,PLACEHOLDER
vehiculos/sedan/daf-600-daf-600.jpg,vehiculos/sedan,Sedan,DAF,600,DAF 600,daf-600-daf-600,631,PLACEHOLDER
vehiculos/sedan/daf-66-daf-66.jpg,vehiculos/sedan,Sedan,DAF,66,DAF 66,daf-66-daf-66,631,PLACEHOLDER
vehiculos/sedan/daf-750-daf-750.jpg,vehiculos/sedan,Sedan,DAF,750,DAF 750,daf-750-daf-750,631,PLACEHOLDER
vehiculos/sedan/daf-daffodil-daffodil-30-31-32.jpg,vehiculos/sedan,Sedan,DAF,Daffodil,Daffodil (30/31/32),daf-daffodil-daffodil-30-31-32,631,PLACEHOLDER
vehiculos/sedan/daihatsu-applause-a101-1a-gen.jpg,vehiculos/sedan,Sedan,Daihatsu,Applause,A101 (1a gen),daihatsu-applause-a101-1a-gen,631,PLACEHOLDER
vehiculos/sedan/daihatsu-charmant-a35-a60.jpg,vehiculos/sedan,Sedan,Daihatsu,Charmant,A35/A60,daihatsu-charmant-a35-a60,631,PLACEHOLDER
vehiculos/sedan/daihatsu-compagno-f-series.jpg,vehiculos/sedan,Sedan,Daihatsu,Compagno,F-series,daihatsu-compagno-f-series,631,PLACEHOLDER
vehiculos/sedan/daihatsu-consorte-1a-gen.jpg,vehiculos/sedan,Sedan,Daihatsu,Consorte,1a gen,daihatsu-consorte-1a-gen,631,PLACEHOLDER
vehiculos/sedan/daihatsu-fellow-max-l38-2a-gen.jpg,vehiculos/sedan,Sedan,Daihatsu,Fellow Max,L38 (2a gen),daihatsu-fellow-max-l38-2a-gen,631,PLACEHOLDER
vehiculos/sedan/daimler-2-litre-v8-2-litre-v8-base-jaguar-mk-2.jpg,vehiculos/sedan,Sedan,Daimler,2½-litre V8,2½-litre V8 (base Jaguar Mk 2),daimler-2-litre-v8-2-litre-v8-base-jaguar-mk-2,631,PLACEHOLDER
vehiculos/sedan/daimler-conquest-century-conquest-century-dj256.jpg,vehiculos/sedan,Sedan,Daimler,Conquest Century,Conquest Century DJ256,daimler-conquest-century-conquest-century-dj256,631,PLACEHOLDER
vehiculos/sedan/daimler-conquest-conquest-dj250.jpg,vehiculos/sedan,Sedan,Daimler,Conquest,Conquest DJ250,daimler-conquest-conquest-dj250,631,PLACEHOLDER
vehiculos/sedan/daimler-consort-db18-consort.jpg,vehiculos/sedan,Sedan,Daimler,Consort,DB18 Consort,daimler-consort-db18-consort,631,PLACEHOLDER
vehiculos/sedan/daimler-daimler-36-daimler-xj40.jpg,vehiculos/sedan,Sedan,Daimler,Daimler 3.6,Daimler XJ40,daimler-daimler-36-daimler-xj40,631,PLACEHOLDER
vehiculos/sedan/daimler-daimler-40-daimler-xj40.jpg,vehiculos/sedan,Sedan,Daimler,Daimler 4.0,Daimler XJ40,daimler-daimler-40-daimler-xj40,631,PLACEHOLDER
vehiculos/sedan/daimler-daimler-six-daimler-six-x300.jpg,vehiculos/sedan,Sedan,Daimler,Daimler Six,Daimler Six X300,daimler-daimler-six-daimler-six-x300,631,PLACEHOLDER
vehiculos/sedan/daimler-db18-db18.jpg,vehiculos/sedan,Sedan,Daimler,DB18,DB18,daimler-db18-db18,631,PLACEHOLDER
vehiculos/sedan/daimler-de-27-de.jpg,vehiculos/sedan,Sedan,Daimler,DE 27,DE,daimler-de-27-de,631,PLACEHOLDER
vehiculos/sedan/daimler-de-36-de.jpg,vehiculos/sedan,Sedan,Daimler,DE 36,DE,daimler-de-36-de,631,PLACEHOLDER
vehiculos/sedan/daimler-double-six-double-six-30.jpg,vehiculos/sedan,Sedan,Daimler,Double-Six,Double-Six 30,daimler-double-six-double-six-30,631,PLACEHOLDER
vehiculos/sedan/daimler-double-six-double-six-50.jpg,vehiculos/sedan,Sedan,Daimler,Double-Six,Double-Six 50,daimler-double-six-double-six-50,631,PLACEHOLDER
vehiculos/sedan/daimler-double-six-double-six-53.jpg,vehiculos/sedan,Sedan,Daimler,Double-Six,Double-Six 5.3,daimler-double-six-double-six-53,631,PLACEHOLDER
vehiculos/sedan/daimler-double-six-double-six-65.jpg,vehiculos/sedan,Sedan,Daimler,Double-Six,Double-Six 6.5,daimler-double-six-double-six-65,631,PLACEHOLDER
vehiculos/sedan/daimler-double-six-double-six-x305.jpg,vehiculos/sedan,Sedan,Daimler,Double-Six,Double-Six X305,daimler-double-six-double-six-x305,631,PLACEHOLDER
vehiculos/sedan/daimler-double-six-double-six-xj-serie-1.jpg,vehiculos/sedan,Sedan,Daimler,Double-Six,Double-Six XJ Serie 1,daimler-double-six-double-six-xj-serie-1,631,PLACEHOLDER
vehiculos/sedan/daimler-double-six-double-six-xj-serie-2.jpg,vehiculos/sedan,Sedan,Daimler,Double-Six,Double-Six XJ Serie 2,daimler-double-six-double-six-xj-serie-2,631,PLACEHOLDER
vehiculos/sedan/daimler-double-six-double-six-xj-serie-3.jpg,vehiculos/sedan,Sedan,Daimler,Double-Six,Double-Six XJ Serie 3,daimler-double-six-double-six-xj-serie-3,631,PLACEHOLDER
vehiculos/sedan/daimler-double-six-double-six-xj81.jpg,vehiculos/sedan,Sedan,Daimler,Double-Six,Double-Six XJ81,daimler-double-six-double-six-xj81,631,PLACEHOLDER
vehiculos/sedan/daimler-dr450-dr450-limousine.jpg,vehiculos/sedan,Sedan,Daimler,DR450,DR450 Limousine,daimler-dr450-dr450-limousine,631,PLACEHOLDER
vehiculos/sedan/daimler-ds420-ds420-limousine.jpg,vehiculos/sedan,Sedan,Daimler,DS420,DS420 Limousine,daimler-ds420-ds420-limousine,631,PLACEHOLDER
vehiculos/sedan/daimler-fifteen-fifteen-18.jpg,vehiculos/sedan,Sedan,Daimler,Fifteen,Fifteen (1.8),daimler-fifteen-fifteen-18,631,PLACEHOLDER
vehiculos/sedan/daimler-fifteen-fifteen-20.jpg,vehiculos/sedan,Sedan,Daimler,Fifteen,Fifteen (2.0),daimler-fifteen-fifteen-20,631,PLACEHOLDER
vehiculos/sedan/daimler-fifteen-fifteen-22.jpg,vehiculos/sedan,Sedan,Daimler,Fifteen,Fifteen (2.2),daimler-fifteen-fifteen-22,631,PLACEHOLDER
vehiculos/sedan/daimler-majestic-majestic-df316.jpg,vehiculos/sedan,Sedan,Daimler,Majestic,Majestic DF316,daimler-majestic-majestic-df316,631,PLACEHOLDER
vehiculos/sedan/daimler-majestic-major-majestic-major-dq450.jpg,vehiculos/sedan,Sedan,Daimler,Majestic Major,Majestic Major DQ450,daimler-majestic-major-majestic-major-dq450,631,PLACEHOLDER
vehiculos/sedan/daimler-new-fifteen-new-fifteen.jpg,vehiculos/sedan,Sedan,Daimler,New Fifteen,New Fifteen,daimler-new-fifteen-new-fifteen,631,PLACEHOLDER
vehiculos/sedan/daimler-one-o-four-one-o-four-df310.jpg,vehiculos/sedan,Sedan,Daimler,One-O-Four,One-O-Four DF310,daimler-one-o-four-one-o-four-df310,631,PLACEHOLDER
vehiculos/sedan/daimler-regency-regency-df300.jpg,vehiculos/sedan,Sedan,Daimler,Regency,Regency DF300,daimler-regency-regency-df300,631,PLACEHOLDER
vehiculos/sedan/daimler-regency-regency-mk-ii-df304.jpg,vehiculos/sedan,Sedan,Daimler,Regency,Regency Mk II DF304,daimler-regency-regency-mk-ii-df304,631,PLACEHOLDER
vehiculos/sedan/daimler-regency-regency-mk-ii-df305.jpg,vehiculos/sedan,Sedan,Daimler,Regency,Regency Mk II DF305,daimler-regency-regency-mk-ii-df305,631,PLACEHOLDER
vehiculos/sedan/daimler-sovereign-daimler-xj-serie-3.jpg,vehiculos/sedan,Sedan,Daimler,Sovereign,Daimler XJ Serie 3,daimler-sovereign-daimler-xj-serie-3,631,PLACEHOLDER
vehiculos/sedan/daimler-sovereign-sovereign-420.jpg,vehiculos/sedan,Sedan,Daimler,Sovereign,Sovereign 420,daimler-sovereign-sovereign-420,631,PLACEHOLDER
vehiculos/sedan/daimler-sovereign-sovereign-xj-serie-1.jpg,vehiculos/sedan,Sedan,Daimler,Sovereign,Sovereign XJ Serie 1,daimler-sovereign-sovereign-xj-serie-1,631,PLACEHOLDER
vehiculos/sedan/daimler-sovereign-sovereign-xj-serie-2.jpg,vehiculos/sedan,Sedan,Daimler,Sovereign,Sovereign XJ Serie 2,daimler-sovereign-sovereign-xj-serie-2,631,PLACEHOLDER
vehiculos/sedan/daimler-sportsman-sportsman-mulliners.jpg,vehiculos/sedan,Sedan,Daimler,Sportsman,Sportsman (Mulliners),daimler-sportsman-sportsman-mulliners,631,PLACEHOLDER
vehiculos/sedan/daimler-v8-250-v8-250-base-jaguar-mk-2.jpg,vehiculos/sedan,Sedan,Daimler,V8-250,V8-250 (base Jaguar Mk 2),daimler-v8-250-v8-250-base-jaguar-mk-2,631,PLACEHOLDER
vehiculos/sedan/darracq-12-hp-bicilindrico-13l.jpg,vehiculos/sedan,Sedan,Darracq,12 HP,Bicilindrico 1.3L,darracq-12-hp-bicilindrico-13l,631,PLACEHOLDER
vehiculos/sedan/darracq-12-hp-clegg-darracq.jpg,vehiculos/sedan,Sedan,Darracq,12 HP,Clegg-Darracq,darracq-12-hp-clegg-darracq,631,PLACEHOLDER
vehiculos/sedan/darracq-14-16-hp-valvula-rotativa-henriod.jpg,vehiculos/sedan,Sedan,Darracq,14/16 HP,Valvula rotativa Henriod,darracq-14-16-hp-valvula-rotativa-henriod,631,PLACEHOLDER
vehiculos/sedan/darracq-16-hp-bicilindrico-19l.jpg,vehiculos/sedan,Sedan,Darracq,16 HP,Bicilindrico 1.9L,darracq-16-hp-bicilindrico-19l,631,PLACEHOLDER
vehiculos/sedan/darracq-16-hp-type-v14-clegg-darracq.jpg,vehiculos/sedan,Sedan,Darracq,16 HP,Type V14 (Clegg-Darracq),darracq-16-hp-type-v14-clegg-darracq,631,PLACEHOLDER
vehiculos/sedan/darracq-20-28-hp-tetracilindrico-47l.jpg,vehiculos/sedan,Sedan,Darracq,20/28 HP,Tetracilindrico 4.7L,darracq-20-28-hp-tetracilindrico-47l,631,PLACEHOLDER
vehiculos/sedan/darracq-20-30-hp-tetracilindrico-40l.jpg,vehiculos/sedan,Sedan,Darracq,20/30 HP,Tetracilindrico 4.0L,darracq-20-30-hp-tetracilindrico-40l,631,PLACEHOLDER
vehiculos/sedan/darracq-24-hp-tetracilindrico-38l.jpg,vehiculos/sedan,Sedan,Darracq,24 HP,Tetracilindrico 3.8L,darracq-24-hp-tetracilindrico-38l,631,PLACEHOLDER
vehiculos/sedan/darracq-24-hp-type-a.jpg,vehiculos/sedan,Sedan,Darracq,24 HP,Type A,darracq-24-hp-type-a,631,PLACEHOLDER
vehiculos/sedan/darracq-flying-fifteen-15-hp-chasis-de-acero-prensado.jpg,vehiculos/sedan,Sedan,Darracq,Flying Fifteen,15 HP chasis de acero prensado,darracq-flying-fifteen-15-hp-chasis-de-acero-prensado,631,PLACEHOLDER
vehiculos/sedan/darracq-six-seis-cilindros-57l.jpg,vehiculos/sedan,Sedan,Darracq,Six,Seis cilindros 5.7L,darracq-six-seis-cilindros-57l,631,PLACEHOLDER
vehiculos/sedan/datsun-240c-cedric-230.jpg,vehiculos/sedan,Sedan,Datsun,240C,Cedric 230,datsun-240c-cedric-230,631,PLACEHOLDER
vehiculos/sedan/datsun-240k-skyline-c110.jpg,vehiculos/sedan,Sedan,Datsun,240K,Skyline C110,datsun-240k-skyline-c110,631,PLACEHOLDER
vehiculos/sedan/datsun-240k-skyline-c210.jpg,vehiculos/sedan,Sedan,Datsun,240K,Skyline C210,datsun-240k-skyline-c210,631,PLACEHOLDER
vehiculos/sedan/datsun-260c-280c-cedric-330.jpg,vehiculos/sedan,Sedan,Datsun,260C / 280C,Cedric 330,datsun-260c-280c-cedric-330,631,PLACEHOLDER
vehiculos/sedan/datsun-260c-cedric-230.jpg,vehiculos/sedan,Sedan,Datsun,260C,Cedric 230,datsun-260c-cedric-230,631,PLACEHOLDER
vehiculos/sedan/datsun-280c-cedric-430.jpg,vehiculos/sedan,Sedan,Datsun,280C,Cedric 430,datsun-280c-cedric-430,631,PLACEHOLDER
vehiculos/sedan/datsun-510-bluebird-510-p510.jpg,vehiculos/sedan,Sedan,Datsun,510,Bluebird 510 (P510),datsun-510-bluebird-510-p510,631,PLACEHOLDER
vehiculos/sedan/datsun-510-bluebird-510.jpg,vehiculos/sedan,Sedan,Datsun,510,Bluebird 510,datsun-510-bluebird-510,631,PLACEHOLDER
vehiculos/sedan/datsun-610-180b-bluebird-610.jpg,vehiculos/sedan,Sedan,Datsun,610 / 180B,Bluebird 610,datsun-610-180b-bluebird-610,631,PLACEHOLDER
vehiculos/sedan/datsun-610-bluebird-610-usa.jpg,vehiculos/sedan,Sedan,Datsun,610,Bluebird 610 (USA),datsun-610-bluebird-610-usa,631,PLACEHOLDER
vehiculos/sedan/datsun-710-710-usa.jpg,vehiculos/sedan,Sedan,Datsun,710,710 (USA),datsun-710-710-usa,631,PLACEHOLDER
vehiculos/sedan/datsun-710-violet-710.jpg,vehiculos/sedan,Sedan,Datsun,710 / Violet,710,datsun-710-violet-710,631,PLACEHOLDER
vehiculos/sedan/datsun-810-200b-bluebird-810.jpg,vehiculos/sedan,Sedan,Datsun,810 / 200B,Bluebird 810,datsun-810-200b-bluebird-810,631,PLACEHOLDER
vehiculos/sedan/datsun-810-bluebird-810-usa-six.jpg,vehiculos/sedan,Sedan,Datsun,810,Bluebird 810 (USA six),datsun-810-bluebird-810-usa-six,631,PLACEHOLDER
vehiculos/sedan/datsun-810-maxima-maxima-910.jpg,vehiculos/sedan,Sedan,Datsun,810 Maxima,Maxima 910,datsun-810-maxima-maxima-910,631,PLACEHOLDER
vehiculos/sedan/datsun-bluebird-910-200b-bluebird-910.jpg,vehiculos/sedan,Sedan,Datsun,Bluebird 910 / 200B,Bluebird 910,datsun-bluebird-910-200b-bluebird-910,631,PLACEHOLDER
vehiculos/sedan/datsun-bluebird-910-bluebird-910.jpg,vehiculos/sedan,Sedan,Datsun,Bluebird 910,Bluebird 910,datsun-bluebird-910-bluebird-910,631,PLACEHOLDER
vehiculos/sedan/datsun-bluebird-bluebird-310.jpg,vehiculos/sedan,Sedan,Datsun,Bluebird,Bluebird 310,datsun-bluebird-bluebird-310,631,PLACEHOLDER
vehiculos/sedan/datsun-bluebird-bluebird-410-411.jpg,vehiculos/sedan,Sedan,Datsun,Bluebird,Bluebird 410/411,datsun-bluebird-bluebird-410-411,631,PLACEHOLDER
vehiculos/sedan/datsun-bluebird-bluebird-411.jpg,vehiculos/sedan,Sedan,Datsun,Bluebird,Bluebird 411,datsun-bluebird-bluebird-411,631,PLACEHOLDER
vehiculos/sedan/datsun-laurel-200l-c230.jpg,vehiculos/sedan,Sedan,Datsun,Laurel 200L,C230,datsun-laurel-200l-c230,631,PLACEHOLDER
vehiculos/sedan/datsun-laurel-240l-c230.jpg,vehiculos/sedan,Sedan,Datsun,Laurel 240L,C230,datsun-laurel-240l-c230,631,PLACEHOLDER
vehiculos/sedan/datsun-sentra-b11.jpg,vehiculos/sedan,Sedan,Datsun,Sentra,B11,datsun-sentra-b11,631,PLACEHOLDER
vehiculos/sedan/datsun-stanza-t11.jpg,vehiculos/sedan,Sedan,Datsun,Stanza,T11,datsun-stanza-t11,631,PLACEHOLDER
vehiculos/sedan/datsun-sunny-1000-b10.jpg,vehiculos/sedan,Sedan,Datsun,Sunny 1000,B10,datsun-sunny-1000-b10,631,PLACEHOLDER
vehiculos/sedan/datsun-sunny-1200-b110.jpg,vehiculos/sedan,Sedan,Datsun,Sunny 1200,B110,datsun-sunny-1200-b110,631,PLACEHOLDER
vehiculos/sedan/datsun-sunny-120y-b210-b210.jpg,vehiculos/sedan,Sedan,Datsun,Sunny 120Y / B210,B210,datsun-sunny-120y-b210-b210,631,PLACEHOLDER
vehiculos/sedan/datsun-sunny-140y-b210-b210.jpg,vehiculos/sedan,Sedan,Datsun,Sunny 140Y / B210,B210,datsun-sunny-140y-b210-b210,631,PLACEHOLDER
vehiculos/sedan/datsun-sunny-210-120y-b310.jpg,vehiculos/sedan,Sedan,Datsun,Sunny 210 / 120Y,B310,datsun-sunny-210-120y-b310,631,PLACEHOLDER
vehiculos/sedan/datsun-sunny-210-140y-b310.jpg,vehiculos/sedan,Sedan,Datsun,Sunny 210 / 140Y,B310,datsun-sunny-210-140y-b310,631,PLACEHOLDER
vehiculos/sedan/datsun-violet-140j-a10.jpg,vehiculos/sedan,Sedan,Datsun,Violet 140J,A10,datsun-violet-140j-a10,631,PLACEHOLDER
vehiculos/sedan/datsun-violet-160j-a10.jpg,vehiculos/sedan,Sedan,Datsun,Violet 160J,A10,datsun-violet-160j-a10,631,PLACEHOLDER
vehiculos/sedan/de-tomaso-deauville-deauville-serie-1.jpg,vehiculos/sedan,Sedan,De Tomaso,Deauville,Deauville Serie 1,de-tomaso-deauville-deauville-serie-1,631,PLACEHOLDER
vehiculos/sedan/de-tomaso-deauville-deauville-serie-2.jpg,vehiculos/sedan,Sedan,De Tomaso,Deauville,Deauville Serie 2,de-tomaso-deauville-deauville-serie-2,631,PLACEHOLDER
vehiculos/sedan/delage-co-co.jpg,vehiculos/sedan,Sedan,Delage,CO,CO,delage-co-co,631,PLACEHOLDER
vehiculos/sedan/delage-co2-co2.jpg,vehiculos/sedan,Sedan,Delage,CO2,CO2,delage-co2-co2,631,PLACEHOLDER
vehiculos/sedan/delage-d6-d6-11.jpg,vehiculos/sedan,Sedan,Delage,D6,D6-11,delage-d6-d6-11,631,PLACEHOLDER
vehiculos/sedan/delage-d6-d6-3-litre.jpg,vehiculos/sedan,Sedan,Delage,D6,D6 (3-Litre),delage-d6-d6-3-litre,631,PLACEHOLDER
vehiculos/sedan/delage-d6-d6-60.jpg,vehiculos/sedan,Sedan,Delage,D6,D6-60,delage-d6-d6-60,631,PLACEHOLDER
vehiculos/sedan/delage-d6-d6-65.jpg,vehiculos/sedan,Sedan,Delage,D6,D6-65,delage-d6-d6-65,631,PLACEHOLDER
vehiculos/sedan/delage-d6-d6-70.jpg,vehiculos/sedan,Sedan,Delage,D6,D6-70,delage-d6-d6-70,631,PLACEHOLDER
vehiculos/sedan/delage-d6-d6-75.jpg,vehiculos/sedan,Sedan,Delage,D6,D6-75,delage-d6-d6-75,631,PLACEHOLDER
vehiculos/sedan/delage-d6-d6-80.jpg,vehiculos/sedan,Sedan,Delage,D6,D6-80,delage-d6-d6-80,631,PLACEHOLDER
vehiculos/sedan/delage-d8-d8-100.jpg,vehiculos/sedan,Sedan,Delage,D8,D8-100,delage-d8-d8-100,631,PLACEHOLDER
vehiculos/sedan/delage-d8-d8-15.jpg,vehiculos/sedan,Sedan,Delage,D8,D8-15,delage-d8-d8-15,631,PLACEHOLDER
vehiculos/sedan/delage-d8-d8-85.jpg,vehiculos/sedan,Sedan,Delage,D8,D8-85,delage-d8-d8-85,631,PLACEHOLDER
vehiculos/sedan/delage-d8-d8-normale.jpg,vehiculos/sedan,Sedan,Delage,D8,D8 Normale,delage-d8-d8-normale,631,PLACEHOLDER
vehiculos/sedan/delage-de-de.jpg,vehiculos/sedan,Sedan,Delage,DE,DE,delage-de-de,631,PLACEHOLDER
vehiculos/sedan/delage-di-di.jpg,vehiculos/sedan,Sedan,Delage,DI,DI,delage-di-di,631,PLACEHOLDER
vehiculos/sedan/delage-dm-dm.jpg,vehiculos/sedan,Sedan,Delage,DM,DM,delage-dm-dm,631,PLACEHOLDER
vehiculos/sedan/delage-dr-dr-65.jpg,vehiculos/sedan,Sedan,Delage,DR,DR 65,delage-dr-dr-65,631,PLACEHOLDER
vehiculos/sedan/delage-dr-dr-70.jpg,vehiculos/sedan,Sedan,Delage,DR,DR 70,delage-dr-dr-70,631,PLACEHOLDER
vehiculos/sedan/delage-gl-gl-40-50.jpg,vehiculos/sedan,Sedan,Delage,GL,GL 40/50,delage-gl-gl-40-50,631,PLACEHOLDER
vehiculos/sedan/delage-type-a-type-a.jpg,vehiculos/sedan,Sedan,Delage,Type A,Type A,delage-type-a-type-a,631,PLACEHOLDER
vehiculos/sedan/delahaye-type-0-type-0-1-2-primera-serie.jpg,vehiculos/sedan,Sedan,Delahaye,Type 0,Type 0 / 1 / 2 (primera serie),delahaye-type-0-type-0-1-2-primera-serie,631,PLACEHOLDER
vehiculos/sedan/delahaye-type-1-type-1.jpg,vehiculos/sedan,Sedan,Delahaye,Type 1,Type 1,delahaye-type-1-type-1,631,PLACEHOLDER
vehiculos/sedan/delahaye-type-102-type-102-102m.jpg,vehiculos/sedan,Sedan,Delahaye,Type 102,Type 102 / 102M,delahaye-type-102-type-102-102m,631,PLACEHOLDER
vehiculos/sedan/delahaye-type-134-type-134.jpg,vehiculos/sedan,Sedan,Delahaye,Type 134,Type 134,delahaye-type-134-type-134,631,PLACEHOLDER
vehiculos/sedan/delahaye-type-134-type-134n.jpg,vehiculos/sedan,Sedan,Delahaye,Type 134,Type 134N,delahaye-type-134-type-134n,631,PLACEHOLDER
vehiculos/sedan/delahaye-type-138-type-138.jpg,vehiculos/sedan,Sedan,Delahaye,Type 138,Type 138,delahaye-type-138-type-138,631,PLACEHOLDER
vehiculos/sedan/delahaye-type-148-type-148-148l.jpg,vehiculos/sedan,Sedan,Delahaye,Type 148,Type 148 / 148L,delahaye-type-148-type-148-148l,631,PLACEHOLDER
vehiculos/sedan/delahaye-type-168-type-168.jpg,vehiculos/sedan,Sedan,Delahaye,Type 168,Type 168,delahaye-type-168-type-168,631,PLACEHOLDER
vehiculos/sedan/delahaye-type-178-type-178.jpg,vehiculos/sedan,Sedan,Delahaye,Type 178,Type 178,delahaye-type-178-type-178,631,PLACEHOLDER
vehiculos/sedan/delahaye-type-180-type-180.jpg,vehiculos/sedan,Sedan,Delahaye,Type 180,Type 180,delahaye-type-180-type-180,631,PLACEHOLDER
vehiculos/sedan/delahaye-type-44-type-44.jpg,vehiculos/sedan,Sedan,Delahaye,Type 44,Type 44,delahaye-type-44-type-44,631,PLACEHOLDER
vehiculos/sedan/desoto-adventurer-adventurer-1960.jpg,vehiculos/sedan,Sedan,DeSoto,Adventurer,Adventurer 1960,desoto-adventurer-adventurer-1960,631,PLACEHOLDER
vehiculos/sedan/desoto-airflow-series-s-2.jpg,vehiculos/sedan,Sedan,DeSoto,Airflow,Series S-2,desoto-airflow-series-s-2,631,PLACEHOLDER
vehiculos/sedan/desoto-airflow-series-se.jpg,vehiculos/sedan,Sedan,DeSoto,Airflow,Series SE,desoto-airflow-series-se,631,PLACEHOLDER
vehiculos/sedan/desoto-airflow-series-sg.jpg,vehiculos/sedan,Sedan,DeSoto,Airflow,Series SG,desoto-airflow-series-sg,631,PLACEHOLDER
vehiculos/sedan/desoto-airstream-series-s-1.jpg,vehiculos/sedan,Sedan,DeSoto,Airstream,Series S-1,desoto-airstream-series-s-1,631,PLACEHOLDER
vehiculos/sedan/desoto-airstream-series-sf.jpg,vehiculos/sedan,Sedan,DeSoto,Airstream,Series SF,desoto-airstream-series-sf,631,PLACEHOLDER
vehiculos/sedan/desoto-custom-s-11.jpg,vehiculos/sedan,Sedan,DeSoto,Custom,S-11,desoto-custom-s-11,631,PLACEHOLDER
vehiculos/sedan/desoto-custom-s-13-s-14.jpg,vehiculos/sedan,Sedan,DeSoto,Custom,S-13 / S-14,desoto-custom-s-13-s-14,631,PLACEHOLDER
vehiculos/sedan/desoto-custom-s-15.jpg,vehiculos/sedan,Sedan,DeSoto,Custom,S-15,desoto-custom-s-15,631,PLACEHOLDER
vehiculos/sedan/desoto-deluxe-s-11.jpg,vehiculos/sedan,Sedan,DeSoto,DeLuxe,S-11,desoto-deluxe-s-11,631,PLACEHOLDER
vehiculos/sedan/desoto-deluxe-s-13-s-14.jpg,vehiculos/sedan,Sedan,DeSoto,DeLuxe,S-13 / S-14,desoto-deluxe-s-13-s-14,631,PLACEHOLDER
vehiculos/sedan/desoto-deluxe-s-15.jpg,vehiculos/sedan,Sedan,DeSoto,DeLuxe,S-15,desoto-deluxe-s-15,631,PLACEHOLDER
vehiculos/sedan/desoto-diplomat-sp-15-base-plymouth-p15-exportacion.jpg,vehiculos/sedan,Sedan,DeSoto,Diplomat,"SP-15 (base Plymouth P15, exportacion)",desoto-diplomat-sp-15-base-plymouth-p15-exportacion,631,PLACEHOLDER
vehiculos/sedan/desoto-eight-series-cf.jpg,vehiculos/sedan,Sedan,DeSoto,Eight,Series CF,desoto-eight-series-cf,631,PLACEHOLDER
vehiculos/sedan/desoto-firedome-1a-gen-1952-1954.jpg,vehiculos/sedan,Sedan,DeSoto,Firedome,1a gen (1952-1954),desoto-firedome-1a-gen-1952-1954,631,PLACEHOLDER
vehiculos/sedan/desoto-firedome-2a-gen-1955-1956.jpg,vehiculos/sedan,Sedan,DeSoto,Firedome,2a gen (1955-1956),desoto-firedome-2a-gen-1955-1956,631,PLACEHOLDER
vehiculos/sedan/desoto-firedome-3a-gen-1957-1959.jpg,vehiculos/sedan,Sedan,DeSoto,Firedome,3a gen (1957-1959),desoto-firedome-3a-gen-1957-1959,631,PLACEHOLDER
vehiculos/sedan/desoto-fireflite-fireflite-1955.jpg,vehiculos/sedan,Sedan,DeSoto,Fireflite,Fireflite 1955,desoto-fireflite-fireflite-1955,631,PLACEHOLDER
vehiculos/sedan/desoto-fireflite-fireflite-1956.jpg,vehiculos/sedan,Sedan,DeSoto,Fireflite,Fireflite 1956,desoto-fireflite-fireflite-1956,631,PLACEHOLDER
vehiculos/sedan/desoto-fireflite-fireflite-1957-1958.jpg,vehiculos/sedan,Sedan,DeSoto,Fireflite,Fireflite 1957-1958,desoto-fireflite-fireflite-1957-1958,631,PLACEHOLDER
vehiculos/sedan/desoto-fireflite-fireflite-1959-1960.jpg,vehiculos/sedan,Sedan,DeSoto,Fireflite,Fireflite 1959-1960,desoto-fireflite-fireflite-1959-1960,631,PLACEHOLDER
vehiculos/sedan/desoto-firesweep-firesweep-1957.jpg,vehiculos/sedan,Sedan,DeSoto,Firesweep,Firesweep 1957,desoto-firesweep-firesweep-1957,631,PLACEHOLDER
vehiculos/sedan/desoto-firesweep-firesweep-1958.jpg,vehiculos/sedan,Sedan,DeSoto,Firesweep,Firesweep 1958,desoto-firesweep-firesweep-1958,631,PLACEHOLDER
vehiculos/sedan/desoto-firesweep-firesweep-1959.jpg,vehiculos/sedan,Sedan,DeSoto,Firesweep,Firesweep 1959,desoto-firesweep-firesweep-1959,631,PLACEHOLDER
vehiculos/sedan/desoto-powermaster-powermaster-1953-1954.jpg,vehiculos/sedan,Sedan,DeSoto,Powermaster,Powermaster (1953-1954),desoto-powermaster-powermaster-1953-1954,631,PLACEHOLDER
vehiculos/sedan/desoto-series-s-10-s-10.jpg,vehiculos/sedan,Sedan,DeSoto,Series S-10,S-10,desoto-series-s-10-s-10,631,PLACEHOLDER
vehiculos/sedan/desoto-series-s-3-s-3.jpg,vehiculos/sedan,Sedan,DeSoto,Series S-3,S-3,desoto-series-s-3-s-3,631,PLACEHOLDER
vehiculos/sedan/desoto-series-s-5-s-5.jpg,vehiculos/sedan,Sedan,DeSoto,Series S-5,S-5,desoto-series-s-5-s-5,631,PLACEHOLDER
vehiculos/sedan/desoto-series-s-6-s-6.jpg,vehiculos/sedan,Sedan,DeSoto,Series S-6,S-6,desoto-series-s-6-s-6,631,PLACEHOLDER
vehiculos/sedan/desoto-series-s-7-s-7.jpg,vehiculos/sedan,Sedan,DeSoto,Series S-7,S-7,desoto-series-s-7-s-7,631,PLACEHOLDER
vehiculos/sedan/desoto-series-s-8-s-8.jpg,vehiculos/sedan,Sedan,DeSoto,Series S-8,S-8,desoto-series-s-8-s-8,631,PLACEHOLDER
vehiculos/sedan/desoto-six-series-ck.jpg,vehiculos/sedan,Sedan,DeSoto,Six,Series CK,desoto-six-series-ck,631,PLACEHOLDER
vehiculos/sedan/desoto-six-series-k.jpg,vehiculos/sedan,Sedan,DeSoto,Six,Series K,desoto-six-series-k,631,PLACEHOLDER
vehiculos/sedan/desoto-six-series-sa.jpg,vehiculos/sedan,Sedan,DeSoto,Six,Series SA,desoto-six-series-sa,631,PLACEHOLDER
vehiculos/sedan/desoto-six-series-sc.jpg,vehiculos/sedan,Sedan,DeSoto,Six,Series SC,desoto-six-series-sc,631,PLACEHOLDER
vehiculos/sedan/desoto-six-series-sd.jpg,vehiculos/sedan,Sedan,DeSoto,Six,Series SD,desoto-six-series-sd,631,PLACEHOLDER
vehiculos/sedan/dkw-1000-auto-union-1000.jpg,vehiculos/sedan,Sedan,DKW,1000,Auto Union 1000,dkw-1000-auto-union-1000,631,PLACEHOLDER
vehiculos/sedan/dkw-1000-s-auto-union-1000-s-iasfsa-argentina.jpg,vehiculos/sedan,Sedan,DKW,1000 S,"Auto Union 1000 S (IASFSA, Argentina)",dkw-1000-s-auto-union-1000-s-iasfsa-argentina,631,PLACEHOLDER
vehiculos/sedan/dkw-1000-s-auto-union-1000-s.jpg,vehiculos/sedan,Sedan,DKW,1000 S,Auto Union 1000 S,dkw-1000-s-auto-union-1000-s,631,PLACEHOLDER
vehiculos/sedan/dkw-3-6-f91-sonderklasse.jpg,vehiculos/sedan,Sedan,DKW,3=6,F91 Sonderklasse,dkw-3-6-f91-sonderklasse,631,PLACEHOLDER
vehiculos/sedan/dkw-3-6-f93-2-puertas.jpg,vehiculos/sedan,Sedan,DKW,3=6,F93 (2 puertas),dkw-3-6-f93-2-puertas,631,PLACEHOLDER
vehiculos/sedan/dkw-3-6-f94-4-puertas.jpg,vehiculos/sedan,Sedan,DKW,3=6,F94 (4 puertas),dkw-3-6-f94-4-puertas,631,PLACEHOLDER
vehiculos/sedan/dkw-belcar-dkw-vemag-belcar-brasil.jpg,vehiculos/sedan,Sedan,DKW,Belcar,DKW-Vemag Belcar (Brasil),dkw-belcar-dkw-vemag-belcar-brasil,631,PLACEHOLDER
vehiculos/sedan/dkw-f1-f1-front.jpg,vehiculos/sedan,Sedan,DKW,F1,F1 Front,dkw-f1-f1-front,631,PLACEHOLDER
vehiculos/sedan/dkw-f102-f102.jpg,vehiculos/sedan,Sedan,DKW,F102,F102,dkw-f102-f102,631,PLACEHOLDER
vehiculos/sedan/dkw-f11-f11.jpg,vehiculos/sedan,Sedan,DKW,F11,F11,dkw-f11-f11,631,PLACEHOLDER
vehiculos/sedan/dkw-f12-f12.jpg,vehiculos/sedan,Sedan,DKW,F12,F12,dkw-f12-f12,631,PLACEHOLDER
vehiculos/sedan/dkw-f2-f2-reichsklasse.jpg,vehiculos/sedan,Sedan,DKW,F2,F2 Reichsklasse,dkw-f2-f2-reichsklasse,631,PLACEHOLDER
vehiculos/sedan/dkw-f4-f4-meisterklasse.jpg,vehiculos/sedan,Sedan,DKW,F4,F4 Meisterklasse,dkw-f4-f4-meisterklasse,631,PLACEHOLDER
vehiculos/sedan/dkw-f5-f5-meisterklasse.jpg,vehiculos/sedan,Sedan,DKW,F5,F5 Meisterklasse,dkw-f5-f5-meisterklasse,631,PLACEHOLDER
vehiculos/sedan/dkw-f5-f5-reichsklasse.jpg,vehiculos/sedan,Sedan,DKW,F5,F5 Reichsklasse,dkw-f5-f5-reichsklasse,631,PLACEHOLDER
vehiculos/sedan/dkw-f7-f7-meisterklasse.jpg,vehiculos/sedan,Sedan,DKW,F7,F7 Meisterklasse,dkw-f7-f7-meisterklasse,631,PLACEHOLDER
vehiculos/sedan/dkw-f7-f7-reichsklasse.jpg,vehiculos/sedan,Sedan,DKW,F7,F7 Reichsklasse,dkw-f7-f7-reichsklasse,631,PLACEHOLDER
vehiculos/sedan/dkw-f8-f8-meisterklasse.jpg,vehiculos/sedan,Sedan,DKW,F8,F8 Meisterklasse,dkw-f8-f8-meisterklasse,631,PLACEHOLDER
vehiculos/sedan/dkw-f8-f8-reichsklasse.jpg,vehiculos/sedan,Sedan,DKW,F8,F8 Reichsklasse,dkw-f8-f8-reichsklasse,631,PLACEHOLDER
vehiculos/sedan/dkw-f89-f89-meisterklasse.jpg,vehiculos/sedan,Sedan,DKW,F89,F89 Meisterklasse,dkw-f89-f89-meisterklasse,631,PLACEHOLDER
vehiculos/sedan/dkw-junior-junior-de-luxe.jpg,vehiculos/sedan,Sedan,DKW,Junior,Junior de Luxe,dkw-junior-junior-de-luxe,631,PLACEHOLDER
vehiculos/sedan/dkw-junior-junior.jpg,vehiculos/sedan,Sedan,DKW,Junior,Junior,dkw-junior-junior,631,PLACEHOLDER
vehiculos/sedan/dkw-typ-4-8-typ-4-8.jpg,vehiculos/sedan,Sedan,DKW,Typ 4=8,Typ 4=8,dkw-typ-4-8-typ-4-8,631,PLACEHOLDER
vehiculos/sedan/dodge-600-600-e-body.jpg,vehiculos/sedan,Sedan,Dodge,600,600 (E-body),dodge-600-600-e-body,631,PLACEHOLDER
vehiculos/sedan/dodge-aries-aries-k-car.jpg,vehiculos/sedan,Sedan,Dodge,Aries,Aries (K-car),dodge-aries-aries-k-car,631,PLACEHOLDER
vehiculos/sedan/dodge-aspen-aspen-f-body.jpg,vehiculos/sedan,Sedan,Dodge,Aspen,Aspen (F-body),dodge-aspen-aspen-f-body,631,PLACEHOLDER
vehiculos/sedan/dodge-coronet-coronet-b-body-ultima-serie.jpg,vehiculos/sedan,Sedan,Dodge,Coronet,"Coronet (B-body, ultima serie)",dodge-coronet-coronet-b-body-ultima-serie,631,PLACEHOLDER
vehiculos/sedan/dodge-dart-dart-a-body-compacto.jpg,vehiculos/sedan,Sedan,Dodge,Dart,Dart A-body (compacto),dodge-dart-dart-a-body-compacto,631,PLACEHOLDER
vehiculos/sedan/dodge-diplomat-diplomat-m-body.jpg,vehiculos/sedan,Sedan,Dodge,Diplomat,Diplomat (M-body),dodge-diplomat-diplomat-m-body,631,PLACEHOLDER
vehiculos/sedan/dodge-dynasty-dynasty-c-body.jpg,vehiculos/sedan,Sedan,Dodge,Dynasty,Dynasty (C-body),dodge-dynasty-dynasty-c-body,631,PLACEHOLDER
vehiculos/sedan/dodge-intrepid-intrepid-1a-gen-lh.jpg,vehiculos/sedan,Sedan,Dodge,Intrepid,Intrepid 1a gen (LH),dodge-intrepid-intrepid-1a-gen-lh,631,PLACEHOLDER
vehiculos/sedan/dodge-monaco-monaco-eagle-premier-base.jpg,vehiculos/sedan,Sedan,Dodge,Monaco,Monaco (Eagle Premier base),dodge-monaco-monaco-eagle-premier-base,631,PLACEHOLDER
vehiculos/sedan/dodge-monaco-monaco-full-size-c-body.jpg,vehiculos/sedan,Sedan,Dodge,Monaco,Monaco full-size (C-body),dodge-monaco-monaco-full-size-c-body,631,PLACEHOLDER
vehiculos/sedan/dodge-neon-neon-1a-gen.jpg,vehiculos/sedan,Sedan,Dodge,Neon,Neon 1a gen,dodge-neon-neon-1a-gen,631,PLACEHOLDER
vehiculos/sedan/dodge-polara-polara-full-size.jpg,vehiculos/sedan,Sedan,Dodge,Polara,Polara full-size,dodge-polara-polara-full-size,631,PLACEHOLDER
vehiculos/sedan/dodge-spirit-spirit-aa-body.jpg,vehiculos/sedan,Sedan,Dodge,Spirit,Spirit (AA-body),dodge-spirit-spirit-aa-body,631,PLACEHOLDER
vehiculos/sedan/dodge-st-regis-st-regis-r-body.jpg,vehiculos/sedan,Sedan,Dodge,St. Regis,St. Regis (R-body),dodge-st-regis-st-regis-r-body,631,PLACEHOLDER
vehiculos/sedan/dodge-stratus-stratus-1a-gen-ja.jpg,vehiculos/sedan,Sedan,Dodge,Stratus,Stratus 1a gen (JA),dodge-stratus-stratus-1a-gen-ja,631,PLACEHOLDER
vehiculos/sedan/duesenberg-model-a-model-a.jpg,vehiculos/sedan,Sedan,Duesenberg,Model A,Model A,duesenberg-model-a-model-a,631,PLACEHOLDER
vehiculos/sedan/duesenberg-model-j-model-j.jpg,vehiculos/sedan,Sedan,Duesenberg,Model J,Model J,duesenberg-model-j-model-j,631,PLACEHOLDER
vehiculos/sedan/duesenberg-model-x-model-x.jpg,vehiculos/sedan,Sedan,Duesenberg,Model X,Model X,duesenberg-model-x-model-x,631,PLACEHOLDER
vehiculos/sedan/eagle-2000gtx-2000gtx-mitsubishi-galant.jpg,vehiculos/sedan,Sedan,Eagle,2000GTX,2000GTX (Mitsubishi Galant),eagle-2000gtx-2000gtx-mitsubishi-galant,631,PLACEHOLDER
vehiculos/sedan/eagle-medallion-medallion-renault-21.jpg,vehiculos/sedan,Sedan,Eagle,Medallion,Medallion (Renault 21),eagle-medallion-medallion-renault-21,631,PLACEHOLDER
vehiculos/sedan/eagle-premier-premier-renault-amc.jpg,vehiculos/sedan,Sedan,Eagle,Premier,Premier (Renault/AMC),eagle-premier-premier-renault-amc,631,PLACEHOLDER
vehiculos/sedan/eagle-summit-summit-1a-gen.jpg,vehiculos/sedan,Sedan,Eagle,Summit,Summit 1a gen,eagle-summit-summit-1a-gen,631,PLACEHOLDER
vehiculos/sedan/eagle-summit-summit-2a-gen.jpg,vehiculos/sedan,Sedan,Eagle,Summit,Summit 2a gen,eagle-summit-summit-2a-gen,631,PLACEHOLDER
vehiculos/sedan/eagle-vision-vision-lh.jpg,vehiculos/sedan,Sedan,Eagle,Vision,Vision (LH),eagle-vision-vision-lh,631,PLACEHOLDER
vehiculos/sedan/edsel-citation-citation-1958.jpg,vehiculos/sedan,Sedan,Edsel,Citation,Citation (1958),edsel-citation-citation-1958,631,PLACEHOLDER
vehiculos/sedan/edsel-corsair-corsair-1a-gen-1958.jpg,vehiculos/sedan,Sedan,Edsel,Corsair,Corsair 1a gen (1958),edsel-corsair-corsair-1a-gen-1958,631,PLACEHOLDER
vehiculos/sedan/edsel-corsair-corsair-2a-gen-1959.jpg,vehiculos/sedan,Sedan,Edsel,Corsair,Corsair 2a gen (1959),edsel-corsair-corsair-2a-gen-1959,631,PLACEHOLDER
vehiculos/sedan/edsel-pacer-pacer-1958.jpg,vehiculos/sedan,Sedan,Edsel,Pacer,Pacer (1958),edsel-pacer-pacer-1958,631,PLACEHOLDER
vehiculos/sedan/edsel-ranger-ranger-1958.jpg,vehiculos/sedan,Sedan,Edsel,Ranger,Ranger (1958),edsel-ranger-ranger-1958,631,PLACEHOLDER
vehiculos/sedan/edsel-ranger-ranger-1959.jpg,vehiculos/sedan,Sedan,Edsel,Ranger,Ranger (1959),edsel-ranger-ranger-1959,631,PLACEHOLDER
vehiculos/sedan/edsel-ranger-ranger-1960.jpg,vehiculos/sedan,Sedan,Edsel,Ranger,Ranger (1960),edsel-ranger-ranger-1960,631,PLACEHOLDER
vehiculos/sedan/excelsior-adex-adex-belgica.jpg,vehiculos/sedan,Sedan,Excelsior,Adex,Adex (Belgica),excelsior-adex-adex-belgica,631,PLACEHOLDER
vehiculos/sedan/excelsior-adex-adex-mark-ii-belgica.jpg,vehiculos/sedan,Sedan,Excelsior,Adex,Adex Mark II (Belgica),excelsior-adex-adex-mark-ii-belgica,631,PLACEHOLDER
vehiculos/sedan/excelsior-albert-i-albert-1er-belgica.jpg,vehiculos/sedan,Sedan,Excelsior,Albert I,Albert 1er (Belgica),excelsior-albert-i-albert-1er-belgica,631,PLACEHOLDER
vehiculos/sedan/facel-vega-excellence-ex.jpg,vehiculos/sedan,Sedan,Facel Vega,Excellence,EX,facel-vega-excellence-ex,631,PLACEHOLDER
vehiculos/sedan/facel-vega-excellence-ex1.jpg,vehiculos/sedan,Sedan,Facel Vega,Excellence,EX1,facel-vega-excellence-ex1,631,PLACEHOLDER
vehiculos/sedan/facel-vega-excellence-ex2.jpg,vehiculos/sedan,Sedan,Facel Vega,Excellence,EX2,facel-vega-excellence-ex2,631,PLACEHOLDER
vehiculos/sedan/fiat-124-124-berlina.jpg,vehiculos/sedan,Sedan,Fiat,124,124 Berlina,fiat-124-124-berlina,631,PLACEHOLDER
vehiculos/sedan/fiat-125-125-125-special.jpg,vehiculos/sedan,Sedan,Fiat,125,125 / 125 Special,fiat-125-125-125-special,631,PLACEHOLDER
vehiculos/sedan/fiat-128-128-berlina.jpg,vehiculos/sedan,Sedan,Fiat,128,128 Berlina,fiat-128-128-berlina,631,PLACEHOLDER
vehiculos/sedan/fiat-130-130-berlina.jpg,vehiculos/sedan,Sedan,Fiat,130,130 Berlina,fiat-130-130-berlina,631,PLACEHOLDER
vehiculos/sedan/fiat-131-mirafiori-131-diesel.jpg,vehiculos/sedan,Sedan,Fiat,131 Mirafiori,131 Diesel,fiat-131-mirafiori-131-diesel,631,PLACEHOLDER
vehiculos/sedan/fiat-131-mirafiori-serie-1.jpg,vehiculos/sedan,Sedan,Fiat,131 Mirafiori,Serie 1,fiat-131-mirafiori-serie-1,631,PLACEHOLDER
vehiculos/sedan/fiat-131-mirafiori-supermirafiori-serie-2-3.jpg,vehiculos/sedan,Sedan,Fiat,131 Mirafiori,Supermirafiori (Serie 2/3),fiat-131-mirafiori-supermirafiori-serie-2-3,631,PLACEHOLDER
vehiculos/sedan/fiat-132-132-diesel.jpg,vehiculos/sedan,Sedan,Fiat,132,132 Diesel,fiat-132-132-diesel,631,PLACEHOLDER
vehiculos/sedan/fiat-132-132-serie-1.jpg,vehiculos/sedan,Sedan,Fiat,132,132 (Serie 1),fiat-132-132-serie-1,631,PLACEHOLDER
vehiculos/sedan/fiat-132-132-serie-2-3.jpg,vehiculos/sedan,Sedan,Fiat,132,132 (Serie 2/3),fiat-132-132-serie-2-3,631,PLACEHOLDER
vehiculos/sedan/fiat-850-850-berlina.jpg,vehiculos/sedan,Sedan,Fiat,850,850 Berlina,fiat-850-850-berlina,631,PLACEHOLDER
vehiculos/sedan/fiat-argenta-argenta-132-restyling.jpg,vehiculos/sedan,Sedan,Fiat,Argenta,Argenta (132 restyling),fiat-argenta-argenta-132-restyling,631,PLACEHOLDER
vehiculos/sedan/fiat-argenta-argenta-2500-d.jpg,vehiculos/sedan,Sedan,Fiat,Argenta,Argenta 2500 D,fiat-argenta-argenta-2500-d,631,PLACEHOLDER
vehiculos/sedan/fiat-regata-regata-138.jpg,vehiculos/sedan,Sedan,Fiat,Regata,Regata (138),fiat-regata-regata-138,631,PLACEHOLDER
vehiculos/sedan/fiat-regata-regata-diesel-turbo-ds.jpg,vehiculos/sedan,Sedan,Fiat,Regata,Regata Diesel / Turbo DS,fiat-regata-regata-diesel-turbo-ds,631,PLACEHOLDER
vehiculos/sedan/fiat-tempra-tempra-159.jpg,vehiculos/sedan,Sedan,Fiat,Tempra,Tempra (159),fiat-tempra-tempra-159,631,PLACEHOLDER
vehiculos/sedan/ford-contour-contour-svt.jpg,vehiculos/sedan,Sedan,Ford,Contour,Contour SVT,ford-contour-contour-svt,631,PLACEHOLDER
vehiculos/sedan/ford-contour-contour.jpg,vehiculos/sedan,Sedan,Ford,Contour,Contour,ford-contour-contour,631,PLACEHOLDER
vehiculos/sedan/ford-cortina-cortina-mk3.jpg,vehiculos/sedan,Sedan,Ford,Cortina,Cortina Mk3,ford-cortina-cortina-mk3,631,PLACEHOLDER
vehiculos/sedan/ford-cortina-cortina-mk4.jpg,vehiculos/sedan,Sedan,Ford,Cortina,Cortina Mk4,ford-cortina-cortina-mk4,631,PLACEHOLDER
vehiculos/sedan/ford-cortina-cortina-mk5.jpg,vehiculos/sedan,Sedan,Ford,Cortina,Cortina Mk5,ford-cortina-cortina-mk5,631,PLACEHOLDER
vehiculos/sedan/ford-escort-escort-mk1.jpg,vehiculos/sedan,Sedan,Ford,Escort,Escort Mk1,ford-escort-escort-mk1,631,PLACEHOLDER
vehiculos/sedan/ford-escort-escort-mk2.jpg,vehiculos/sedan,Sedan,Ford,Escort,Escort Mk2,ford-escort-escort-mk2,631,PLACEHOLDER
vehiculos/sedan/ford-falcon-falcon-ea.jpg,vehiculos/sedan,Sedan,Ford,Falcon,Falcon EA,ford-falcon-falcon-ea,631,PLACEHOLDER
vehiculos/sedan/ford-falcon-falcon-eb.jpg,vehiculos/sedan,Sedan,Ford,Falcon,Falcon EB,ford-falcon-falcon-eb,631,PLACEHOLDER
vehiculos/sedan/ford-falcon-falcon-ed.jpg,vehiculos/sedan,Sedan,Ford,Falcon,Falcon ED,ford-falcon-falcon-ed,631,PLACEHOLDER
vehiculos/sedan/ford-falcon-falcon-ef.jpg,vehiculos/sedan,Sedan,Ford,Falcon,Falcon EF,ford-falcon-falcon-ef,631,PLACEHOLDER
vehiculos/sedan/ford-falcon-falcon-el.jpg,vehiculos/sedan,Sedan,Ford,Falcon,Falcon EL,ford-falcon-falcon-el,631,PLACEHOLDER
vehiculos/sedan/ford-granada-granada-mk1.jpg,vehiculos/sedan,Sedan,Ford,Granada,Granada Mk1,ford-granada-granada-mk1,631,PLACEHOLDER
vehiculos/sedan/ford-granada-granada-mk2.jpg,vehiculos/sedan,Sedan,Ford,Granada,Granada Mk2,ford-granada-granada-mk2,631,PLACEHOLDER
vehiculos/sedan/ford-mondeo-mondeo-mk1.jpg,vehiculos/sedan,Sedan,Ford,Mondeo,Mondeo Mk1,ford-mondeo-mondeo-mk1,631,PLACEHOLDER
vehiculos/sedan/ford-mondeo-mondeo-mk2.jpg,vehiculos/sedan,Sedan,Ford,Mondeo,Mondeo Mk2,ford-mondeo-mondeo-mk2,631,PLACEHOLDER
vehiculos/sedan/ford-orion-orion-mk1.jpg,vehiculos/sedan,Sedan,Ford,Orion,Orion Mk1,ford-orion-orion-mk1,631,PLACEHOLDER
vehiculos/sedan/ford-orion-orion-mk2.jpg,vehiculos/sedan,Sedan,Ford,Orion,Orion Mk2,ford-orion-orion-mk2,631,PLACEHOLDER
vehiculos/sedan/ford-orion-orion-mk3.jpg,vehiculos/sedan,Sedan,Ford,Orion,Orion Mk3,ford-orion-orion-mk3,631,PLACEHOLDER
vehiculos/sedan/ford-scorpio-granada-mk3-scorpio-mk1.jpg,vehiculos/sedan,Sedan,Ford,Scorpio,Granada Mk3 / Scorpio Mk1,ford-scorpio-granada-mk3-scorpio-mk1,631,PLACEHOLDER
vehiculos/sedan/ford-scorpio-scorpio-mk2.jpg,vehiculos/sedan,Sedan,Ford,Scorpio,Scorpio Mk2,ford-scorpio-scorpio-mk2,631,PLACEHOLDER
vehiculos/sedan/ford-taurus-taurus-gen1.jpg,vehiculos/sedan,Sedan,Ford,Taurus,Taurus Gen1,ford-taurus-taurus-gen1,631,PLACEHOLDER
vehiculos/sedan/ford-taurus-taurus-gen2.jpg,vehiculos/sedan,Sedan,Ford,Taurus,Taurus Gen2,ford-taurus-taurus-gen2,631,PLACEHOLDER
vehiculos/sedan/ford-taurus-taurus-gen3.jpg,vehiculos/sedan,Sedan,Ford,Taurus,Taurus Gen3,ford-taurus-taurus-gen3,631,PLACEHOLDER
vehiculos/sedan/ford-tempo-tempo.jpg,vehiculos/sedan,Sedan,Ford,Tempo,Tempo,ford-tempo-tempo,631,PLACEHOLDER
vehiculos/sedan/franklin-airman-series-12-12a-12b.jpg,vehiculos/sedan,Sedan,Franklin,Airman,"Series 12 (12A, 12B)",franklin-airman-series-12-12a-12b,631,PLACEHOLDER
vehiculos/sedan/franklin-airman-series-13-130-135-137.jpg,vehiculos/sedan,Sedan,Franklin,Airman,Series 13 (130 / 135 / 137),franklin-airman-series-13-130-135-137,631,PLACEHOLDER
vehiculos/sedan/franklin-airman-series-14-145-147.jpg,vehiculos/sedan,Sedan,Franklin,Airman,Series 14 (145 / 147),franklin-airman-series-14-145-147,631,PLACEHOLDER
vehiculos/sedan/franklin-airman-series-16-16a-163.jpg,vehiculos/sedan,Sedan,Franklin,Airman,"Series 16 (16A, 163)",franklin-airman-series-16-16a-163,631,PLACEHOLDER
vehiculos/sedan/franklin-airman-series-19-19a-19b-193-194.jpg,vehiculos/sedan,Sedan,Franklin,Airman,"Series 19 (19A / 19B, 193 / 194)",franklin-airman-series-19-19a-19b-193-194,631,PLACEHOLDER
vehiculos/sedan/franklin-olympic-series-18-18a-18c-183-184.jpg,vehiculos/sedan,Sedan,Franklin,Olympic,"Series 18 (18A-18C, 183 / 184)",franklin-olympic-series-18-18a-18c-183-184,631,PLACEHOLDER
vehiculos/sedan/franklin-series-10-series-10-10-10b-10c.jpg,vehiculos/sedan,Sedan,Franklin,Series 10,"Series 10 (10, 10B, 10C)",franklin-series-10-series-10-10-10b-10c,631,PLACEHOLDER
vehiculos/sedan/franklin-series-11-series-11-11a-11b.jpg,vehiculos/sedan,Sedan,Franklin,Series 11,"Series 11 (11A, 11B)",franklin-series-11-series-11-11a-11b,631,PLACEHOLDER
vehiculos/sedan/franklin-series-9-series-9-9-9a-9b.jpg,vehiculos/sedan,Sedan,Franklin,Series 9,"Series 9 (9, 9A, 9B)",franklin-series-9-series-9-9-9a-9b,631,PLACEHOLDER
vehiculos/sedan/franklin-transcontinent-deluxe-series-15-151-152-153.jpg,vehiculos/sedan,Sedan,Franklin,Transcontinent / DeLuxe,Series 15 (151 / 152 / 153),franklin-transcontinent-deluxe-series-15-151-152-153,631,PLACEHOLDER
vehiculos/sedan/franklin-twelve-series-17.jpg,vehiculos/sedan,Sedan,Franklin,Twelve,Series 17,franklin-twelve-series-17,631,PLACEHOLDER
vehiculos/sedan/frazer-nash-326-frazer-nash-bmw.jpg,vehiculos/sedan,Sedan,Frazer Nash,326,Frazer Nash-BMW,frazer-nash-326-frazer-nash-bmw,631,PLACEHOLDER
vehiculos/sedan/fso-125p-polski-fiat-fso-125p.jpg,vehiculos/sedan,Sedan,FSO,125p,Polski Fiat / FSO 125p,fso-125p-polski-fiat-fso-125p,631,PLACEHOLDER
vehiculos/sedan/fso-syrena-100-101-102-103.jpg,vehiculos/sedan,Sedan,FSO,Syrena,100/101/102/103,fso-syrena-100-101-102-103,631,PLACEHOLDER
vehiculos/sedan/fso-syrena-104-105-fso.jpg,vehiculos/sedan,Sedan,FSO,Syrena,104/105 (FSO),fso-syrena-104-105-fso,631,PLACEHOLDER
vehiculos/sedan/fso-warszawa-203-223-ohv.jpg,vehiculos/sedan,Sedan,FSO,Warszawa,203/223 (OHV),fso-warszawa-203-223-ohv,631,PLACEHOLDER
vehiculos/sedan/fso-warszawa-m20-sidevalve.jpg,vehiculos/sedan,Sedan,FSO,Warszawa,M20 (sidevalve),fso-warszawa-m20-sidevalve,631,PLACEHOLDER
vehiculos/sedan/glas-glas-1004-typ-612-04-reihe.jpg,vehiculos/sedan,Sedan,Glas,Glas 1004,Typ 612 (04-Reihe),glas-glas-1004-typ-612-04-reihe,631,PLACEHOLDER
vehiculos/sedan/glas-glas-1204-ts-typ-612-04-reihe.jpg,vehiculos/sedan,Sedan,Glas,Glas 1204 TS,Typ 612 (04-Reihe),glas-glas-1204-ts-typ-612-04-reihe,631,PLACEHOLDER
vehiculos/sedan/glas-glas-1304-ts-typ-612-04-reihe.jpg,vehiculos/sedan,Sedan,Glas,Glas 1304 TS,Typ 612 (04-Reihe),glas-glas-1304-ts-typ-612-04-reihe,631,PLACEHOLDER
vehiculos/sedan/glas-glas-1700-glas-1700-typ-602.jpg,vehiculos/sedan,Sedan,Glas,Glas 1700,Glas 1700 (Typ 602),glas-glas-1700-glas-1700-typ-602,631,PLACEHOLDER
vehiculos/sedan/glas-isar-isar-t600-ex-goggomobil-t600.jpg,vehiculos/sedan,Sedan,Glas,Isar,Isar T600 (ex Goggomobil T600),glas-isar-isar-t600-ex-goggomobil-t600,631,PLACEHOLDER
vehiculos/sedan/glas-isar-isar-t700.jpg,vehiculos/sedan,Sedan,Glas,Isar,Isar T700,glas-isar-isar-t700,631,PLACEHOLDER
vehiculos/sedan/goliath-1100-goliath-1100.jpg,vehiculos/sedan,Sedan,Goliath,1100,Goliath 1100,goliath-1100-goliath-1100,631,PLACEHOLDER
vehiculos/sedan/goliath-gp-700-e-gp-700-e.jpg,vehiculos/sedan,Sedan,Goliath,GP 700 E,GP 700 E,goliath-gp-700-e-gp-700-e,631,PLACEHOLDER
vehiculos/sedan/goliath-gp-700-gp-700.jpg,vehiculos/sedan,Sedan,Goliath,GP 700,GP 700,goliath-gp-700-gp-700,631,PLACEHOLDER
vehiculos/sedan/goliath-gp-900-gp-900-e.jpg,vehiculos/sedan,Sedan,Goliath,GP 900,GP 900 E,goliath-gp-900-gp-900-e,631,PLACEHOLDER
vehiculos/sedan/goliath-gp-900-gp-900-v.jpg,vehiculos/sedan,Sedan,Goliath,GP 900,GP 900 V,goliath-gp-900-gp-900-v,631,PLACEHOLDER
vehiculos/sedan/graham-paige-custom-eight-custom-eight-127-1-serie-1930.jpg,vehiculos/sedan,Sedan,Graham-Paige,Custom Eight,Custom Eight 127 (1ª serie 1930),graham-paige-custom-eight-custom-eight-127-1-serie-1930,631,PLACEHOLDER
vehiculos/sedan/graham-paige-custom-eight-custom-eight-137-1-serie-1930.jpg,vehiculos/sedan,Sedan,Graham-Paige,Custom Eight,Custom Eight 137 (1ª serie 1930),graham-paige-custom-eight-custom-eight-137-1-serie-1930,631,PLACEHOLDER
vehiculos/sedan/graham-paige-model-610-model-610-1-serie.jpg,vehiculos/sedan,Sedan,Graham-Paige,Model 610,Model 610 (1ª serie),graham-paige-model-610-model-610-1-serie,631,PLACEHOLDER
vehiculos/sedan/graham-paige-model-612-model-612-2-serie-1929.jpg,vehiculos/sedan,Sedan,Graham-Paige,Model 612,Model 612 (2ª serie 1929),graham-paige-model-612-model-612-2-serie-1929,631,PLACEHOLDER
vehiculos/sedan/graham-paige-model-614-model-614-1-serie.jpg,vehiculos/sedan,Sedan,Graham-Paige,Model 614,Model 614 (1ª serie),graham-paige-model-614-model-614-1-serie,631,PLACEHOLDER
vehiculos/sedan/graham-paige-model-615-model-615-2-serie-1929.jpg,vehiculos/sedan,Sedan,Graham-Paige,Model 615,Model 615 (2ª serie 1929),graham-paige-model-615-model-615-2-serie-1929,631,PLACEHOLDER
vehiculos/sedan/graham-paige-model-619-model-619-1-serie.jpg,vehiculos/sedan,Sedan,Graham-Paige,Model 619,Model 619 (1ª serie),graham-paige-model-619-model-619-1-serie,631,PLACEHOLDER
vehiculos/sedan/graham-paige-model-621-model-621-2-serie-1929.jpg,vehiculos/sedan,Sedan,Graham-Paige,Model 621,Model 621 (2ª serie 1929),graham-paige-model-621-model-621-2-serie-1929,631,PLACEHOLDER
vehiculos/sedan/graham-paige-model-629-model-629-1-serie.jpg,vehiculos/sedan,Sedan,Graham-Paige,Model 629,Model 629 (1ª serie),graham-paige-model-629-model-629-1-serie,631,PLACEHOLDER
vehiculos/sedan/graham-paige-model-827-model-827-2-serie-1929.jpg,vehiculos/sedan,Sedan,Graham-Paige,Model 827,Model 827 (2ª serie 1929),graham-paige-model-827-model-827-2-serie-1929,631,PLACEHOLDER
vehiculos/sedan/graham-paige-model-835-model-835-1-serie.jpg,vehiculos/sedan,Sedan,Graham-Paige,Model 835,Model 835 (1ª serie),graham-paige-model-835-model-835-1-serie,631,PLACEHOLDER
vehiculos/sedan/graham-paige-model-837-model-837-2-serie-1929.jpg,vehiculos/sedan,Sedan,Graham-Paige,Model 837,Model 837 (2ª serie 1929),graham-paige-model-837-model-837-2-serie-1929,631,PLACEHOLDER
vehiculos/sedan/graham-paige-special-eight-special-eight-1-serie-1930.jpg,vehiculos/sedan,Sedan,Graham-Paige,Special Eight,Special Eight (1ª serie 1930),graham-paige-special-eight-special-eight-1-serie-1930,631,PLACEHOLDER
vehiculos/sedan/graham-paige-special-six-special-six-1-serie-1930.jpg,vehiculos/sedan,Sedan,Graham-Paige,Special Six,Special Six (1ª serie 1930),graham-paige-special-six-special-six-1-serie-1930,631,PLACEHOLDER
vehiculos/sedan/graham-paige-standard-eight-standard-eight-1-serie-1930.jpg,vehiculos/sedan,Sedan,Graham-Paige,Standard Eight,Standard Eight (1ª serie 1930),graham-paige-standard-eight-standard-eight-1-serie-1930,631,PLACEHOLDER
vehiculos/sedan/graham-paige-standard-six-standard-six-1-serie-1930.jpg,vehiculos/sedan,Sedan,Graham-Paige,Standard Six,Standard Six (1ª serie 1930),graham-paige-standard-six-standard-six-1-serie-1930,631,PLACEHOLDER
vehiculos/sedan/great-wall-cc1020-cc1020-clon-nissan-cedric-y30.jpg,vehiculos/sedan,Sedan,Great Wall,CC1020,CC1020 (clon Nissan Cedric Y30),great-wall-cc1020-cc1020-clon-nissan-cedric-y30,631,PLACEHOLDER
vehiculos/sedan/guy-13-36-13-36.jpg,vehiculos/sedan,Sedan,Guy,13/36,13/36,guy-13-36-13-36,631,PLACEHOLDER
vehiculos/sedan/guy-169-hp-169-hp.jpg,vehiculos/sedan,Sedan,Guy,16.9 hp,16.9 hp,guy-169-hp-169-hp,631,PLACEHOLDER
vehiculos/sedan/guy-20-hp-20-hp-v8.jpg,vehiculos/sedan,Sedan,Guy,20 hp,20 hp V8,guy-20-hp-20-hp-v8,631,PLACEHOLDER
vehiculos/sedan/gwm-cc1020-cc1020-clon-nissan-cedric-y30.jpg,vehiculos/sedan,Sedan,GWM,CC1020,CC1020 (clon Nissan Cedric Y30),gwm-cc1020-cc1020-clon-nissan-cedric-y30,631,PLACEHOLDER
vehiculos/sedan/gwm-cc1020s-cc1020s-clon-toyota-crown-s130.jpg,vehiculos/sedan,Sedan,GWM,CC1020S,CC1020S (clon Toyota Crown S130),gwm-cc1020s-cc1020s-clon-toyota-crown-s130,631,PLACEHOLDER
vehiculos/sedan/hanomag-1-3-liter-1-3-liter-stahlhelm.jpg,vehiculos/sedan,Sedan,Hanomag,"1,3 Liter","1,3 Liter (Stahlhelm)",hanomag-1-3-liter-1-3-liter-stahlhelm,631,PLACEHOLDER
vehiculos/sedan/hanomag-3-16-ps-typ-53.jpg,vehiculos/sedan,Sedan,Hanomag,3/16 PS,Typ 53,hanomag-3-16-ps-typ-53,631,PLACEHOLDER
vehiculos/sedan/hanomag-3-16-ps-typ-p.jpg,vehiculos/sedan,Sedan,Hanomag,3/16 PS,Typ P,hanomag-3-16-ps-typ-p,631,PLACEHOLDER
vehiculos/sedan/hanomag-3-17-ps-3-17-ps.jpg,vehiculos/sedan,Sedan,Hanomag,3/17 PS,3/17 PS,hanomag-3-17-ps-3-17-ps,631,PLACEHOLDER
vehiculos/sedan/hanomag-3-18-ps-3-18-ps.jpg,vehiculos/sedan,Sedan,Hanomag,3/18 PS,3/18 PS,hanomag-3-18-ps-3-18-ps,631,PLACEHOLDER
vehiculos/sedan/hanomag-4-20-ps-typ-63.jpg,vehiculos/sedan,Sedan,Hanomag,4/20 PS,Typ 63,hanomag-4-20-ps-typ-63,631,PLACEHOLDER
vehiculos/sedan/hanomag-4-23-ps-4-23-ps.jpg,vehiculos/sedan,Sedan,Hanomag,4/23 PS,4/23 PS,hanomag-4-23-ps-4-23-ps,631,PLACEHOLDER
vehiculos/sedan/hanomag-garant-typ-11-4.jpg,vehiculos/sedan,Sedan,Hanomag,Garant,Typ 11/4,hanomag-garant-typ-11-4,631,PLACEHOLDER
vehiculos/sedan/hanomag-kurier-typ-11-k.jpg,vehiculos/sedan,Sedan,Hanomag,Kurier,Typ 11 K,hanomag-kurier-typ-11-k,631,PLACEHOLDER
vehiculos/sedan/hanomag-rekord-rekord-6-32-ps.jpg,vehiculos/sedan,Sedan,Hanomag,Rekord,Rekord (6/32 PS),hanomag-rekord-rekord-6-32-ps,631,PLACEHOLDER
vehiculos/sedan/hanomag-rekord-rekord-diesel.jpg,vehiculos/sedan,Sedan,Hanomag,Rekord,Rekord Diesel,hanomag-rekord-rekord-diesel,631,PLACEHOLDER
vehiculos/sedan/hanomag-sturm-typ-22-k.jpg,vehiculos/sedan,Sedan,Hanomag,Sturm,Typ 22 K,hanomag-sturm-typ-22-k,631,PLACEHOLDER
vehiculos/sedan/hillman-14-14-1925-1930.jpg,vehiculos/sedan,Sedan,Hillman,14,14 (1925-1930),hillman-14-14-1925-1930,631,PLACEHOLDER
vehiculos/sedan/hillman-20-straight-eight.jpg,vehiculos/sedan,Sedan,Hillman,20,Straight Eight,hillman-20-straight-eight,631,PLACEHOLDER
vehiculos/sedan/hillman-20-vortic.jpg,vehiculos/sedan,Sedan,Hillman,20,Vortic,hillman-20-vortic,631,PLACEHOLDER
vehiculos/sedan/hillman-80-80-lwb.jpg,vehiculos/sedan,Sedan,Hillman,80,80 (LWB),hillman-80-80-lwb,631,PLACEHOLDER
vehiculos/sedan/hillman-avenger-avenger.jpg,vehiculos/sedan,Sedan,Hillman,Avenger,Avenger,hillman-avenger-avenger,631,PLACEHOLDER
vehiculos/sedan/hillman-avenger-tiger-avenger.jpg,vehiculos/sedan,Sedan,Hillman,Avenger Tiger,Avenger,hillman-avenger-tiger-avenger,631,PLACEHOLDER
vehiculos/sedan/hillman-fourteen-fourteen-1938-1940.jpg,vehiculos/sedan,Sedan,Hillman,Fourteen,Fourteen (1938-1940),hillman-fourteen-fourteen-1938-1940,631,PLACEHOLDER
vehiculos/sedan/hillman-hawk-hawk.jpg,vehiculos/sedan,Sedan,Hillman,Hawk,Hawk,hillman-hawk-hawk,631,PLACEHOLDER
vehiculos/sedan/hillman-hunter-hunter-arrow.jpg,vehiculos/sedan,Sedan,Hillman,Hunter,Hunter (Arrow),hillman-hunter-hunter-arrow,631,PLACEHOLDER
vehiculos/sedan/hillman-imp-imp.jpg,vehiculos/sedan,Sedan,Hillman,Imp,Imp,hillman-imp-imp,631,PLACEHOLDER
vehiculos/sedan/hillman-minx-minx-1932-1935.jpg,vehiculos/sedan,Sedan,Hillman,Minx,Minx (1932-1935),hillman-minx-minx-1932-1935,631,PLACEHOLDER
vehiculos/sedan/hillman-minx-minx-arrow.jpg,vehiculos/sedan,Sedan,Hillman,Minx,Minx (Arrow),hillman-minx-minx-arrow,631,PLACEHOLDER
vehiculos/sedan/hillman-minx-minx-magnificent.jpg,vehiculos/sedan,Sedan,Hillman,Minx,Minx Magnificent,hillman-minx-minx-magnificent,631,PLACEHOLDER
vehiculos/sedan/hillman-minx-minx-mark-i.jpg,vehiculos/sedan,Sedan,Hillman,Minx,Minx Mark I,hillman-minx-minx-mark-i,631,PLACEHOLDER
vehiculos/sedan/hillman-minx-minx-mark-ii.jpg,vehiculos/sedan,Sedan,Hillman,Minx,Minx Mark II,hillman-minx-minx-mark-ii,631,PLACEHOLDER
vehiculos/sedan/hillman-minx-minx-mark-iii.jpg,vehiculos/sedan,Sedan,Hillman,Minx,Minx Mark III,hillman-minx-minx-mark-iii,631,PLACEHOLDER
vehiculos/sedan/hillman-minx-minx-mark-iv.jpg,vehiculos/sedan,Sedan,Hillman,Minx,Minx Mark IV,hillman-minx-minx-mark-iv,631,PLACEHOLDER
vehiculos/sedan/hillman-minx-minx-mark-v.jpg,vehiculos/sedan,Sedan,Hillman,Minx,Minx Mark V,hillman-minx-minx-mark-v,631,PLACEHOLDER
vehiculos/sedan/hillman-minx-minx-mark-vi.jpg,vehiculos/sedan,Sedan,Hillman,Minx,Minx Mark VI,hillman-minx-minx-mark-vi,631,PLACEHOLDER
vehiculos/sedan/hillman-minx-minx-mark-vii.jpg,vehiculos/sedan,Sedan,Hillman,Minx,Minx Mark VII,hillman-minx-minx-mark-vii,631,PLACEHOLDER
vehiculos/sedan/hillman-minx-minx-mark-viii.jpg,vehiculos/sedan,Sedan,Hillman,Minx,Minx Mark VIII,hillman-minx-minx-mark-viii,631,PLACEHOLDER
vehiculos/sedan/hillman-minx-minx-series-i-audax.jpg,vehiculos/sedan,Sedan,Hillman,Minx,Minx Series I (Audax),hillman-minx-minx-series-i-audax,631,PLACEHOLDER
vehiculos/sedan/hillman-minx-minx-series-ii-audax.jpg,vehiculos/sedan,Sedan,Hillman,Minx,Minx Series II (Audax),hillman-minx-minx-series-ii-audax,631,PLACEHOLDER
vehiculos/sedan/hillman-minx-minx-series-iii-audax.jpg,vehiculos/sedan,Sedan,Hillman,Minx,Minx Series III (Audax),hillman-minx-minx-series-iii-audax,631,PLACEHOLDER
vehiculos/sedan/hillman-minx-minx-series-iiia-audax.jpg,vehiculos/sedan,Sedan,Hillman,Minx,Minx Series IIIA (Audax),hillman-minx-minx-series-iiia-audax,631,PLACEHOLDER
vehiculos/sedan/hillman-minx-minx-series-iiib-audax.jpg,vehiculos/sedan,Sedan,Hillman,Minx,Minx Series IIIB (Audax),hillman-minx-minx-series-iiib-audax,631,PLACEHOLDER
vehiculos/sedan/hillman-minx-minx-series-iiic-audax.jpg,vehiculos/sedan,Sedan,Hillman,Minx,Minx Series IIIC (Audax),hillman-minx-minx-series-iiic-audax,631,PLACEHOLDER
vehiculos/sedan/hillman-minx-minx-series-v-audax.jpg,vehiculos/sedan,Sedan,Hillman,Minx,Minx Series V (Audax),hillman-minx-minx-series-v-audax,631,PLACEHOLDER
vehiculos/sedan/hillman-minx-minx-series-vi-audax.jpg,vehiculos/sedan,Sedan,Hillman,Minx,Minx Series VI (Audax),hillman-minx-minx-series-vi-audax,631,PLACEHOLDER
vehiculos/sedan/hillman-minx-new-minx-1938-1939.jpg,vehiculos/sedan,Sedan,Hillman,Minx,New Minx (1938-1939),hillman-minx-new-minx-1938-1939,631,PLACEHOLDER
vehiculos/sedan/hillman-sixteen-sixteen-1936-1937.jpg,vehiculos/sedan,Sedan,Hillman,Sixteen,Sixteen (1936-1937),hillman-sixteen-sixteen-1936-1937,631,PLACEHOLDER
vehiculos/sedan/hillman-super-imp-imp.jpg,vehiculos/sedan,Sedan,Hillman,Super Imp,Imp,hillman-super-imp-imp,631,PLACEHOLDER
vehiculos/sedan/hillman-super-minx-super-minx-mark-i.jpg,vehiculos/sedan,Sedan,Hillman,Super Minx,Super Minx Mark I,hillman-super-minx-super-minx-mark-i,631,PLACEHOLDER
vehiculos/sedan/hillman-super-minx-super-minx-mark-ii.jpg,vehiculos/sedan,Sedan,Hillman,Super Minx,Super Minx Mark II,hillman-super-minx-super-minx-mark-ii,631,PLACEHOLDER
vehiculos/sedan/hillman-super-minx-super-minx-mark-iii.jpg,vehiculos/sedan,Sedan,Hillman,Super Minx,Super Minx Mark III,hillman-super-minx-super-minx-mark-iii,631,PLACEHOLDER
vehiculos/sedan/hillman-super-minx-super-minx-mark-iv.jpg,vehiculos/sedan,Sedan,Hillman,Super Minx,Super Minx Mark IV,hillman-super-minx-super-minx-mark-iv,631,PLACEHOLDER
vehiculos/sedan/hillman-wizard-wizard-65.jpg,vehiculos/sedan,Sedan,Hillman,Wizard,Wizard 65,hillman-wizard-wizard-65,631,PLACEHOLDER
vehiculos/sedan/hillman-wizard-wizard-75.jpg,vehiculos/sedan,Sedan,Hillman,Wizard,Wizard 75,hillman-wizard-wizard-75,631,PLACEHOLDER
vehiculos/sedan/hino-contessa-contessa-1300-pd.jpg,vehiculos/sedan,Sedan,Hino,Contessa,Contessa 1300 (PD),hino-contessa-contessa-1300-pd,631,PLACEHOLDER
vehiculos/sedan/hino-contessa-contessa-900-pc.jpg,vehiculos/sedan,Sedan,Hino,Contessa,Contessa 900 (PC),hino-contessa-contessa-900-pc,631,PLACEHOLDER
vehiculos/sedan/hispano-suiza-h6-tipo-46-h6.jpg,vehiculos/sedan,Sedan,Hispano-Suiza,H6,Tipo 46 - H6,hispano-suiza-h6-tipo-46-h6,631,PLACEHOLDER
vehiculos/sedan/hispano-suiza-h6-tipo-46-h6b-bis.jpg,vehiculos/sedan,Sedan,Hispano-Suiza,H6,Tipo 46 - H6B Bis,hispano-suiza-h6-tipo-46-h6b-bis,631,PLACEHOLDER
vehiculos/sedan/hispano-suiza-h6-tipo-46-h6b.jpg,vehiculos/sedan,Sedan,Hispano-Suiza,H6,Tipo 46 - H6B,hispano-suiza-h6-tipo-46-h6b,631,PLACEHOLDER
vehiculos/sedan/hispano-suiza-h6c-tipo-56-h6c-bis.jpg,vehiculos/sedan,Sedan,Hispano-Suiza,H6C,Tipo 56 - H6C Bis,hispano-suiza-h6c-tipo-56-h6c-bis,631,PLACEHOLDER
vehiculos/sedan/hispano-suiza-h6c-tipo-56-h6c.jpg,vehiculos/sedan,Sedan,Hispano-Suiza,H6C,Tipo 56 - H6C,hispano-suiza-h6c-tipo-56-h6c,631,PLACEHOLDER
vehiculos/sedan/hispano-suiza-j12-tipo-68-bis-t68-bis.jpg,vehiculos/sedan,Sedan,Hispano-Suiza,J12,Tipo 68 Bis (T68 bis),hispano-suiza-j12-tipo-68-bis-t68-bis,631,PLACEHOLDER
vehiculos/sedan/hispano-suiza-j12-tipo-68-t68.jpg,vehiculos/sedan,Sedan,Hispano-Suiza,J12,Tipo 68 (T68),hispano-suiza-j12-tipo-68-t68,631,PLACEHOLDER
vehiculos/sedan/hispano-suiza-junior-tipo-64-t64-hs26.jpg,vehiculos/sedan,Sedan,Hispano-Suiza,Junior,Tipo 64 (T64 / HS26),hispano-suiza-junior-tipo-64-t64-hs26,631,PLACEHOLDER
vehiculos/sedan/hispano-suiza-k6-tipo-70-t70.jpg,vehiculos/sedan,Sedan,Hispano-Suiza,K6,Tipo 70 (T70),hispano-suiza-k6-tipo-70-t70,631,PLACEHOLDER
vehiculos/sedan/hispano-suiza-t48-tipo-48.jpg,vehiculos/sedan,Sedan,Hispano-Suiza,T48,Tipo 48,hispano-suiza-t48-tipo-48,631,PLACEHOLDER
vehiculos/sedan/hispano-suiza-t49-tipo-49.jpg,vehiculos/sedan,Sedan,Hispano-Suiza,T49,Tipo 49,hispano-suiza-t49-tipo-49,631,PLACEHOLDER
vehiculos/sedan/hispano-suiza-t60-tipo-60-rl-rla.jpg,vehiculos/sedan,Sedan,Hispano-Suiza,T60,Tipo 60 RL / RLA,hispano-suiza-t60-tipo-60-rl-rla,631,PLACEHOLDER
vehiculos/sedan/hispano-suiza-t60-tipo-60.jpg,vehiculos/sedan,Sedan,Hispano-Suiza,T60,Tipo 60,hispano-suiza-t60-tipo-60,631,PLACEHOLDER
vehiculos/sedan/hispano-suiza-tipo-24-tipo-24-8-10-hp.jpg,vehiculos/sedan,Sedan,Hispano-Suiza,Tipo 24,Tipo 24 (8-10 HP),hispano-suiza-tipo-24-tipo-24-8-10-hp,631,PLACEHOLDER
vehiculos/sedan/holden-48-215-fx-48-215-fx.jpg,vehiculos/sedan,Sedan,Holden,48-215 (FX),48-215 / FX,holden-48-215-fx-48-215-fx,631,PLACEHOLDER
vehiculos/sedan/holden-apollo-jk-jl.jpg,vehiculos/sedan,Sedan,Holden,Apollo,JK/JL,holden-apollo-jk-jl,631,PLACEHOLDER
vehiculos/sedan/holden-apollo-jm-jp-v6.jpg,vehiculos/sedan,Sedan,Holden,Apollo,JM/JP V6,holden-apollo-jm-jp-v6,631,PLACEHOLDER
vehiculos/sedan/holden-apollo-jm-jp.jpg,vehiculos/sedan,Sedan,Holden,Apollo,JM/JP,holden-apollo-jm-jp,631,PLACEHOLDER
vehiculos/sedan/holden-camira-jb.jpg,vehiculos/sedan,Sedan,Holden,Camira,JB,holden-camira-jb,631,PLACEHOLDER
vehiculos/sedan/holden-camira-jd.jpg,vehiculos/sedan,Sedan,Holden,Camira,JD,holden-camira-jd,631,PLACEHOLDER
vehiculos/sedan/holden-camira-je.jpg,vehiculos/sedan,Sedan,Holden,Camira,JE,holden-camira-je,631,PLACEHOLDER
vehiculos/sedan/holden-commodore-vb.jpg,vehiculos/sedan,Sedan,Holden,Commodore,VB,holden-commodore-vb,631,PLACEHOLDER
vehiculos/sedan/holden-commodore-vc.jpg,vehiculos/sedan,Sedan,Holden,Commodore,VC,holden-commodore-vc,631,PLACEHOLDER
vehiculos/sedan/holden-commodore-vh.jpg,vehiculos/sedan,Sedan,Holden,Commodore,VH,holden-commodore-vh,631,PLACEHOLDER
vehiculos/sedan/holden-commodore-vk.jpg,vehiculos/sedan,Sedan,Holden,Commodore,VK,holden-commodore-vk,631,PLACEHOLDER
vehiculos/sedan/holden-commodore-vl.jpg,vehiculos/sedan,Sedan,Holden,Commodore,VL,holden-commodore-vl,631,PLACEHOLDER
vehiculos/sedan/holden-commodore-vn.jpg,vehiculos/sedan,Sedan,Holden,Commodore,VN,holden-commodore-vn,631,PLACEHOLDER
vehiculos/sedan/holden-commodore-vp.jpg,vehiculos/sedan,Sedan,Holden,Commodore,VP,holden-commodore-vp,631,PLACEHOLDER
vehiculos/sedan/holden-commodore-vr.jpg,vehiculos/sedan,Sedan,Holden,Commodore,VR,holden-commodore-vr,631,PLACEHOLDER
vehiculos/sedan/holden-commodore-vs.jpg,vehiculos/sedan,Sedan,Holden,Commodore,VS,holden-commodore-vs,631,PLACEHOLDER
vehiculos/sedan/holden-commodore-vt.jpg,vehiculos/sedan,Sedan,Holden,Commodore,VT,holden-commodore-vt,631,PLACEHOLDER
vehiculos/sedan/holden-eh-eh.jpg,vehiculos/sedan,Sedan,Holden,EH,EH,holden-eh-eh,631,PLACEHOLDER
vehiculos/sedan/holden-ej-ej.jpg,vehiculos/sedan,Sedan,Holden,EJ,EJ,holden-ej-ej,631,PLACEHOLDER
vehiculos/sedan/holden-ek-ek.jpg,vehiculos/sedan,Sedan,Holden,EK,EK,holden-ek-ek,631,PLACEHOLDER
vehiculos/sedan/holden-fb-fb.jpg,vehiculos/sedan,Sedan,Holden,FB,FB,holden-fb-fb,631,PLACEHOLDER
vehiculos/sedan/holden-fc-fc.jpg,vehiculos/sedan,Sedan,Holden,FC,FC,holden-fc-fc,631,PLACEHOLDER
vehiculos/sedan/holden-fe-fe.jpg,vehiculos/sedan,Sedan,Holden,FE,FE,holden-fe-fe,631,PLACEHOLDER
vehiculos/sedan/holden-fj-fj.jpg,vehiculos/sedan,Sedan,Holden,FJ,FJ,holden-fj-fj,631,PLACEHOLDER
vehiculos/sedan/holden-gemini-rb-fwd.jpg,vehiculos/sedan,Sedan,Holden,Gemini,RB (FWD),holden-gemini-rb-fwd,631,PLACEHOLDER
vehiculos/sedan/holden-gemini-tf-tg-diesel.jpg,vehiculos/sedan,Sedan,Holden,Gemini,TF-TG Diesel,holden-gemini-tf-tg-diesel,631,PLACEHOLDER
vehiculos/sedan/holden-gemini-tx-tg-rwd.jpg,vehiculos/sedan,Sedan,Holden,Gemini,TX-TG (RWD),holden-gemini-tx-tg-rwd,631,PLACEHOLDER
vehiculos/sedan/holden-hd-hd.jpg,vehiculos/sedan,Sedan,Holden,HD,HD,holden-hd-hd,631,PLACEHOLDER
vehiculos/sedan/holden-hr-hr.jpg,vehiculos/sedan,Sedan,Holden,HR,HR,holden-hr-hr,631,PLACEHOLDER
vehiculos/sedan/holden-kingswood-hg.jpg,vehiculos/sedan,Sedan,Holden,Kingswood,HG,holden-kingswood-hg,631,PLACEHOLDER
vehiculos/sedan/holden-kingswood-hj.jpg,vehiculos/sedan,Sedan,Holden,Kingswood,HJ,holden-kingswood-hj,631,PLACEHOLDER
vehiculos/sedan/holden-kingswood-hk.jpg,vehiculos/sedan,Sedan,Holden,Kingswood,HK,holden-kingswood-hk,631,PLACEHOLDER
vehiculos/sedan/holden-kingswood-hq.jpg,vehiculos/sedan,Sedan,Holden,Kingswood,HQ,holden-kingswood-hq,631,PLACEHOLDER
vehiculos/sedan/holden-kingswood-ht.jpg,vehiculos/sedan,Sedan,Holden,Kingswood,HT,holden-kingswood-ht,631,PLACEHOLDER
vehiculos/sedan/holden-kingswood-hx.jpg,vehiculos/sedan,Sedan,Holden,Kingswood,HX,holden-kingswood-hx,631,PLACEHOLDER
vehiculos/sedan/holden-kingswood-hz.jpg,vehiculos/sedan,Sedan,Holden,Kingswood,HZ,holden-kingswood-hz,631,PLACEHOLDER
vehiculos/sedan/holden-nova-le-lf.jpg,vehiculos/sedan,Sedan,Holden,Nova,LE/LF,holden-nova-le-lf,631,PLACEHOLDER
vehiculos/sedan/holden-nova-lg.jpg,vehiculos/sedan,Sedan,Holden,Nova,LG,holden-nova-lg,631,PLACEHOLDER
vehiculos/sedan/holden-statesman-caprice-vq.jpg,vehiculos/sedan,Sedan,Holden,Statesman/Caprice,VQ,holden-statesman-caprice-vq,631,PLACEHOLDER
vehiculos/sedan/holden-statesman-caprice-vr.jpg,vehiculos/sedan,Sedan,Holden,Statesman/Caprice,VR,holden-statesman-caprice-vr,631,PLACEHOLDER
vehiculos/sedan/holden-statesman-caprice-vs.jpg,vehiculos/sedan,Sedan,Holden,Statesman/Caprice,VS,holden-statesman-caprice-vs,631,PLACEHOLDER
vehiculos/sedan/holden-statesman-hq-hz.jpg,vehiculos/sedan,Sedan,Holden,Statesman,HQ-HZ,holden-statesman-hq-hz,631,PLACEHOLDER
vehiculos/sedan/holden-statesman-wb.jpg,vehiculos/sedan,Sedan,Holden,Statesman,WB,holden-statesman-wb,631,PLACEHOLDER
vehiculos/sedan/holden-sunbird-lx-uc.jpg,vehiculos/sedan,Sedan,Holden,Sunbird,LX/UC,holden-sunbird-lx-uc,631,PLACEHOLDER
vehiculos/sedan/holden-torana-hb.jpg,vehiculos/sedan,Sedan,Holden,Torana,HB,holden-torana-hb,631,PLACEHOLDER
vehiculos/sedan/holden-torana-lc-lj.jpg,vehiculos/sedan,Sedan,Holden,Torana,LC/LJ,holden-torana-lc-lj,631,PLACEHOLDER
vehiculos/sedan/holden-torana-lh-lx.jpg,vehiculos/sedan,Sedan,Holden,Torana,LH/LX,holden-torana-lh-lx,631,PLACEHOLDER
vehiculos/sedan/holden-torana-uc.jpg,vehiculos/sedan,Sedan,Holden,Torana,UC,holden-torana-uc,631,PLACEHOLDER
vehiculos/sedan/honda-accord-accord-2-gen-sy-ac.jpg,vehiculos/sedan,Sedan,Honda,Accord,Accord 2ª gen (SY/AC),honda-accord-accord-2-gen-sy-ac,631,PLACEHOLDER
vehiculos/sedan/honda-accord-accord-3-gen-ca.jpg,vehiculos/sedan,Sedan,Honda,Accord,Accord 3ª gen (CA),honda-accord-accord-3-gen-ca,631,PLACEHOLDER
vehiculos/sedan/honda-accord-accord-4-gen-cb.jpg,vehiculos/sedan,Sedan,Honda,Accord,Accord 4ª gen (CB),honda-accord-accord-4-gen-cb,631,PLACEHOLDER
vehiculos/sedan/honda-accord-accord-5-gen-cd-ce.jpg,vehiculos/sedan,Sedan,Honda,Accord,Accord 5ª gen (CD/CE),honda-accord-accord-5-gen-cd-ce,631,PLACEHOLDER
vehiculos/sedan/honda-accord-accord-5-gen-ce.jpg,vehiculos/sedan,Sedan,Honda,Accord,Accord 5ª gen (CE),honda-accord-accord-5-gen-ce,631,PLACEHOLDER
vehiculos/sedan/honda-ascot-ascot-2-gen-ce.jpg,vehiculos/sedan,Sedan,Honda,Ascot,Ascot 2ª gen (CE),honda-ascot-ascot-2-gen-ce,631,PLACEHOLDER
vehiculos/sedan/honda-ballade-ballade-2-gen.jpg,vehiculos/sedan,Sedan,Honda,Ballade,Ballade 2ª gen,honda-ballade-ballade-2-gen,631,PLACEHOLDER
vehiculos/sedan/honda-concerto-concerto-ma.jpg,vehiculos/sedan,Sedan,Honda,Concerto,Concerto (MA),honda-concerto-concerto-ma,631,PLACEHOLDER
vehiculos/sedan/honda-domani-domani-1-gen-ma.jpg,vehiculos/sedan,Sedan,Honda,Domani,Domani 1ª gen (MA),honda-domani-domani-1-gen-ma,631,PLACEHOLDER
vehiculos/sedan/honda-domani-domani-2-gen-mb.jpg,vehiculos/sedan,Sedan,Honda,Domani,Domani 2ª gen (MB),honda-domani-domani-2-gen-mb,631,PLACEHOLDER
vehiculos/sedan/honda-inspire-inspire-1-gen-cb5-cc.jpg,vehiculos/sedan,Sedan,Honda,Inspire,Inspire 1ª gen (CB5/CC),honda-inspire-inspire-1-gen-cb5-cc,631,PLACEHOLDER
vehiculos/sedan/honda-inspire-inspire-2-gen-ua1-3.jpg,vehiculos/sedan,Sedan,Honda,Inspire,Inspire 2ª gen (UA1-3),honda-inspire-inspire-2-gen-ua1-3,631,PLACEHOLDER
vehiculos/sedan/honda-integra-integra-2-gen-da.jpg,vehiculos/sedan,Sedan,Honda,Integra,Integra 2ª gen (DA),honda-integra-integra-2-gen-da,631,PLACEHOLDER
vehiculos/sedan/honda-legend-legend-1-gen-ka.jpg,vehiculos/sedan,Sedan,Honda,Legend,Legend 1ª gen (KA),honda-legend-legend-1-gen-ka,631,PLACEHOLDER
vehiculos/sedan/honda-legend-legend-2-gen-ka7.jpg,vehiculos/sedan,Sedan,Honda,Legend,Legend 2ª gen (KA7),honda-legend-legend-2-gen-ka7,631,PLACEHOLDER
vehiculos/sedan/honda-rafaga-rafaga-ce.jpg,vehiculos/sedan,Sedan,Honda,Rafaga,Rafaga (CE),honda-rafaga-rafaga-ce,631,PLACEHOLDER
vehiculos/sedan/honda-vigor-vigor-cb5-cc.jpg,vehiculos/sedan,Sedan,Honda,Vigor,Vigor (CB5/CC),honda-vigor-vigor-cb5-cc,631,PLACEHOLDER
vehiculos/sedan/horch-10-16-ps-10-16-ps.jpg,vehiculos/sedan,Sedan,Horch,10-16 PS,10-16 PS,horch-10-16-ps-10-16-ps,631,PLACEHOLDER
vehiculos/sedan/horch-10-30-ps-10-30-ps.jpg,vehiculos/sedan,Sedan,Horch,10/30 PS,10/30 PS,horch-10-30-ps-10-30-ps,631,PLACEHOLDER
vehiculos/sedan/horch-10-35-ps-10-m-20.jpg,vehiculos/sedan,Sedan,Horch,10/35 PS,10 M 20,horch-10-35-ps-10-m-20,631,PLACEHOLDER
vehiculos/sedan/horch-10-50-ps-10-m-25.jpg,vehiculos/sedan,Sedan,Horch,10/50 PS,10 M 25,horch-10-50-ps-10-m-25,631,PLACEHOLDER
vehiculos/sedan/horch-12-30-ps-typ-k.jpg,vehiculos/sedan,Sedan,Horch,12/30 PS,Typ K,horch-12-30-ps-typ-k,631,PLACEHOLDER
vehiculos/sedan/horch-14-20-ps-14-20-ps.jpg,vehiculos/sedan,Sedan,Horch,14-20 PS,14-20 PS,horch-14-20-ps-14-20-ps,631,PLACEHOLDER
vehiculos/sedan/horch-14-40-ps-typ-o.jpg,vehiculos/sedan,Sedan,Horch,14/40 PS,Typ O,horch-14-40-ps-typ-o,631,PLACEHOLDER
vehiculos/sedan/horch-15-30-ps-15-30-ps.jpg,vehiculos/sedan,Sedan,Horch,15/30 PS,15/30 PS,horch-15-30-ps-15-30-ps,631,PLACEHOLDER
vehiculos/sedan/horch-17-45-ps-typ-h.jpg,vehiculos/sedan,Sedan,Horch,17/45 PS,Typ H,horch-17-45-ps-typ-h,631,PLACEHOLDER
vehiculos/sedan/horch-18-25-ps-18-25-ps.jpg,vehiculos/sedan,Sedan,Horch,18/25 PS,18/25 PS,horch-18-25-ps-18-25-ps,631,PLACEHOLDER
vehiculos/sedan/horch-18-50-ps-18-50-ps.jpg,vehiculos/sedan,Sedan,Horch,18/50 PS,18/50 PS,horch-18-50-ps-18-50-ps,631,PLACEHOLDER
vehiculos/sedan/horch-22-30-ps-22-30-ps.jpg,vehiculos/sedan,Sedan,Horch,22-30 PS,22-30 PS,horch-22-30-ps-22-30-ps,631,PLACEHOLDER
vehiculos/sedan/horch-23-50-ps-23-50-ps.jpg,vehiculos/sedan,Sedan,Horch,23/50 PS,23/50 PS,horch-23-50-ps-23-50-ps,631,PLACEHOLDER
vehiculos/sedan/horch-25-60-ps-25-60-ps-1a-serie.jpg,vehiculos/sedan,Sedan,Horch,25/60 PS,25/60 PS (1a serie),horch-25-60-ps-25-60-ps-1a-serie,631,PLACEHOLDER
vehiculos/sedan/horch-25-60-ps-25-60-ps-2a-serie.jpg,vehiculos/sedan,Sedan,Horch,25/60 PS,25/60 PS (2a serie),horch-25-60-ps-25-60-ps-2a-serie,631,PLACEHOLDER
vehiculos/sedan/horch-26-65-ps-26-65-ps.jpg,vehiculos/sedan,Sedan,Horch,26/65 PS,26/65 PS,horch-26-65-ps-26-65-ps,631,PLACEHOLDER
vehiculos/sedan/horch-33-80-ps-typ-s.jpg,vehiculos/sedan,Sedan,Horch,33/80 PS,Typ S,horch-33-80-ps-typ-s,631,PLACEHOLDER
vehiculos/sedan/horch-4-15-ps-4-15-ps.jpg,vehiculos/sedan,Sedan,Horch,4-15 PS,4-15 PS,horch-4-15-ps-4-15-ps,631,PLACEHOLDER
vehiculos/sedan/horch-6-18-ps-6-18-ps.jpg,vehiculos/sedan,Sedan,Horch,6/18 PS,6/18 PS,horch-6-18-ps-6-18-ps,631,PLACEHOLDER
vehiculos/sedan/horch-8-24-ps-8-24-ps.jpg,vehiculos/sedan,Sedan,Horch,8/24 PS,8/24 PS,horch-8-24-ps-8-24-ps,631,PLACEHOLDER
vehiculos/sedan/horch-horch-12-typ-600-670-12-6l.jpg,vehiculos/sedan,Sedan,Horch,Horch 12,Typ 600/670 (12 6L),horch-horch-12-typ-600-670-12-6l,631,PLACEHOLDER
vehiculos/sedan/horch-horch-8-typ-303-304-12-60-ps.jpg,vehiculos/sedan,Sedan,Horch,Horch 8,Typ 303/304 (12/60 PS),horch-horch-8-typ-303-304-12-60-ps,631,PLACEHOLDER
vehiculos/sedan/horch-horch-8-typ-305-306-13-65-ps.jpg,vehiculos/sedan,Sedan,Horch,Horch 8,Typ 305/306 (13/65 PS),horch-horch-8-typ-305-306-13-65-ps,631,PLACEHOLDER
vehiculos/sedan/horch-horch-8-typ-350-375-400-405-16-80-ps.jpg,vehiculos/sedan,Sedan,Horch,Horch 8,Typ 350/375/400/405 (16/80 PS),horch-horch-8-typ-350-375-400-405-16-80-ps,631,PLACEHOLDER
vehiculos/sedan/horch-horch-8-typ-410-440-710-8-4l.jpg,vehiculos/sedan,Sedan,Horch,Horch 8,Typ 410/440/710 (8 4L),horch-horch-8-typ-410-440-710-8-4l,631,PLACEHOLDER
vehiculos/sedan/horch-horch-8-typ-420-450-470-720-750-8-4-5l.jpg,vehiculos/sedan,Sedan,Horch,Horch 8,"Typ 420/450/470/720/750 (8 4,5L)",horch-horch-8-typ-420-450-470-720-750-8-4-5l,631,PLACEHOLDER
vehiculos/sedan/horch-horch-8-typ-430-8-3l.jpg,vehiculos/sedan,Sedan,Horch,Horch 8,Typ 430 (8 3L),horch-horch-8-typ-430-8-3l,631,PLACEHOLDER
vehiculos/sedan/horch-horch-8-typ-480-500-780-8-5l.jpg,vehiculos/sedan,Sedan,Horch,Horch 8,Typ 480/500/780 (8 5L),horch-horch-8-typ-480-500-780-8-5l,631,PLACEHOLDER
vehiculos/sedan/horch-horch-830-830-b.jpg,vehiculos/sedan,Sedan,Horch,Horch 830,830 B,horch-horch-830-830-b,631,PLACEHOLDER
vehiculos/sedan/horch-horch-830-830-bk-830-bl.jpg,vehiculos/sedan,Sedan,Horch,Horch 830,830 Bk / 830 BL,horch-horch-830-830-bk-830-bl,631,PLACEHOLDER
vehiculos/sedan/horch-horch-830-830.jpg,vehiculos/sedan,Sedan,Horch,Horch 830,830,horch-horch-830-830,631,PLACEHOLDER
vehiculos/sedan/horch-horch-850-850.jpg,vehiculos/sedan,Sedan,Horch,Horch 850,850,horch-horch-850-850,631,PLACEHOLDER
vehiculos/sedan/horch-horch-851-851.jpg,vehiculos/sedan,Sedan,Horch,Horch 851,851,horch-horch-851-851,631,PLACEHOLDER
vehiculos/sedan/horch-horch-951-951-a.jpg,vehiculos/sedan,Sedan,Horch,Horch 951,951 A,horch-horch-951-951-a,631,PLACEHOLDER
vehiculos/sedan/horch-horch-951-951.jpg,vehiculos/sedan,Sedan,Horch,Horch 951,951,horch-horch-951-951,631,PLACEHOLDER
vehiculos/sedan/horch-horch-p240-p240-sachsenring-p240.jpg,vehiculos/sedan,Sedan,Horch,Horch P240,P240 (Sachsenring P240),horch-horch-p240-p240-sachsenring-p240,631,PLACEHOLDER
vehiculos/sedan/horch-pony-5-14-ps-pony.jpg,vehiculos/sedan,Sedan,Horch,Pony 5/14 PS,Pony,horch-pony-5-14-ps-pony,631,PLACEHOLDER
vehiculos/sedan/hotchkiss-411-serie-400.jpg,vehiculos/sedan,Sedan,Hotchkiss,411,Serie 400,hotchkiss-411-serie-400,631,PLACEHOLDER
vehiculos/sedan/hotchkiss-413-serie-400.jpg,vehiculos/sedan,Sedan,Hotchkiss,413,Serie 400,hotchkiss-413-serie-400,631,PLACEHOLDER
vehiculos/sedan/hotchkiss-486-serie-400.jpg,vehiculos/sedan,Sedan,Hotchkiss,486,Serie 400,hotchkiss-486-serie-400,631,PLACEHOLDER
vehiculos/sedan/hotchkiss-615-serie-600.jpg,vehiculos/sedan,Sedan,Hotchkiss,615,Serie 600,hotchkiss-615-serie-600,631,PLACEHOLDER
vehiculos/sedan/hotchkiss-617-serie-600.jpg,vehiculos/sedan,Sedan,Hotchkiss,617,Serie 600,hotchkiss-617-serie-600,631,PLACEHOLDER
vehiculos/sedan/hotchkiss-620-serie-600.jpg,vehiculos/sedan,Sedan,Hotchkiss,620,Serie 600,hotchkiss-620-serie-600,631,PLACEHOLDER
vehiculos/sedan/hotchkiss-680-serie-600.jpg,vehiculos/sedan,Sedan,Hotchkiss,680,Serie 600,hotchkiss-680-serie-600,631,PLACEHOLDER
vehiculos/sedan/hotchkiss-686-serie-600.jpg,vehiculos/sedan,Sedan,Hotchkiss,686,Serie 600,hotchkiss-686-serie-600,631,PLACEHOLDER
vehiculos/sedan/hotchkiss-864-s49-13-cv.jpg,vehiculos/sedan,Sedan,Hotchkiss,864,S49 (13 CV),hotchkiss-864-s49-13-cv,631,PLACEHOLDER
vehiculos/sedan/hotchkiss-am-2-am-2.jpg,vehiculos/sedan,Sedan,Hotchkiss,AM 2,AM 2,hotchkiss-am-2-am-2,631,PLACEHOLDER
vehiculos/sedan/hotchkiss-am-73-am-73.jpg,vehiculos/sedan,Sedan,Hotchkiss,AM 73,AM 73,hotchkiss-am-73-am-73,631,PLACEHOLDER
vehiculos/sedan/hotchkiss-am-80-am-80.jpg,vehiculos/sedan,Sedan,Hotchkiss,AM 80,AM 80,hotchkiss-am-80-am-80,631,PLACEHOLDER
vehiculos/sedan/hotchkiss-am-am-12-cv.jpg,vehiculos/sedan,Sedan,Hotchkiss,AM,AM (12 CV),hotchkiss-am-am-12-cv,631,PLACEHOLDER
vehiculos/sedan/hotchkiss-anjou-1350-anjou.jpg,vehiculos/sedan,Sedan,Hotchkiss,Anjou 1350,Anjou,hotchkiss-anjou-1350-anjou,631,PLACEHOLDER
vehiculos/sedan/hotchkiss-anjou-2050-anjou.jpg,vehiculos/sedan,Sedan,Hotchkiss,Anjou 2050,Anjou,hotchkiss-anjou-2050-anjou,631,PLACEHOLDER
vehiculos/sedan/hotchkiss-gregoire-hotchkiss-gregoire.jpg,vehiculos/sedan,Sedan,Hotchkiss,Gregoire,Hotchkiss-Gregoire,hotchkiss-gregoire-hotchkiss-gregoire,631,PLACEHOLDER
vehiculos/sedan/hudson-112-hudson-112-series-89-90.jpg,vehiculos/sedan,Sedan,Hudson,112,Hudson 112 (Series 89/90),hudson-112-hudson-112-series-89-90,631,PLACEHOLDER
vehiculos/sedan/hudson-commodore-commodore-1a-gen.jpg,vehiculos/sedan,Sedan,Hudson,Commodore,Commodore (1a gen),hudson-commodore-commodore-1a-gen,631,PLACEHOLDER
vehiculos/sedan/hudson-commodore-commodore-2a-gen.jpg,vehiculos/sedan,Sedan,Hudson,Commodore,Commodore (2a gen),hudson-commodore-commodore-2a-gen,631,PLACEHOLDER
vehiculos/sedan/hudson-commodore-commodore-3a-gen-step-down.jpg,vehiculos/sedan,Sedan,Hudson,Commodore,"Commodore (3a gen, step-down)",hudson-commodore-commodore-3a-gen-step-down,631,PLACEHOLDER
vehiculos/sedan/hudson-eight-hudson-eight-1a-serie.jpg,vehiculos/sedan,Sedan,Hudson,Eight,Hudson Eight (1a serie),hudson-eight-hudson-eight-1a-serie,631,PLACEHOLDER
vehiculos/sedan/hudson-eight-hudson-eight-2a-serie.jpg,vehiculos/sedan,Sedan,Hudson,Eight,Hudson Eight (2a serie),hudson-eight-hudson-eight-2a-serie,631,PLACEHOLDER
vehiculos/sedan/hudson-hornet-hornet-1a-gen-step-down.jpg,vehiculos/sedan,Sedan,Hudson,Hornet,"Hornet (1a gen, step-down)",hudson-hornet-hornet-1a-gen-step-down,631,PLACEHOLDER
vehiculos/sedan/hudson-hornet-hornet-2a-gen-amc.jpg,vehiculos/sedan,Sedan,Hudson,Hornet,"Hornet (2a gen, AMC)",hudson-hornet-hornet-2a-gen-amc,631,PLACEHOLDER
vehiculos/sedan/hudson-jet-jet.jpg,vehiculos/sedan,Sedan,Hudson,Jet,Jet,hudson-jet-jet,631,PLACEHOLDER
vehiculos/sedan/hudson-pacemaker-pacemaker-step-down.jpg,vehiculos/sedan,Sedan,Hudson,Pacemaker,Pacemaker (step-down),hudson-pacemaker-pacemaker-step-down,631,PLACEHOLDER
vehiculos/sedan/hudson-rambler-hudson-rambler.jpg,vehiculos/sedan,Sedan,Hudson,Rambler,Hudson Rambler,hudson-rambler-hudson-rambler,631,PLACEHOLDER
vehiculos/sedan/hudson-six-traveler-deluxe-six-series-40t-20p.jpg,vehiculos/sedan,Sedan,Hudson,Six,Traveler / DeLuxe Six (Series 40T / 20P),hudson-six-traveler-deluxe-six-series-40t-20p,631,PLACEHOLDER
vehiculos/sedan/hudson-super-six-super-six-1a-gen.jpg,vehiculos/sedan,Sedan,Hudson,Super Six,Super Six (1a gen),hudson-super-six-super-six-1a-gen,631,PLACEHOLDER
vehiculos/sedan/hudson-super-six-super-six-2a-gen-f-head.jpg,vehiculos/sedan,Sedan,Hudson,Super Six,"Super Six (2a gen, F-head)",hudson-super-six-super-six-2a-gen-f-head,631,PLACEHOLDER
vehiculos/sedan/hudson-super-six-super-six-3a-gen.jpg,vehiculos/sedan,Sedan,Hudson,Super Six,Super Six (3a gen),hudson-super-six-super-six-3a-gen,631,PLACEHOLDER
vehiculos/sedan/hudson-super-six-super-six-4a-gen-postguerra.jpg,vehiculos/sedan,Sedan,Hudson,Super Six,"Super Six (4a gen, postguerra)",hudson-super-six-super-six-4a-gen-postguerra,631,PLACEHOLDER
vehiculos/sedan/hudson-super-six-super-six-4a-gen-preguerra.jpg,vehiculos/sedan,Sedan,Hudson,Super Six,"Super Six (4a gen, preguerra)",hudson-super-six-super-six-4a-gen-preguerra,631,PLACEHOLDER
vehiculos/sedan/hudson-super-six-super-six-step-down.jpg,vehiculos/sedan,Sedan,Hudson,Super Six,Super Six (step-down),hudson-super-six-super-six-step-down,631,PLACEHOLDER
vehiculos/sedan/hudson-terraplane-hudson-terraplane-series-80-81-82.jpg,vehiculos/sedan,Sedan,Hudson,Terraplane,Hudson Terraplane (Series 80/81/82),hudson-terraplane-hudson-terraplane-series-80-81-82,631,PLACEHOLDER
vehiculos/sedan/hudson-wasp-super-wasp-step-down.jpg,vehiculos/sedan,Sedan,Hudson,Wasp,Super Wasp (step-down),hudson-wasp-super-wasp-step-down,631,PLACEHOLDER
vehiculos/sedan/hudson-wasp-wasp-1a-gen-step-down.jpg,vehiculos/sedan,Sedan,Hudson,Wasp,"Wasp (1a gen, step-down)",hudson-wasp-wasp-1a-gen-step-down,631,PLACEHOLDER
vehiculos/sedan/hudson-wasp-wasp-2a-gen-amc.jpg,vehiculos/sedan,Sedan,Hudson,Wasp,"Wasp (2a gen, AMC)",hudson-wasp-wasp-2a-gen-amc,631,PLACEHOLDER
vehiculos/sedan/humber-hawk-hawk-mk-i-mk-ii.jpg,vehiculos/sedan,Sedan,Humber,Hawk,Hawk Mk I / Mk II,humber-hawk-hawk-mk-i-mk-ii,631,PLACEHOLDER
vehiculos/sedan/humber-hawk-hawk-mk-iii.jpg,vehiculos/sedan,Sedan,Humber,Hawk,Hawk Mk III,humber-hawk-hawk-mk-iii,631,PLACEHOLDER
vehiculos/sedan/humber-hawk-hawk-mk-iv.jpg,vehiculos/sedan,Sedan,Humber,Hawk,Hawk Mk IV,humber-hawk-hawk-mk-iv,631,PLACEHOLDER
vehiculos/sedan/humber-hawk-hawk-mk-v.jpg,vehiculos/sedan,Sedan,Humber,Hawk,Hawk Mk V,humber-hawk-hawk-mk-v,631,PLACEHOLDER
vehiculos/sedan/humber-hawk-hawk-mk-vi-via.jpg,vehiculos/sedan,Sedan,Humber,Hawk,Hawk Mk VI / VIA,humber-hawk-hawk-mk-vi-via,631,PLACEHOLDER
vehiculos/sedan/humber-hawk-hawk-series-i.jpg,vehiculos/sedan,Sedan,Humber,Hawk,Hawk Series I,humber-hawk-hawk-series-i,631,PLACEHOLDER
vehiculos/sedan/humber-hawk-hawk-series-ia.jpg,vehiculos/sedan,Sedan,Humber,Hawk,Hawk Series IA,humber-hawk-hawk-series-ia,631,PLACEHOLDER
vehiculos/sedan/humber-hawk-hawk-series-ii.jpg,vehiculos/sedan,Sedan,Humber,Hawk,Hawk Series II,humber-hawk-hawk-series-ii,631,PLACEHOLDER
vehiculos/sedan/humber-hawk-hawk-series-iii.jpg,vehiculos/sedan,Sedan,Humber,Hawk,Hawk Series III,humber-hawk-hawk-series-iii,631,PLACEHOLDER
vehiculos/sedan/humber-hawk-hawk-series-iv.jpg,vehiculos/sedan,Sedan,Humber,Hawk,Hawk Series IV,humber-hawk-hawk-series-iv,631,PLACEHOLDER
vehiculos/sedan/humber-hawk-hawk-series-iva.jpg,vehiculos/sedan,Sedan,Humber,Hawk,Hawk Series IVA,humber-hawk-hawk-series-iva,631,PLACEHOLDER
vehiculos/sedan/humber-imperial-imperial-1964-67.jpg,vehiculos/sedan,Sedan,Humber,Imperial,Imperial (1964-67),humber-imperial-imperial-1964-67,631,PLACEHOLDER
vehiculos/sedan/humber-imperial-snipe-imperial-1939-40.jpg,vehiculos/sedan,Sedan,Humber,Imperial,Snipe Imperial (1939-40),humber-imperial-snipe-imperial-1939-40,631,PLACEHOLDER
vehiculos/sedan/humber-pullman-pullman-1930-35.jpg,vehiculos/sedan,Sedan,Humber,Pullman,Pullman (1930-35),humber-pullman-pullman-1930-35,631,PLACEHOLDER
vehiculos/sedan/humber-pullman-pullman-1936-40.jpg,vehiculos/sedan,Sedan,Humber,Pullman,Pullman (1936-40),humber-pullman-pullman-1936-40,631,PLACEHOLDER
vehiculos/sedan/humber-pullman-pullman-imperial-mk-iv.jpg,vehiculos/sedan,Sedan,Humber,Pullman,Pullman/Imperial Mk IV,humber-pullman-pullman-imperial-mk-iv,631,PLACEHOLDER
vehiculos/sedan/humber-pullman-pullman-mk-ii.jpg,vehiculos/sedan,Sedan,Humber,Pullman,Pullman Mk II,humber-pullman-pullman-mk-ii,631,PLACEHOLDER
vehiculos/sedan/humber-pullman-pullman-mk-iii.jpg,vehiculos/sedan,Sedan,Humber,Pullman,Pullman Mk III,humber-pullman-pullman-mk-iii,631,PLACEHOLDER
vehiculos/sedan/humber-sceptre-sceptre-mk-i.jpg,vehiculos/sedan,Sedan,Humber,Sceptre,Sceptre Mk I,humber-sceptre-sceptre-mk-i,631,PLACEHOLDER
vehiculos/sedan/humber-sceptre-sceptre-mk-ii.jpg,vehiculos/sedan,Sedan,Humber,Sceptre,Sceptre Mk II,humber-sceptre-sceptre-mk-ii,631,PLACEHOLDER
vehiculos/sedan/humber-sceptre-sceptre-mk-iii-rootes-arrow.jpg,vehiculos/sedan,Sedan,Humber,Sceptre,Sceptre Mk III (Rootes Arrow),humber-sceptre-sceptre-mk-iii-rootes-arrow,631,PLACEHOLDER
vehiculos/sedan/humber-snipe-snipe-1936-37.jpg,vehiculos/sedan,Sedan,Humber,Snipe,Snipe (1936-37),humber-snipe-snipe-1936-37,631,PLACEHOLDER
vehiculos/sedan/humber-snipe-snipe-1938-40.jpg,vehiculos/sedan,Sedan,Humber,Snipe,Snipe (1938-40),humber-snipe-snipe-1938-40,631,PLACEHOLDER
vehiculos/sedan/humber-snipe-snipe-1945-48.jpg,vehiculos/sedan,Sedan,Humber,Snipe,Snipe (1945-48),humber-snipe-snipe-1945-48,631,PLACEHOLDER
vehiculos/sedan/humber-snipe-snipe-80.jpg,vehiculos/sedan,Sedan,Humber,Snipe,Snipe 80,humber-snipe-snipe-80,631,PLACEHOLDER
vehiculos/sedan/humber-super-snipe-super-snipe-mk-i.jpg,vehiculos/sedan,Sedan,Humber,Super Snipe,Super Snipe Mk I,humber-super-snipe-super-snipe-mk-i,631,PLACEHOLDER
vehiculos/sedan/humber-super-snipe-super-snipe-mk-ii.jpg,vehiculos/sedan,Sedan,Humber,Super Snipe,Super Snipe Mk II,humber-super-snipe-super-snipe-mk-ii,631,PLACEHOLDER
vehiculos/sedan/humber-super-snipe-super-snipe-mk-iii.jpg,vehiculos/sedan,Sedan,Humber,Super Snipe,Super Snipe Mk III,humber-super-snipe-super-snipe-mk-iii,631,PLACEHOLDER
vehiculos/sedan/humber-super-snipe-super-snipe-mk-iv-iva-ivb.jpg,vehiculos/sedan,Sedan,Humber,Super Snipe,Super Snipe Mk IV / IVA / IVB,humber-super-snipe-super-snipe-mk-iv-iva-ivb,631,PLACEHOLDER
vehiculos/sedan/humber-super-snipe-super-snipe-pre-guerra.jpg,vehiculos/sedan,Sedan,Humber,Super Snipe,Super Snipe (pre-guerra),humber-super-snipe-super-snipe-pre-guerra,631,PLACEHOLDER
vehiculos/sedan/humber-super-snipe-super-snipe-series-i.jpg,vehiculos/sedan,Sedan,Humber,Super Snipe,Super Snipe Series I,humber-super-snipe-super-snipe-series-i,631,PLACEHOLDER
vehiculos/sedan/humber-super-snipe-super-snipe-series-ii.jpg,vehiculos/sedan,Sedan,Humber,Super Snipe,Super Snipe Series II,humber-super-snipe-super-snipe-series-ii,631,PLACEHOLDER
vehiculos/sedan/humber-super-snipe-super-snipe-series-iii.jpg,vehiculos/sedan,Sedan,Humber,Super Snipe,Super Snipe Series III,humber-super-snipe-super-snipe-series-iii,631,PLACEHOLDER
vehiculos/sedan/humber-super-snipe-super-snipe-series-iv.jpg,vehiculos/sedan,Sedan,Humber,Super Snipe,Super Snipe Series IV,humber-super-snipe-super-snipe-series-iv,631,PLACEHOLDER
vehiculos/sedan/humber-super-snipe-super-snipe-series-v-va.jpg,vehiculos/sedan,Sedan,Humber,Super Snipe,Super Snipe Series V / Va,humber-super-snipe-super-snipe-series-v-va,631,PLACEHOLDER
vehiculos/sedan/humber-twelve-humber-12-1933-34.jpg,vehiculos/sedan,Sedan,Humber,Twelve,Humber 12 (1933-34),humber-twelve-humber-12-1933-34,631,PLACEHOLDER
vehiculos/sedan/humber-twelve-humber-12-1935-37.jpg,vehiculos/sedan,Sedan,Humber,Twelve,Humber 12 (1935-37),humber-twelve-humber-12-1935-37,631,PLACEHOLDER
vehiculos/sedan/hupmobile-aerodynamic-model-j-421-j-j-521.jpg,vehiculos/sedan,Sedan,Hupmobile,Aerodynamic,Model J (421-J / J-521),hupmobile-aerodynamic-model-j-421-j-j-521,631,PLACEHOLDER
vehiculos/sedan/hupmobile-aerodynamic-model-t-427-t.jpg,vehiculos/sedan,Sedan,Hupmobile,Aerodynamic,Model T (427-T),hupmobile-aerodynamic-model-t-427-t,631,PLACEHOLDER
vehiculos/sedan/hupmobile-century-eight-century-eight-series-125.jpg,vehiculos/sedan,Sedan,Hupmobile,Century Eight,Century Eight (Series 125),hupmobile-century-eight-century-eight-series-125,631,PLACEHOLDER
vehiculos/sedan/hupmobile-century-six-century-six-a-6-series-521.jpg,vehiculos/sedan,Sedan,Hupmobile,Century Six,Century Six (A-6 / Series 521),hupmobile-century-six-century-six-a-6-series-521,631,PLACEHOLDER
vehiculos/sedan/hupmobile-model-a-model-a.jpg,vehiculos/sedan,Sedan,Hupmobile,Model A,Model A,hupmobile-model-a-model-a,631,PLACEHOLDER
vehiculos/sedan/hupmobile-model-b-model-b-216-b-316.jpg,vehiculos/sedan,Sedan,Hupmobile,Model B,Model B-216 / B-316,hupmobile-model-b-model-b-216-b-316,631,PLACEHOLDER
vehiculos/sedan/hupmobile-model-c-model-c.jpg,vehiculos/sedan,Sedan,Hupmobile,Model C,Model C,hupmobile-model-c-model-c,631,PLACEHOLDER
vehiculos/sedan/hupmobile-model-d-model-d-518.jpg,vehiculos/sedan,Sedan,Hupmobile,Model D,Model D-518,hupmobile-model-d-model-d-518,631,PLACEHOLDER
vehiculos/sedan/hupmobile-model-e-model-822-e.jpg,vehiculos/sedan,Sedan,Hupmobile,Model E,Model 822-E,hupmobile-model-e-model-822-e,631,PLACEHOLDER
vehiculos/sedan/hupmobile-model-e-model-e-1.jpg,vehiculos/sedan,Sedan,Hupmobile,Model E,Model E-1,hupmobile-model-e-model-e-1,631,PLACEHOLDER
vehiculos/sedan/hupmobile-model-e-model-e-2.jpg,vehiculos/sedan,Sedan,Hupmobile,Model E,Model E-2,hupmobile-model-e-model-e-2,631,PLACEHOLDER
vehiculos/sedan/hupmobile-model-f-model-f-222.jpg,vehiculos/sedan,Sedan,Hupmobile,Model F,Model F-222,hupmobile-model-f-model-f-222,631,PLACEHOLDER
vehiculos/sedan/hupmobile-model-g-model-618-g.jpg,vehiculos/sedan,Sedan,Hupmobile,Model G,Model 618-G,hupmobile-model-g-model-618-g,631,PLACEHOLDER
vehiculos/sedan/hupmobile-model-h-model-825-h.jpg,vehiculos/sedan,Sedan,Hupmobile,Model H,Model 825-H,hupmobile-model-h-model-825-h,631,PLACEHOLDER
vehiculos/sedan/hupmobile-model-h-model-h.jpg,vehiculos/sedan,Sedan,Hupmobile,Model H,Model H,hupmobile-model-h-model-h,631,PLACEHOLDER
vehiculos/sedan/hupmobile-model-k-model-k-321.jpg,vehiculos/sedan,Sedan,Hupmobile,Model K,Model K-321,hupmobile-model-k-model-k-321,631,PLACEHOLDER
vehiculos/sedan/hupmobile-model-l-model-l.jpg,vehiculos/sedan,Sedan,Hupmobile,Model L,Model L,hupmobile-model-l-model-l,631,PLACEHOLDER
vehiculos/sedan/hupmobile-model-m-model-m-m1.jpg,vehiculos/sedan,Sedan,Hupmobile,Model M,Model M / M1,hupmobile-model-m-model-m-m1,631,PLACEHOLDER
vehiculos/sedan/hupmobile-model-n-model-621-n.jpg,vehiculos/sedan,Sedan,Hupmobile,Model N,Model 621-N,hupmobile-model-n-model-621-n,631,PLACEHOLDER
vehiculos/sedan/hupmobile-model-o-model-o-521.jpg,vehiculos/sedan,Sedan,Hupmobile,Model O,Model O-521,hupmobile-model-o-model-o-521,631,PLACEHOLDER
vehiculos/sedan/hupmobile-model-r-model-r-2a-serie.jpg,vehiculos/sedan,Sedan,Hupmobile,Model R,Model R (2a serie),hupmobile-model-r-model-r-2a-serie,631,PLACEHOLDER
vehiculos/sedan/hupmobile-model-s-model-s.jpg,vehiculos/sedan,Sedan,Hupmobile,Model S,Model S,hupmobile-model-s-model-s,631,PLACEHOLDER
vehiculos/sedan/hupmobile-model-u-model-u.jpg,vehiculos/sedan,Sedan,Hupmobile,Model U,Model U,hupmobile-model-u-model-u,631,PLACEHOLDER
vehiculos/sedan/hupmobile-model-w-model-w.jpg,vehiculos/sedan,Sedan,Hupmobile,Model W,Model W,hupmobile-model-w-model-w,631,PLACEHOLDER
vehiculos/sedan/hupmobile-skylark-skylark-model-r.jpg,vehiculos/sedan,Sedan,Hupmobile,Skylark,Skylark (Model R),hupmobile-skylark-skylark-model-r,631,PLACEHOLDER
vehiculos/sedan/hyundai-accent-accent-x3.jpg,vehiculos/sedan,Sedan,Hyundai,Accent,Accent (X3),hyundai-accent-accent-x3,631,PLACEHOLDER
vehiculos/sedan/hyundai-grandeur-grandeur-1a-gen-l.jpg,vehiculos/sedan,Sedan,Hyundai,Grandeur,"Grandeur (1a gen, L)",hyundai-grandeur-grandeur-1a-gen-l,631,PLACEHOLDER
vehiculos/sedan/hyundai-lantra-lantra-elantra-j1.jpg,vehiculos/sedan,Sedan,Hyundai,Lantra,Lantra/Elantra (J1),hyundai-lantra-lantra-elantra-j1,631,PLACEHOLDER
vehiculos/sedan/hyundai-lantra-lantra-elantra-j2-rd.jpg,vehiculos/sedan,Sedan,Hyundai,Lantra,Lantra/Elantra (J2/RD),hyundai-lantra-lantra-elantra-j2-rd,631,PLACEHOLDER
vehiculos/sedan/hyundai-marcia-marcia.jpg,vehiculos/sedan,Sedan,Hyundai,Marcia,Marcia,hyundai-marcia-marcia,631,PLACEHOLDER
vehiculos/sedan/hyundai-pony-pony-1a-gen-rwd.jpg,vehiculos/sedan,Sedan,Hyundai,Pony,"Pony (1a gen, RWD)",hyundai-pony-pony-1a-gen-rwd,631,PLACEHOLDER
vehiculos/sedan/hyundai-sonata-sonata-y1.jpg,vehiculos/sedan,Sedan,Hyundai,Sonata,Sonata (Y1),hyundai-sonata-sonata-y1,631,PLACEHOLDER
vehiculos/sedan/hyundai-sonata-sonata-y2.jpg,vehiculos/sedan,Sedan,Hyundai,Sonata,Sonata (Y2),hyundai-sonata-sonata-y2,631,PLACEHOLDER
vehiculos/sedan/hyundai-sonata-sonata-y3.jpg,vehiculos/sedan,Sedan,Hyundai,Sonata,Sonata (Y3),hyundai-sonata-sonata-y3,631,PLACEHOLDER
vehiculos/sedan/hyundai-stellar-stellar-ii.jpg,vehiculos/sedan,Sedan,Hyundai,Stellar,Stellar II,hyundai-stellar-stellar-ii,631,PLACEHOLDER
vehiculos/sedan/hyundai-stellar-stellar.jpg,vehiculos/sedan,Sedan,Hyundai,Stellar,Stellar,hyundai-stellar-stellar,631,PLACEHOLDER
vehiculos/sedan/ifa-f8-f8.jpg,vehiculos/sedan,Sedan,IFA,F8,F8,ifa-f8-f8,631,PLACEHOLDER
vehiculos/sedan/ifa-f9-f9.jpg,vehiculos/sedan,Sedan,IFA,F9,F9,ifa-f9-f9,631,PLACEHOLDER
vehiculos/sedan/imperial-crown-imperial-limousine-by-ghia-limusina-ghia-1957-1965.jpg,vehiculos/sedan,Sedan,Imperial,Crown Imperial Limousine by Ghia,Limusina Ghia (1957-1965),imperial-crown-imperial-limousine-by-ghia-limusina-ghia-1957-1965,631,PLACEHOLDER
vehiculos/sedan/imperial-crown-imperial-primera-generacion-1955-1956.jpg,vehiculos/sedan,Sedan,Imperial,Crown Imperial,Primera generacion (1955-1956),imperial-crown-imperial-primera-generacion-1955-1956,631,PLACEHOLDER
vehiculos/sedan/imperial-imperial-cuarta-generacion-fuselage-1969-1973.jpg,vehiculos/sedan,Sedan,Imperial,Imperial,"Cuarta generacion (fuselage, 1969-1973)",imperial-imperial-cuarta-generacion-fuselage-1969-1973,631,PLACEHOLDER
vehiculos/sedan/imperial-imperial-primera-generacion-c-69-1955-1956.jpg,vehiculos/sedan,Sedan,Imperial,Imperial,"Primera generacion (C-69, 1955-1956)",imperial-imperial-primera-generacion-c-69-1955-1956,631,PLACEHOLDER
vehiculos/sedan/imperial-imperial-primera-generacion-c-73-1955-1956.jpg,vehiculos/sedan,Sedan,Imperial,Imperial,"Primera generacion (C-73, 1955-1956)",imperial-imperial-primera-generacion-c-73-1955-1956,631,PLACEHOLDER
vehiculos/sedan/imperial-imperial-quinta-generacion-1974-1975.jpg,vehiculos/sedan,Sedan,Imperial,Imperial,Quinta generacion (1974-1975),imperial-imperial-quinta-generacion-1974-1975,631,PLACEHOLDER
vehiculos/sedan/imperial-imperial-segunda-generacion-1957-1966.jpg,vehiculos/sedan,Sedan,Imperial,Imperial,Segunda generacion (1957-1966),imperial-imperial-segunda-generacion-1957-1966,631,PLACEHOLDER
vehiculos/sedan/imperial-imperial-tercera-generacion-1967-1968.jpg,vehiculos/sedan,Sedan,Imperial,Imperial,Tercera generacion (1967-1968),imperial-imperial-tercera-generacion-1967-1968,631,PLACEHOLDER
vehiculos/sedan/infiniti-g20-g20-1st-gen-p10.jpg,vehiculos/sedan,Sedan,Infiniti,G20,G20 1st gen (P10),infiniti-g20-g20-1st-gen-p10,631,PLACEHOLDER
vehiculos/sedan/infiniti-i30-i30-1st-gen-a32.jpg,vehiculos/sedan,Sedan,Infiniti,I30,I30 1st gen (A32),infiniti-i30-i30-1st-gen-a32,631,PLACEHOLDER
vehiculos/sedan/infiniti-j30-j30-y32.jpg,vehiculos/sedan,Sedan,Infiniti,J30,J30 (Y32),infiniti-j30-j30-y32,631,PLACEHOLDER
vehiculos/sedan/infiniti-q45-q45-1st-gen-g50.jpg,vehiculos/sedan,Sedan,Infiniti,Q45,Q45 1st gen (G50),infiniti-q45-q45-1st-gen-g50,631,PLACEHOLDER
vehiculos/sedan/innocenti-a40-a40-berlina.jpg,vehiculos/sedan,Sedan,Innocenti,A40,A40 (Berlina),innocenti-a40-a40-berlina,631,PLACEHOLDER
vehiculos/sedan/innocenti-a40-a40-s-berlina.jpg,vehiculos/sedan,Sedan,Innocenti,A40,A40 S (Berlina),innocenti-a40-a40-s-berlina,631,PLACEHOLDER
vehiculos/sedan/innocenti-i4-i4-i4-s-ado16.jpg,vehiculos/sedan,Sedan,Innocenti,I4,I4 / I4 S (ADO16),innocenti-i4-i4-i4-s-ado16,631,PLACEHOLDER
vehiculos/sedan/innocenti-i5-i5-ado16.jpg,vehiculos/sedan,Sedan,Innocenti,I5,I5 (ADO16),innocenti-i5-i5-ado16,631,PLACEHOLDER
vehiculos/sedan/innocenti-im3-im3-im3-s-ado16.jpg,vehiculos/sedan,Sedan,Innocenti,IM3,IM3 / IM3 S (ADO16),innocenti-im3-im3-im3-s-ado16,631,PLACEHOLDER
vehiculos/sedan/innocenti-mini-mini-mk1-ado15.jpg,vehiculos/sedan,Sedan,Innocenti,Mini,Mini Mk1 (ADO15),innocenti-mini-mini-mk1-ado15,631,PLACEHOLDER
vehiculos/sedan/innocenti-mini-mini-mk2-ado15.jpg,vehiculos/sedan,Sedan,Innocenti,Mini,Mini Mk2 (ADO15),innocenti-mini-mini-mk2-ado15,631,PLACEHOLDER
vehiculos/sedan/innocenti-mini-mini-mk3-ado15.jpg,vehiculos/sedan,Sedan,Innocenti,Mini,Mini Mk3 (ADO15),innocenti-mini-mini-mk3-ado15,631,PLACEHOLDER
vehiculos/sedan/innocenti-regent-regent-allegro.jpg,vehiculos/sedan,Sedan,Innocenti,Regent,Regent (Allegro),innocenti-regent-regent-allegro,631,PLACEHOLDER
vehiculos/sedan/iso-fidia-fidia-s4-ghia.jpg,vehiculos/sedan,Sedan,Iso,Fidia,Fidia S4 (Ghia),iso-fidia-fidia-s4-ghia,631,PLACEHOLDER
vehiculos/sedan/isuzu-aska-1a-gen-jj.jpg,vehiculos/sedan,Sedan,Isuzu,Aska,1a gen (JJ),isuzu-aska-1a-gen-jj,631,PLACEHOLDER
vehiculos/sedan/isuzu-bellel-bellel-ps.jpg,vehiculos/sedan,Sedan,Isuzu,Bellel,Bellel (PS),isuzu-bellel-bellel-ps,631,PLACEHOLDER
vehiculos/sedan/isuzu-bellett-bellett-pr.jpg,vehiculos/sedan,Sedan,Isuzu,Bellett,Bellett (PR),isuzu-bellett-bellett-pr,631,PLACEHOLDER
vehiculos/sedan/isuzu-florian-florian-pa20.jpg,vehiculos/sedan,Sedan,Isuzu,Florian,Florian (PA20),isuzu-florian-florian-pa20,631,PLACEHOLDER
vehiculos/sedan/isuzu-gemini-1a-gen-pf-rwd.jpg,vehiculos/sedan,Sedan,Isuzu,Gemini,"1a gen (PF, RWD)",isuzu-gemini-1a-gen-pf-rwd,631,PLACEHOLDER
vehiculos/sedan/isuzu-gemini-2a-gen-jt-ff.jpg,vehiculos/sedan,Sedan,Isuzu,Gemini,"2a gen (JT, FF)",isuzu-gemini-2a-gen-jt-ff,631,PLACEHOLDER
vehiculos/sedan/isuzu-gemini-3a-gen-1990-93.jpg,vehiculos/sedan,Sedan,Isuzu,Gemini,3a gen (1990-93),isuzu-gemini-3a-gen-1990-93,631,PLACEHOLDER
vehiculos/sedan/isuzu-gemini-4a-gen-rebadge-honda-domani.jpg,vehiculos/sedan,Sedan,Isuzu,Gemini,4a gen (rebadge Honda Domani),isuzu-gemini-4a-gen-rebadge-honda-domani,631,PLACEHOLDER
vehiculos/sedan/isuzu-gemini-5a-gen-rebadge-domani.jpg,vehiculos/sedan,Sedan,Isuzu,Gemini,5a gen (rebadge Domani),isuzu-gemini-5a-gen-rebadge-domani,631,PLACEHOLDER
vehiculos/sedan/jaguar-24-34-litre-mark-1.jpg,vehiculos/sedan,Sedan,Jaguar,2.4/3.4 Litre,Mark 1,jaguar-24-34-litre-mark-1,631,PLACEHOLDER
vehiculos/sedan/jaguar-240-240.jpg,vehiculos/sedan,Sedan,Jaguar,240,240,jaguar-240-240,631,PLACEHOLDER
vehiculos/sedan/jaguar-340-340.jpg,vehiculos/sedan,Sedan,Jaguar,340,340,jaguar-340-340,631,PLACEHOLDER
vehiculos/sedan/jaguar-420-420.jpg,vehiculos/sedan,Sedan,Jaguar,420,420,jaguar-420-420,631,PLACEHOLDER
vehiculos/sedan/jaguar-mark-2-mark-2.jpg,vehiculos/sedan,Sedan,Jaguar,Mark 2,Mark 2,jaguar-mark-2-mark-2,631,PLACEHOLDER
vehiculos/sedan/jaguar-mark-ix-mark-ix.jpg,vehiculos/sedan,Sedan,Jaguar,Mark IX,Mark IX,jaguar-mark-ix-mark-ix,631,PLACEHOLDER
vehiculos/sedan/jaguar-mark-vii-mark-vii-vii-m.jpg,vehiculos/sedan,Sedan,Jaguar,Mark VII,Mark VII / VII M,jaguar-mark-vii-mark-vii-vii-m,631,PLACEHOLDER
vehiculos/sedan/jaguar-mark-viii-mark-viii.jpg,vehiculos/sedan,Sedan,Jaguar,Mark VIII,Mark VIII,jaguar-mark-viii-mark-viii,631,PLACEHOLDER
vehiculos/sedan/jaguar-mark-x-420g-mark-x-42-420g.jpg,vehiculos/sedan,Sedan,Jaguar,Mark X / 420G,Mark X 4.2 / 420G,jaguar-mark-x-420g-mark-x-42-420g,631,PLACEHOLDER
vehiculos/sedan/jaguar-mark-x-mark-x.jpg,vehiculos/sedan,Sedan,Jaguar,Mark X,Mark X,jaguar-mark-x-mark-x,631,PLACEHOLDER
vehiculos/sedan/jaguar-s-type-s-type-1963.jpg,vehiculos/sedan,Sedan,Jaguar,S-Type,S-Type (1963),jaguar-s-type-s-type-1963,631,PLACEHOLDER
vehiculos/sedan/jaguar-xj12-series-1.jpg,vehiculos/sedan,Sedan,Jaguar,XJ12,Series 1,jaguar-xj12-series-1,631,PLACEHOLDER
vehiculos/sedan/jaguar-xj12-series-2.jpg,vehiculos/sedan,Sedan,Jaguar,XJ12,Series 2,jaguar-xj12-series-2,631,PLACEHOLDER
vehiculos/sedan/jaguar-xj12-series-3.jpg,vehiculos/sedan,Sedan,Jaguar,XJ12,Series 3,jaguar-xj12-series-3,631,PLACEHOLDER
vehiculos/sedan/jaguar-xj12-x305.jpg,vehiculos/sedan,Sedan,Jaguar,XJ12,X305,jaguar-xj12-x305,631,PLACEHOLDER
vehiculos/sedan/jaguar-xj6-series-1.jpg,vehiculos/sedan,Sedan,Jaguar,XJ6,Series 1,jaguar-xj6-series-1,631,PLACEHOLDER
vehiculos/sedan/jaguar-xj6-series-2.jpg,vehiculos/sedan,Sedan,Jaguar,XJ6,Series 2,jaguar-xj6-series-2,631,PLACEHOLDER
vehiculos/sedan/jaguar-xj6-series-3.jpg,vehiculos/sedan,Sedan,Jaguar,XJ6,Series 3,jaguar-xj6-series-3,631,PLACEHOLDER
vehiculos/sedan/jaguar-xj6-x300.jpg,vehiculos/sedan,Sedan,Jaguar,XJ6,X300,jaguar-xj6-x300,631,PLACEHOLDER
vehiculos/sedan/jaguar-xj6-xj40.jpg,vehiculos/sedan,Sedan,Jaguar,XJ6,XJ40,jaguar-xj6-xj40,631,PLACEHOLDER
vehiculos/sedan/jaguar-xjr-x300.jpg,vehiculos/sedan,Sedan,Jaguar,XJR,X300,jaguar-xjr-x300,631,PLACEHOLDER
vehiculos/sedan/jawa-700-jawa-700-licencia-dkw-f2.jpg,vehiculos/sedan,Sedan,Jawa,700,Jawa 700 (licencia DKW F2),jawa-700-jawa-700-licencia-dkw-f2,631,PLACEHOLDER
vehiculos/sedan/jawa-minor-jawa-minor-600.jpg,vehiculos/sedan,Sedan,Jawa,Minor,Jawa Minor (600),jawa-minor-jawa-minor-600,631,PLACEHOLDER
vehiculos/sedan/jensen-h-type-h-type-4-litre.jpg,vehiculos/sedan,Sedan,Jensen,H-type,H-type (4¼ Litre),jensen-h-type-h-type-4-litre,631,PLACEHOLDER
vehiculos/sedan/jensen-interceptor-interceptor-1950.jpg,vehiculos/sedan,Sedan,Jensen,Interceptor,Interceptor (1950),jensen-interceptor-interceptor-1950,631,PLACEHOLDER
vehiculos/sedan/jensen-pw-pw.jpg,vehiculos/sedan,Sedan,Jensen,PW,PW,jensen-pw-pw,631,PLACEHOLDER
vehiculos/sedan/jensen-s-type-s-type.jpg,vehiculos/sedan,Sedan,Jensen,S-type,S-type,jensen-s-type-s-type,631,PLACEHOLDER
vehiculos/sedan/jowett-eight-eight.jpg,vehiculos/sedan,Sedan,Jowett,Eight,Eight,jowett-eight-eight,631,PLACEHOLDER
vehiculos/sedan/jowett-javelin-javelin-pa-pe.jpg,vehiculos/sedan,Sedan,Jowett,Javelin,Javelin (PA-PE),jowett-javelin-javelin-pa-pe,631,PLACEHOLDER
vehiculos/sedan/jowett-kestrel-kestrel-long-seven.jpg,vehiculos/sedan,Sedan,Jowett,Kestrel,Kestrel (Long Seven),jowett-kestrel-kestrel-long-seven,631,PLACEHOLDER
vehiculos/sedan/jowett-long-seven-long-seven.jpg,vehiculos/sedan,Sedan,Jowett,Long Seven,Long Seven,jowett-long-seven-long-seven,631,PLACEHOLDER
vehiculos/sedan/jowett-seven-seven-short-seven.jpg,vehiculos/sedan,Sedan,Jowett,Seven,Seven (Short Seven),jowett-seven-seven-short-seven,631,PLACEHOLDER
vehiculos/sedan/jowett-ten-ten.jpg,vehiculos/sedan,Sedan,Jowett,Ten,Ten,jowett-ten-ten,631,PLACEHOLDER
vehiculos/sedan/kaiser-carabela-kaiser-carabela-ika-argentina.jpg,vehiculos/sedan,Sedan,Kaiser,Carabela,Kaiser Carabela (IKA Argentina),kaiser-carabela-kaiser-carabela-ika-argentina,631,PLACEHOLDER
vehiculos/sedan/kaiser-carolina-k-538-2a-gen.jpg,vehiculos/sedan,Sedan,Kaiser,Carolina,K-538 (2a gen),kaiser-carolina-k-538-2a-gen,631,PLACEHOLDER
vehiculos/sedan/kaiser-custom-k-101-k-482-1a-gen.jpg,vehiculos/sedan,Sedan,Kaiser,Custom,K-101 / K-482 (1a gen),kaiser-custom-k-101-k-482-1a-gen,631,PLACEHOLDER
vehiculos/sedan/kaiser-deluxe-k-492-k-502-1a-gen.jpg,vehiculos/sedan,Sedan,Kaiser,DeLuxe,K-492 / K-502 (1a gen),kaiser-deluxe-k-492-k-502-1a-gen,631,PLACEHOLDER
vehiculos/sedan/kaiser-deluxe-k-512-2a-gen-anatomic.jpg,vehiculos/sedan,Sedan,Kaiser,DeLuxe,K-512 (2a gen Anatomic),kaiser-deluxe-k-512-2a-gen-anatomic,631,PLACEHOLDER
vehiculos/sedan/kaiser-deluxe-k-521-k-531-2a-gen.jpg,vehiculos/sedan,Sedan,Kaiser,DeLuxe,K-521 / K-531 (2a gen),kaiser-deluxe-k-521-k-531-2a-gen,631,PLACEHOLDER
vehiculos/sedan/kaiser-dragon-k-530-2a-gen.jpg,vehiculos/sedan,Sedan,Kaiser,Dragon,K-530 (2a gen),kaiser-dragon-k-530-2a-gen,631,PLACEHOLDER
vehiculos/sedan/kaiser-henry-j-henry-j-deluxe-corsair-six.jpg,vehiculos/sedan,Sedan,Kaiser,Henry J,Henry J (DeLuxe / Corsair Six),kaiser-henry-j-henry-j-deluxe-corsair-six,631,PLACEHOLDER
vehiculos/sedan/kaiser-henry-j-henry-j-standard-corsair.jpg,vehiculos/sedan,Sedan,Kaiser,Henry J,Henry J (Standard / Corsair),kaiser-henry-j-henry-j-standard-corsair,631,PLACEHOLDER
vehiculos/sedan/kaiser-manhattan-k-522-k-532-2a-gen.jpg,vehiculos/sedan,Sedan,Kaiser,Manhattan,K-522 / K-532 (2a gen),kaiser-manhattan-k-522-k-532-2a-gen,631,PLACEHOLDER
vehiculos/sedan/kaiser-manhattan-k-542-k-5421-2a-gen.jpg,vehiculos/sedan,Sedan,Kaiser,Manhattan,K-542 / K-5421 (2a gen),kaiser-manhattan-k-542-k-5421-2a-gen,631,PLACEHOLDER
vehiculos/sedan/kaiser-special-k-100-k-481-1a-gen.jpg,vehiculos/sedan,Sedan,Kaiser,Special,K-100 / K-481 (1a gen),kaiser-special-k-100-k-481-1a-gen,631,PLACEHOLDER
vehiculos/sedan/kaiser-special-k-491-k-501-1a-gen.jpg,vehiculos/sedan,Sedan,Kaiser,Special,K-491 / K-501 (1a gen),kaiser-special-k-491-k-501-1a-gen,631,PLACEHOLDER
vehiculos/sedan/kaiser-special-k-511-2a-gen-anatomic.jpg,vehiculos/sedan,Sedan,Kaiser,Special,K-511 (2a gen Anatomic),kaiser-special-k-511-2a-gen-anatomic,631,PLACEHOLDER
vehiculos/sedan/kaiser-special-k-545-2a-gen.jpg,vehiculos/sedan,Sedan,Kaiser,Special,K-545 (2a gen),kaiser-special-k-545-2a-gen,631,PLACEHOLDER
vehiculos/sedan/kaiser-virginian-k-492-k-502-1a-gen.jpg,vehiculos/sedan,Sedan,Kaiser,Virginian,K-492 / K-502 (1a gen),kaiser-virginian-k-492-k-502-1a-gen,631,PLACEHOLDER
vehiculos/sedan/kaiser-virginian-k-521-k-522-2a-gen.jpg,vehiculos/sedan,Sedan,Kaiser,Virginian,K-521 / K-522 (2a gen),kaiser-virginian-k-521-k-522-2a-gen,631,PLACEHOLDER
vehiculos/sedan/kia-capital-capital.jpg,vehiculos/sedan,Sedan,Kia,Capital,Capital,kia-capital-capital,631,PLACEHOLDER
vehiculos/sedan/kia-concord-concord.jpg,vehiculos/sedan,Sedan,Kia,Concord,Concord,kia-concord-concord,631,PLACEHOLDER
vehiculos/sedan/kia-pride-pride-ii-da.jpg,vehiculos/sedan,Sedan,Kia,Pride,Pride II (DA),kia-pride-pride-ii-da,631,PLACEHOLDER
vehiculos/sedan/kia-sephia-sephia-i.jpg,vehiculos/sedan,Sedan,Kia,Sephia,Sephia I,kia-sephia-sephia-i,631,PLACEHOLDER
vehiculos/sedan/lada-2101-vaz-2101-lada-1200.jpg,vehiculos/sedan,Sedan,Lada,2101,VAZ-2101 (Lada 1200),lada-2101-vaz-2101-lada-1200,631,PLACEHOLDER
vehiculos/sedan/lada-2101-vaz-2101-lada-1300.jpg,vehiculos/sedan,Sedan,Lada,2101,VAZ-2101 (Lada 1300),lada-2101-vaz-2101-lada-1300,631,PLACEHOLDER
vehiculos/sedan/lada-2103-vaz-2103-lada-1500.jpg,vehiculos/sedan,Sedan,Lada,2103,VAZ-2103 (Lada 1500),lada-2103-vaz-2103-lada-1500,631,PLACEHOLDER
vehiculos/sedan/lada-2103-vaz-21033-lada-1300.jpg,vehiculos/sedan,Sedan,Lada,2103,VAZ-21033 (Lada 1300),lada-2103-vaz-21033-lada-1300,631,PLACEHOLDER
vehiculos/sedan/lancia-2000-lancia-2000-berlina.jpg,vehiculos/sedan,Sedan,Lancia,2000,Lancia 2000 Berlina,lancia-2000-lancia-2000-berlina,631,PLACEHOLDER
vehiculos/sedan/lancia-appia-appia-berlina-serie-1-3.jpg,vehiculos/sedan,Sedan,Lancia,Appia,Appia Berlina (Serie 1-3),lancia-appia-appia-berlina-serie-1-3,631,PLACEHOLDER
vehiculos/sedan/lancia-aprilia-aprilia-1937-1949.jpg,vehiculos/sedan,Sedan,Lancia,Aprilia,Aprilia (1937-1949),lancia-aprilia-aprilia-1937-1949,631,PLACEHOLDER
vehiculos/sedan/lancia-ardea-ardea-1939-1953.jpg,vehiculos/sedan,Sedan,Lancia,Ardea,Ardea (1939-1953),lancia-ardea-ardea-1939-1953,631,PLACEHOLDER
vehiculos/sedan/lancia-aurelia-aurelia-berlina-b10-b22.jpg,vehiculos/sedan,Sedan,Lancia,Aurelia,Aurelia Berlina (B10-B22),lancia-aurelia-aurelia-berlina-b10-b22,631,PLACEHOLDER
vehiculos/sedan/lancia-beta-beta-berlina.jpg,vehiculos/sedan,Sedan,Lancia,Beta,Beta Berlina,lancia-beta-beta-berlina,631,PLACEHOLDER
vehiculos/sedan/lancia-beta-beta-trevi.jpg,vehiculos/sedan,Sedan,Lancia,Beta,Beta Trevi,lancia-beta-beta-trevi,631,PLACEHOLDER
vehiculos/sedan/lancia-dedra-dedra-tipo-835.jpg,vehiculos/sedan,Sedan,Lancia,Dedra,Dedra (Tipo 835),lancia-dedra-dedra-tipo-835,631,PLACEHOLDER
vehiculos/sedan/lancia-dedra-dedra-turbodiesel.jpg,vehiculos/sedan,Sedan,Lancia,Dedra,Dedra turbodiesel,lancia-dedra-dedra-turbodiesel,631,PLACEHOLDER
vehiculos/sedan/lancia-flaminia-flaminia-berlina.jpg,vehiculos/sedan,Sedan,Lancia,Flaminia,Flaminia Berlina,lancia-flaminia-flaminia-berlina,631,PLACEHOLDER
vehiculos/sedan/lancia-flavia-flavia-berlina.jpg,vehiculos/sedan,Sedan,Lancia,Flavia,Flavia Berlina,lancia-flavia-flavia-berlina,631,PLACEHOLDER
vehiculos/sedan/lancia-fulvia-fulvia-berlina.jpg,vehiculos/sedan,Sedan,Lancia,Fulvia,Fulvia Berlina,lancia-fulvia-fulvia-berlina,631,PLACEHOLDER
vehiculos/sedan/lancia-gamma-gamma-berlina.jpg,vehiculos/sedan,Sedan,Lancia,Gamma,Gamma Berlina,lancia-gamma-gamma-berlina,631,PLACEHOLDER
vehiculos/sedan/lancia-kappa-kappa-24-jtd.jpg,vehiculos/sedan,Sedan,Lancia,Kappa,Kappa 2.4 JTD,lancia-kappa-kappa-24-jtd,631,PLACEHOLDER
vehiculos/sedan/lancia-kappa-kappa-berlina.jpg,vehiculos/sedan,Sedan,Lancia,Kappa,Kappa Berlina,lancia-kappa-kappa-berlina,631,PLACEHOLDER
vehiculos/sedan/lancia-lambda-lambda-1922-1931.jpg,vehiculos/sedan,Sedan,Lancia,Lambda,Lambda (1922-1931),lancia-lambda-lambda-1922-1931,631,PLACEHOLDER
vehiculos/sedan/lancia-prisma-prisma-tipo-831.jpg,vehiculos/sedan,Sedan,Lancia,Prisma,Prisma (Tipo 831),lancia-prisma-prisma-tipo-831,631,PLACEHOLDER
vehiculos/sedan/lancia-prisma-prisma-turbodiesel.jpg,vehiculos/sedan,Sedan,Lancia,Prisma,Prisma turbodiesel,lancia-prisma-prisma-turbodiesel,631,PLACEHOLDER
vehiculos/sedan/lancia-thema-thema-832.jpg,vehiculos/sedan,Sedan,Lancia,Thema,Thema 8.32,lancia-thema-thema-832,631,PLACEHOLDER
vehiculos/sedan/lancia-thema-thema-tipo-834.jpg,vehiculos/sedan,Sedan,Lancia,Thema,Thema (Tipo 834),lancia-thema-thema-tipo-834,631,PLACEHOLDER
vehiculos/sedan/lancia-thema-thema-turbodiesel.jpg,vehiculos/sedan,Sedan,Lancia,Thema,Thema turbodiesel,lancia-thema-thema-turbodiesel,631,PLACEHOLDER
vehiculos/sedan/lea-francis-10-tipos-d-o.jpg,vehiculos/sedan,Sedan,Lea-Francis,10,Tipos D-O,lea-francis-10-tipos-d-o,631,PLACEHOLDER
vehiculos/sedan/lea-francis-12-12-posguerra.jpg,vehiculos/sedan,Sedan,Lea-Francis,12,12 (posguerra),lea-francis-12-12-posguerra,631,PLACEHOLDER
vehiculos/sedan/lea-francis-12-12-prebelico-hugh-rose.jpg,vehiculos/sedan,Sedan,Lea-Francis,12,"12 (prebelico, Hugh Rose)",lea-francis-12-12-prebelico-hugh-rose,631,PLACEHOLDER
vehiculos/sedan/lea-francis-12-tipos-d-o.jpg,vehiculos/sedan,Sedan,Lea-Francis,12,Tipos D-O,lea-francis-12-tipos-d-o,631,PLACEHOLDER
vehiculos/sedan/lea-francis-12-tipos-p-w.jpg,vehiculos/sedan,Sedan,Lea-Francis,12,Tipos P-W,lea-francis-12-tipos-p-w,631,PLACEHOLDER
vehiculos/sedan/lea-francis-14-14-prebelico-hugh-rose.jpg,vehiculos/sedan,Sedan,Lea-Francis,14,"14 (prebelico, Hugh Rose)",lea-francis-14-14-prebelico-hugh-rose,631,PLACEHOLDER
vehiculos/sedan/lea-francis-14-14hp-four-light-saloon.jpg,vehiculos/sedan,Sedan,Lea-Francis,14,14hp Four-Light Saloon,lea-francis-14-14hp-four-light-saloon,631,PLACEHOLDER
vehiculos/sedan/lea-francis-14-40-14-40.jpg,vehiculos/sedan,Sedan,Lea-Francis,14/40,14/40,lea-francis-14-40-14-40,631,PLACEHOLDER
vehiculos/sedan/lea-francis-14-70-14-70-six-light-saloon.jpg,vehiculos/sedan,Sedan,Lea-Francis,14/70,14/70 Six-Light Saloon,lea-francis-14-70-14-70-six-light-saloon,631,PLACEHOLDER
vehiculos/sedan/lea-francis-16-60-16-60.jpg,vehiculos/sedan,Sedan,Lea-Francis,16/60,16/60,lea-francis-16-60-16-60,631,PLACEHOLDER
vehiculos/sedan/lea-francis-18-18hp-saloon.jpg,vehiculos/sedan,Sedan,Lea-Francis,18,18hp Saloon,lea-francis-18-18hp-saloon,631,PLACEHOLDER
vehiculos/sedan/lea-francis-ace-of-spades-ace-of-spades-16.jpg,vehiculos/sedan,Sedan,Lea-Francis,Ace of Spades,Ace of Spades 16,lea-francis-ace-of-spades-ace-of-spades-16,631,PLACEHOLDER
vehiculos/sedan/lea-francis-ace-of-spades-ace-of-spades-18.jpg,vehiculos/sedan,Sedan,Lea-Francis,Ace of Spades,Ace of Spades 18,lea-francis-ace-of-spades-ace-of-spades-18,631,PLACEHOLDER
vehiculos/sedan/lexus-es-250-es250-vzv21-v20.jpg,vehiculos/sedan,Sedan,Lexus,ES 250,ES250 (VZV21 / V20),lexus-es-250-es250-vzv21-v20,631,PLACEHOLDER
vehiculos/sedan/lexus-es-300-es300-xv10.jpg,vehiculos/sedan,Sedan,Lexus,ES 300,ES300 (XV10),lexus-es-300-es300-xv10,631,PLACEHOLDER
vehiculos/sedan/lexus-gs-300-gs300-s140-jzs147.jpg,vehiculos/sedan,Sedan,Lexus,GS 300,GS300 (S140 / JZS147),lexus-gs-300-gs300-s140-jzs147,631,PLACEHOLDER
vehiculos/sedan/lexus-ls-400-ls400-xf10-ucf10.jpg,vehiculos/sedan,Sedan,Lexus,LS 400,LS400 (XF10 / UCF10),lexus-ls-400-ls400-xf10-ucf10,631,PLACEHOLDER
vehiculos/sedan/lexus-ls-400-ls400-xf20-ucf20.jpg,vehiculos/sedan,Sedan,Lexus,LS 400,LS400 (XF20 / UCF20),lexus-ls-400-ls400-xf20-ucf20,631,PLACEHOLDER
vehiculos/sedan/leyland-marina-marina-leyland-australia.jpg,vehiculos/sedan,Sedan,Leyland,Marina,Marina (Leyland Australia),leyland-marina-marina-leyland-australia,631,PLACEHOLDER
vehiculos/sedan/leyland-marina-marina-six-leyland-australia.jpg,vehiculos/sedan,Sedan,Leyland,Marina,Marina Six (Leyland Australia),leyland-marina-marina-six-leyland-australia,631,PLACEHOLDER
vehiculos/sedan/leyland-p76-p76.jpg,vehiculos/sedan,Sedan,Leyland,P76,P76,leyland-p76-p76,631,PLACEHOLDER
vehiculos/sedan/lincoln-capri-3a-generacion.jpg,vehiculos/sedan,Sedan,Lincoln,Capri,3a generacion,lincoln-capri-3a-generacion,631,PLACEHOLDER
vehiculos/sedan/lincoln-continental-3a-generacion.jpg,vehiculos/sedan,Sedan,Lincoln,Continental,3a generacion,lincoln-continental-3a-generacion,631,PLACEHOLDER
vehiculos/sedan/lincoln-continental-4a-generacion.jpg,vehiculos/sedan,Sedan,Lincoln,Continental,4a generacion,lincoln-continental-4a-generacion,631,PLACEHOLDER
vehiculos/sedan/lincoln-continental-5a-generacion.jpg,vehiculos/sedan,Sedan,Lincoln,Continental,5a generacion,lincoln-continental-5a-generacion,631,PLACEHOLDER
vehiculos/sedan/lincoln-continental-6a-generacion.jpg,vehiculos/sedan,Sedan,Lincoln,Continental,6a generacion,lincoln-continental-6a-generacion,631,PLACEHOLDER
vehiculos/sedan/lincoln-continental-7a-generacion.jpg,vehiculos/sedan,Sedan,Lincoln,Continental,7a generacion,lincoln-continental-7a-generacion,631,PLACEHOLDER
vehiculos/sedan/lincoln-continental-8a-generacion.jpg,vehiculos/sedan,Sedan,Lincoln,Continental,8a generacion,lincoln-continental-8a-generacion,631,PLACEHOLDER
vehiculos/sedan/lincoln-cosmopolitan-cosmopolitan-1a-serie.jpg,vehiculos/sedan,Sedan,Lincoln,Cosmopolitan,Cosmopolitan (1a serie),lincoln-cosmopolitan-cosmopolitan-1a-serie,631,PLACEHOLDER
vehiculos/sedan/lincoln-cosmopolitan-cosmopolitan-2a-serie.jpg,vehiculos/sedan,Sedan,Lincoln,Cosmopolitan,Cosmopolitan (2a serie),lincoln-cosmopolitan-cosmopolitan-2a-serie,631,PLACEHOLDER
vehiculos/sedan/lincoln-model-k-model-k-ka.jpg,vehiculos/sedan,Sedan,Lincoln,Model K,Model K / KA,lincoln-model-k-model-k-ka,631,PLACEHOLDER
vehiculos/sedan/lincoln-model-k-model-kb.jpg,vehiculos/sedan,Sedan,Lincoln,Model K,Model KB,lincoln-model-k-model-kb,631,PLACEHOLDER
vehiculos/sedan/lincoln-model-l-model-l.jpg,vehiculos/sedan,Sedan,Lincoln,Model L,Model L,lincoln-model-l-model-l,631,PLACEHOLDER
vehiculos/sedan/lincoln-premiere-1a-generacion.jpg,vehiculos/sedan,Sedan,Lincoln,Premiere,1a generacion,lincoln-premiere-1a-generacion,631,PLACEHOLDER
vehiculos/sedan/lincoln-premiere-2a-generacion.jpg,vehiculos/sedan,Sedan,Lincoln,Premiere,2a generacion,lincoln-premiere-2a-generacion,631,PLACEHOLDER
vehiculos/sedan/lincoln-town-car-1a-generacion.jpg,vehiculos/sedan,Sedan,Lincoln,Town Car,1a generacion,lincoln-town-car-1a-generacion,631,PLACEHOLDER
vehiculos/sedan/lincoln-town-car-2a-generacion.jpg,vehiculos/sedan,Sedan,Lincoln,Town Car,2a generacion,lincoln-town-car-2a-generacion,631,PLACEHOLDER
vehiculos/sedan/lincoln-versailles-versailles.jpg,vehiculos/sedan,Sedan,Lincoln,Versailles,Versailles,lincoln-versailles-versailles,631,PLACEHOLDER
vehiculos/sedan/lincoln-zephyr-lincoln-zephyr.jpg,vehiculos/sedan,Sedan,Lincoln,Zephyr,Lincoln-Zephyr,lincoln-zephyr-lincoln-zephyr,631,PLACEHOLDER
vehiculos/sedan/lloyd-lloyd-250-lp-250.jpg,vehiculos/sedan,Sedan,Lloyd,Lloyd 250,LP 250,lloyd-lloyd-250-lp-250,631,PLACEHOLDER
vehiculos/sedan/lloyd-lloyd-300-lp-300.jpg,vehiculos/sedan,Sedan,Lloyd,Lloyd 300,LP 300,lloyd-lloyd-300-lp-300,631,PLACEHOLDER
vehiculos/sedan/lloyd-lloyd-400-lp-400.jpg,vehiculos/sedan,Sedan,Lloyd,Lloyd 400,LP 400,lloyd-lloyd-400-lp-400,631,PLACEHOLDER
vehiculos/sedan/lloyd-lloyd-600-lp-600.jpg,vehiculos/sedan,Sedan,Lloyd,Lloyd 600,LP 600,lloyd-lloyd-600-lp-600,631,PLACEHOLDER
vehiculos/sedan/lloyd-lloyd-alexander-alexander.jpg,vehiculos/sedan,Sedan,Lloyd,Lloyd Alexander,Alexander,lloyd-lloyd-alexander-alexander,631,PLACEHOLDER
vehiculos/sedan/lloyd-lloyd-alexander-ts-alexander-ts.jpg,vehiculos/sedan,Sedan,Lloyd,Lloyd Alexander TS,Alexander TS,lloyd-lloyd-alexander-ts-alexander-ts,631,PLACEHOLDER
vehiculos/sedan/lloyd-lloyd-arabella-arabella-lp-900.jpg,vehiculos/sedan,Sedan,Lloyd,Lloyd Arabella,Arabella (LP 900),lloyd-lloyd-arabella-arabella-lp-900,631,PLACEHOLDER
vehiculos/sedan/marmon-big-eight-big-eight-primera-serie.jpg,vehiculos/sedan,Sedan,Marmon,Big Eight,Big Eight (primera serie),marmon-big-eight-big-eight-primera-serie,631,PLACEHOLDER
vehiculos/sedan/marmon-little-marmon-little-marmon.jpg,vehiculos/sedan,Sedan,Marmon,Little Marmon,Little Marmon,marmon-little-marmon-little-marmon,631,PLACEHOLDER
vehiculos/sedan/marmon-model-125-serie-125.jpg,vehiculos/sedan,Sedan,Marmon,Model 125,Serie 125,marmon-model-125-serie-125,631,PLACEHOLDER
vehiculos/sedan/marmon-model-32-model-32.jpg,vehiculos/sedan,Sedan,Marmon,Model 32,Model 32,marmon-model-32-model-32,631,PLACEHOLDER
vehiculos/sedan/marmon-model-34-model-34-34b.jpg,vehiculos/sedan,Sedan,Marmon,Model 34,Model 34 / 34B,marmon-model-34-model-34-34b,631,PLACEHOLDER
vehiculos/sedan/marmon-model-41-model-41.jpg,vehiculos/sedan,Sedan,Marmon,Model 41,Model 41,marmon-model-41-model-41,631,PLACEHOLDER
vehiculos/sedan/marmon-model-48-model-48.jpg,vehiculos/sedan,Sedan,Marmon,Model 48,Model 48,marmon-model-48-model-48,631,PLACEHOLDER
vehiculos/sedan/marmon-model-68-serie-68.jpg,vehiculos/sedan,Sedan,Marmon,Model 68,Serie 68,marmon-model-68-serie-68,631,PLACEHOLDER
vehiculos/sedan/marmon-model-69-model-8-69.jpg,vehiculos/sedan,Sedan,Marmon,Model 69,Model 8-69,marmon-model-69-model-8-69,631,PLACEHOLDER
vehiculos/sedan/marmon-model-70-model-70-segunda-serie.jpg,vehiculos/sedan,Sedan,Marmon,Model 70,Model 70 (segunda serie),marmon-model-70-model-70-segunda-serie,631,PLACEHOLDER
vehiculos/sedan/marmon-model-74-model-d-74.jpg,vehiculos/sedan,Sedan,Marmon,Model 74,Model D-74,marmon-model-74-model-d-74,631,PLACEHOLDER
vehiculos/sedan/marmon-model-75-model-e-75.jpg,vehiculos/sedan,Sedan,Marmon,Model 75,Model E-75,marmon-model-75-model-e-75,631,PLACEHOLDER
vehiculos/sedan/marmon-model-78-serie-78.jpg,vehiculos/sedan,Sedan,Marmon,Model 78,Serie 78,marmon-model-78-serie-78,631,PLACEHOLDER
vehiculos/sedan/marmon-model-79-model-8-79.jpg,vehiculos/sedan,Sedan,Marmon,Model 79,Model 8-79,marmon-model-79-model-8-79,631,PLACEHOLDER
vehiculos/sedan/marmon-model-88-model-88-segunda-serie-big-eight.jpg,vehiculos/sedan,Sedan,Marmon,Model 88,Model 88 (segunda serie Big Eight),marmon-model-88-model-88-segunda-serie-big-eight,631,PLACEHOLDER
vehiculos/sedan/marmon-roosevelt-model-68-roosevelt.jpg,vehiculos/sedan,Sedan,Marmon,Roosevelt,Model 68 Roosevelt,marmon-roosevelt-model-68-roosevelt,631,PLACEHOLDER
vehiculos/sedan/marmon-sixteen-marmon-sixteen.jpg,vehiculos/sedan,Sedan,Marmon,Sixteen,Marmon Sixteen,marmon-sixteen-marmon-sixteen,631,PLACEHOLDER
vehiculos/sedan/maserati-430-430-am332.jpg,vehiculos/sedan,Sedan,Maserati,430,430 (AM332),maserati-430-430-am332,631,PLACEHOLDER
vehiculos/sedan/maserati-biturbo-berlina-420-425.jpg,vehiculos/sedan,Sedan,Maserati,Biturbo Berlina,420 / 425,maserati-biturbo-berlina-420-425,631,PLACEHOLDER
vehiculos/sedan/maserati-quattroporte-quattroporte-i-am107.jpg,vehiculos/sedan,Sedan,Maserati,Quattroporte,Quattroporte I (AM107),maserati-quattroporte-quattroporte-i-am107,631,PLACEHOLDER
vehiculos/sedan/maserati-quattroporte-quattroporte-ii-am123.jpg,vehiculos/sedan,Sedan,Maserati,Quattroporte,Quattroporte II (AM123),maserati-quattroporte-quattroporte-ii-am123,631,PLACEHOLDER
vehiculos/sedan/maserati-quattroporte-quattroporte-iii-am330.jpg,vehiculos/sedan,Sedan,Maserati,Quattroporte,Quattroporte III (AM330),maserati-quattroporte-quattroporte-iii-am330,631,PLACEHOLDER
vehiculos/sedan/maybach-typ-dsh-w6-dsh-doppel-sechs-halbe.jpg,vehiculos/sedan,Sedan,Maybach,Typ DSH,W6 DSH (Doppel-Sechs-Halbe),maybach-typ-dsh-w6-dsh-doppel-sechs-halbe,631,PLACEHOLDER
vehiculos/sedan/maybach-typ-sw35-sw35-schwingachswagen.jpg,vehiculos/sedan,Sedan,Maybach,Typ SW35,SW35 (Schwingachswagen),maybach-typ-sw35-sw35-schwingachswagen,631,PLACEHOLDER
vehiculos/sedan/maybach-typ-sw38-sw38-schwingachswagen.jpg,vehiculos/sedan,Sedan,Maybach,Typ SW38,SW38 (Schwingachswagen),maybach-typ-sw38-sw38-schwingachswagen,631,PLACEHOLDER
vehiculos/sedan/maybach-typ-sw42-sw42-schwingachswagen.jpg,vehiculos/sedan,Sedan,Maybach,Typ SW42,SW42 (Schwingachswagen),maybach-typ-sw42-sw42-schwingachswagen,631,PLACEHOLDER
vehiculos/sedan/maybach-typ-w3-w3.jpg,vehiculos/sedan,Sedan,Maybach,Typ W3,W3,maybach-typ-w3-w3,631,PLACEHOLDER
vehiculos/sedan/maybach-typ-w5-w5-w5-sg.jpg,vehiculos/sedan,Sedan,Maybach,Typ W5,W5 / W5 SG,maybach-typ-w5-w5-w5-sg,631,PLACEHOLDER
vehiculos/sedan/maybach-typ-w6-w6-w6-dsg.jpg,vehiculos/sedan,Sedan,Maybach,Typ W6,W6 / W6 DSG,maybach-typ-w6-w6-w6-dsg,631,PLACEHOLDER
vehiculos/sedan/maybach-zeppelin-ds7-ds7-doppel-sechs-7l.jpg,vehiculos/sedan,Sedan,Maybach,Zeppelin DS7,DS7 (Doppel-Sechs 7L),maybach-zeppelin-ds7-ds7-doppel-sechs-7l,631,PLACEHOLDER
vehiculos/sedan/maybach-zeppelin-ds8-ds8-doppel-sechs-8l.jpg,vehiculos/sedan,Sedan,Maybach,Zeppelin DS8,DS8 (Doppel-Sechs 8L),maybach-zeppelin-ds8-ds8-doppel-sechs-8l,631,PLACEHOLDER
vehiculos/sedan/mazda-121-db-2a-gen-bubble.jpg,vehiculos/sedan,Sedan,Mazda,121,"DB (2a gen, 'bubble')",mazda-121-db-2a-gen-bubble,631,PLACEHOLDER
vehiculos/sedan/mazda-626-gd-4a-gen.jpg,vehiculos/sedan,Sedan,Mazda,626,GD (4a gen),mazda-626-gd-4a-gen,631,PLACEHOLDER
vehiculos/sedan/mazda-626-ge-5a-gen.jpg,vehiculos/sedan,Sedan,Mazda,626,GE (5a gen),mazda-626-ge-5a-gen,631,PLACEHOLDER
vehiculos/sedan/mazda-929-hc-luce.jpg,vehiculos/sedan,Sedan,Mazda,929,HC (Luce),mazda-929-hc-luce,631,PLACEHOLDER
vehiculos/sedan/mazda-929-hd-sentia.jpg,vehiculos/sedan,Sedan,Mazda,929,HD (Sentia),mazda-929-hd-sentia,631,PLACEHOLDER
vehiculos/sedan/mazda-xedos-6-eunos-500-ca.jpg,vehiculos/sedan,Sedan,Mazda,Xedos 6 (Eunos 500),CA,mazda-xedos-6-eunos-500-ca,631,PLACEHOLDER
vehiculos/sedan/mercedes-benz-190-w201.jpg,vehiculos/sedan,Sedan,Mercedes-Benz,190,W201,mercedes-benz-190-w201,631,PLACEHOLDER
vehiculos/sedan/mercedes-benz-300-adenauer-w186-w189.jpg,vehiculos/sedan,Sedan,Mercedes-Benz,300 (Adenauer),W186 / W189,mercedes-benz-300-adenauer-w186-w189,631,PLACEHOLDER
vehiculos/sedan/mercedes-benz-600-grosser-w100.jpg,vehiculos/sedan,Sedan,Mercedes-Benz,600 (Grosser),W100,mercedes-benz-600-grosser-w100,631,PLACEHOLDER
vehiculos/sedan/mercedes-benz-c-class-w202.jpg,vehiculos/sedan,Sedan,Mercedes-Benz,C-Class,W202,mercedes-benz-c-class-w202,631,PLACEHOLDER
vehiculos/sedan/mercedes-benz-e-class-mid-size-w123.jpg,vehiculos/sedan,Sedan,Mercedes-Benz,E-Class / mid-size,W123,mercedes-benz-e-class-mid-size-w123,631,PLACEHOLDER
vehiculos/sedan/mercedes-benz-e-class-mid-size-w124.jpg,vehiculos/sedan,Sedan,Mercedes-Benz,E-Class / mid-size,W124,mercedes-benz-e-class-mid-size-w124,631,PLACEHOLDER
vehiculos/sedan/mercedes-benz-heckflosse-fintail-w111.jpg,vehiculos/sedan,Sedan,Mercedes-Benz,Heckflosse (Fintail),W111,mercedes-benz-heckflosse-fintail-w111,631,PLACEHOLDER
vehiculos/sedan/mercedes-benz-heckflosse-fintail-w112.jpg,vehiculos/sedan,Sedan,Mercedes-Benz,Heckflosse (Fintail),W112,mercedes-benz-heckflosse-fintail-w112,631,PLACEHOLDER
vehiculos/sedan/mercedes-benz-kleine-heckflosse-w110.jpg,vehiculos/sedan,Sedan,Mercedes-Benz,Kleine Heckflosse,W110,mercedes-benz-kleine-heckflosse-w110,631,PLACEHOLDER
vehiculos/sedan/mercedes-benz-ponton-6-cil-w180.jpg,vehiculos/sedan,Sedan,Mercedes-Benz,Ponton (6-cil.),W180,mercedes-benz-ponton-6-cil-w180,631,PLACEHOLDER
vehiculos/sedan/mercedes-benz-ponton-w120.jpg,vehiculos/sedan,Sedan,Mercedes-Benz,Ponton,W120,mercedes-benz-ponton-w120,631,PLACEHOLDER
vehiculos/sedan/mercedes-benz-ponton-w121.jpg,vehiculos/sedan,Sedan,Mercedes-Benz,Ponton,W121,mercedes-benz-ponton-w121,631,PLACEHOLDER
vehiculos/sedan/mercedes-benz-s-class-w116.jpg,vehiculos/sedan,Sedan,Mercedes-Benz,S-Class,W116,mercedes-benz-s-class-w116,631,PLACEHOLDER
vehiculos/sedan/mercedes-benz-s-class-w126.jpg,vehiculos/sedan,Sedan,Mercedes-Benz,S-Class,W126,mercedes-benz-s-class-w126,631,PLACEHOLDER
vehiculos/sedan/mercedes-benz-s-class-w140.jpg,vehiculos/sedan,Sedan,Mercedes-Benz,S-Class,W140,mercedes-benz-s-class-w140,631,PLACEHOLDER
vehiculos/sedan/mercedes-benz-strichacht-w114.jpg,vehiculos/sedan,Sedan,Mercedes-Benz,Strichacht,W114,mercedes-benz-strichacht-w114,631,PLACEHOLDER
vehiculos/sedan/mercedes-benz-strichacht-w115.jpg,vehiculos/sedan,Sedan,Mercedes-Benz,Strichacht,W115,mercedes-benz-strichacht-w115,631,PLACEHOLDER
vehiculos/sedan/mercury-comet-compact-varias-gen.jpg,vehiculos/sedan,Sedan,Mercury,Comet,Compact (varias gen.),mercury-comet-compact-varias-gen,631,PLACEHOLDER
vehiculos/sedan/mercury-custom-mercury-custom.jpg,vehiculos/sedan,Sedan,Mercury,Custom,Mercury Custom,mercury-custom-mercury-custom,631,PLACEHOLDER
vehiculos/sedan/mercury-eight-mercury-eight.jpg,vehiculos/sedan,Sedan,Mercury,Eight,Mercury Eight,mercury-eight-mercury-eight,631,PLACEHOLDER
vehiculos/sedan/mercury-marquis-full-size.jpg,vehiculos/sedan,Sedan,Mercury,Marquis,Full-size,mercury-marquis-full-size,631,PLACEHOLDER
vehiculos/sedan/mercury-medalist-full-size.jpg,vehiculos/sedan,Sedan,Mercury,Medalist,Full-size,mercury-medalist-full-size,631,PLACEHOLDER
vehiculos/sedan/mercury-meteor-mid-size.jpg,vehiculos/sedan,Sedan,Mercury,Meteor,Mid-size,mercury-meteor-mid-size,631,PLACEHOLDER
vehiculos/sedan/mercury-monarch-compact.jpg,vehiculos/sedan,Sedan,Mercury,Monarch,Compact,mercury-monarch-compact,631,PLACEHOLDER
vehiculos/sedan/mercury-montclair-full-size.jpg,vehiculos/sedan,Sedan,Mercury,Montclair,Full-size,mercury-montclair-full-size,631,PLACEHOLDER
vehiculos/sedan/mercury-montego-mid-size-varias-gen.jpg,vehiculos/sedan,Sedan,Mercury,Montego,Mid-size (varias gen.),mercury-montego-mid-size-varias-gen,631,PLACEHOLDER
vehiculos/sedan/mercury-monterey-full-size-varias-gen.jpg,vehiculos/sedan,Sedan,Mercury,Monterey,Full-size (varias gen.),mercury-monterey-full-size-varias-gen,631,PLACEHOLDER
vehiculos/sedan/mercury-mystique-cdw27.jpg,vehiculos/sedan,Sedan,Mercury,Mystique,CDW27,mercury-mystique-cdw27,631,PLACEHOLDER
vehiculos/sedan/mercury-park-lane-full-size.jpg,vehiculos/sedan,Sedan,Mercury,Park Lane,Full-size,mercury-park-lane-full-size,631,PLACEHOLDER
vehiculos/sedan/mercury-sable-1a-gen.jpg,vehiculos/sedan,Sedan,Mercury,Sable,1a gen,mercury-sable-1a-gen,631,PLACEHOLDER
vehiculos/sedan/mercury-sable-2a-gen.jpg,vehiculos/sedan,Sedan,Mercury,Sable,2a gen,mercury-sable-2a-gen,631,PLACEHOLDER
vehiculos/sedan/mercury-sable-3a-gen.jpg,vehiculos/sedan,Sedan,Mercury,Sable,3a gen,mercury-sable-3a-gen,631,PLACEHOLDER
vehiculos/sedan/mercury-topaz-tempo-based.jpg,vehiculos/sedan,Sedan,Mercury,Topaz,Tempo-based,mercury-topaz-tempo-based,631,PLACEHOLDER
vehiculos/sedan/mercury-tracer-2a-gen.jpg,vehiculos/sedan,Sedan,Mercury,Tracer,2a gen,mercury-tracer-2a-gen,631,PLACEHOLDER
vehiculos/sedan/mercury-tracer-3a-gen.jpg,vehiculos/sedan,Sedan,Mercury,Tracer,3a gen,mercury-tracer-3a-gen,631,PLACEHOLDER
vehiculos/sedan/mercury-zephyr-fox-platform.jpg,vehiculos/sedan,Sedan,Mercury,Zephyr,Fox platform,mercury-zephyr-fox-platform,631,PLACEHOLDER
vehiculos/sedan/mg-mg-1100-ado16-1100.jpg,vehiculos/sedan,Sedan,MG,MG 1100,ADO16 1100,mg-mg-1100-ado16-1100,631,PLACEHOLDER
vehiculos/sedan/mg-mg-1300-ado16-1300.jpg,vehiculos/sedan,Sedan,MG,MG 1300,ADO16 1300,mg-mg-1300-ado16-1300,631,PLACEHOLDER
vehiculos/sedan/mg-mg-montego-mg-montego-20-efi.jpg,vehiculos/sedan,Sedan,MG,MG Montego,MG Montego 2.0 EFi,mg-mg-montego-mg-montego-20-efi,631,PLACEHOLDER
vehiculos/sedan/mg-mg-montego-mg-montego-turbo.jpg,vehiculos/sedan,Sedan,MG,MG Montego,MG Montego Turbo,mg-mg-montego-mg-montego-turbo,631,PLACEHOLDER
vehiculos/sedan/mini-mini-1275-gt-1275-gt.jpg,vehiculos/sedan,Sedan,Mini,Mini 1275 GT,1275 GT,mini-mini-1275-gt-1275-gt,631,PLACEHOLDER
vehiculos/sedan/mini-mini-clubman-clubman-saloon.jpg,vehiculos/sedan,Sedan,Mini,Mini Clubman,Clubman saloon,mini-mini-clubman-clubman-saloon,631,PLACEHOLDER
vehiculos/sedan/mini-mini-cooper-cooper-mk-i-997.jpg,vehiculos/sedan,Sedan,Mini,Mini Cooper,Cooper Mk I (997),mini-mini-cooper-cooper-mk-i-997,631,PLACEHOLDER
vehiculos/sedan/mini-mini-cooper-cooper-mk-i-ii-998.jpg,vehiculos/sedan,Sedan,Mini,Mini Cooper,Cooper Mk I-II (998),mini-mini-cooper-cooper-mk-i-ii-998,631,PLACEHOLDER
vehiculos/sedan/mini-mini-cooper-cooper-mpi.jpg,vehiculos/sedan,Sedan,Mini,Mini Cooper,Cooper (MPi),mini-mini-cooper-cooper-mpi,631,PLACEHOLDER
vehiculos/sedan/mini-mini-cooper-cooper-revival-carb-spi.jpg,vehiculos/sedan,Sedan,Mini,Mini Cooper,"Cooper (revival, carb/SPi)",mini-mini-cooper-cooper-revival-carb-spi,631,PLACEHOLDER
vehiculos/sedan/mini-mini-cooper-s-cooper-s-mk-i-iii.jpg,vehiculos/sedan,Sedan,Mini,Mini Cooper S,Cooper S Mk I-III,mini-mini-cooper-s-cooper-s-mk-i-iii,631,PLACEHOLDER
vehiculos/sedan/mini-mini-mk-i.jpg,vehiculos/sedan,Sedan,Mini,Mini,Mk I,mini-mini-mk-i,631,PLACEHOLDER
vehiculos/sedan/mini-mini-mk-ii.jpg,vehiculos/sedan,Sedan,Mini,Mini,Mk II,mini-mini-mk-ii,631,PLACEHOLDER
vehiculos/sedan/mini-mini-mk-iii-iv.jpg,vehiculos/sedan,Sedan,Mini,Mini,Mk III-IV,mini-mini-mk-iii-iv,631,PLACEHOLDER
vehiculos/sedan/mini-mini-mk-iii-v.jpg,vehiculos/sedan,Sedan,Mini,Mini,Mk III-V,mini-mini-mk-iii-v,631,PLACEHOLDER
vehiculos/sedan/mini-mini-mk-vi.jpg,vehiculos/sedan,Sedan,Mini,Mini,Mk VI,mini-mini-mk-vi,631,PLACEHOLDER
vehiculos/sedan/mini-mini-mk-vii.jpg,vehiculos/sedan,Sedan,Mini,Mini,Mk VII,mini-mini-mk-vii,631,PLACEHOLDER
vehiculos/sedan/mitsubishi-debonair-debonair-1g-a30.jpg,vehiculos/sedan,Sedan,Mitsubishi,Debonair,Debonair 1G (A30),mitsubishi-debonair-debonair-1g-a30,631,PLACEHOLDER
vehiculos/sedan/mitsubishi-debonair-debonair-2g-s10.jpg,vehiculos/sedan,Sedan,Mitsubishi,Debonair,Debonair 2G (S10),mitsubishi-debonair-debonair-2g-s10,631,PLACEHOLDER
vehiculos/sedan/mitsubishi-debonair-debonair-3g-s20.jpg,vehiculos/sedan,Sedan,Mitsubishi,Debonair,Debonair 3G (S20),mitsubishi-debonair-debonair-3g-s20,631,PLACEHOLDER
vehiculos/sedan/mitsubishi-diamante-diamante-1g-f10.jpg,vehiculos/sedan,Sedan,Mitsubishi,Diamante,Diamante 1G (F10),mitsubishi-diamante-diamante-1g-f10,631,PLACEHOLDER
vehiculos/sedan/mitsubishi-galant-galant-iv.jpg,vehiculos/sedan,Sedan,Mitsubishi,Galant,Galant IV,mitsubishi-galant-galant-iv,631,PLACEHOLDER
vehiculos/sedan/mitsubishi-galant-galant-v.jpg,vehiculos/sedan,Sedan,Mitsubishi,Galant,Galant V,mitsubishi-galant-galant-v,631,PLACEHOLDER
vehiculos/sedan/mitsubishi-galant-galant-vi-e10.jpg,vehiculos/sedan,Sedan,Mitsubishi,Galant,Galant VI (E10),mitsubishi-galant-galant-vi-e10,631,PLACEHOLDER
vehiculos/sedan/mitsubishi-galant-galant-vii-e50.jpg,vehiculos/sedan,Sedan,Mitsubishi,Galant,Galant VII (E50),mitsubishi-galant-galant-vii-e50,631,PLACEHOLDER
vehiculos/sedan/mitsubishi-lancer-evolution-evolution-i-iii-cd9a-ce9a.jpg,vehiculos/sedan,Sedan,Mitsubishi,Lancer Evolution,Evolution I-III (CD9A/CE9A),mitsubishi-lancer-evolution-evolution-i-iii-cd9a-ce9a,631,PLACEHOLDER
vehiculos/sedan/mitsubishi-lancer-evolution-evolution-iv-v-cn9a-cp9a.jpg,vehiculos/sedan,Sedan,Mitsubishi,Lancer Evolution,Evolution IV-V (CN9A/CP9A),mitsubishi-lancer-evolution-evolution-iv-v-cn9a-cp9a,631,PLACEHOLDER
vehiculos/sedan/mitsubishi-lancer-lancer-1g-a70.jpg,vehiculos/sedan,Sedan,Mitsubishi,Lancer,Lancer 1G (A70),mitsubishi-lancer-lancer-1g-a70,631,PLACEHOLDER
vehiculos/sedan/mitsubishi-lancer-lancer-ex-2g-a150.jpg,vehiculos/sedan,Sedan,Mitsubishi,Lancer,Lancer EX 2G (A150),mitsubishi-lancer-lancer-ex-2g-a150,631,PLACEHOLDER
vehiculos/sedan/mitsubishi-sigma-sigma-f10-export-diamante.jpg,vehiculos/sedan,Sedan,Mitsubishi,Sigma,"Sigma (F10, export Diamante)",mitsubishi-sigma-sigma-f10-export-diamante,631,PLACEHOLDER
vehiculos/sedan/mitsubishi-tredia-tredia-a21x.jpg,vehiculos/sedan,Sedan,Mitsubishi,Tredia,Tredia (A21x),mitsubishi-tredia-tredia-a21x,631,PLACEHOLDER
vehiculos/sedan/monica-350-monica-350-prototipo.jpg,vehiculos/sedan,Sedan,Monica,350,Monica 350 (prototipo),monica-350-monica-350-prototipo,631,PLACEHOLDER
vehiculos/sedan/monica-560-monica-560.jpg,vehiculos/sedan,Sedan,Monica,560,Monica 560,monica-560-monica-560,631,PLACEHOLDER
vehiculos/sedan/monica-590-monica-590.jpg,vehiculos/sedan,Sedan,Monica,590,Monica 590,monica-590-monica-590,631,PLACEHOLDER
vehiculos/sedan/moretti-600-600.jpg,vehiculos/sedan,Sedan,Moretti,600,600,moretti-600-600,631,PLACEHOLDER
vehiculos/sedan/moretti-750-750-tour-du-monde.jpg,vehiculos/sedan,Sedan,Moretti,750,750 Tour du Monde,moretti-750-750-tour-du-monde,631,PLACEHOLDER
vehiculos/sedan/moretti-750-750.jpg,vehiculos/sedan,Sedan,Moretti,750,750,moretti-750-750,631,PLACEHOLDER
vehiculos/sedan/moskvich-2138-2138.jpg,vehiculos/sedan,Sedan,Moskvich,2138,2138,moskvich-2138-2138,631,PLACEHOLDER
vehiculos/sedan/moskvich-2140-2140.jpg,vehiculos/sedan,Sedan,Moskvich,2140,2140,moskvich-2140-2140,631,PLACEHOLDER
vehiculos/sedan/moskvich-400-400-420.jpg,vehiculos/sedan,Sedan,Moskvich,400,400-420,moskvich-400-400-420,631,PLACEHOLDER
vehiculos/sedan/moskvich-401-401-420.jpg,vehiculos/sedan,Sedan,Moskvich,401,401-420,moskvich-401-401-420,631,PLACEHOLDER
vehiculos/sedan/moskvich-402-402.jpg,vehiculos/sedan,Sedan,Moskvich,402,402,moskvich-402-402,631,PLACEHOLDER
vehiculos/sedan/moskvich-403-403.jpg,vehiculos/sedan,Sedan,Moskvich,403,403,moskvich-403-403,631,PLACEHOLDER
vehiculos/sedan/moskvich-407-407.jpg,vehiculos/sedan,Sedan,Moskvich,407,407,moskvich-407-407,631,PLACEHOLDER
vehiculos/sedan/moskvich-408-408.jpg,vehiculos/sedan,Sedan,Moskvich,408,408,moskvich-408-408,631,PLACEHOLDER
vehiculos/sedan/moskvich-410-410-4x4.jpg,vehiculos/sedan,Sedan,Moskvich,410,410 4x4,moskvich-410-410-4x4,631,PLACEHOLDER
vehiculos/sedan/moskvich-412-412.jpg,vehiculos/sedan,Sedan,Moskvich,412,412,moskvich-412-412,631,PLACEHOLDER
vehiculos/sedan/nash-600-600-1941-1942.jpg,vehiculos/sedan,Sedan,Nash,600,600 (1941-1942),nash-600-600-1941-1942,631,PLACEHOLDER
vehiculos/sedan/nash-600-600-1946-1949.jpg,vehiculos/sedan,Sedan,Nash,600,600 (1946-1949),nash-600-600-1946-1949,631,PLACEHOLDER
vehiculos/sedan/nash-advanced-six-advanced-six.jpg,vehiculos/sedan,Sedan,Nash,Advanced Six,Advanced Six,nash-advanced-six-advanced-six,631,PLACEHOLDER
vehiculos/sedan/nash-ajax-ajax-model-21-51.jpg,vehiculos/sedan,Sedan,Nash,Ajax,Ajax (Model 21/51),nash-ajax-ajax-model-21-51,631,PLACEHOLDER
vehiculos/sedan/nash-ambassador-ambassador-1946-1948.jpg,vehiculos/sedan,Sedan,Nash,Ambassador,Ambassador (1946-1948),nash-ambassador-ambassador-1946-1948,631,PLACEHOLDER
vehiculos/sedan/nash-ambassador-ambassador-acabado-senior-sobre-advanced-six.jpg,vehiculos/sedan,Sedan,Nash,Ambassador,Ambassador (acabado senior sobre Advanced Six),nash-ambassador-ambassador-acabado-senior-sobre-advanced-six,631,PLACEHOLDER
vehiculos/sedan/nash-ambassador-ambassador-airflyte-1949-1951.jpg,vehiculos/sedan,Sedan,Nash,Ambassador,Ambassador Airflyte (1949-1951),nash-ambassador-ambassador-airflyte-1949-1951,631,PLACEHOLDER
vehiculos/sedan/nash-ambassador-ambassador-eight-1932-1934.jpg,vehiculos/sedan,Sedan,Nash,Ambassador,Ambassador Eight (1932-1934),nash-ambassador-ambassador-eight-1932-1934,631,PLACEHOLDER
vehiculos/sedan/nash-ambassador-ambassador-eight-aeroform-1935-1942.jpg,vehiculos/sedan,Sedan,Nash,Ambassador,"Ambassador Eight (Aeroform, 1935-1942)",nash-ambassador-ambassador-eight-aeroform-1935-1942,631,PLACEHOLDER
vehiculos/sedan/nash-ambassador-ambassador-golden-airflyte-1952-1954.jpg,vehiculos/sedan,Sedan,Nash,Ambassador,Ambassador Golden Airflyte (1952-1954),nash-ambassador-ambassador-golden-airflyte-1952-1954,631,PLACEHOLDER
vehiculos/sedan/nash-ambassador-ambassador-six-1935-1942.jpg,vehiculos/sedan,Sedan,Nash,Ambassador,Ambassador Six (1935-1942),nash-ambassador-ambassador-six-1935-1942,631,PLACEHOLDER
vehiculos/sedan/nash-ambassador-ambassador-six-1955-1956.jpg,vehiculos/sedan,Sedan,Nash,Ambassador,Ambassador Six (1955-1956),nash-ambassador-ambassador-six-1955-1956,631,PLACEHOLDER
vehiculos/sedan/nash-ambassador-ambassador-v8-1955-1956.jpg,vehiculos/sedan,Sedan,Nash,Ambassador,Ambassador V8 (1955-1956),nash-ambassador-ambassador-v8-1955-1956,631,PLACEHOLDER
vehiculos/sedan/nash-ambassador-ambassador-v8-1957.jpg,vehiculos/sedan,Sedan,Nash,Ambassador,Ambassador V8 (1957),nash-ambassador-ambassador-v8-1957,631,PLACEHOLDER
vehiculos/sedan/nash-lafayette-lafayette-1934-1936.jpg,vehiculos/sedan,Sedan,Nash,LaFayette,LaFayette (1934-1936),nash-lafayette-lafayette-1934-1936,631,PLACEHOLDER
vehiculos/sedan/nash-lafayette-lafayette-400-1937-1940.jpg,vehiculos/sedan,Sedan,Nash,LaFayette,LaFayette 400 (1937-1940),nash-lafayette-lafayette-400-1937-1940,631,PLACEHOLDER
vehiculos/sedan/nash-light-six-nash-light-six-ex-ajax.jpg,vehiculos/sedan,Sedan,Nash,Light Six,Nash Light Six (ex Ajax),nash-light-six-nash-light-six-ex-ajax,631,PLACEHOLDER
vehiculos/sedan/nash-rambler-nash-rambler-1956.jpg,vehiculos/sedan,Sedan,Nash,Rambler,Nash Rambler (1956),nash-rambler-nash-rambler-1956,631,PLACEHOLDER
vehiculos/sedan/nash-rambler-rambler-1950-1952.jpg,vehiculos/sedan,Sedan,Nash,Rambler,Rambler (1950-1952),nash-rambler-rambler-1950-1952,631,PLACEHOLDER
vehiculos/sedan/nash-rambler-rambler-1953-1955.jpg,vehiculos/sedan,Sedan,Nash,Rambler,Rambler (1953-1955),nash-rambler-rambler-1953-1955,631,PLACEHOLDER
vehiculos/sedan/nash-special-six-special-six-series-230.jpg,vehiculos/sedan,Sedan,Nash,Special Six,Special Six (Series 230),nash-special-six-special-six-series-230,631,PLACEHOLDER
vehiculos/sedan/nash-statesman-statesman-1950-1951.jpg,vehiculos/sedan,Sedan,Nash,Statesman,Statesman (1950-1951),nash-statesman-statesman-1950-1951,631,PLACEHOLDER
vehiculos/sedan/nash-statesman-statesman-1952-1956.jpg,vehiculos/sedan,Sedan,Nash,Statesman,Statesman (1952-1956),nash-statesman-statesman-1952-1956,631,PLACEHOLDER
vehiculos/sedan/nash-twin-ignition-eight-twin-ignition-eight-series-490.jpg,vehiculos/sedan,Sedan,Nash,Twin Ignition Eight,Twin Ignition Eight (Series 490),nash-twin-ignition-eight-twin-ignition-eight-series-490,631,PLACEHOLDER
vehiculos/sedan/nissan-bluebird-u11.jpg,vehiculos/sedan,Sedan,Nissan,Bluebird,U11,nissan-bluebird-u11,631,PLACEHOLDER
vehiculos/sedan/nissan-bluebird-u12.jpg,vehiculos/sedan,Sedan,Nissan,Bluebird,U12,nissan-bluebird-u12,631,PLACEHOLDER
vehiculos/sedan/nissan-bluebird-u13.jpg,vehiculos/sedan,Sedan,Nissan,Bluebird,U13,nissan-bluebird-u13,631,PLACEHOLDER
vehiculos/sedan/nissan-cedric-gloria-y31.jpg,vehiculos/sedan,Sedan,Nissan,Cedric / Gloria,Y31,nissan-cedric-gloria-y31,631,PLACEHOLDER
vehiculos/sedan/nissan-cedric-gloria-y32.jpg,vehiculos/sedan,Sedan,Nissan,Cedric / Gloria,Y32,nissan-cedric-gloria-y32,631,PLACEHOLDER
vehiculos/sedan/nissan-cedric-gloria-y33.jpg,vehiculos/sedan,Sedan,Nissan,Cedric / Gloria,Y33,nissan-cedric-gloria-y33,631,PLACEHOLDER
vehiculos/sedan/nissan-cefiro-a31-1-gen.jpg,vehiculos/sedan,Sedan,Nissan,Cefiro,A31 (1ª gen),nissan-cefiro-a31-1-gen,631,PLACEHOLDER
vehiculos/sedan/nissan-cefiro-a32-2-gen.jpg,vehiculos/sedan,Sedan,Nissan,Cefiro,A32 (2ª gen),nissan-cefiro-a32-2-gen,631,PLACEHOLDER
vehiculos/sedan/nissan-laurel-c33-7-gen.jpg,vehiculos/sedan,Sedan,Nissan,Laurel,C33 (7ª gen),nissan-laurel-c33-7-gen,631,PLACEHOLDER
vehiculos/sedan/nissan-laurel-c34-8-gen.jpg,vehiculos/sedan,Sedan,Nissan,Laurel,C34 (8ª gen),nissan-laurel-c34-8-gen,631,PLACEHOLDER
vehiculos/sedan/nissan-maxima-j30-3-gen.jpg,vehiculos/sedan,Sedan,Nissan,Maxima,J30 (3ª gen),nissan-maxima-j30-3-gen,631,PLACEHOLDER
vehiculos/sedan/nissan-primera-p10-1-gen.jpg,vehiculos/sedan,Sedan,Nissan,Primera,P10 (1ª gen),nissan-primera-p10-1-gen,631,PLACEHOLDER
vehiculos/sedan/nissan-skyline-r32-9-gen.jpg,vehiculos/sedan,Sedan,Nissan,Skyline,R32 (9ª gen),nissan-skyline-r32-9-gen,631,PLACEHOLDER
vehiculos/sedan/nissan-sunny-b11-5-gen.jpg,vehiculos/sedan,Sedan,Nissan,Sunny,B11 (5ª gen),nissan-sunny-b11-5-gen,631,PLACEHOLDER
vehiculos/sedan/nissan-sunny-b12-6-gen.jpg,vehiculos/sedan,Sedan,Nissan,Sunny,B12 (6ª gen),nissan-sunny-b12-6-gen,631,PLACEHOLDER
vehiculos/sedan/nissan-sunny-b13-7-gen.jpg,vehiculos/sedan,Sedan,Nissan,Sunny,B13 (7ª gen),nissan-sunny-b13-7-gen,631,PLACEHOLDER
vehiculos/sedan/nissan-sunny-b14-8-gen.jpg,vehiculos/sedan,Sedan,Nissan,Sunny,B14 (8ª gen),nissan-sunny-b14-8-gen,631,PLACEHOLDER
vehiculos/sedan/nsu-1200-nsu-1200-ex-typ-110.jpg,vehiculos/sedan,Sedan,NSU,1200,NSU 1200 (ex Typ 110),nsu-1200-nsu-1200-ex-typ-110,631,PLACEHOLDER
vehiculos/sedan/nsu-prinz-1000-nsu-1000-typ-67.jpg,vehiculos/sedan,Sedan,NSU,Prinz 1000 / NSU 1000,Typ 67,nsu-prinz-1000-nsu-1000-typ-67,631,PLACEHOLDER
vehiculos/sedan/nsu-prinz-1000-tt-typ-67-tt.jpg,vehiculos/sedan,Sedan,NSU,Prinz 1000 TT,Typ 67 TT,nsu-prinz-1000-tt-typ-67-tt,631,PLACEHOLDER
vehiculos/sedan/nsu-prinz-4-prinz-4-typ-47.jpg,vehiculos/sedan,Sedan,NSU,Prinz 4,Prinz 4 (Typ 47),nsu-prinz-4-prinz-4-typ-47,631,PLACEHOLDER
vehiculos/sedan/nsu-prinz-prinz-30-typ-40.jpg,vehiculos/sedan,Sedan,NSU,Prinz,Prinz 30 (Typ 40),nsu-prinz-prinz-30-typ-40,631,PLACEHOLDER
vehiculos/sedan/nsu-prinz-prinz-i-typ-40.jpg,vehiculos/sedan,Sedan,NSU,Prinz,Prinz I (Typ 40),nsu-prinz-prinz-i-typ-40,631,PLACEHOLDER
vehiculos/sedan/nsu-prinz-prinz-ii-typ-40.jpg,vehiculos/sedan,Sedan,NSU,Prinz,Prinz II (Typ 40),nsu-prinz-prinz-ii-typ-40,631,PLACEHOLDER
vehiculos/sedan/nsu-prinz-prinz-iii-typ-40.jpg,vehiculos/sedan,Sedan,NSU,Prinz,Prinz III (Typ 40),nsu-prinz-prinz-iii-typ-40,631,PLACEHOLDER
vehiculos/sedan/nsu-ro-80-nsu-ro-80.jpg,vehiculos/sedan,Sedan,NSU,Ro 80,NSU Ro 80,nsu-ro-80-nsu-ro-80,631,PLACEHOLDER
vehiculos/sedan/nsu-tt-nsu-tt-1200-tt.jpg,vehiculos/sedan,Sedan,NSU,TT,NSU TT (1200 TT),nsu-tt-nsu-tt-1200-tt,631,PLACEHOLDER
vehiculos/sedan/nsu-tts-nsu-tts.jpg,vehiculos/sedan,Sedan,NSU,TTS,NSU TTS,nsu-tts-nsu-tts,631,PLACEHOLDER
vehiculos/sedan/nsu-typ-110-typ-110.jpg,vehiculos/sedan,Sedan,NSU,Typ 110,Typ 110,nsu-typ-110-typ-110,631,PLACEHOLDER
vehiculos/sedan/oldsmobile-88-88-10a-gen.jpg,vehiculos/sedan,Sedan,Oldsmobile,88,88 10a gen,oldsmobile-88-88-10a-gen,631,PLACEHOLDER
vehiculos/sedan/oldsmobile-88-88-1a-gen.jpg,vehiculos/sedan,Sedan,Oldsmobile,88,88 1a gen,oldsmobile-88-88-1a-gen,631,PLACEHOLDER
vehiculos/sedan/oldsmobile-88-88-2a-gen.jpg,vehiculos/sedan,Sedan,Oldsmobile,88,88 2a gen,oldsmobile-88-88-2a-gen,631,PLACEHOLDER
vehiculos/sedan/oldsmobile-88-88-3a-gen.jpg,vehiculos/sedan,Sedan,Oldsmobile,88,88 3a gen,oldsmobile-88-88-3a-gen,631,PLACEHOLDER
vehiculos/sedan/oldsmobile-88-88-4a-gen.jpg,vehiculos/sedan,Sedan,Oldsmobile,88,88 4a gen,oldsmobile-88-88-4a-gen,631,PLACEHOLDER
vehiculos/sedan/oldsmobile-88-88-5a-gen.jpg,vehiculos/sedan,Sedan,Oldsmobile,88,88 5a gen,oldsmobile-88-88-5a-gen,631,PLACEHOLDER
vehiculos/sedan/oldsmobile-88-88-6a-gen.jpg,vehiculos/sedan,Sedan,Oldsmobile,88,88 6a gen,oldsmobile-88-88-6a-gen,631,PLACEHOLDER
vehiculos/sedan/oldsmobile-88-88-7a-gen.jpg,vehiculos/sedan,Sedan,Oldsmobile,88,88 7a gen,oldsmobile-88-88-7a-gen,631,PLACEHOLDER
vehiculos/sedan/oldsmobile-88-88-8a-gen.jpg,vehiculos/sedan,Sedan,Oldsmobile,88,88 8a gen,oldsmobile-88-88-8a-gen,631,PLACEHOLDER
vehiculos/sedan/oldsmobile-88-88-9a-gen.jpg,vehiculos/sedan,Sedan,Oldsmobile,88,88 9a gen,oldsmobile-88-88-9a-gen,631,PLACEHOLDER
vehiculos/sedan/oldsmobile-98-98-10a-gen.jpg,vehiculos/sedan,Sedan,Oldsmobile,98,98 10a gen,oldsmobile-98-98-10a-gen,631,PLACEHOLDER
vehiculos/sedan/oldsmobile-98-98-11a-gen.jpg,vehiculos/sedan,Sedan,Oldsmobile,98,98 11a gen,oldsmobile-98-98-11a-gen,631,PLACEHOLDER
vehiculos/sedan/oldsmobile-98-98-12a-gen.jpg,vehiculos/sedan,Sedan,Oldsmobile,98,98 12a gen,oldsmobile-98-98-12a-gen,631,PLACEHOLDER
vehiculos/sedan/oldsmobile-98-98-1a-gen.jpg,vehiculos/sedan,Sedan,Oldsmobile,98,98 1a gen,oldsmobile-98-98-1a-gen,631,PLACEHOLDER
vehiculos/sedan/oldsmobile-98-98-2a-gen.jpg,vehiculos/sedan,Sedan,Oldsmobile,98,98 2a gen,oldsmobile-98-98-2a-gen,631,PLACEHOLDER
vehiculos/sedan/oldsmobile-98-98-3a-gen.jpg,vehiculos/sedan,Sedan,Oldsmobile,98,98 3a gen,oldsmobile-98-98-3a-gen,631,PLACEHOLDER
vehiculos/sedan/oldsmobile-98-98-4a-gen.jpg,vehiculos/sedan,Sedan,Oldsmobile,98,98 4a gen,oldsmobile-98-98-4a-gen,631,PLACEHOLDER
vehiculos/sedan/oldsmobile-98-98-5a-gen.jpg,vehiculos/sedan,Sedan,Oldsmobile,98,98 5a gen,oldsmobile-98-98-5a-gen,631,PLACEHOLDER
vehiculos/sedan/oldsmobile-98-98-6a-gen.jpg,vehiculos/sedan,Sedan,Oldsmobile,98,98 6a gen,oldsmobile-98-98-6a-gen,631,PLACEHOLDER
vehiculos/sedan/oldsmobile-98-98-7a-gen.jpg,vehiculos/sedan,Sedan,Oldsmobile,98,98 7a gen,oldsmobile-98-98-7a-gen,631,PLACEHOLDER
vehiculos/sedan/oldsmobile-98-98-8a-gen.jpg,vehiculos/sedan,Sedan,Oldsmobile,98,98 8a gen,oldsmobile-98-98-8a-gen,631,PLACEHOLDER
vehiculos/sedan/oldsmobile-98-98-9a-gen.jpg,vehiculos/sedan,Sedan,Oldsmobile,98,98 9a gen,oldsmobile-98-98-9a-gen,631,PLACEHOLDER
vehiculos/sedan/oldsmobile-achieva-achieva-n-body.jpg,vehiculos/sedan,Sedan,Oldsmobile,Achieva,Achieva (N-body),oldsmobile-achieva-achieva-n-body,631,PLACEHOLDER
vehiculos/sedan/oldsmobile-aurora-aurora-1a-gen-g-body.jpg,vehiculos/sedan,Sedan,Oldsmobile,Aurora,Aurora 1a gen (G-body),oldsmobile-aurora-aurora-1a-gen-g-body,631,PLACEHOLDER
vehiculos/sedan/oldsmobile-cutlass-calais-cutlass-calais-n-body.jpg,vehiculos/sedan,Sedan,Oldsmobile,Cutlass Calais,Cutlass Calais (N-body),oldsmobile-cutlass-calais-cutlass-calais-n-body,631,PLACEHOLDER
vehiculos/sedan/oldsmobile-cutlass-ciera-cutlass-ciera-a-body.jpg,vehiculos/sedan,Sedan,Oldsmobile,Cutlass Ciera,Cutlass Ciera (A-body),oldsmobile-cutlass-ciera-cutlass-ciera-a-body,631,PLACEHOLDER
vehiculos/sedan/oldsmobile-cutlass-cutlass-5a-gen-g-body.jpg,vehiculos/sedan,Sedan,Oldsmobile,Cutlass,Cutlass 5a gen (G-body),oldsmobile-cutlass-cutlass-5a-gen-g-body,631,PLACEHOLDER
vehiculos/sedan/oldsmobile-cutlass-cutlass-n-body-1997-1999.jpg,vehiculos/sedan,Sedan,Oldsmobile,Cutlass,"Cutlass (N-body, 1997-1999)",oldsmobile-cutlass-cutlass-n-body-1997-1999,631,PLACEHOLDER
vehiculos/sedan/oldsmobile-firenza-firenza-j-body.jpg,vehiculos/sedan,Sedan,Oldsmobile,Firenza,Firenza (J-body),oldsmobile-firenza-firenza-j-body,631,PLACEHOLDER
vehiculos/sedan/oldsmobile-omega-omega-1a-gen-x-body.jpg,vehiculos/sedan,Sedan,Oldsmobile,Omega,Omega 1a gen (X-body),oldsmobile-omega-omega-1a-gen-x-body,631,PLACEHOLDER
vehiculos/sedan/oldsmobile-omega-omega-2a-gen-x-body.jpg,vehiculos/sedan,Sedan,Oldsmobile,Omega,Omega 2a gen (X-body),oldsmobile-omega-omega-2a-gen-x-body,631,PLACEHOLDER
vehiculos/sedan/oldsmobile-omega-omega-3a-gen-x-body-fwd.jpg,vehiculos/sedan,Sedan,Oldsmobile,Omega,Omega 3a gen (X-body FWD),oldsmobile-omega-omega-3a-gen-x-body-fwd,631,PLACEHOLDER
vehiculos/sedan/opel-admiral-admiral-b.jpg,vehiculos/sedan,Sedan,Opel,Admiral,Admiral B,opel-admiral-admiral-b,631,PLACEHOLDER
vehiculos/sedan/opel-ascona-ascona-a.jpg,vehiculos/sedan,Sedan,Opel,Ascona,Ascona A,opel-ascona-ascona-a,631,PLACEHOLDER
vehiculos/sedan/opel-ascona-ascona-b.jpg,vehiculos/sedan,Sedan,Opel,Ascona,Ascona B,opel-ascona-ascona-b,631,PLACEHOLDER
vehiculos/sedan/opel-ascona-ascona-c.jpg,vehiculos/sedan,Sedan,Opel,Ascona,Ascona C,opel-ascona-ascona-c,631,PLACEHOLDER
vehiculos/sedan/opel-commodore-commodore-a.jpg,vehiculos/sedan,Sedan,Opel,Commodore,Commodore A,opel-commodore-commodore-a,631,PLACEHOLDER
vehiculos/sedan/opel-commodore-commodore-b.jpg,vehiculos/sedan,Sedan,Opel,Commodore,Commodore B,opel-commodore-commodore-b,631,PLACEHOLDER
vehiculos/sedan/opel-commodore-commodore-c.jpg,vehiculos/sedan,Sedan,Opel,Commodore,Commodore C,opel-commodore-commodore-c,631,PLACEHOLDER
vehiculos/sedan/opel-diplomat-diplomat-b.jpg,vehiculos/sedan,Sedan,Opel,Diplomat,Diplomat B,opel-diplomat-diplomat-b,631,PLACEHOLDER
vehiculos/sedan/opel-kadett-kadett-a.jpg,vehiculos/sedan,Sedan,Opel,Kadett,Kadett A,opel-kadett-kadett-a,631,PLACEHOLDER
vehiculos/sedan/opel-kadett-kadett-b.jpg,vehiculos/sedan,Sedan,Opel,Kadett,Kadett B,opel-kadett-kadett-b,631,PLACEHOLDER
vehiculos/sedan/opel-kadett-kadett-c.jpg,vehiculos/sedan,Sedan,Opel,Kadett,Kadett C,opel-kadett-kadett-c,631,PLACEHOLDER
vehiculos/sedan/opel-omega-omega-a.jpg,vehiculos/sedan,Sedan,Opel,Omega,Omega A,opel-omega-omega-a,631,PLACEHOLDER
vehiculos/sedan/opel-rekord-rekord-c.jpg,vehiculos/sedan,Sedan,Opel,Rekord,Rekord C,opel-rekord-rekord-c,631,PLACEHOLDER
vehiculos/sedan/opel-rekord-rekord-d.jpg,vehiculos/sedan,Sedan,Opel,Rekord,Rekord D,opel-rekord-rekord-d,631,PLACEHOLDER
vehiculos/sedan/opel-rekord-rekord-e.jpg,vehiculos/sedan,Sedan,Opel,Rekord,Rekord E,opel-rekord-rekord-e,631,PLACEHOLDER
vehiculos/sedan/opel-senator-senator-a.jpg,vehiculos/sedan,Sedan,Opel,Senator,Senator A,opel-senator-senator-a,631,PLACEHOLDER
vehiculos/sedan/opel-senator-senator-b.jpg,vehiculos/sedan,Sedan,Opel,Senator,Senator B,opel-senator-senator-b,631,PLACEHOLDER
vehiculos/sedan/opel-vectra-vectra-a.jpg,vehiculos/sedan,Sedan,Opel,Vectra,Vectra A,opel-vectra-vectra-a,631,PLACEHOLDER
vehiculos/sedan/packard-200-200-24a-25a-serie.jpg,vehiculos/sedan,Sedan,Packard,200,200 (24a-25a Serie),packard-200-200-24a-25a-serie,631,PLACEHOLDER
vehiculos/sedan/packard-250-250-24a-25a-serie.jpg,vehiculos/sedan,Sedan,Packard,250,250 (24a-25a Serie),packard-250-250-24a-25a-serie,631,PLACEHOLDER
vehiculos/sedan/packard-300-300-24a-25a-serie.jpg,vehiculos/sedan,Sedan,Packard,300,300 (24a-25a Serie),packard-300-300-24a-25a-serie,631,PLACEHOLDER
vehiculos/sedan/packard-cavalier-cavalier-26a-54a-serie.jpg,vehiculos/sedan,Sedan,Packard,Cavalier,Cavalier (26a-54a Serie),packard-cavalier-cavalier-26a-54a-serie,631,PLACEHOLDER
vehiculos/sedan/packard-clipper-clipper-1a-gen.jpg,vehiculos/sedan,Sedan,Packard,Clipper,Clipper (1a gen),packard-clipper-clipper-1a-gen,631,PLACEHOLDER
vehiculos/sedan/packard-clipper-clipper-2a-gen-26a-54a-serie.jpg,vehiculos/sedan,Sedan,Packard,Clipper,"Clipper (2a gen, 26a-54a Serie)",packard-clipper-clipper-2a-gen-26a-54a-serie,631,PLACEHOLDER
vehiculos/sedan/packard-clipper-clipper-2a-gen-55a-serie.jpg,vehiculos/sedan,Sedan,Packard,Clipper,"Clipper (2a gen, 55a Serie)",packard-clipper-clipper-2a-gen-55a-serie,631,PLACEHOLDER
vehiculos/sedan/packard-clipper-clipper-2a-gen-56a-serie.jpg,vehiculos/sedan,Sedan,Packard,Clipper,"Clipper (2a gen, 56a Serie)",packard-clipper-clipper-2a-gen-56a-serie,631,PLACEHOLDER
vehiculos/sedan/packard-clipper-clipper-3a-gen-57l.jpg,vehiculos/sedan,Sedan,Packard,Clipper,"Clipper (3a gen, 57L)",packard-clipper-clipper-3a-gen-57l,631,PLACEHOLDER
vehiculos/sedan/packard-clipper-six-clipper-1a-gen-21a-serie.jpg,vehiculos/sedan,Sedan,Packard,Clipper Six,"Clipper (1a gen, 21a Serie)",packard-clipper-six-clipper-1a-gen-21a-serie,631,PLACEHOLDER
vehiculos/sedan/packard-custom-eight-custom-eight-22a-23a-serie.jpg,vehiculos/sedan,Sedan,Packard,Custom Eight,Custom Eight (22a-23a Serie),packard-custom-eight-custom-eight-22a-23a-serie,631,PLACEHOLDER
vehiculos/sedan/packard-custom-super-clipper-clipper-1a-gen-21a-serie.jpg,vehiculos/sedan,Sedan,Packard,Custom Super Clipper,"Clipper (1a gen, 21a Serie)",packard-custom-super-clipper-clipper-1a-gen-21a-serie,631,PLACEHOLDER
vehiculos/sedan/packard-custom-super-eight-one-eighty-one-eighty-18a-20a-serie.jpg,vehiculos/sedan,Sedan,Packard,Custom Super Eight One-Eighty,One-Eighty (18a-20a Serie),packard-custom-super-eight-one-eighty-one-eighty-18a-20a-serie,631,PLACEHOLDER
vehiculos/sedan/packard-eight-eight-16a-serie.jpg,vehiculos/sedan,Sedan,Packard,Eight,Eight (16a Serie),packard-eight-eight-16a-serie,631,PLACEHOLDER
vehiculos/sedan/packard-eight-single-eight.jpg,vehiculos/sedan,Sedan,Packard,Eight,Single Eight,packard-eight-single-eight,631,PLACEHOLDER
vehiculos/sedan/packard-eight-standard-eight-22a-23a-serie.jpg,vehiculos/sedan,Sedan,Packard,Eight,Standard Eight (22a-23a Serie),packard-eight-standard-eight-22a-23a-serie,631,PLACEHOLDER
vehiculos/sedan/packard-eight-standard-eight-9a-10a-serie.jpg,vehiculos/sedan,Sedan,Packard,Eight,Standard Eight (9a-10a Serie),packard-eight-standard-eight-9a-10a-serie,631,PLACEHOLDER
vehiculos/sedan/packard-executive-executive-56a-serie.jpg,vehiculos/sedan,Sedan,Packard,Executive,Executive (56a Serie),packard-executive-executive-56a-serie,631,PLACEHOLDER
vehiculos/sedan/packard-light-eight-light-eight-9a-serie.jpg,vehiculos/sedan,Sedan,Packard,Light Eight,Light Eight (9a Serie),packard-light-eight-light-eight-9a-serie,631,PLACEHOLDER
vehiculos/sedan/packard-model-18-serie-na-nc.jpg,vehiculos/sedan,Sedan,Packard,Model 18,Serie NA-NC,packard-model-18-serie-na-nc,631,PLACEHOLDER
vehiculos/sedan/packard-model-24-serie-s.jpg,vehiculos/sedan,Sedan,Packard,Model 24,Serie S,packard-model-24-serie-s,631,PLACEHOLDER
vehiculos/sedan/packard-model-30-serie-u.jpg,vehiculos/sedan,Sedan,Packard,Model 30,Serie U,packard-model-30-serie-u,631,PLACEHOLDER
vehiculos/sedan/packard-one-ten-six-one-ten-16a-20a-serie.jpg,vehiculos/sedan,Sedan,Packard,One-Ten,Six / One-Ten (16a-20a Serie),packard-one-ten-six-one-ten-16a-20a-serie,631,PLACEHOLDER
vehiculos/sedan/packard-one-twenty-one-twenty-1a-gen-120-a.jpg,vehiculos/sedan,Sedan,Packard,One-Twenty,"One-Twenty (1a gen, 120-A)",packard-one-twenty-one-twenty-1a-gen-120-a,631,PLACEHOLDER
vehiculos/sedan/packard-one-twenty-one-twenty-1a-gen-120-b-c.jpg,vehiculos/sedan,Sedan,Packard,One-Twenty,"One-Twenty (1a gen, 120-B/C)",packard-one-twenty-one-twenty-1a-gen-120-b-c,631,PLACEHOLDER
vehiculos/sedan/packard-one-twenty-one-twenty-2a-gen-17a-19a-serie.jpg,vehiculos/sedan,Sedan,Packard,One-Twenty,"One-Twenty (2a gen, 17a-19a Serie)",packard-one-twenty-one-twenty-2a-gen-17a-19a-serie,631,PLACEHOLDER
vehiculos/sedan/packard-packard-serie-58l.jpg,vehiculos/sedan,Sedan,Packard,Packard,Serie 58L,packard-packard-serie-58l,631,PLACEHOLDER
vehiculos/sedan/packard-patrician-patrician-2a-gen-26a-serie.jpg,vehiculos/sedan,Sedan,Packard,Patrician,"Patrician (2a gen, 26a Serie)",packard-patrician-patrician-2a-gen-26a-serie,631,PLACEHOLDER
vehiculos/sedan/packard-patrician-patrician-2a-gen-54a-serie.jpg,vehiculos/sedan,Sedan,Packard,Patrician,"Patrician (2a gen, 54a Serie)",packard-patrician-patrician-2a-gen-54a-serie,631,PLACEHOLDER
vehiculos/sedan/packard-patrician-patrician-3a-gen-55a-serie.jpg,vehiculos/sedan,Sedan,Packard,Patrician,"Patrician (3a gen, 55a Serie)",packard-patrician-patrician-3a-gen-55a-serie,631,PLACEHOLDER
vehiculos/sedan/packard-patrician-patrician-3a-gen-56a-serie.jpg,vehiculos/sedan,Sedan,Packard,Patrician,"Patrician (3a gen, 56a Serie)",packard-patrician-patrician-3a-gen-56a-serie,631,PLACEHOLDER
vehiculos/sedan/packard-patrician-patrician-400-1a-gen.jpg,vehiculos/sedan,Sedan,Packard,Patrician,Patrician 400 (1a gen),packard-patrician-patrician-400-1a-gen,631,PLACEHOLDER
vehiculos/sedan/packard-single-six-single-six-2a-gen.jpg,vehiculos/sedan,Sedan,Packard,Single Six,Single Six (2a gen),packard-single-six-single-six-2a-gen,631,PLACEHOLDER
vehiculos/sedan/packard-six-115-c-15a-serie.jpg,vehiculos/sedan,Sedan,Packard,Six,115-C (15a Serie),packard-six-115-c-15a-serie,631,PLACEHOLDER
vehiculos/sedan/packard-six-six-2a-5a-serie.jpg,vehiculos/sedan,Sedan,Packard,Six,Six 2a-5a Serie,packard-six-six-2a-5a-serie,631,PLACEHOLDER
vehiculos/sedan/packard-six-six-38-1a-gen.jpg,vehiculos/sedan,Sedan,Packard,Six,Six 38 (1a gen),packard-six-six-38-1a-gen,631,PLACEHOLDER
vehiculos/sedan/packard-six-six-48-1a-gen.jpg,vehiculos/sedan,Sedan,Packard,Six,Six 48 (1a gen),packard-six-six-48-1a-gen,631,PLACEHOLDER
vehiculos/sedan/packard-super-clipper-clipper-1a-gen-21a-serie.jpg,vehiculos/sedan,Sedan,Packard,Super Clipper,"Clipper (1a gen, 21a Serie)",packard-super-clipper-clipper-1a-gen-21a-serie,631,PLACEHOLDER
vehiculos/sedan/packard-super-eight-one-sixty-one-sixty-18a-20a-serie.jpg,vehiculos/sedan,Sedan,Packard,Super Eight One-Sixty,One-Sixty (18a-20a Serie),packard-super-eight-one-sixty-one-sixty-18a-20a-serie,631,PLACEHOLDER
vehiculos/sedan/packard-super-eight-super-eight-10a-14a-serie.jpg,vehiculos/sedan,Sedan,Packard,Super Eight,Super Eight (10a-14a Serie),packard-super-eight-super-eight-10a-14a-serie,631,PLACEHOLDER
vehiculos/sedan/packard-super-eight-super-eight-15a-17a-serie.jpg,vehiculos/sedan,Sedan,Packard,Super Eight,Super Eight (15a-17a Serie),packard-super-eight-super-eight-15a-17a-serie,631,PLACEHOLDER
vehiculos/sedan/packard-super-eight-super-eight-22a-23a-serie.jpg,vehiculos/sedan,Sedan,Packard,Super Eight,Super Eight (22a-23a Serie),packard-super-eight-super-eight-22a-23a-serie,631,PLACEHOLDER
vehiculos/sedan/packard-twelve-twelve-10a-11a-serie.jpg,vehiculos/sedan,Sedan,Packard,Twelve,Twelve 10a-11a Serie,packard-twelve-twelve-10a-11a-serie,631,PLACEHOLDER
vehiculos/sedan/packard-twelve-twelve-12a-17a-serie.jpg,vehiculos/sedan,Sedan,Packard,Twelve,Twelve 12a-17a Serie,packard-twelve-twelve-12a-17a-serie,631,PLACEHOLDER
vehiculos/sedan/packard-twin-six-twin-six-1a-gen.jpg,vehiculos/sedan,Sedan,Packard,Twin Six,Twin Six (1a gen),packard-twin-six-twin-six-1a-gen,631,PLACEHOLDER
vehiculos/sedan/panhard-24-panhard-24-b.jpg,vehiculos/sedan,Sedan,Panhard,24,Panhard 24 B,panhard-24-panhard-24-b,631,PLACEHOLDER
vehiculos/sedan/panhard-24-panhard-24-ba.jpg,vehiculos/sedan,Sedan,Panhard,24,Panhard 24 BA,panhard-24-panhard-24-ba,631,PLACEHOLDER
vehiculos/sedan/panhard-24-panhard-24-bt.jpg,vehiculos/sedan,Sedan,Panhard,24,Panhard 24 BT,panhard-24-panhard-24-bt,631,PLACEHOLDER
vehiculos/sedan/panhard-cs-cs-type-x68.jpg,vehiculos/sedan,Sedan,Panhard,CS,CS Type X68,panhard-cs-cs-type-x68,631,PLACEHOLDER
vehiculos/sedan/panhard-cs-cs-type-x72-cs-rl.jpg,vehiculos/sedan,Sedan,Panhard,CS,CS Type X72 (CS RL),panhard-cs-cs-type-x72-cs-rl,631,PLACEHOLDER
vehiculos/sedan/panhard-cs-cs-type-x73-cs-special.jpg,vehiculos/sedan,Sedan,Panhard,CS,CS Type X73 (CS Special),panhard-cs-cs-type-x73-cs-special,631,PLACEHOLDER
vehiculos/sedan/panhard-dyna-x-dyna-x84-dyna-100.jpg,vehiculos/sedan,Sedan,Panhard,Dyna X,Dyna X84 (Dyna 100),panhard-dyna-x-dyna-x84-dyna-100,631,PLACEHOLDER
vehiculos/sedan/panhard-dyna-x-dyna-x85-dyna-110.jpg,vehiculos/sedan,Sedan,Panhard,Dyna X,Dyna X85 (Dyna 110),panhard-dyna-x-dyna-x85-dyna-110,631,PLACEHOLDER
vehiculos/sedan/panhard-dyna-x-dyna-x86-dyna-120.jpg,vehiculos/sedan,Sedan,Panhard,Dyna X,Dyna X86 (Dyna 120),panhard-dyna-x-dyna-x86-dyna-120,631,PLACEHOLDER
vehiculos/sedan/panhard-dyna-x-dyna-x87-dyna-130.jpg,vehiculos/sedan,Sedan,Panhard,Dyna X,Dyna X87 (Dyna 130),panhard-dyna-x-dyna-x87-dyna-130,631,PLACEHOLDER
vehiculos/sedan/panhard-dyna-x-dyna-x90-scarlette.jpg,vehiculos/sedan,Sedan,Panhard,Dyna X,Dyna X90 (Scarlette),panhard-dyna-x-dyna-x90-scarlette,631,PLACEHOLDER
vehiculos/sedan/panhard-dyna-z-dyna-z-tigre.jpg,vehiculos/sedan,Sedan,Panhard,Dyna Z,Dyna Z Tigre,panhard-dyna-z-dyna-z-tigre,631,PLACEHOLDER
vehiculos/sedan/panhard-dyna-z-dyna-z1-carroceria-aluminio.jpg,vehiculos/sedan,Sedan,Panhard,Dyna Z,Dyna Z1 (carroceria aluminio),panhard-dyna-z-dyna-z1-carroceria-aluminio,631,PLACEHOLDER
vehiculos/sedan/panhard-dyna-z-dyna-z2-carroceria-acero.jpg,vehiculos/sedan,Sedan,Panhard,Dyna Z,Dyna Z2 (carroceria acero),panhard-dyna-z-dyna-z2-carroceria-acero,631,PLACEHOLDER
vehiculos/sedan/panhard-dynamic-dynamic-130.jpg,vehiculos/sedan,Sedan,Panhard,Dynamic,Dynamic 130,panhard-dynamic-dynamic-130,631,PLACEHOLDER
vehiculos/sedan/panhard-dynamic-dynamic-140.jpg,vehiculos/sedan,Sedan,Panhard,Dynamic,Dynamic 140,panhard-dynamic-dynamic-140,631,PLACEHOLDER
vehiculos/sedan/panhard-dynamic-dynamic-160.jpg,vehiculos/sedan,Sedan,Panhard,Dynamic,Dynamic 160,panhard-dynamic-dynamic-160,631,PLACEHOLDER
vehiculos/sedan/panhard-pl-17-pl-17-17b-848-cc.jpg,vehiculos/sedan,Sedan,Panhard,PL 17,PL 17 / 17B (848 cc),panhard-pl-17-pl-17-17b-848-cc,631,PLACEHOLDER
vehiculos/sedan/panhard-pl-17-pl-17-851-cc.jpg,vehiculos/sedan,Sedan,Panhard,PL 17,PL 17 (851 cc),panhard-pl-17-pl-17-851-cc,631,PLACEHOLDER
vehiculos/sedan/panhard-pl-17-pl-17-tigre.jpg,vehiculos/sedan,Sedan,Panhard,PL 17,PL 17 Tigre,panhard-pl-17-pl-17-tigre,631,PLACEHOLDER
vehiculos/sedan/panther-de-ville-de-ville-saloon.jpg,vehiculos/sedan,Sedan,Panther,De Ville,De Ville Saloon,panther-de-ville-de-ville-saloon,631,PLACEHOLDER
vehiculos/sedan/panther-rio-rio.jpg,vehiculos/sedan,Sedan,Panther,Rio,Rio,panther-rio-rio,631,PLACEHOLDER
vehiculos/sedan/peugeot-202-202.jpg,vehiculos/sedan,Sedan,Peugeot,202,202,peugeot-202-202,631,PLACEHOLDER
vehiculos/sedan/peugeot-203-203.jpg,vehiculos/sedan,Sedan,Peugeot,203,203,peugeot-203-203,631,PLACEHOLDER
vehiculos/sedan/peugeot-204-204.jpg,vehiculos/sedan,Sedan,Peugeot,204,204,peugeot-204-204,631,PLACEHOLDER
vehiculos/sedan/peugeot-304-304.jpg,vehiculos/sedan,Sedan,Peugeot,304,304,peugeot-304-304,631,PLACEHOLDER
vehiculos/sedan/peugeot-305-305.jpg,vehiculos/sedan,Sedan,Peugeot,305,305,peugeot-305-305,631,PLACEHOLDER
vehiculos/sedan/peugeot-403-403.jpg,vehiculos/sedan,Sedan,Peugeot,403,403,peugeot-403-403,631,PLACEHOLDER
vehiculos/sedan/peugeot-404-404.jpg,vehiculos/sedan,Sedan,Peugeot,404,404,peugeot-404-404,631,PLACEHOLDER
vehiculos/sedan/peugeot-405-405-mi16.jpg,vehiculos/sedan,Sedan,Peugeot,405,405 Mi16,peugeot-405-405-mi16,631,PLACEHOLDER
vehiculos/sedan/peugeot-405-405.jpg,vehiculos/sedan,Sedan,Peugeot,405,405,peugeot-405-405,631,PLACEHOLDER
vehiculos/sedan/peugeot-504-504.jpg,vehiculos/sedan,Sedan,Peugeot,504,504,peugeot-504-504,631,PLACEHOLDER
vehiculos/sedan/peugeot-505-505.jpg,vehiculos/sedan,Sedan,Peugeot,505,505,peugeot-505-505,631,PLACEHOLDER
vehiculos/sedan/peugeot-604-604.jpg,vehiculos/sedan,Sedan,Peugeot,604,604,peugeot-604-604,631,PLACEHOLDER
vehiculos/sedan/peugeot-605-605.jpg,vehiculos/sedan,Sedan,Peugeot,605,605,peugeot-605-605,631,PLACEHOLDER
vehiculos/sedan/pierce-arrow-model-1236-model-1236.jpg,vehiculos/sedan,Sedan,Pierce-Arrow,Model 1236,Model 1236,pierce-arrow-model-1236-model-1236,631,PLACEHOLDER
vehiculos/sedan/pierce-arrow-model-1240-model-1240-1240a.jpg,vehiculos/sedan,Sedan,Pierce-Arrow,Model 1240,Model 1240 / 1240A,pierce-arrow-model-1240-model-1240-1240a,631,PLACEHOLDER
vehiculos/sedan/pierce-arrow-model-1242-model-1242.jpg,vehiculos/sedan,Sedan,Pierce-Arrow,Model 1242,Model 1242,pierce-arrow-model-1242-model-1242,631,PLACEHOLDER
vehiculos/sedan/pierce-arrow-model-1245-model-1245.jpg,vehiculos/sedan,Sedan,Pierce-Arrow,Model 1245,Model 1245,pierce-arrow-model-1245-model-1245,631,PLACEHOLDER
vehiculos/sedan/pierce-arrow-model-1247-model-1247.jpg,vehiculos/sedan,Sedan,Pierce-Arrow,Model 1247,Model 1247,pierce-arrow-model-1247-model-1247,631,PLACEHOLDER
vehiculos/sedan/pierce-arrow-model-1248a-model-1248a.jpg,vehiculos/sedan,Sedan,Pierce-Arrow,Model 1248A,Model 1248A,pierce-arrow-model-1248a-model-1248a,631,PLACEHOLDER
vehiculos/sedan/pierce-arrow-model-1255-model-1255.jpg,vehiculos/sedan,Sedan,Pierce-Arrow,Model 1255,Model 1255,pierce-arrow-model-1255-model-1255,631,PLACEHOLDER
vehiculos/sedan/pierce-arrow-model-133-model-133.jpg,vehiculos/sedan,Sedan,Pierce-Arrow,Model 133,Model 133,pierce-arrow-model-133-model-133,631,PLACEHOLDER
vehiculos/sedan/pierce-arrow-model-143-model-143.jpg,vehiculos/sedan,Sedan,Pierce-Arrow,Model 143,Model 143,pierce-arrow-model-143-model-143,631,PLACEHOLDER
vehiculos/sedan/pierce-arrow-model-1601-model-1601.jpg,vehiculos/sedan,Sedan,Pierce-Arrow,Model 1601,Model 1601,pierce-arrow-model-1601-model-1601,631,PLACEHOLDER
vehiculos/sedan/pierce-arrow-model-1602-model-1602.jpg,vehiculos/sedan,Sedan,Pierce-Arrow,Model 1602,Model 1602,pierce-arrow-model-1602-model-1602,631,PLACEHOLDER
vehiculos/sedan/pierce-arrow-model-1603-model-1603.jpg,vehiculos/sedan,Sedan,Pierce-Arrow,Model 1603,Model 1603,pierce-arrow-model-1603-model-1603,631,PLACEHOLDER
vehiculos/sedan/pierce-arrow-model-1701-model-1701.jpg,vehiculos/sedan,Sedan,Pierce-Arrow,Model 1701,Model 1701,pierce-arrow-model-1701-model-1701,631,PLACEHOLDER
vehiculos/sedan/pierce-arrow-model-1702-model-1702.jpg,vehiculos/sedan,Sedan,Pierce-Arrow,Model 1702,Model 1702,pierce-arrow-model-1702-model-1702,631,PLACEHOLDER
vehiculos/sedan/pierce-arrow-model-1703-model-1703.jpg,vehiculos/sedan,Sedan,Pierce-Arrow,Model 1703,Model 1703,pierce-arrow-model-1703-model-1703,631,PLACEHOLDER
vehiculos/sedan/pierce-arrow-model-1801-model-1801.jpg,vehiculos/sedan,Sedan,Pierce-Arrow,Model 1801,Model 1801,pierce-arrow-model-1801-model-1801,631,PLACEHOLDER
vehiculos/sedan/pierce-arrow-model-1802-model-1802.jpg,vehiculos/sedan,Sedan,Pierce-Arrow,Model 1802,Model 1802,pierce-arrow-model-1802-model-1802,631,PLACEHOLDER
vehiculos/sedan/pierce-arrow-model-1803-model-1803.jpg,vehiculos/sedan,Sedan,Pierce-Arrow,Model 1803,Model 1803,pierce-arrow-model-1803-model-1803,631,PLACEHOLDER
vehiculos/sedan/pierce-arrow-model-36-model-36-36-hp.jpg,vehiculos/sedan,Sedan,Pierce-Arrow,Model 36,Model 36 (36 HP),pierce-arrow-model-36-model-36-36-hp,631,PLACEHOLDER
vehiculos/sedan/pierce-arrow-model-38-model-38-38-hp.jpg,vehiculos/sedan,Sedan,Pierce-Arrow,Model 38,Model 38 (38 HP),pierce-arrow-model-38-model-38-38-hp,631,PLACEHOLDER
vehiculos/sedan/pierce-arrow-model-41-model-41.jpg,vehiculos/sedan,Sedan,Pierce-Arrow,Model 41,Model 41,pierce-arrow-model-41-model-41,631,PLACEHOLDER
vehiculos/sedan/pierce-arrow-model-42-model-42.jpg,vehiculos/sedan,Sedan,Pierce-Arrow,Model 42,Model 42,pierce-arrow-model-42-model-42,631,PLACEHOLDER
vehiculos/sedan/pierce-arrow-model-43-model-43.jpg,vehiculos/sedan,Sedan,Pierce-Arrow,Model 43,Model 43,pierce-arrow-model-43-model-43,631,PLACEHOLDER
vehiculos/sedan/pierce-arrow-model-48-model-48-48-hp.jpg,vehiculos/sedan,Sedan,Pierce-Arrow,Model 48,Model 48 (48 HP),pierce-arrow-model-48-model-48-48-hp,631,PLACEHOLDER
vehiculos/sedan/pierce-arrow-model-51-model-51.jpg,vehiculos/sedan,Sedan,Pierce-Arrow,Model 51,Model 51,pierce-arrow-model-51-model-51,631,PLACEHOLDER
vehiculos/sedan/pierce-arrow-model-52-model-52.jpg,vehiculos/sedan,Sedan,Pierce-Arrow,Model 52,Model 52,pierce-arrow-model-52-model-52,631,PLACEHOLDER
vehiculos/sedan/pierce-arrow-model-53-model-53.jpg,vehiculos/sedan,Sedan,Pierce-Arrow,Model 53,Model 53,pierce-arrow-model-53-model-53,631,PLACEHOLDER
vehiculos/sedan/pierce-arrow-model-54-model-54.jpg,vehiculos/sedan,Sedan,Pierce-Arrow,Model 54,Model 54,pierce-arrow-model-54-model-54,631,PLACEHOLDER
vehiculos/sedan/pierce-arrow-model-66-model-66-66-hp.jpg,vehiculos/sedan,Sedan,Pierce-Arrow,Model 66,Model 66 (66 HP),pierce-arrow-model-66-model-66-66-hp,631,PLACEHOLDER
vehiculos/sedan/pierce-arrow-model-836-model-836.jpg,vehiculos/sedan,Sedan,Pierce-Arrow,Model 836,Model 836,pierce-arrow-model-836-model-836,631,PLACEHOLDER
vehiculos/sedan/pierce-arrow-model-836a-model-836a.jpg,vehiculos/sedan,Sedan,Pierce-Arrow,Model 836A,Model 836A,pierce-arrow-model-836a-model-836a,631,PLACEHOLDER
vehiculos/sedan/pierce-arrow-model-840-model-840-840a.jpg,vehiculos/sedan,Sedan,Pierce-Arrow,Model 840,Model 840 / 840A,pierce-arrow-model-840-model-840-840a,631,PLACEHOLDER
vehiculos/sedan/pierce-arrow-model-845-model-845.jpg,vehiculos/sedan,Sedan,Pierce-Arrow,Model 845,Model 845,pierce-arrow-model-845-model-845,631,PLACEHOLDER
vehiculos/sedan/pierce-arrow-model-a-model-a.jpg,vehiculos/sedan,Sedan,Pierce-Arrow,Model A,Model A,pierce-arrow-model-a-model-a,631,PLACEHOLDER
vehiculos/sedan/pierce-arrow-model-b-model-b.jpg,vehiculos/sedan,Sedan,Pierce-Arrow,Model B,Model B,pierce-arrow-model-b-model-b,631,PLACEHOLDER
vehiculos/sedan/pierce-arrow-model-c-model-c.jpg,vehiculos/sedan,Sedan,Pierce-Arrow,Model C,Model C,pierce-arrow-model-c-model-c,631,PLACEHOLDER
vehiculos/sedan/pierce-arrow-series-31-series-31.jpg,vehiculos/sedan,Sedan,Pierce-Arrow,Series 31,Series 31,pierce-arrow-series-31-series-31,631,PLACEHOLDER
vehiculos/sedan/pierce-arrow-series-32-series-32.jpg,vehiculos/sedan,Sedan,Pierce-Arrow,Series 32,Series 32,pierce-arrow-series-32-series-32,631,PLACEHOLDER
vehiculos/sedan/pierce-arrow-series-33-series-33.jpg,vehiculos/sedan,Sedan,Pierce-Arrow,Series 33,Series 33,pierce-arrow-series-33-series-33,631,PLACEHOLDER
vehiculos/sedan/pierce-arrow-series-36-series-36.jpg,vehiculos/sedan,Sedan,Pierce-Arrow,Series 36,Series 36,pierce-arrow-series-36-series-36,631,PLACEHOLDER
vehiculos/sedan/pierce-arrow-series-80-series-80.jpg,vehiculos/sedan,Sedan,Pierce-Arrow,Series 80,Series 80,pierce-arrow-series-80-series-80,631,PLACEHOLDER
vehiculos/sedan/pierce-arrow-series-81-series-81.jpg,vehiculos/sedan,Sedan,Pierce-Arrow,Series 81,Series 81,pierce-arrow-series-81-series-81,631,PLACEHOLDER
vehiculos/sedan/pierce-arrow-silver-arrow-silver-arrow-show-car-5-unidades.jpg,vehiculos/sedan,Sedan,Pierce-Arrow,Silver Arrow,"Silver Arrow (show car, 5 unidades)",pierce-arrow-silver-arrow-silver-arrow-show-car-5-unidades,631,PLACEHOLDER
vehiculos/sedan/plymouth-acclaim-acclaim-1989-1995-aa-body.jpg,vehiculos/sedan,Sedan,Plymouth,Acclaim,Acclaim (1989-1995) AA-body,plymouth-acclaim-acclaim-1989-1995-aa-body,631,PLACEHOLDER
vehiculos/sedan/plymouth-belvedere-belvedere-1954-1956.jpg,vehiculos/sedan,Sedan,Plymouth,Belvedere,Belvedere (1954-1956),plymouth-belvedere-belvedere-1954-1956,631,PLACEHOLDER
vehiculos/sedan/plymouth-belvedere-belvedere-1957-1959.jpg,vehiculos/sedan,Sedan,Plymouth,Belvedere,Belvedere (1957-1959),plymouth-belvedere-belvedere-1957-1959,631,PLACEHOLDER
vehiculos/sedan/plymouth-belvedere-belvedere-1960-1961.jpg,vehiculos/sedan,Sedan,Plymouth,Belvedere,Belvedere (1960-1961),plymouth-belvedere-belvedere-1960-1961,631,PLACEHOLDER
vehiculos/sedan/plymouth-belvedere-belvedere-1962-1964-b-body.jpg,vehiculos/sedan,Sedan,Plymouth,Belvedere,Belvedere (1962-1964) B-body,plymouth-belvedere-belvedere-1962-1964-b-body,631,PLACEHOLDER
vehiculos/sedan/plymouth-belvedere-belvedere-1968-1970.jpg,vehiculos/sedan,Sedan,Plymouth,Belvedere,Belvedere (1968-1970),plymouth-belvedere-belvedere-1968-1970,631,PLACEHOLDER
vehiculos/sedan/plymouth-breeze-breeze-1996-2000-ja.jpg,vehiculos/sedan,Sedan,Plymouth,Breeze,Breeze (1996-2000) JA,plymouth-breeze-breeze-1996-2000-ja,631,PLACEHOLDER
vehiculos/sedan/plymouth-cambridge-cambridge-p22-p24.jpg,vehiculos/sedan,Sedan,Plymouth,Cambridge,Cambridge (P22/P24),plymouth-cambridge-cambridge-p22-p24,631,PLACEHOLDER
vehiculos/sedan/plymouth-caravelle-caravelle-1985-1988-e-body.jpg,vehiculos/sedan,Sedan,Plymouth,Caravelle,Caravelle (1985-1988) E-body,plymouth-caravelle-caravelle-1985-1988-e-body,631,PLACEHOLDER
vehiculos/sedan/plymouth-colt-colt-1974-1978.jpg,vehiculos/sedan,Sedan,Plymouth,Colt,Colt (1974-1978),plymouth-colt-colt-1974-1978,631,PLACEHOLDER
vehiculos/sedan/plymouth-colt-colt-5a-gen-1985-1988.jpg,vehiculos/sedan,Sedan,Plymouth,Colt,Colt 5a gen (1985-1988),plymouth-colt-colt-5a-gen-1985-1988,631,PLACEHOLDER
vehiculos/sedan/plymouth-colt-colt-7a-gen-1993-1994.jpg,vehiculos/sedan,Sedan,Plymouth,Colt,Colt 7a gen (1993-1994),plymouth-colt-colt-7a-gen-1993-1994,631,PLACEHOLDER
vehiculos/sedan/plymouth-concord-concord-p22.jpg,vehiculos/sedan,Sedan,Plymouth,Concord,Concord (P22),plymouth-concord-concord-p22,631,PLACEHOLDER
vehiculos/sedan/plymouth-cranbrook-cranbrook-p23-p24.jpg,vehiculos/sedan,Sedan,Plymouth,Cranbrook,Cranbrook (P23/P24),plymouth-cranbrook-cranbrook-p23-p24,631,PLACEHOLDER
vehiculos/sedan/plymouth-cricket-cricket-1971-1973.jpg,vehiculos/sedan,Sedan,Plymouth,Cricket,Cricket (1971-1973),plymouth-cricket-cricket-1971-1973,631,PLACEHOLDER
vehiculos/sedan/plymouth-de-luxe-de-luxe-p15.jpg,vehiculos/sedan,Sedan,Plymouth,De Luxe,De Luxe P15,plymouth-de-luxe-de-luxe-p15,631,PLACEHOLDER
vehiculos/sedan/plymouth-de-luxe-de-luxe-pd-pe-p1-p12.jpg,vehiculos/sedan,Sedan,Plymouth,De Luxe,De Luxe (PD/PE/P1-P12),plymouth-de-luxe-de-luxe-pd-pe-p1-p12,631,PLACEHOLDER
vehiculos/sedan/plymouth-fury-fury-1959.jpg,vehiculos/sedan,Sedan,Plymouth,Fury,Fury (1959),plymouth-fury-fury-1959,631,PLACEHOLDER
vehiculos/sedan/plymouth-fury-fury-1960-1961.jpg,vehiculos/sedan,Sedan,Plymouth,Fury,Fury (1960-1961),plymouth-fury-fury-1960-1961,631,PLACEHOLDER
vehiculos/sedan/plymouth-fury-fury-1962-1964-b-body.jpg,vehiculos/sedan,Sedan,Plymouth,Fury,Fury (1962-1964) B-body,plymouth-fury-fury-1962-1964-b-body,631,PLACEHOLDER
vehiculos/sedan/plymouth-fury-fury-1965-1968-c-body.jpg,vehiculos/sedan,Sedan,Plymouth,Fury,Fury (1965-1968) C-body,plymouth-fury-fury-1965-1968-c-body,631,PLACEHOLDER
vehiculos/sedan/plymouth-fury-fury-1969-1973-c-body.jpg,vehiculos/sedan,Sedan,Plymouth,Fury,Fury (1969-1973) C-body,plymouth-fury-fury-1969-1973-c-body,631,PLACEHOLDER
vehiculos/sedan/plymouth-fury-fury-1974-c-body.jpg,vehiculos/sedan,Sedan,Plymouth,Fury,Fury (1974) C-body,plymouth-fury-fury-1974-c-body,631,PLACEHOLDER
vehiculos/sedan/plymouth-fury-fury-1975-1978-b-body.jpg,vehiculos/sedan,Sedan,Plymouth,Fury,Fury (1975-1978) B-body,plymouth-fury-fury-1975-1978-b-body,631,PLACEHOLDER
vehiculos/sedan/plymouth-gran-fury-gran-fury-1a-gen-1975-1977-c-body.jpg,vehiculos/sedan,Sedan,Plymouth,Gran Fury,Gran Fury 1a gen (1975-1977) C-body,plymouth-gran-fury-gran-fury-1a-gen-1975-1977-c-body,631,PLACEHOLDER
vehiculos/sedan/plymouth-gran-fury-gran-fury-2a-gen-1980-1981-r-body.jpg,vehiculos/sedan,Sedan,Plymouth,Gran Fury,Gran Fury 2a gen (1980-1981) R-body,plymouth-gran-fury-gran-fury-2a-gen-1980-1981-r-body,631,PLACEHOLDER
vehiculos/sedan/plymouth-gran-fury-gran-fury-3a-gen-1982-1989-m-body.jpg,vehiculos/sedan,Sedan,Plymouth,Gran Fury,Gran Fury 3a gen (1982-1989) M-body,plymouth-gran-fury-gran-fury-3a-gen-1982-1989-m-body,631,PLACEHOLDER
vehiculos/sedan/plymouth-neon-neon-1a-gen-1995-1999-pl.jpg,vehiculos/sedan,Sedan,Plymouth,Neon,Neon 1a gen (1995-1999) PL,plymouth-neon-neon-1a-gen-1995-1999-pl,631,PLACEHOLDER
vehiculos/sedan/plymouth-plaza-plaza-1954-1956.jpg,vehiculos/sedan,Sedan,Plymouth,Plaza,Plaza (1954-1956),plymouth-plaza-plaza-1954-1956,631,PLACEHOLDER
vehiculos/sedan/plymouth-plaza-plaza-1957-1958.jpg,vehiculos/sedan,Sedan,Plymouth,Plaza,Plaza (1957-1958),plymouth-plaza-plaza-1957-1958,631,PLACEHOLDER
vehiculos/sedan/plymouth-reliant-reliant-k-1981-1989.jpg,vehiculos/sedan,Sedan,Plymouth,Reliant,Reliant K (1981-1989),plymouth-reliant-reliant-k-1981-1989,631,PLACEHOLDER
vehiculos/sedan/plymouth-satellite-satellite-3a-gen-1971-1974.jpg,vehiculos/sedan,Sedan,Plymouth,Satellite,Satellite 3a gen (1971-1974),plymouth-satellite-satellite-3a-gen-1971-1974,631,PLACEHOLDER
vehiculos/sedan/plymouth-savoy-savoy-1954-1956.jpg,vehiculos/sedan,Sedan,Plymouth,Savoy,Savoy (1954-1956),plymouth-savoy-savoy-1954-1956,631,PLACEHOLDER
vehiculos/sedan/plymouth-savoy-savoy-1957-1959.jpg,vehiculos/sedan,Sedan,Plymouth,Savoy,Savoy (1957-1959),plymouth-savoy-savoy-1957-1959,631,PLACEHOLDER
vehiculos/sedan/plymouth-savoy-savoy-1960-1964.jpg,vehiculos/sedan,Sedan,Plymouth,Savoy,Savoy (1960-1964),plymouth-savoy-savoy-1960-1964,631,PLACEHOLDER
vehiculos/sedan/plymouth-valiant-valiant-1a-gen-1960-1962.jpg,vehiculos/sedan,Sedan,Plymouth,Valiant,Valiant 1a gen (1960-1962),plymouth-valiant-valiant-1a-gen-1960-1962,631,PLACEHOLDER
vehiculos/sedan/plymouth-valiant-valiant-2a-gen-1963-1966.jpg,vehiculos/sedan,Sedan,Plymouth,Valiant,Valiant 2a gen (1963-1966),plymouth-valiant-valiant-2a-gen-1963-1966,631,PLACEHOLDER
vehiculos/sedan/plymouth-valiant-valiant-3a-gen-1967-1973.jpg,vehiculos/sedan,Sedan,Plymouth,Valiant,Valiant 3a gen (1967-1973),plymouth-valiant-valiant-3a-gen-1967-1973,631,PLACEHOLDER
vehiculos/sedan/plymouth-valiant-valiant-4a-gen-1974-1976.jpg,vehiculos/sedan,Sedan,Plymouth,Valiant,Valiant 4a gen (1974-1976),plymouth-valiant-valiant-4a-gen-1974-1976,631,PLACEHOLDER
vehiculos/sedan/plymouth-volare-volare-1976-1980-f-body.jpg,vehiculos/sedan,Sedan,Plymouth,Volare,Volare (1976-1980) F-body,plymouth-volare-volare-1976-1980-f-body,631,PLACEHOLDER
vehiculos/sedan/polski-fiat-125p-125p.jpg,vehiculos/sedan,Sedan,Polski Fiat,125p,125p,polski-fiat-125p-125p,631,PLACEHOLDER
vehiculos/sedan/polski-fiat-126p-126-el-elx.jpg,vehiculos/sedan,Sedan,Polski Fiat,126p,126 EL / ELX,polski-fiat-126p-126-el-elx,631,PLACEHOLDER
vehiculos/sedan/polski-fiat-126p-126p-600.jpg,vehiculos/sedan,Sedan,Polski Fiat,126p,126p (600),polski-fiat-126p-126p-600,631,PLACEHOLDER
vehiculos/sedan/polski-fiat-126p-126p-650.jpg,vehiculos/sedan,Sedan,Polski Fiat,126p,126p (650),polski-fiat-126p-126p-650,631,PLACEHOLDER
vehiculos/sedan/polski-fiat-126p-126p-fl.jpg,vehiculos/sedan,Sedan,Polski Fiat,126p,126p FL,polski-fiat-126p-126p-fl,631,PLACEHOLDER
vehiculos/sedan/polski-fiat-508-508-ii.jpg,vehiculos/sedan,Sedan,Polski Fiat,508,508 II,polski-fiat-508-508-ii,631,PLACEHOLDER
vehiculos/sedan/polski-fiat-508-508-iii-junak.jpg,vehiculos/sedan,Sedan,Polski Fiat,508,508 III Junak,polski-fiat-508-508-iii-junak,631,PLACEHOLDER
vehiculos/sedan/polski-fiat-518-mazur-518-mazur.jpg,vehiculos/sedan,Sedan,Polski Fiat,518 Mazur,518 Mazur,polski-fiat-518-mazur-518-mazur,631,PLACEHOLDER
vehiculos/sedan/pontiac-6000-a-body-1982-1991.jpg,vehiculos/sedan,Sedan,Pontiac,6000,A-body (1982-1991),pontiac-6000-a-body-1982-1991,631,PLACEHOLDER
vehiculos/sedan/pontiac-bonneville-8a-gen-h-body-1987-1991.jpg,vehiculos/sedan,Sedan,Pontiac,Bonneville,8a gen H-body (1987-1991),pontiac-bonneville-8a-gen-h-body-1987-1991,631,PLACEHOLDER
vehiculos/sedan/pontiac-bonneville-9a-gen-h-body-1992-1999.jpg,vehiculos/sedan,Sedan,Pontiac,Bonneville,9a gen H-body (1992-1999),pontiac-bonneville-9a-gen-h-body-1992-1999,631,PLACEHOLDER
vehiculos/sedan/pontiac-grand-am-3a-gen-n-body-1985-1991.jpg,vehiculos/sedan,Sedan,Pontiac,Grand Am,3a gen N-body (1985-1991),pontiac-grand-am-3a-gen-n-body-1985-1991,631,PLACEHOLDER
vehiculos/sedan/pontiac-grand-am-4a-gen-n-body-1992-1998.jpg,vehiculos/sedan,Sedan,Pontiac,Grand Am,4a gen N-body (1992-1998),pontiac-grand-am-4a-gen-n-body-1992-1998,631,PLACEHOLDER
vehiculos/sedan/pontiac-lemans-6a-gen-daewoo-1988-1993.jpg,vehiculos/sedan,Sedan,Pontiac,LeMans,"6a gen (Daewoo, 1988-1993)",pontiac-lemans-6a-gen-daewoo-1988-1993,631,PLACEHOLDER
vehiculos/sedan/pontiac-parisienne-b-body-1983-1986.jpg,vehiculos/sedan,Sedan,Pontiac,Parisienne,B-body (1983-1986),pontiac-parisienne-b-body-1983-1986,631,PLACEHOLDER
vehiculos/sedan/pontiac-phoenix-1a-gen-x-body-rwd-1977-1979.jpg,vehiculos/sedan,Sedan,Pontiac,Phoenix,1a gen X-body RWD (1977-1979),pontiac-phoenix-1a-gen-x-body-rwd-1977-1979,631,PLACEHOLDER
vehiculos/sedan/pontiac-phoenix-2a-gen-x-body-fwd-1980-1984.jpg,vehiculos/sedan,Sedan,Pontiac,Phoenix,2a gen X-body FWD (1980-1984),pontiac-phoenix-2a-gen-x-body-fwd-1980-1984,631,PLACEHOLDER
vehiculos/sedan/prince-gloria-a30-3a-gen.jpg,vehiculos/sedan,Sedan,Prince,Gloria,A30 (3a gen),prince-gloria-a30-3a-gen,631,PLACEHOLDER
vehiculos/sedan/prince-gloria-blsip-1-1a-gen.jpg,vehiculos/sedan,Sedan,Prince,Gloria,BLSIP-1 (1a gen),prince-gloria-blsip-1-1a-gen,631,PLACEHOLDER
vehiculos/sedan/prince-gloria-blsip-2-1a-gen.jpg,vehiculos/sedan,Sedan,Prince,Gloria,BLSIP-2 (1a gen),prince-gloria-blsip-2-1a-gen,631,PLACEHOLDER
vehiculos/sedan/prince-gloria-blsip-3-1a-gen.jpg,vehiculos/sedan,Sedan,Prince,Gloria,BLSIP-3 (1a gen),prince-gloria-blsip-3-1a-gen,631,PLACEHOLDER
vehiculos/sedan/prince-gloria-s40-2a-gen.jpg,vehiculos/sedan,Sedan,Prince,Gloria,S40 (2a gen),prince-gloria-s40-2a-gen,631,PLACEHOLDER
vehiculos/sedan/prince-gloria-super-6-s41-2a-gen.jpg,vehiculos/sedan,Sedan,Prince,Gloria Super 6,S41 (2a gen),prince-gloria-super-6-s41-2a-gen,631,PLACEHOLDER
vehiculos/sedan/prince-grand-gloria-s44-2a-gen.jpg,vehiculos/sedan,Sedan,Prince,Grand Gloria,S44 (2a gen),prince-grand-gloria-s44-2a-gen,631,PLACEHOLDER
vehiculos/sedan/prince-prince-sedan-aish-1.jpg,vehiculos/sedan,Sedan,Prince,Prince Sedan,AISH-1,prince-prince-sedan-aish-1,631,PLACEHOLDER
vehiculos/sedan/prince-prince-sedan-aish-2.jpg,vehiculos/sedan,Sedan,Prince,Prince Sedan,AISH-2,prince-prince-sedan-aish-2,631,PLACEHOLDER
vehiculos/sedan/prince-prince-sedan-aish-3.jpg,vehiculos/sedan,Sedan,Prince,Prince Sedan,AISH-3,prince-prince-sedan-aish-3,631,PLACEHOLDER
vehiculos/sedan/prince-prince-sedan-aish-4.jpg,vehiculos/sedan,Sedan,Prince,Prince Sedan,AISH-4,prince-prince-sedan-aish-4,631,PLACEHOLDER
vehiculos/sedan/prince-prince-sedan-aish-5.jpg,vehiculos/sedan,Sedan,Prince,Prince Sedan,AISH-5,prince-prince-sedan-aish-5,631,PLACEHOLDER
vehiculos/sedan/prince-prince-sedan-aish-6.jpg,vehiculos/sedan,Sedan,Prince,Prince Sedan,AISH-6,prince-prince-sedan-aish-6,631,PLACEHOLDER
vehiculos/sedan/prince-skyline-2000-gt-s54-2a-gen.jpg,vehiculos/sedan,Sedan,Prince,Skyline 2000 GT,S54 (2a gen),prince-skyline-2000-gt-s54-2a-gen,631,PLACEHOLDER
vehiculos/sedan/prince-skyline-alsi-1-1a-gen.jpg,vehiculos/sedan,Sedan,Prince,Skyline,ALSI-1 (1a gen),prince-skyline-alsi-1-1a-gen,631,PLACEHOLDER
vehiculos/sedan/prince-skyline-alsi-2-1a-gen.jpg,vehiculos/sedan,Sedan,Prince,Skyline,ALSI-2 (1a gen),prince-skyline-alsi-2-1a-gen,631,PLACEHOLDER
vehiculos/sedan/prince-skyline-blsi-3-1a-gen.jpg,vehiculos/sedan,Sedan,Prince,Skyline,BLSI-3 (1a gen),prince-skyline-blsi-3-1a-gen,631,PLACEHOLDER
vehiculos/sedan/prince-skyline-s21-1a-gen.jpg,vehiculos/sedan,Sedan,Prince,Skyline,S21 (1a gen),prince-skyline-s21-1a-gen,631,PLACEHOLDER
vehiculos/sedan/prince-skyline-s50-2a-gen.jpg,vehiculos/sedan,Sedan,Prince,Skyline,S50 (2a gen),prince-skyline-s50-2a-gen,631,PLACEHOLDER
vehiculos/sedan/prince-skyline-s56se-2a-gen-exportacion.jpg,vehiculos/sedan,Sedan,Prince,Skyline,"S56SE (2a gen, exportacion)",prince-skyline-s56se-2a-gen-exportacion,631,PLACEHOLDER
vehiculos/sedan/prince-skyline-s57-2a-gen.jpg,vehiculos/sedan,Sedan,Prince,Skyline,S57 (2a gen),prince-skyline-s57-2a-gen,631,PLACEHOLDER
vehiculos/sedan/puch-alpenwagen-type-viii-14-38-ps.jpg,vehiculos/sedan,Sedan,Puch,Alpenwagen,Type VIII (14/38 PS),puch-alpenwagen-type-viii-14-38-ps,631,PLACEHOLDER
vehiculos/sedan/puch-alpenwagen-type-xii-6-20-ps.jpg,vehiculos/sedan,Sedan,Puch,Alpenwagen,Type XII (6/20 PS),puch-alpenwagen-type-xii-6-20-ps,631,PLACEHOLDER
vehiculos/sedan/rambler-ambassador-1-gen-1958-1959.jpg,vehiculos/sedan,Sedan,Rambler,Ambassador,1ª gen (1958-1959),rambler-ambassador-1-gen-1958-1959,631,PLACEHOLDER
vehiculos/sedan/rambler-ambassador-2-gen-1960-1961.jpg,vehiculos/sedan,Sedan,Rambler,Ambassador,2ª gen (1960-1961),rambler-ambassador-2-gen-1960-1961,631,PLACEHOLDER
vehiculos/sedan/rambler-ambassador-3-gen-1962.jpg,vehiculos/sedan,Sedan,Rambler,Ambassador,3ª gen (1962),rambler-ambassador-3-gen-1962,631,PLACEHOLDER
vehiculos/sedan/rambler-ambassador-4-gen-1963-1964.jpg,vehiculos/sedan,Sedan,Rambler,Ambassador,4ª gen (1963-1964),rambler-ambassador-4-gen-1963-1964,631,PLACEHOLDER
vehiculos/sedan/rambler-ambassador-5-gen-1965-ultimo-con-badge-rambler.jpg,vehiculos/sedan,Sedan,Rambler,Ambassador,"5ª gen (1965, ultimo con badge Rambler)",rambler-ambassador-5-gen-1965-ultimo-con-badge-rambler,631,PLACEHOLDER
vehiculos/sedan/rambler-american-1-gen-1958-1960.jpg,vehiculos/sedan,Sedan,Rambler,American,1ª gen (1958-1960),rambler-american-1-gen-1958-1960,631,PLACEHOLDER
vehiculos/sedan/rambler-american-2-gen-1961-1963.jpg,vehiculos/sedan,Sedan,Rambler,American,2ª gen (1961-1963),rambler-american-2-gen-1961-1963,631,PLACEHOLDER
vehiculos/sedan/rambler-american-3-gen-1964-1969.jpg,vehiculos/sedan,Sedan,Rambler,American,3ª gen (1964-1969),rambler-american-3-gen-1964-1969,631,PLACEHOLDER
vehiculos/sedan/rambler-classic-1-gen-1961-1962.jpg,vehiculos/sedan,Sedan,Rambler,Classic,1ª gen (1961-1962),rambler-classic-1-gen-1961-1962,631,PLACEHOLDER
vehiculos/sedan/rambler-classic-2-gen-1963-1964.jpg,vehiculos/sedan,Sedan,Rambler,Classic,2ª gen (1963-1964),rambler-classic-2-gen-1963-1964,631,PLACEHOLDER
vehiculos/sedan/rambler-classic-3-gen-1965-1966.jpg,vehiculos/sedan,Sedan,Rambler,Classic,3ª gen (1965-1966),rambler-classic-3-gen-1965-1966,631,PLACEHOLDER
vehiculos/sedan/rambler-hornet-rambler-hornet-australia-ami.jpg,vehiculos/sedan,Sedan,Rambler,Hornet,"Rambler Hornet (Australia, AMI)",rambler-hornet-rambler-hornet-australia-ami,631,PLACEHOLDER
vehiculos/sedan/rambler-rambler-nash-rambler-1-gen.jpg,vehiculos/sedan,Sedan,Rambler,Rambler,Nash Rambler (1ª gen),rambler-rambler-nash-rambler-1-gen,631,PLACEHOLDER
vehiculos/sedan/rambler-rambler-six-serie-1956-1960.jpg,vehiculos/sedan,Sedan,Rambler,Rambler Six,Serie 1956-1960,rambler-rambler-six-serie-1956-1960,631,PLACEHOLDER
vehiculos/sedan/rambler-rambler-v8-serie-1957-1960.jpg,vehiculos/sedan,Sedan,Rambler,Rambler V8,Serie 1957-1960,rambler-rambler-v8-serie-1957-1960,631,PLACEHOLDER
vehiculos/sedan/rambler-rebel-rambler-rebel-1967.jpg,vehiculos/sedan,Sedan,Rambler,Rebel,Rambler Rebel (1967),rambler-rebel-rambler-rebel-1967,631,PLACEHOLDER
vehiculos/sedan/rambler-rebel-rambler-rebel-australia-ami.jpg,vehiculos/sedan,Sedan,Rambler,Rebel,"Rambler Rebel (Australia, AMI)",rambler-rebel-rambler-rebel-australia-ami,631,PLACEHOLDER
vehiculos/sedan/rambler-rebel-rebel-1957-4-door-hardtop.jpg,vehiculos/sedan,Sedan,Rambler,Rebel,Rebel 1957 (4-door hardtop),rambler-rebel-rebel-1957-4-door-hardtop,631,PLACEHOLDER
vehiculos/sedan/reliant-kitten-kitten.jpg,vehiculos/sedan,Sedan,Reliant,Kitten,Kitten,reliant-kitten-kitten,631,PLACEHOLDER
vehiculos/sedan/reliant-rebel-rebel-600.jpg,vehiculos/sedan,Sedan,Reliant,Rebel,Rebel 600,reliant-rebel-rebel-600,631,PLACEHOLDER
vehiculos/sedan/reliant-rebel-rebel-700.jpg,vehiculos/sedan,Sedan,Reliant,Rebel,Rebel 700,reliant-rebel-rebel-700,631,PLACEHOLDER
vehiculos/sedan/reliant-rebel-rebel-750.jpg,vehiculos/sedan,Sedan,Reliant,Rebel,Rebel 750,reliant-rebel-rebel-750,631,PLACEHOLDER
vehiculos/sedan/renault-10-r10.jpg,vehiculos/sedan,Sedan,Renault,10,R10,renault-10-r10,631,PLACEHOLDER
vehiculos/sedan/renault-12-r12-gordini.jpg,vehiculos/sedan,Sedan,Renault,12,R12 Gordini,renault-12-r12-gordini,631,PLACEHOLDER
vehiculos/sedan/renault-12-r12.jpg,vehiculos/sedan,Sedan,Renault,12,R12,renault-12-r12,631,PLACEHOLDER
vehiculos/sedan/renault-18-r18-turbo.jpg,vehiculos/sedan,Sedan,Renault,18,R18 Turbo,renault-18-r18-turbo,631,PLACEHOLDER
vehiculos/sedan/renault-18-r18.jpg,vehiculos/sedan,Sedan,Renault,18,R18,renault-18-r18,631,PLACEHOLDER
vehiculos/sedan/renault-19-r19-chamade-diesel.jpg,vehiculos/sedan,Sedan,Renault,19,R19 Chamade Diesel,renault-19-r19-chamade-diesel,631,PLACEHOLDER
vehiculos/sedan/renault-21-r21-2l-turbo-quadra.jpg,vehiculos/sedan,Sedan,Renault,21,R21 2L Turbo Quadra,renault-21-r21-2l-turbo-quadra,631,PLACEHOLDER
vehiculos/sedan/renault-21-r21.jpg,vehiculos/sedan,Sedan,Renault,21,R21,renault-21-r21,631,PLACEHOLDER
vehiculos/sedan/renault-4cv-4cv.jpg,vehiculos/sedan,Sedan,Renault,4CV,4CV,renault-4cv-4cv,631,PLACEHOLDER
vehiculos/sedan/renault-8-r8-gordini.jpg,vehiculos/sedan,Sedan,Renault,8,R8 Gordini,renault-8-r8-gordini,631,PLACEHOLDER
vehiculos/sedan/renault-8-r8.jpg,vehiculos/sedan,Sedan,Renault,8,R8,renault-8-r8,631,PLACEHOLDER
vehiculos/sedan/renault-9-r9.jpg,vehiculos/sedan,Sedan,Renault,9,R9,renault-9-r9,631,PLACEHOLDER
vehiculos/sedan/renault-dauphine-dauphine-gordini.jpg,vehiculos/sedan,Sedan,Renault,Dauphine,Dauphine Gordini,renault-dauphine-dauphine-gordini,631,PLACEHOLDER
vehiculos/sedan/renault-dauphine-dauphine.jpg,vehiculos/sedan,Sedan,Renault,Dauphine,Dauphine,renault-dauphine-dauphine,631,PLACEHOLDER
vehiculos/sedan/renault-fregate-fregate.jpg,vehiculos/sedan,Sedan,Renault,Fregate,Fregate,renault-fregate-fregate,631,PLACEHOLDER
vehiculos/sedan/riley-12-4-1-litre-12-4.jpg,vehiculos/sedan,Sedan,Riley,12/4 (1½-Litre),12/4,riley-12-4-1-litre-12-4,631,PLACEHOLDER
vehiculos/sedan/riley-12-6-12-6-six.jpg,vehiculos/sedan,Sedan,Riley,12/6,12/6 (Six),riley-12-6-12-6-six,631,PLACEHOLDER
vehiculos/sedan/riley-1300-riley-1300-mk-ii-ado16.jpg,vehiculos/sedan,Sedan,Riley,1300,Riley 1300 Mk II (ADO16),riley-1300-riley-1300-mk-ii-ado16,631,PLACEHOLDER
vehiculos/sedan/riley-14-6-14-6-six.jpg,vehiculos/sedan,Sedan,Riley,14/6,14/6 (Six),riley-14-6-14-6-six,631,PLACEHOLDER
vehiculos/sedan/riley-15-6-15-6-six.jpg,vehiculos/sedan,Sedan,Riley,15/6,15/6 (Six),riley-15-6-15-6-six,631,PLACEHOLDER
vehiculos/sedan/riley-16-big-four-riley-16.jpg,vehiculos/sedan,Sedan,Riley,16 (Big Four),Riley 16,riley-16-big-four-riley-16,631,PLACEHOLDER
vehiculos/sedan/riley-4-seventy-two-4-72-farina.jpg,vehiculos/sedan,Sedan,Riley,4/Seventy-Two,4/72 (Farina),riley-4-seventy-two-4-72-farina,631,PLACEHOLDER
vehiculos/sedan/riley-4-sixty-eight-4-68-farina.jpg,vehiculos/sedan,Sedan,Riley,4/Sixty-Eight,4/68 (Farina),riley-4-sixty-eight-4-68-farina,631,PLACEHOLDER
vehiculos/sedan/riley-8-90-8-90-v8.jpg,vehiculos/sedan,Sedan,Riley,8/90,8/90 (V8),riley-8-90-8-90-v8,631,PLACEHOLDER
vehiculos/sedan/riley-eleven-eleven-108-hp.jpg,vehiculos/sedan,Sedan,Riley,Eleven,Eleven (10.8 hp),riley-eleven-eleven-108-hp,631,PLACEHOLDER
vehiculos/sedan/riley-elf-elf-mk-i.jpg,vehiculos/sedan,Sedan,Riley,Elf,Elf Mk I,riley-elf-elf-mk-i,631,PLACEHOLDER
vehiculos/sedan/riley-elf-elf-mk-ii.jpg,vehiculos/sedan,Sedan,Riley,Elf,Elf Mk II,riley-elf-elf-mk-ii,631,PLACEHOLDER
vehiculos/sedan/riley-elf-elf-mk-iii.jpg,vehiculos/sedan,Sedan,Riley,Elf,Elf Mk III,riley-elf-elf-mk-iii,631,PLACEHOLDER
vehiculos/sedan/riley-kestrel-kestrel-1100-ado16-mk-i.jpg,vehiculos/sedan,Sedan,Riley,Kestrel,Kestrel 1100 (ADO16 Mk I),riley-kestrel-kestrel-1100-ado16-mk-i,631,PLACEHOLDER
vehiculos/sedan/riley-kestrel-kestrel-1300-ado16-mk-i.jpg,vehiculos/sedan,Sedan,Riley,Kestrel,Kestrel 1300 (ADO16 Mk I),riley-kestrel-kestrel-1300-ado16-mk-i,631,PLACEHOLDER
vehiculos/sedan/riley-nine-riley-nine.jpg,vehiculos/sedan,Sedan,Riley,Nine,Riley Nine,riley-nine-riley-nine,631,PLACEHOLDER
vehiculos/sedan/riley-one-point-five-one-point-five.jpg,vehiculos/sedan,Sedan,Riley,One-Point-Five,One-Point-Five,riley-one-point-five-one-point-five,631,PLACEHOLDER
vehiculos/sedan/riley-pathfinder-rmh-pathfinder.jpg,vehiculos/sedan,Sedan,Riley,Pathfinder,RMH Pathfinder,riley-pathfinder-rmh-pathfinder,631,PLACEHOLDER
vehiculos/sedan/riley-rma-rma-1-litre.jpg,vehiculos/sedan,Sedan,Riley,RMA,RMA (1½-Litre),riley-rma-rma-1-litre,631,PLACEHOLDER
vehiculos/sedan/riley-rmb-rmb-2-litre.jpg,vehiculos/sedan,Sedan,Riley,RMB,RMB (2½-Litre),riley-rmb-rmb-2-litre,631,PLACEHOLDER
vehiculos/sedan/riley-rme-rme-1-litre.jpg,vehiculos/sedan,Sedan,Riley,RME,RME (1½-Litre),riley-rme-rme-1-litre,631,PLACEHOLDER
vehiculos/sedan/riley-rmf-rmf-2-litre.jpg,vehiculos/sedan,Sedan,Riley,RMF,RMF (2½-Litre),riley-rmf-rmf-2-litre,631,PLACEHOLDER
vehiculos/sedan/riley-twelve-1-litre-riley-12-1939.jpg,vehiculos/sedan,Sedan,Riley,Twelve (1½-Litre),Riley 12 (1939),riley-twelve-1-litre-riley-12-1939,631,PLACEHOLDER
vehiculos/sedan/riley-twelve-twelve-side-valve.jpg,vehiculos/sedan,Sedan,Riley,Twelve,Twelve (side-valve),riley-twelve-twelve-side-valve,631,PLACEHOLDER
vehiculos/sedan/riley-two-point-six-two-point-six.jpg,vehiculos/sedan,Sedan,Riley,Two-Point-Six,Two-Point-Six,riley-two-point-six-two-point-six,631,PLACEHOLDER
vehiculos/sedan/rolls-royce-20-25-20-25.jpg,vehiculos/sedan,Sedan,Rolls-Royce,20/25,20/25,rolls-royce-20-25-20-25,631,PLACEHOLDER
vehiculos/sedan/rolls-royce-25-30-25-30.jpg,vehiculos/sedan,Sedan,Rolls-Royce,25/30,25/30,rolls-royce-25-30-25-30,631,PLACEHOLDER
vehiculos/sedan/rolls-royce-40-50-silver-ghost-silver-ghost.jpg,vehiculos/sedan,Sedan,Rolls-Royce,40/50 Silver Ghost,Silver Ghost,rolls-royce-40-50-silver-ghost-silver-ghost,631,PLACEHOLDER
vehiculos/sedan/rolls-royce-flying-spur-silver-spur-flying-spur.jpg,vehiculos/sedan,Sedan,Rolls-Royce,Flying Spur,Silver Spur (Flying Spur),rolls-royce-flying-spur-silver-spur-flying-spur,631,PLACEHOLDER
vehiculos/sedan/rolls-royce-park-ward-park-ward-limousine.jpg,vehiculos/sedan,Sedan,Rolls-Royce,Park Ward,Park Ward Limousine,rolls-royce-park-ward-park-ward-limousine,631,PLACEHOLDER
vehiculos/sedan/rolls-royce-phantom-phantom-i.jpg,vehiculos/sedan,Sedan,Rolls-Royce,Phantom,Phantom I,rolls-royce-phantom-phantom-i,631,PLACEHOLDER
vehiculos/sedan/rolls-royce-phantom-phantom-ii.jpg,vehiculos/sedan,Sedan,Rolls-Royce,Phantom,Phantom II,rolls-royce-phantom-phantom-ii,631,PLACEHOLDER
vehiculos/sedan/rolls-royce-phantom-phantom-iii.jpg,vehiculos/sedan,Sedan,Rolls-Royce,Phantom,Phantom III,rolls-royce-phantom-phantom-iii,631,PLACEHOLDER
vehiculos/sedan/rolls-royce-phantom-phantom-iv.jpg,vehiculos/sedan,Sedan,Rolls-Royce,Phantom,Phantom IV,rolls-royce-phantom-phantom-iv,631,PLACEHOLDER
vehiculos/sedan/rolls-royce-phantom-phantom-v.jpg,vehiculos/sedan,Sedan,Rolls-Royce,Phantom,Phantom V,rolls-royce-phantom-phantom-v,631,PLACEHOLDER
vehiculos/sedan/rolls-royce-phantom-phantom-vi.jpg,vehiculos/sedan,Sedan,Rolls-Royce,Phantom,Phantom VI,rolls-royce-phantom-phantom-vi,631,PLACEHOLDER
vehiculos/sedan/rolls-royce-silver-cloud-silver-cloud-i.jpg,vehiculos/sedan,Sedan,Rolls-Royce,Silver Cloud,Silver Cloud I,rolls-royce-silver-cloud-silver-cloud-i,631,PLACEHOLDER
vehiculos/sedan/rolls-royce-silver-cloud-silver-cloud-ii.jpg,vehiculos/sedan,Sedan,Rolls-Royce,Silver Cloud,Silver Cloud II,rolls-royce-silver-cloud-silver-cloud-ii,631,PLACEHOLDER
vehiculos/sedan/rolls-royce-silver-cloud-silver-cloud-iii.jpg,vehiculos/sedan,Sedan,Rolls-Royce,Silver Cloud,Silver Cloud III,rolls-royce-silver-cloud-silver-cloud-iii,631,PLACEHOLDER
vehiculos/sedan/rolls-royce-silver-dawn-silver-dawn-1a-gen.jpg,vehiculos/sedan,Sedan,Rolls-Royce,Silver Dawn,Silver Dawn (1a gen.),rolls-royce-silver-dawn-silver-dawn-1a-gen,631,PLACEHOLDER
vehiculos/sedan/rolls-royce-silver-dawn-silver-dawn-revival.jpg,vehiculos/sedan,Sedan,Rolls-Royce,Silver Dawn,Silver Dawn (revival),rolls-royce-silver-dawn-silver-dawn-revival,631,PLACEHOLDER
vehiculos/sedan/rolls-royce-silver-shadow-silver-shadow-i.jpg,vehiculos/sedan,Sedan,Rolls-Royce,Silver Shadow,Silver Shadow I,rolls-royce-silver-shadow-silver-shadow-i,631,PLACEHOLDER
vehiculos/sedan/rolls-royce-silver-shadow-silver-shadow-ii.jpg,vehiculos/sedan,Sedan,Rolls-Royce,Silver Shadow,Silver Shadow II,rolls-royce-silver-shadow-silver-shadow-ii,631,PLACEHOLDER
vehiculos/sedan/rolls-royce-silver-spirit-new-silver-spirit-mk-iv.jpg,vehiculos/sedan,Sedan,Rolls-Royce,Silver Spirit,New Silver Spirit (Mk IV),rolls-royce-silver-spirit-new-silver-spirit-mk-iv,631,PLACEHOLDER
vehiculos/sedan/rolls-royce-silver-spirit-silver-spirit-i.jpg,vehiculos/sedan,Sedan,Rolls-Royce,Silver Spirit,Silver Spirit I,rolls-royce-silver-spirit-silver-spirit-i,631,PLACEHOLDER
vehiculos/sedan/rolls-royce-silver-spirit-silver-spirit-ii.jpg,vehiculos/sedan,Sedan,Rolls-Royce,Silver Spirit,Silver Spirit II,rolls-royce-silver-spirit-silver-spirit-ii,631,PLACEHOLDER
vehiculos/sedan/rolls-royce-silver-spirit-silver-spirit-iii.jpg,vehiculos/sedan,Sedan,Rolls-Royce,Silver Spirit,Silver Spirit III,rolls-royce-silver-spirit-silver-spirit-iii,631,PLACEHOLDER
vehiculos/sedan/rolls-royce-silver-spur-new-silver-spur-mk-iv.jpg,vehiculos/sedan,Sedan,Rolls-Royce,Silver Spur,New Silver Spur (Mk IV),rolls-royce-silver-spur-new-silver-spur-mk-iv,631,PLACEHOLDER
vehiculos/sedan/rolls-royce-silver-spur-silver-spur-i.jpg,vehiculos/sedan,Sedan,Rolls-Royce,Silver Spur,Silver Spur I,rolls-royce-silver-spur-silver-spur-i,631,PLACEHOLDER
vehiculos/sedan/rolls-royce-silver-spur-silver-spur-ii.jpg,vehiculos/sedan,Sedan,Rolls-Royce,Silver Spur,Silver Spur II,rolls-royce-silver-spur-silver-spur-ii,631,PLACEHOLDER
vehiculos/sedan/rolls-royce-silver-spur-silver-spur-iii.jpg,vehiculos/sedan,Sedan,Rolls-Royce,Silver Spur,Silver Spur III,rolls-royce-silver-spur-silver-spur-iii,631,PLACEHOLDER
vehiculos/sedan/rolls-royce-silver-wraith-ii-silver-wraith-ii.jpg,vehiculos/sedan,Sedan,Rolls-Royce,Silver Wraith II,Silver Wraith II,rolls-royce-silver-wraith-ii-silver-wraith-ii,631,PLACEHOLDER
vehiculos/sedan/rolls-royce-silver-wraith-silver-wraith.jpg,vehiculos/sedan,Sedan,Rolls-Royce,Silver Wraith,Silver Wraith,rolls-royce-silver-wraith-silver-wraith,631,PLACEHOLDER
vehiculos/sedan/rolls-royce-twenty-20-hp.jpg,vehiculos/sedan,Sedan,Rolls-Royce,Twenty,20 hp,rolls-royce-twenty-20-hp,631,PLACEHOLDER
vehiculos/sedan/rolls-royce-wraith-wraith.jpg,vehiculos/sedan,Sedan,Rolls-Royce,Wraith,Wraith,rolls-royce-wraith-wraith,631,PLACEHOLDER
vehiculos/sedan/rosengart-ariette-ariette.jpg,vehiculos/sedan,Sedan,Rosengart,Ariette,Ariette,rosengart-ariette-ariette,631,PLACEHOLDER
vehiculos/sedan/rosengart-artisane-artisane.jpg,vehiculos/sedan,Sedan,Rosengart,Artisane,Artisane,rosengart-artisane-artisane,631,PLACEHOLDER
vehiculos/sedan/rosengart-lr2-lr2.jpg,vehiculos/sedan,Sedan,Rosengart,LR2,LR2,rosengart-lr2-lr2,631,PLACEHOLDER
vehiculos/sedan/rosengart-lr4-lr4-cinq.jpg,vehiculos/sedan,Sedan,Rosengart,LR4,LR4 (Cinq),rosengart-lr4-lr4-cinq,631,PLACEHOLDER
vehiculos/sedan/rosengart-lr4-lr44-47-batalla-larga-2-35-m.jpg,vehiculos/sedan,Sedan,Rosengart,LR4,"LR44/47 (batalla larga 2,35 m)",rosengart-lr4-lr44-47-batalla-larga-2-35-m,631,PLACEHOLDER
vehiculos/sedan/rosengart-lr4-lr45-batalla-larga-2-60-m.jpg,vehiculos/sedan,Sedan,Rosengart,LR4,"LR45 (batalla larga 2,60 m)",rosengart-lr4-lr45-batalla-larga-2-60-m,631,PLACEHOLDER
vehiculos/sedan/rosengart-lr6-lr6.jpg,vehiculos/sedan,Sedan,Rosengart,LR6,LR6,rosengart-lr6-lr6,631,PLACEHOLDER
vehiculos/sedan/rosengart-supercinq-lr4-n2.jpg,vehiculos/sedan,Sedan,Rosengart,Supercinq,LR4 N2,rosengart-supercinq-lr4-n2,631,PLACEHOLDER
vehiculos/sedan/rosengart-supercinq-lr4-r1.jpg,vehiculos/sedan,Sedan,Rosengart,Supercinq,LR4 R1,rosengart-supercinq-lr4-r1,631,PLACEHOLDER
vehiculos/sedan/rosengart-supersept-supersept-sutosix.jpg,vehiculos/sedan,Sedan,Rosengart,Supersept,Supersept (Sutosix),rosengart-supersept-supersept-sutosix,631,PLACEHOLDER
vehiculos/sedan/rosengart-supertraction-lr500.jpg,vehiculos/sedan,Sedan,Rosengart,Supertraction,LR500,rosengart-supertraction-lr500,631,PLACEHOLDER
vehiculos/sedan/rosengart-supertraction-lr505-aerodynamique.jpg,vehiculos/sedan,Sedan,Rosengart,Supertraction,LR505 Aerodynamique,rosengart-supertraction-lr505-aerodynamique,631,PLACEHOLDER
vehiculos/sedan/rover-200-200-sd3-1a-gen.jpg,vehiculos/sedan,Sedan,Rover,200,200 SD3 (1a gen),rover-200-200-sd3-1a-gen,631,PLACEHOLDER
vehiculos/sedan/rover-400-400-r8-1a-gen.jpg,vehiculos/sedan,Sedan,Rover,400,400 R8 (1a gen),rover-400-400-r8-1a-gen,631,PLACEHOLDER
vehiculos/sedan/rover-600-600-series.jpg,vehiculos/sedan,Sedan,Rover,600,600 Series,rover-600-600-series,631,PLACEHOLDER
vehiculos/sedan/rover-800-800-r17-facelift.jpg,vehiculos/sedan,Sedan,Rover,800,800 R17 (facelift),rover-800-800-r17-facelift,631,PLACEHOLDER
vehiculos/sedan/rover-800-800-xx-1a-gen.jpg,vehiculos/sedan,Sedan,Rover,800,800 XX (1a gen),rover-800-800-xx-1a-gen,631,PLACEHOLDER
vehiculos/sedan/rover-mini-rover-mini.jpg,vehiculos/sedan,Sedan,Rover,Mini,Rover Mini,rover-mini-rover-mini,631,PLACEHOLDER
vehiculos/sedan/rover-montego-rover-montego.jpg,vehiculos/sedan,Sedan,Rover,Montego,Rover Montego,rover-montego-rover-montego,631,PLACEHOLDER
vehiculos/sedan/rover-p4-p4.jpg,vehiculos/sedan,Sedan,Rover,P4,P4,rover-p4-p4,631,PLACEHOLDER
vehiculos/sedan/rover-p5-p5.jpg,vehiculos/sedan,Sedan,Rover,P5,P5,rover-p5-p5,631,PLACEHOLDER
vehiculos/sedan/rover-p5-p5b.jpg,vehiculos/sedan,Sedan,Rover,P5,P5B,rover-p5-p5b,631,PLACEHOLDER
vehiculos/sedan/rover-p6-p6.jpg,vehiculos/sedan,Sedan,Rover,P6,P6,rover-p6-p6,631,PLACEHOLDER
vehiculos/sedan/saab-90-90.jpg,vehiculos/sedan,Sedan,Saab,90,90,saab-90-90,631,PLACEHOLDER
vehiculos/sedan/saab-9000-9000-cd.jpg,vehiculos/sedan,Sedan,Saab,9000,9000 CD,saab-9000-9000-cd,631,PLACEHOLDER
vehiculos/sedan/saab-92-92-92b.jpg,vehiculos/sedan,Sedan,Saab,92,92 / 92B,saab-92-92-92b,631,PLACEHOLDER
vehiculos/sedan/saab-93-93-93f.jpg,vehiculos/sedan,Sedan,Saab,93,93 / 93F,saab-93-93-93f,631,PLACEHOLDER
vehiculos/sedan/saab-96-96-2-tiempos.jpg,vehiculos/sedan,Sedan,Saab,96,96 (2-tiempos),saab-96-96-2-tiempos,631,PLACEHOLDER
vehiculos/sedan/saab-96-96-v4.jpg,vehiculos/sedan,Sedan,Saab,96,96 V4,saab-96-96-v4,631,PLACEHOLDER
vehiculos/sedan/saab-99-99-turbo.jpg,vehiculos/sedan,Sedan,Saab,99,99 Turbo,saab-99-99-turbo,631,PLACEHOLDER
vehiculos/sedan/saab-99-99.jpg,vehiculos/sedan,Sedan,Saab,99,99,saab-99-99,631,PLACEHOLDER
vehiculos/sedan/salmson-randonnee-e-72-13-cv.jpg,vehiculos/sedan,Sedan,Salmson,Randonnee,E-72 (13 CV),salmson-randonnee-e-72-13-cv,631,PLACEHOLDER
vehiculos/sedan/salmson-randonnee-g-72-13-cv.jpg,vehiculos/sedan,Sedan,Salmson,Randonnee,G-72 (13 CV),salmson-randonnee-g-72-13-cv,631,PLACEHOLDER
vehiculos/sedan/salmson-s4-s4-61-10-cv.jpg,vehiculos/sedan,Sedan,Salmson,S4,S4-61 (10 CV),salmson-s4-s4-61-10-cv,631,PLACEHOLDER
vehiculos/sedan/salmson-s4-s4-7-cv.jpg,vehiculos/sedan,Sedan,Salmson,S4,S4 (7 CV),salmson-s4-s4-7-cv,631,PLACEHOLDER
vehiculos/sedan/salmson-s4-s4-c-8-cv.jpg,vehiculos/sedan,Sedan,Salmson,S4,S4 C (8 CV),salmson-s4-s4-c-8-cv,631,PLACEHOLDER
vehiculos/sedan/salmson-s4-s4-d-9-10-cv.jpg,vehiculos/sedan,Sedan,Salmson,S4,S4 D (9/10 CV),salmson-s4-s4-d-9-10-cv,631,PLACEHOLDER
vehiculos/sedan/salmson-s4-s4-da-10-cv.jpg,vehiculos/sedan,Sedan,Salmson,S4,S4 DA (10 CV),salmson-s4-s4-da-10-cv,631,PLACEHOLDER
vehiculos/sedan/salmson-s4-s4-e-13-cv.jpg,vehiculos/sedan,Sedan,Salmson,S4,S4 E (13 CV),salmson-s4-s4-e-13-cv,631,PLACEHOLDER
vehiculos/sedan/saturn-sl-s-series-1st-gen.jpg,vehiculos/sedan,Sedan,Saturn,SL,S-Series 1st Gen,saturn-sl-s-series-1st-gen,631,PLACEHOLDER
vehiculos/sedan/saturn-sl-s-series-2nd-gen.jpg,vehiculos/sedan,Sedan,Saturn,SL,S-Series 2nd Gen,saturn-sl-s-series-2nd-gen,631,PLACEHOLDER
vehiculos/sedan/seat-124-124.jpg,vehiculos/sedan,Sedan,Seat,124,124,seat-124-124,631,PLACEHOLDER
vehiculos/sedan/seat-131-131.jpg,vehiculos/sedan,Sedan,Seat,131,131,seat-131-131,631,PLACEHOLDER
vehiculos/sedan/seat-132-132-diesel.jpg,vehiculos/sedan,Sedan,Seat,132,132 Diesel,seat-132-132-diesel,631,PLACEHOLDER
vehiculos/sedan/seat-132-132.jpg,vehiculos/sedan,Sedan,Seat,132,132,seat-132-132,631,PLACEHOLDER
vehiculos/sedan/seat-133-133.jpg,vehiculos/sedan,Sedan,Seat,133,133,seat-133-133,631,PLACEHOLDER
vehiculos/sedan/seat-1400-1400-a-b-c.jpg,vehiculos/sedan,Sedan,Seat,1400,1400 A/B/C,seat-1400-1400-a-b-c,631,PLACEHOLDER
vehiculos/sedan/seat-1430-1430.jpg,vehiculos/sedan,Sedan,Seat,1430,1430,seat-1430-1430,631,PLACEHOLDER
vehiculos/sedan/seat-1500-1500.jpg,vehiculos/sedan,Sedan,Seat,1500,1500,seat-1500-1500,631,PLACEHOLDER
vehiculos/sedan/seat-600-600-n-d-e-l.jpg,vehiculos/sedan,Sedan,Seat,600,600 (N/D/E/L),seat-600-600-n-d-e-l,631,PLACEHOLDER
vehiculos/sedan/seat-800-800.jpg,vehiculos/sedan,Sedan,Seat,800,800,seat-800-800,631,PLACEHOLDER
vehiculos/sedan/seat-850-850-2-4-puertas.jpg,vehiculos/sedan,Sedan,Seat,850,850 (2/4 puertas),seat-850-850-2-4-puertas,631,PLACEHOLDER
vehiculos/sedan/seat-malaga-malaga-diesel.jpg,vehiculos/sedan,Sedan,Seat,Malaga,Malaga Diesel,seat-malaga-malaga-diesel,631,PLACEHOLDER
vehiculos/sedan/seat-malaga-malaga.jpg,vehiculos/sedan,Sedan,Seat,Malaga,Malaga,seat-malaga-malaga,631,PLACEHOLDER
vehiculos/sedan/seat-toledo-toledo-mk1-1l.jpg,vehiculos/sedan,Sedan,Seat,Toledo,Toledo Mk1 (1L),seat-toledo-toledo-mk1-1l,631,PLACEHOLDER
vehiculos/sedan/seat-toledo-toledo-mk1-gti.jpg,vehiculos/sedan,Sedan,Seat,Toledo,Toledo Mk1 GTI,seat-toledo-toledo-mk1-gti,631,PLACEHOLDER
vehiculos/sedan/seat-toledo-toledo-mk1-tdi.jpg,vehiculos/sedan,Sedan,Seat,Toledo,Toledo Mk1 TDI,seat-toledo-toledo-mk1-tdi,631,PLACEHOLDER
vehiculos/sedan/shelby-shelby-lancer-lancer-shelby-built.jpg,vehiculos/sedan,Sedan,Shelby,Shelby Lancer,Lancer (Shelby-built),shelby-shelby-lancer-lancer-shelby-built,631,PLACEHOLDER
vehiculos/sedan/siata-ampurias-ampurias-siata-espanola.jpg,vehiculos/sedan,Sedan,Siata,Ampurias,Ampurias (Siata Espanola),siata-ampurias-ampurias-siata-espanola,631,PLACEHOLDER
vehiculos/sedan/siata-tarraco-tarraco-siata-espanola.jpg,vehiculos/sedan,Sedan,Siata,Tarraco,Tarraco (Siata Espanola),siata-tarraco-tarraco-siata-espanola,631,PLACEHOLDER
vehiculos/sedan/simca-ariane-ariane-4.jpg,vehiculos/sedan,Sedan,Simca,Ariane,Ariane 4,simca-ariane-ariane-4,631,PLACEHOLDER
vehiculos/sedan/simca-ariane-ariane-8.jpg,vehiculos/sedan,Sedan,Simca,Ariane,Ariane 8,simca-ariane-ariane-8,631,PLACEHOLDER
vehiculos/sedan/simca-aronde-9-aronde.jpg,vehiculos/sedan,Sedan,Simca,Aronde,9 Aronde,simca-aronde-9-aronde,631,PLACEHOLDER
vehiculos/sedan/simca-aronde-aronde-90a.jpg,vehiculos/sedan,Sedan,Simca,Aronde,Aronde 90A,simca-aronde-aronde-90a,631,PLACEHOLDER
vehiculos/sedan/simca-aronde-aronde-p60.jpg,vehiculos/sedan,Sedan,Simca,Aronde,Aronde P60,simca-aronde-aronde-p60,631,PLACEHOLDER
vehiculos/sedan/simca-chrysler-simca-160-160-1609.jpg,vehiculos/sedan,Sedan,Simca,Chrysler-Simca 160,160 / 1609,simca-chrysler-simca-160-160-1609,631,PLACEHOLDER
vehiculos/sedan/simca-chrysler-simca-180-180-1610.jpg,vehiculos/sedan,Sedan,Simca,Chrysler-Simca 180,180 / 1610,simca-chrysler-simca-180-180-1610,631,PLACEHOLDER
vehiculos/sedan/simca-chrysler-simca-2-litres-2-litres.jpg,vehiculos/sedan,Sedan,Simca,Chrysler-Simca 2 Litres,2 Litres,simca-chrysler-simca-2-litres-2-litres,631,PLACEHOLDER
vehiculos/sedan/simca-simca-1000-simca-1000-rallye.jpg,vehiculos/sedan,Sedan,Simca,Simca 1000,Simca 1000 Rallye,simca-simca-1000-simca-1000-rallye,631,PLACEHOLDER
vehiculos/sedan/simca-simca-1000-simca-1000.jpg,vehiculos/sedan,Sedan,Simca,Simca 1000,Simca 1000,simca-simca-1000-simca-1000,631,PLACEHOLDER
vehiculos/sedan/simca-simca-1005-1005-1006-facelift-final.jpg,vehiculos/sedan,Sedan,Simca,Simca 1005,1005/1006 (facelift final),simca-simca-1005-1005-1006-facelift-final,631,PLACEHOLDER
vehiculos/sedan/simca-simca-1006-1005-1006-facelift-final.jpg,vehiculos/sedan,Sedan,Simca,Simca 1006,1005/1006 (facelift final),simca-simca-1006-1005-1006-facelift-final,631,PLACEHOLDER
vehiculos/sedan/simca-simca-1300-1300-1a-serie.jpg,vehiculos/sedan,Sedan,Simca,Simca 1300,1300 (1a serie),simca-simca-1300-1300-1a-serie,631,PLACEHOLDER
vehiculos/sedan/simca-simca-1301-1301-2a-serie.jpg,vehiculos/sedan,Sedan,Simca,Simca 1301,1301 (2a serie),simca-simca-1301-1301-2a-serie,631,PLACEHOLDER
vehiculos/sedan/simca-simca-1500-1500-1a-serie.jpg,vehiculos/sedan,Sedan,Simca,Simca 1500,1500 (1a serie),simca-simca-1500-1500-1a-serie,631,PLACEHOLDER
vehiculos/sedan/simca-simca-1501-1501-2a-serie.jpg,vehiculos/sedan,Sedan,Simca,Simca 1501,1501 (2a serie),simca-simca-1501-1501-2a-serie,631,PLACEHOLDER
vehiculos/sedan/simca-simca-5-simca-5.jpg,vehiculos/sedan,Sedan,Simca,Simca 5,Simca 5,simca-simca-5-simca-5,631,PLACEHOLDER
vehiculos/sedan/simca-simca-6-simca-6.jpg,vehiculos/sedan,Sedan,Simca,Simca 6,Simca 6,simca-simca-6-simca-6,631,PLACEHOLDER
vehiculos/sedan/simca-simca-8-simca-8.jpg,vehiculos/sedan,Sedan,Simca,Simca 8,Simca 8,simca-simca-8-simca-8,631,PLACEHOLDER
vehiculos/sedan/simca-vedette-1a-serie-trianon-versailles-regence.jpg,vehiculos/sedan,Sedan,Simca,Vedette,1a serie (Trianon / Versailles / Regence),simca-vedette-1a-serie-trianon-versailles-regence,631,PLACEHOLDER
vehiculos/sedan/simca-vedette-2a-serie-beaulieu-chambord-presidence.jpg,vehiculos/sedan,Sedan,Simca,Vedette,2a serie (Beaulieu / Chambord / Presidence),simca-vedette-2a-serie-beaulieu-chambord-presidence,631,PLACEHOLDER
vehiculos/sedan/simca-vedette-brasil-chambord-presidence-rallye-alvorada.jpg,vehiculos/sedan,Sedan,Simca,Vedette,Brasil (Chambord / Presidence / Rallye / Alvorada),simca-vedette-brasil-chambord-presidence-rallye-alvorada,631,PLACEHOLDER
vehiculos/sedan/simson-supra-supra-typ-a.jpg,vehiculos/sedan,Sedan,Simson,Supra,Supra Typ A,simson-supra-supra-typ-a,631,PLACEHOLDER
vehiculos/sedan/simson-supra-supra-typ-j.jpg,vehiculos/sedan,Sedan,Simson,Supra,Supra Typ J,simson-supra-supra-typ-j,631,PLACEHOLDER
vehiculos/sedan/simson-supra-supra-typ-r.jpg,vehiculos/sedan,Sedan,Simson,Supra,Supra Typ R,simson-supra-supra-typ-r,631,PLACEHOLDER
vehiculos/sedan/simson-supra-supra-typ-rj.jpg,vehiculos/sedan,Sedan,Simson,Supra,Supra Typ RJ,simson-supra-supra-typ-rj,631,PLACEHOLDER
vehiculos/sedan/simson-supra-supra-typ-so.jpg,vehiculos/sedan,Sedan,Simson,Supra,Supra Typ So,simson-supra-supra-typ-so,631,PLACEHOLDER
vehiculos/sedan/singer-2-litre-six-sohc-1933.jpg,vehiculos/sedan,Sedan,Singer,2-litre,Six SOHC (1933),singer-2-litre-six-sohc-1933,631,PLACEHOLDER
vehiculos/sedan/singer-bantam-bantam-nine-1074-1938-40.jpg,vehiculos/sedan,Sedan,Singer,Bantam,Bantam Nine 1074 (1938-40),singer-bantam-bantam-nine-1074-1938-40,631,PLACEHOLDER
vehiculos/sedan/singer-bantam-bantam-nine-972-1936-38.jpg,vehiculos/sedan,Sedan,Singer,Bantam,Bantam Nine 972 (1936-38),singer-bantam-bantam-nine-972-1936-38,631,PLACEHOLDER
vehiculos/sedan/singer-chamois-chamois-1964-70.jpg,vehiculos/sedan,Sedan,Singer,Chamois,Chamois (1964-70),singer-chamois-chamois-1964-70,631,PLACEHOLDER
vehiculos/sedan/singer-chamois-chamois-sport.jpg,vehiculos/sedan,Sedan,Singer,Chamois,Chamois Sport,singer-chamois-chamois-sport,631,PLACEHOLDER
vehiculos/sedan/singer-eight-junior-eight-junior-1927-32.jpg,vehiculos/sedan,Sedan,Singer,Eight Junior,Eight Junior (1927-32),singer-eight-junior-eight-junior-1927-32,631,PLACEHOLDER
vehiculos/sedan/singer-eight-ten-craig-2-cil-1905.jpg,vehiculos/sedan,Sedan,Singer,Eight/Ten,Craig 2-cil. (1905),singer-eight-ten-craig-2-cil-1905,631,PLACEHOLDER
vehiculos/sedan/singer-eleven-airstream-airstream-1934-36.jpg,vehiculos/sedan,Sedan,Singer,Eleven Airstream,Airstream (1934-36),singer-eleven-airstream-airstream-1934-36,631,PLACEHOLDER
vehiculos/sedan/singer-eleven-eleven-fluidrive-1934-37.jpg,vehiculos/sedan,Sedan,Singer,Eleven,Eleven Fluidrive (1934-37),singer-eleven-eleven-fluidrive-1934-37,631,PLACEHOLDER
vehiculos/sedan/singer-fifteen-4-cil-26-1911-14.jpg,vehiculos/sedan,Sedan,Singer,Fifteen,4-cil. 2.6 (1911-14),singer-fifteen-4-cil-26-1911-14,631,PLACEHOLDER
vehiculos/sedan/singer-fifteen-six-20-1921-25.jpg,vehiculos/sedan,Sedan,Singer,Fifteen,Six 2.0 (1921-25),singer-fifteen-six-20-1921-25,631,PLACEHOLDER
vehiculos/sedan/singer-fourteen-4-cil-24-1912-14.jpg,vehiculos/sedan,Sedan,Singer,Fourteen,4-cil. 2.4 (1912-14),singer-fourteen-4-cil-24-1912-14,631,PLACEHOLDER
vehiculos/sedan/singer-fourteen-six-six-16-1933.jpg,vehiculos/sedan,Sedan,Singer,Fourteen Six,Six 1.6 (1933),singer-fourteen-six-six-16-1933,631,PLACEHOLDER
vehiculos/sedan/singer-gazelle-new-gazelle-series-vii.jpg,vehiculos/sedan,Sedan,Singer,Gazelle,New Gazelle (Series VII),singer-gazelle-new-gazelle-series-vii,631,PLACEHOLDER
vehiculos/sedan/singer-gazelle-series-i.jpg,vehiculos/sedan,Sedan,Singer,Gazelle,Series I,singer-gazelle-series-i,631,PLACEHOLDER
vehiculos/sedan/singer-gazelle-series-ii.jpg,vehiculos/sedan,Sedan,Singer,Gazelle,Series II,singer-gazelle-series-ii,631,PLACEHOLDER
vehiculos/sedan/singer-gazelle-series-iia.jpg,vehiculos/sedan,Sedan,Singer,Gazelle,Series IIA,singer-gazelle-series-iia,631,PLACEHOLDER
vehiculos/sedan/singer-gazelle-series-iii.jpg,vehiculos/sedan,Sedan,Singer,Gazelle,Series III,singer-gazelle-series-iii,631,PLACEHOLDER
vehiculos/sedan/singer-gazelle-series-iiia.jpg,vehiculos/sedan,Sedan,Singer,Gazelle,Series IIIA,singer-gazelle-series-iiia,631,PLACEHOLDER
vehiculos/sedan/singer-gazelle-series-iiib.jpg,vehiculos/sedan,Sedan,Singer,Gazelle,Series IIIB,singer-gazelle-series-iiib,631,PLACEHOLDER
vehiculos/sedan/singer-gazelle-series-iiic.jpg,vehiculos/sedan,Sedan,Singer,Gazelle,Series IIIC,singer-gazelle-series-iiic,631,PLACEHOLDER
vehiculos/sedan/singer-gazelle-series-v.jpg,vehiculos/sedan,Sedan,Singer,Gazelle,Series V,singer-gazelle-series-v,631,PLACEHOLDER
vehiculos/sedan/singer-gazelle-series-vi.jpg,vehiculos/sedan,Sedan,Singer,Gazelle,Series VI,singer-gazelle-series-vi,631,PLACEHOLDER
vehiculos/sedan/singer-hunter-hunter-1954-56.jpg,vehiculos/sedan,Sedan,Singer,Hunter,Hunter (1954-56),singer-hunter-hunter-1954-56,631,PLACEHOLDER
vehiculos/sedan/singer-hunter-hunter-75-1955-56.jpg,vehiculos/sedan,Sedan,Singer,Hunter,Hunter 75 (1955-56),singer-hunter-hunter-75-1955-56,631,PLACEHOLDER
vehiculos/sedan/singer-junior-junior-1926-35.jpg,vehiculos/sedan,Sedan,Singer,Junior,Junior (1926-35),singer-junior-junior-1926-35,631,PLACEHOLDER
vehiculos/sedan/singer-nine-nine-1074-1938-47.jpg,vehiculos/sedan,Sedan,Singer,Nine,Nine 1074 (1938-47),singer-nine-nine-1074-1938-47,631,PLACEHOLDER
vehiculos/sedan/singer-nine-nine-1933-37.jpg,vehiculos/sedan,Sedan,Singer,Nine,Nine (1933-37),singer-nine-nine-1933-37,631,PLACEHOLDER
vehiculos/sedan/singer-senior-senior-16-1927-30.jpg,vehiculos/sedan,Sedan,Singer,Senior,Senior 1.6 (1927-30),singer-senior-senior-16-1927-30,631,PLACEHOLDER
vehiculos/sedan/singer-senior-six-light-six-1930-31.jpg,vehiculos/sedan,Sedan,Singer,Senior Six,Light Six (1930-31),singer-senior-six-light-six-1930-31,631,PLACEHOLDER
vehiculos/sedan/singer-seven-nine-white-poppe-2-cil.jpg,vehiculos/sedan,Sedan,Singer,Seven/Nine,White & Poppe 2-cil.,singer-seven-nine-white-poppe-2-cil,631,PLACEHOLDER
vehiculos/sedan/singer-silent-six-silent-six-22-1934.jpg,vehiculos/sedan,Sedan,Singer,Silent Six,Silent Six 2.2 (1934),singer-silent-six-silent-six-22-1934,631,PLACEHOLDER
vehiculos/sedan/singer-sm1500-sm1500-1948-51.jpg,vehiculos/sedan,Sedan,Singer,SM1500,SM1500 (1948-51),singer-sm1500-sm1500-1948-51,631,PLACEHOLDER
vehiculos/sedan/singer-sm1500-sm1500-1951-54.jpg,vehiculos/sedan,Sedan,Singer,SM1500,SM1500 (1951-54),singer-sm1500-sm1500-1951-54,631,PLACEHOLDER
vehiculos/sedan/singer-super-six-super-six-1930-31.jpg,vehiculos/sedan,Sedan,Singer,Super Six,Super Six (1930-31),singer-super-six-super-six-1930-31,631,PLACEHOLDER
vehiculos/sedan/singer-super-ten-super-ten-1938-48.jpg,vehiculos/sedan,Sedan,Singer,Super Ten,Super Ten (1938-48),singer-super-ten-super-ten-1938-48,631,PLACEHOLDER
vehiculos/sedan/singer-super-twelve-super-twelve-1947-49.jpg,vehiculos/sedan,Sedan,Singer,Super Twelve,Super Twelve (1947-49),singer-super-twelve-super-twelve-1947-49,631,PLACEHOLDER
vehiculos/sedan/singer-ten-ten-1193-1938-48.jpg,vehiculos/sedan,Sedan,Singer,Ten,Ten 1193 (1938-48),singer-ten-ten-1193-1938-48,631,PLACEHOLDER
vehiculos/sedan/singer-ten-ten-13-1927-32.jpg,vehiculos/sedan,Sedan,Singer,Ten,Ten 1.3 (1927-32),singer-ten-ten-13-1927-32,631,PLACEHOLDER
vehiculos/sedan/singer-ten-ten-1912-16.jpg,vehiculos/sedan,Sedan,Singer,Ten,Ten (1912-16),singer-ten-ten-1912-16,631,PLACEHOLDER
vehiculos/sedan/singer-ten-ten-1919-23.jpg,vehiculos/sedan,Sedan,Singer,Ten,Ten (1919-23),singer-ten-ten-1919-23,631,PLACEHOLDER
vehiculos/sedan/singer-ten-twenty-six-ohv-13-1925-27.jpg,vehiculos/sedan,Sedan,Singer,Ten/Twenty-six,OHV 1.3 (1925-27),singer-ten-twenty-six-ohv-13-1925-27,631,PLACEHOLDER
vehiculos/sedan/singer-twelve-fourteen-4-cil-18-1906-10.jpg,vehiculos/sedan,Sedan,Singer,Twelve/Fourteen,4-cil. 1.8 (1906-10),singer-twelve-fourteen-4-cil-18-1906-10,631,PLACEHOLDER
vehiculos/sedan/singer-twelve-twelve-14-1933-35.jpg,vehiculos/sedan,Sedan,Singer,Twelve,Twelve 1.4 (1933-35),singer-twelve-twelve-14-1933-35,631,PLACEHOLDER
vehiculos/sedan/singer-twelve-twelve-15-1937-39.jpg,vehiculos/sedan,Sedan,Singer,Twelve,Twelve 1.5 (1937-39),singer-twelve-twelve-15-1937-39,631,PLACEHOLDER
vehiculos/sedan/singer-twenty-4-cil-33-1911-15.jpg,vehiculos/sedan,Sedan,Singer,Twenty,4-cil. 3.3 (1911-15),singer-twenty-4-cil-33-1911-15,631,PLACEHOLDER
vehiculos/sedan/singer-twenty-five-4-cil-41-1913-14.jpg,vehiculos/sedan,Sedan,Singer,Twenty-five,4-cil. 4.1 (1913-14),singer-twenty-five-4-cil-41-1913-14,631,PLACEHOLDER
vehiculos/sedan/singer-twenty-twenty-five-4-cil-35-1908-10.jpg,vehiculos/sedan,Sedan,Singer,Twenty/Twenty-five,4-cil. 3.5 (1908-10),singer-twenty-twenty-five-4-cil-35-1908-10,631,PLACEHOLDER
vehiculos/sedan/singer-vogue-new-vogue.jpg,vehiculos/sedan,Sedan,Singer,Vogue,New Vogue,singer-vogue-new-vogue,631,PLACEHOLDER
vehiculos/sedan/singer-vogue-series-i.jpg,vehiculos/sedan,Sedan,Singer,Vogue,Series I,singer-vogue-series-i,631,PLACEHOLDER
vehiculos/sedan/singer-vogue-series-ii.jpg,vehiculos/sedan,Sedan,Singer,Vogue,Series II,singer-vogue-series-ii,631,PLACEHOLDER
vehiculos/sedan/singer-vogue-series-iii.jpg,vehiculos/sedan,Sedan,Singer,Vogue,Series III,singer-vogue-series-iii,631,PLACEHOLDER
vehiculos/sedan/singer-vogue-series-iv.jpg,vehiculos/sedan,Sedan,Singer,Vogue,Series IV,singer-vogue-series-iv,631,PLACEHOLDER
vehiculos/sedan/skoda-100-100-type-100.jpg,vehiculos/sedan,Sedan,Skoda,100,100 (Type 100),skoda-100-100-type-100,631,PLACEHOLDER
vehiculos/sedan/skoda-1000-mb-1000-mb-type-990.jpg,vehiculos/sedan,Sedan,Skoda,1000 MB,1000 MB (Type 990),skoda-1000-mb-1000-mb-type-990,631,PLACEHOLDER
vehiculos/sedan/skoda-105-742-105.jpg,vehiculos/sedan,Sedan,Skoda,105,742 (105),skoda-105-742-105,631,PLACEHOLDER
vehiculos/sedan/skoda-110-110-type-100.jpg,vehiculos/sedan,Sedan,Skoda,110,110 (Type 100),skoda-110-110-type-100,631,PLACEHOLDER
vehiculos/sedan/skoda-1100-mb-1100-mb-type-990.jpg,vehiculos/sedan,Sedan,Skoda,1100 MB,1100 MB (Type 990),skoda-1100-mb-1100-mb-type-990,631,PLACEHOLDER
vehiculos/sedan/skoda-1101-1102-1101-1102-tudor.jpg,vehiculos/sedan,Sedan,Skoda,1101 / 1102,1101/1102 Tudor,skoda-1101-1102-1101-1102-tudor,631,PLACEHOLDER
vehiculos/sedan/skoda-120-742-120-125.jpg,vehiculos/sedan,Sedan,Skoda,120,742 (120/125),skoda-120-742-120-125,631,PLACEHOLDER
vehiculos/sedan/skoda-1200-1200.jpg,vehiculos/sedan,Sedan,Skoda,1200,1200,skoda-1200-1200,631,PLACEHOLDER
vehiculos/sedan/skoda-1201-1201.jpg,vehiculos/sedan,Sedan,Skoda,1201,1201,skoda-1201-1201,631,PLACEHOLDER
vehiculos/sedan/skoda-130-742-746-130-135-136.jpg,vehiculos/sedan,Sedan,Skoda,130,742/746 (130/135/136),skoda-130-742-746-130-135-136,631,PLACEHOLDER
vehiculos/sedan/skoda-440-440-spartak.jpg,vehiculos/sedan,Sedan,Skoda,440,440 Spartak,skoda-440-440-spartak,631,PLACEHOLDER
vehiculos/sedan/skoda-445-445.jpg,vehiculos/sedan,Sedan,Skoda,445,445,skoda-445-445,631,PLACEHOLDER
vehiculos/sedan/skoda-octavia-octavia-1959.jpg,vehiculos/sedan,Sedan,Skoda,Octavia,Octavia (1959),skoda-octavia-octavia-1959,631,PLACEHOLDER
vehiculos/sedan/spyker-c4-spyker-30-40-c4.jpg,vehiculos/sedan,Sedan,Spyker,C4,Spyker 30/40 C4,spyker-c4-spyker-30-40-c4,631,PLACEHOLDER
vehiculos/sedan/standard-big-nine-big-nine.jpg,vehiculos/sedan,Sedan,Standard,Big Nine,Big Nine,standard-big-nine-big-nine,631,PLACEHOLDER
vehiculos/sedan/standard-eight-eight-1953-59.jpg,vehiculos/sedan,Sedan,Standard,Eight,Eight (1953-59),standard-eight-eight-1953-59,631,PLACEHOLDER
vehiculos/sedan/standard-eight-eight-8hp-postguerra.jpg,vehiculos/sedan,Sedan,Standard,Eight,Eight 8hp (postguerra),standard-eight-eight-8hp-postguerra,631,PLACEHOLDER
vehiculos/sedan/standard-ensign-ensign-de-luxe.jpg,vehiculos/sedan,Sedan,Standard,Ensign,Ensign De Luxe,standard-ensign-ensign-de-luxe,631,PLACEHOLDER
vehiculos/sedan/standard-ensign-ensign.jpg,vehiculos/sedan,Sedan,Standard,Ensign,Ensign,standard-ensign-ensign,631,PLACEHOLDER
vehiculos/sedan/standard-flying-eight-flying-eight.jpg,vehiculos/sedan,Sedan,Standard,Flying Eight,Flying Eight,standard-flying-eight-flying-eight,631,PLACEHOLDER
vehiculos/sedan/standard-flying-fourteen-flying-fourteen.jpg,vehiculos/sedan,Sedan,Standard,Flying Fourteen,Flying Fourteen,standard-flying-fourteen-flying-fourteen,631,PLACEHOLDER
vehiculos/sedan/standard-flying-nine-flying-nine.jpg,vehiculos/sedan,Sedan,Standard,Flying Nine,Flying Nine,standard-flying-nine-flying-nine,631,PLACEHOLDER
vehiculos/sedan/standard-flying-sixteen-flying-sixteen.jpg,vehiculos/sedan,Sedan,Standard,Flying Sixteen,Flying Sixteen,standard-flying-sixteen-flying-sixteen,631,PLACEHOLDER
vehiculos/sedan/standard-flying-ten-flying-ten.jpg,vehiculos/sedan,Sedan,Standard,Flying Ten,Flying Ten,standard-flying-ten-flying-ten,631,PLACEHOLDER
vehiculos/sedan/standard-flying-twelve-flying-twelve.jpg,vehiculos/sedan,Sedan,Standard,Flying Twelve,Flying Twelve,standard-flying-twelve-flying-twelve,631,PLACEHOLDER
vehiculos/sedan/standard-flying-twenty-flying-twenty.jpg,vehiculos/sedan,Sedan,Standard,Flying Twenty,Flying Twenty,standard-flying-twenty-flying-twenty,631,PLACEHOLDER
vehiculos/sedan/standard-flying-v-eight-flying-v-eight.jpg,vehiculos/sedan,Sedan,Standard,Flying V-Eight,Flying V-Eight,standard-flying-v-eight-flying-v-eight,631,PLACEHOLDER
vehiculos/sedan/standard-fourteen-fourteen-postguerra.jpg,vehiculos/sedan,Sedan,Standard,Fourteen,Fourteen (postguerra),standard-fourteen-fourteen-postguerra,631,PLACEHOLDER
vehiculos/sedan/standard-gazel-gazel-india.jpg,vehiculos/sedan,Sedan,Standard,Gazel,Gazel (India),standard-gazel-gazel-india,631,PLACEHOLDER
vehiculos/sedan/standard-herald-india-herald-mk-i-iii-india.jpg,vehiculos/sedan,Sedan,Standard,Herald (India),Herald Mk I-III (India),standard-herald-india-herald-mk-i-iii-india,631,PLACEHOLDER
vehiculos/sedan/standard-little-nine-little-nine.jpg,vehiculos/sedan,Sedan,Standard,Little Nine,Little Nine,standard-little-nine-little-nine,631,PLACEHOLDER
vehiculos/sedan/standard-nine-nine-1934-36.jpg,vehiculos/sedan,Sedan,Standard,Nine,Nine (1934-36),standard-nine-nine-1934-36,631,PLACEHOLDER
vehiculos/sedan/standard-pennant-pennant.jpg,vehiculos/sedan,Sedan,Standard,Pennant,Pennant,standard-pennant-pennant,631,PLACEHOLDER
vehiculos/sedan/standard-standard-2000-standard-2000-india.jpg,vehiculos/sedan,Sedan,Standard,Standard 2000,Standard 2000 (India),standard-standard-2000-standard-2000-india,631,PLACEHOLDER
vehiculos/sedan/standard-ten-india-ten-india.jpg,vehiculos/sedan,Sedan,Standard,Ten (India),Ten (India),standard-ten-india-ten-india,631,PLACEHOLDER
vehiculos/sedan/standard-ten-ten-1934-36.jpg,vehiculos/sedan,Sedan,Standard,Ten,Ten (1934-36),standard-ten-ten-1934-36,631,PLACEHOLDER
vehiculos/sedan/standard-ten-ten-postguerra.jpg,vehiculos/sedan,Sedan,Standard,Ten,Ten (postguerra),standard-ten-ten-postguerra,631,PLACEHOLDER
vehiculos/sedan/standard-twelve-twelve-1934-36.jpg,vehiculos/sedan,Sedan,Standard,Twelve,Twelve (1934-36),standard-twelve-twelve-1934-36,631,PLACEHOLDER
vehiculos/sedan/standard-twelve-twelve-postguerra.jpg,vehiculos/sedan,Sedan,Standard,Twelve,Twelve (postguerra),standard-twelve-twelve-postguerra,631,PLACEHOLDER
vehiculos/sedan/standard-vanguard-six-vanguard-six.jpg,vehiculos/sedan,Sedan,Standard,Vanguard Six,Vanguard Six,standard-vanguard-six-vanguard-six,631,PLACEHOLDER
vehiculos/sedan/standard-vanguard-vanguard-phase-i.jpg,vehiculos/sedan,Sedan,Standard,Vanguard,Vanguard Phase I,standard-vanguard-vanguard-phase-i,631,PLACEHOLDER
vehiculos/sedan/standard-vanguard-vanguard-phase-ii.jpg,vehiculos/sedan,Sedan,Standard,Vanguard,Vanguard Phase II,standard-vanguard-vanguard-phase-ii,631,PLACEHOLDER
vehiculos/sedan/standard-vanguard-vanguard-phase-iii.jpg,vehiculos/sedan,Sedan,Standard,Vanguard,Vanguard Phase III,standard-vanguard-vanguard-phase-iii,631,PLACEHOLDER
vehiculos/sedan/standard-vanguard-vanguard-vignale.jpg,vehiculos/sedan,Sedan,Standard,Vanguard,Vanguard Vignale,standard-vanguard-vanguard-vignale,631,PLACEHOLDER
vehiculos/sedan/stoewer-10-ps-10-ps.jpg,vehiculos/sedan,Sedan,Stoewer,10 PS,10 PS,stoewer-10-ps-10-ps,631,PLACEHOLDER
vehiculos/sedan/stoewer-20-ps-20-ps.jpg,vehiculos/sedan,Sedan,Stoewer,20 PS,20 PS,stoewer-20-ps-20-ps,631,PLACEHOLDER
vehiculos/sedan/stoewer-8-14-ps-8-14-ps.jpg,vehiculos/sedan,Sedan,Stoewer,8/14 PS,8/14 PS,stoewer-8-14-ps-8-14-ps,631,PLACEHOLDER
vehiculos/sedan/stoewer-arkona-arkona.jpg,vehiculos/sedan,Sedan,Stoewer,Arkona,Arkona,stoewer-arkona-arkona,631,PLACEHOLDER
vehiculos/sedan/stoewer-b1-b1-6-16-ps.jpg,vehiculos/sedan,Sedan,Stoewer,B1,B1 (6/16 PS),stoewer-b1-b1-6-16-ps,631,PLACEHOLDER
vehiculos/sedan/stoewer-b6-b6-9-22-ps.jpg,vehiculos/sedan,Sedan,Stoewer,B6,B6 (9/22 PS),stoewer-b6-b6-9-22-ps,631,PLACEHOLDER
vehiculos/sedan/stoewer-c1-c1-6-18-ps.jpg,vehiculos/sedan,Sedan,Stoewer,C1,C1 (6/18 PS),stoewer-c1-c1-6-18-ps,631,PLACEHOLDER
vehiculos/sedan/stoewer-c2-c2-10-28-ps.jpg,vehiculos/sedan,Sedan,Stoewer,C2,C2 (10/28 PS),stoewer-c2-c2-10-28-ps,631,PLACEHOLDER
vehiculos/sedan/stoewer-c5-c5-6-18-ps.jpg,vehiculos/sedan,Sedan,Stoewer,C5,C5 (6/18 PS),stoewer-c5-c5-6-18-ps,631,PLACEHOLDER
vehiculos/sedan/stoewer-d10-d10-10-50-ps.jpg,vehiculos/sedan,Sedan,Stoewer,D10,D10 (10/50 PS),stoewer-d10-d10-10-50-ps,631,PLACEHOLDER
vehiculos/sedan/stoewer-d12-d12-12-45-ps.jpg,vehiculos/sedan,Sedan,Stoewer,D12,D12 (12/45 PS),stoewer-d12-d12-12-45-ps,631,PLACEHOLDER
vehiculos/sedan/stoewer-d12v-d12v-13-55-ps.jpg,vehiculos/sedan,Sedan,Stoewer,D12V,D12V (13/55 PS),stoewer-d12v-d12v-13-55-ps,631,PLACEHOLDER
vehiculos/sedan/stoewer-d2-d2-6-18-ps.jpg,vehiculos/sedan,Sedan,Stoewer,D2,D2 (6/18 PS),stoewer-d2-d2-6-18-ps,631,PLACEHOLDER
vehiculos/sedan/stoewer-d3-d3-8-24-ps.jpg,vehiculos/sedan,Sedan,Stoewer,D3,D3 (8/24 PS),stoewer-d3-d3-8-24-ps,631,PLACEHOLDER
vehiculos/sedan/stoewer-d5-d5-12-36-ps.jpg,vehiculos/sedan,Sedan,Stoewer,D5,D5 (12/36 PS),stoewer-d5-d5-12-36-ps,631,PLACEHOLDER
vehiculos/sedan/stoewer-d6-d6-19-55-ps.jpg,vehiculos/sedan,Sedan,Stoewer,D6,D6 (19/55 PS),stoewer-d6-d6-19-55-ps,631,PLACEHOLDER
vehiculos/sedan/stoewer-d7-d7-42-120-ps.jpg,vehiculos/sedan,Sedan,Stoewer,D7,D7 (42/120 PS),stoewer-d7-d7-42-120-ps,631,PLACEHOLDER
vehiculos/sedan/stoewer-d9-d9-8-32-ps.jpg,vehiculos/sedan,Sedan,Stoewer,D9,D9 (8/32 PS),stoewer-d9-d9-8-32-ps,631,PLACEHOLDER
vehiculos/sedan/stoewer-d9v-d9v-9-32-ps.jpg,vehiculos/sedan,Sedan,Stoewer,D9V,D9V (9/32 PS),stoewer-d9v-d9v-9-32-ps,631,PLACEHOLDER
vehiculos/sedan/stoewer-f6-f6-6-30-ps.jpg,vehiculos/sedan,Sedan,Stoewer,F6,F6 (6/30 PS),stoewer-f6-f6-6-30-ps,631,PLACEHOLDER
vehiculos/sedan/stoewer-g14-8-typ-g-14-14-70-ps.jpg,vehiculos/sedan,Sedan,Stoewer,G14,8 Typ G 14 (14/70 PS),stoewer-g14-8-typ-g-14-14-70-ps,631,PLACEHOLDER
vehiculos/sedan/stoewer-g4-g4-6-12-ps.jpg,vehiculos/sedan,Sedan,Stoewer,G4,G4 (6/12 PS),stoewer-g4-g4-6-12-ps,631,PLACEHOLDER
vehiculos/sedan/stoewer-gigant-gigant-g-15-15-80-ps.jpg,vehiculos/sedan,Sedan,Stoewer,Gigant,Gigant G 15 (15/80 PS),stoewer-gigant-gigant-g-15-15-80-ps,631,PLACEHOLDER
vehiculos/sedan/stoewer-gigant-gigant-g-15-k-15-80-ps.jpg,vehiculos/sedan,Sedan,Stoewer,Gigant,Gigant G 15 K (15/80 PS),stoewer-gigant-gigant-g-15-k-15-80-ps,631,PLACEHOLDER
vehiculos/sedan/stoewer-greif-greif-v8.jpg,vehiculos/sedan,Sedan,Stoewer,Greif,Greif V8,stoewer-greif-greif-v8,631,PLACEHOLDER
vehiculos/sedan/stoewer-greif-junior-greif-junior.jpg,vehiculos/sedan,Sedan,Stoewer,Greif Junior,Greif Junior,stoewer-greif-junior-greif-junior,631,PLACEHOLDER
vehiculos/sedan/stoewer-grosser-stoewer-motorwagen-6-1-2-hp.jpg,vehiculos/sedan,Sedan,Stoewer,Grosser Stoewer Motorwagen,6 1/2 HP,stoewer-grosser-stoewer-motorwagen-6-1-2-hp,631,PLACEHOLDER
vehiculos/sedan/stoewer-marschall-marschall-m-12-12-60-ps.jpg,vehiculos/sedan,Sedan,Stoewer,Marschall,Marschall M 12 (12/60 PS),stoewer-marschall-marschall-m-12-12-60-ps,631,PLACEHOLDER
vehiculos/sedan/stoewer-p2-p2-9-12-ps.jpg,vehiculos/sedan,Sedan,Stoewer,P2,P2 (9/12 PS),stoewer-p2-p2-9-12-ps,631,PLACEHOLDER
vehiculos/sedan/stoewer-p4-1-p4-1-24-36-ps.jpg,vehiculos/sedan,Sedan,Stoewer,P4-1,P4-1 (24/36 PS),stoewer-p4-1-p4-1-24-36-ps,631,PLACEHOLDER
vehiculos/sedan/stoewer-p4-p4-11-22-ps.jpg,vehiculos/sedan,Sedan,Stoewer,P4,P4 (11/22 PS),stoewer-p4-p4-11-22-ps,631,PLACEHOLDER
vehiculos/sedan/stoewer-p6-p6-34-60-ps.jpg,vehiculos/sedan,Sedan,Stoewer,P6,P6 (34/60 PS),stoewer-p6-p6-34-60-ps,631,PLACEHOLDER
vehiculos/sedan/stoewer-pk4-pk4-11-20-ps.jpg,vehiculos/sedan,Sedan,Stoewer,PK4,PK4 (11/20 PS),stoewer-pk4-pk4-11-20-ps,631,PLACEHOLDER
vehiculos/sedan/stoewer-r140-r-140-1355-cc.jpg,vehiculos/sedan,Sedan,Stoewer,R140,R 140 (1355 cc),stoewer-r140-r-140-1355-cc,631,PLACEHOLDER
vehiculos/sedan/stoewer-r140-r-140-1466-cc.jpg,vehiculos/sedan,Sedan,Stoewer,R140,R 140 (1466 cc),stoewer-r140-r-140-1466-cc,631,PLACEHOLDER
vehiculos/sedan/stoewer-r150-r-150.jpg,vehiculos/sedan,Sedan,Stoewer,R150,R 150,stoewer-r150-r-150,631,PLACEHOLDER
vehiculos/sedan/stoewer-r180-r-180.jpg,vehiculos/sedan,Sedan,Stoewer,R180,R 180,stoewer-r180-r-180,631,PLACEHOLDER
vehiculos/sedan/stoewer-repraesentant-repraesentant-p-20-20-100-ps.jpg,vehiculos/sedan,Sedan,Stoewer,Repraesentant,Repraesentant P 20 (20/100 PS),stoewer-repraesentant-repraesentant-p-20-20-100-ps,631,PLACEHOLDER
vehiculos/sedan/stoewer-s10-superior-8-typ-s-10-10-50-ps.jpg,vehiculos/sedan,Sedan,Stoewer,S10 Superior,8 Typ S 10 (10/50 PS),stoewer-s10-superior-8-typ-s-10-10-50-ps,631,PLACEHOLDER
vehiculos/sedan/stoewer-s8-8-typ-s-8-8-45-ps.jpg,vehiculos/sedan,Sedan,Stoewer,S8,8 Typ S 8 (8/45 PS),stoewer-s8-8-typ-s-8-8-45-ps,631,PLACEHOLDER
vehiculos/sedan/stoewer-sedina-sedina.jpg,vehiculos/sedan,Sedan,Stoewer,Sedina,Sedina,stoewer-sedina-sedina,631,PLACEHOLDER
vehiculos/sedan/stoewer-v5-v-5.jpg,vehiculos/sedan,Sedan,Stoewer,V5,V 5,stoewer-v5-v-5,631,PLACEHOLDER
vehiculos/sedan/studebaker-big-six-big-six-eg-ek-ep-1918-1927.jpg,vehiculos/sedan,Sedan,Studebaker,Big Six,Big Six EG/EK/EP (1918-1927),studebaker-big-six-big-six-eg-ek-ep-1918-1927,631,PLACEHOLDER
vehiculos/sedan/studebaker-champion-champion-1a-gen-1939-1941.jpg,vehiculos/sedan,Sedan,Studebaker,Champion,Champion 1a gen (1939-1941),studebaker-champion-champion-1a-gen-1939-1941,631,PLACEHOLDER
vehiculos/sedan/studebaker-champion-champion-2a-gen-1942-1946.jpg,vehiculos/sedan,Sedan,Studebaker,Champion,Champion 2a gen (1942-1946),studebaker-champion-champion-2a-gen-1942-1946,631,PLACEHOLDER
vehiculos/sedan/studebaker-champion-champion-3a-gen-1947-1952.jpg,vehiculos/sedan,Sedan,Studebaker,Champion,Champion 3a gen (1947-1952),studebaker-champion-champion-3a-gen-1947-1952,631,PLACEHOLDER
vehiculos/sedan/studebaker-champion-champion-4a-gen-1953-1956.jpg,vehiculos/sedan,Sedan,Studebaker,Champion,Champion 4a gen (1953-1956),studebaker-champion-champion-4a-gen-1953-1956,631,PLACEHOLDER
vehiculos/sedan/studebaker-champion-champion-5a-gen-1957-1958.jpg,vehiculos/sedan,Sedan,Studebaker,Champion,Champion 5a gen (1957-1958),studebaker-champion-champion-5a-gen-1957-1958,631,PLACEHOLDER
vehiculos/sedan/studebaker-commander-commander-1937-1942.jpg,vehiculos/sedan,Sedan,Studebaker,Commander,Commander (1937-1942),studebaker-commander-commander-1937-1942,631,PLACEHOLDER
vehiculos/sedan/studebaker-commander-commander-1947-1950.jpg,vehiculos/sedan,Sedan,Studebaker,Commander,Commander (1947-1950),studebaker-commander-commander-1947-1950,631,PLACEHOLDER
vehiculos/sedan/studebaker-commander-commander-1951-1954.jpg,vehiculos/sedan,Sedan,Studebaker,Commander,Commander (1951-1954),studebaker-commander-commander-1951-1954,631,PLACEHOLDER
vehiculos/sedan/studebaker-commander-commander-1955-1958.jpg,vehiculos/sedan,Sedan,Studebaker,Commander,Commander (1955-1958),studebaker-commander-commander-1955-1958,631,PLACEHOLDER
vehiculos/sedan/studebaker-commander-commander-1964-1966.jpg,vehiculos/sedan,Sedan,Studebaker,Commander,Commander (1964-1966),studebaker-commander-commander-1964-1966,631,PLACEHOLDER
vehiculos/sedan/studebaker-commander-commander-1a-serie-1927-1929.jpg,vehiculos/sedan,Sedan,Studebaker,Commander,Commander 1a serie (1927-1929),studebaker-commander-commander-1a-serie-1927-1929,631,PLACEHOLDER
vehiculos/sedan/studebaker-commander-commander-gb-1928-1929.jpg,vehiculos/sedan,Sedan,Studebaker,Commander,Commander GB (1928-1929),studebaker-commander-commander-gb-1928-1929,631,PLACEHOLDER
vehiculos/sedan/studebaker-dictator-dictator-eight-1929-1932.jpg,vehiculos/sedan,Sedan,Studebaker,Dictator,Dictator Eight (1929-1932),studebaker-dictator-dictator-eight-1929-1932,631,PLACEHOLDER
vehiculos/sedan/studebaker-dictator-dictator-six-1927-1937.jpg,vehiculos/sedan,Sedan,Studebaker,Dictator,Dictator Six (1927-1937),studebaker-dictator-dictator-six-1927-1937,631,PLACEHOLDER
vehiculos/sedan/studebaker-land-cruiser-land-cruiser-1947-1950.jpg,vehiculos/sedan,Sedan,Studebaker,Land Cruiser,Land Cruiser (1947-1950),studebaker-land-cruiser-land-cruiser-1947-1950,631,PLACEHOLDER
vehiculos/sedan/studebaker-land-cruiser-land-cruiser-1951-1954.jpg,vehiculos/sedan,Sedan,Studebaker,Land Cruiser,Land Cruiser (1951-1954),studebaker-land-cruiser-land-cruiser-1951-1954,631,PLACEHOLDER
vehiculos/sedan/studebaker-lark-lark-1a-gen-1959-1961.jpg,vehiculos/sedan,Sedan,Studebaker,Lark,Lark 1a gen (1959-1961),studebaker-lark-lark-1a-gen-1959-1961,631,PLACEHOLDER
vehiculos/sedan/studebaker-lark-lark-2a-gen-1962-1963.jpg,vehiculos/sedan,Sedan,Studebaker,Lark,Lark 2a gen (1962-1963),studebaker-lark-lark-2a-gen-1962-1963,631,PLACEHOLDER
vehiculos/sedan/studebaker-lark-lark-3a-gen-1964-1966.jpg,vehiculos/sedan,Sedan,Studebaker,Lark,Lark 3a gen (1964-1966),studebaker-lark-lark-3a-gen-1964-1966,631,PLACEHOLDER
vehiculos/sedan/studebaker-light-six-light-six-standard-six-1918-1927.jpg,vehiculos/sedan,Sedan,Studebaker,Light Six,Light Six / Standard Six (1918-1927),studebaker-light-six-light-six-standard-six-1918-1927,631,PLACEHOLDER
vehiculos/sedan/studebaker-president-president-1a-gen-1926-1933.jpg,vehiculos/sedan,Sedan,Studebaker,President,President 1a gen (1926-1933),studebaker-president-president-1a-gen-1926-1933,631,PLACEHOLDER
vehiculos/sedan/studebaker-president-president-2a-gen-1934-1940.jpg,vehiculos/sedan,Sedan,Studebaker,President,President 2a gen (1934-1940),studebaker-president-president-2a-gen-1934-1940,631,PLACEHOLDER
vehiculos/sedan/studebaker-president-president-3a-gen-1941-1942.jpg,vehiculos/sedan,Sedan,Studebaker,President,President 3a gen (1941-1942),studebaker-president-president-3a-gen-1941-1942,631,PLACEHOLDER
vehiculos/sedan/studebaker-president-president-4a-gen-1955-1958.jpg,vehiculos/sedan,Sedan,Studebaker,President,President 4a gen (1955-1958),studebaker-president-president-4a-gen-1955-1958,631,PLACEHOLDER
vehiculos/sedan/studebaker-scotsman-scotsman-1957-1958.jpg,vehiculos/sedan,Sedan,Studebaker,Scotsman,Scotsman (1957-1958),studebaker-scotsman-scotsman-1957-1958,631,PLACEHOLDER
vehiculos/sedan/studebaker-special-six-special-six-1918-1927.jpg,vehiculos/sedan,Sedan,Studebaker,Special Six,Special Six (1918-1927),studebaker-special-six-special-six-1918-1927,631,PLACEHOLDER
vehiculos/sedan/stutz-diplomatica-diplomatica-1981-1985.jpg,vehiculos/sedan,Sedan,Stutz,Diplomatica,Diplomatica (1981-1985),stutz-diplomatica-diplomatica-1981-1985,631,PLACEHOLDER
vehiculos/sedan/stutz-duplex-duplex-limousine-1972-1974.jpg,vehiculos/sedan,Sedan,Stutz,Duplex,Duplex / Limousine (1972-1974),stutz-duplex-duplex-limousine-1972-1974,631,PLACEHOLDER
vehiculos/sedan/stutz-dv-32-dv-32-1931-1935.jpg,vehiculos/sedan,Sedan,Stutz,DV-32,DV-32 (1931-1935),stutz-dv-32-dv-32-1931-1935,631,PLACEHOLDER
vehiculos/sedan/stutz-iv-porte-iv-porte-1979-1981.jpg,vehiculos/sedan,Sedan,Stutz,IV-Porte,IV-Porte (1979-1981),stutz-iv-porte-iv-porte-1979-1981,631,PLACEHOLDER
vehiculos/sedan/stutz-model-m-m-ma-mb-1929-1930.jpg,vehiculos/sedan,Sedan,Stutz,Model M,M / MA / MB (1929-1930),stutz-model-m-m-ma-mb-1929-1930,631,PLACEHOLDER
vehiculos/sedan/stutz-royale-royale-1979-1987.jpg,vehiculos/sedan,Sedan,Stutz,Royale,Royale (1979-1987),stutz-royale-royale-1979-1987,631,PLACEHOLDER
vehiculos/sedan/stutz-special-six-special-six-1923-1924.jpg,vehiculos/sedan,Sedan,Stutz,Special Six,Special Six (1923-1924),stutz-special-six-special-six-1923-1924,631,PLACEHOLDER
vehiculos/sedan/stutz-sv-16-sv-16-1931-1935.jpg,vehiculos/sedan,Sedan,Stutz,SV-16,SV-16 (1931-1935),stutz-sv-16-sv-16-1931-1935,631,PLACEHOLDER
vehiculos/sedan/stutz-vertical-eight-aa-1926-1927.jpg,vehiculos/sedan,Sedan,Stutz,Vertical Eight,AA (1926-1927),stutz-vertical-eight-aa-1926-1927,631,PLACEHOLDER
vehiculos/sedan/stutz-vertical-eight-bb-1928.jpg,vehiculos/sedan,Sedan,Stutz,Vertical Eight,BB (1928),stutz-vertical-eight-bb-1928,631,PLACEHOLDER
vehiculos/sedan/stutz-victoria-victoria-1981-1987.jpg,vehiculos/sedan,Sedan,Stutz,Victoria,Victoria (1981-1987),stutz-victoria-victoria-1981-1987,631,PLACEHOLDER
vehiculos/sedan/subaru-1000-1000.jpg,vehiculos/sedan,Sedan,Subaru,1000,1000,subaru-1000-1000,631,PLACEHOLDER
vehiculos/sedan/subaru-ff-1-ff-1-star.jpg,vehiculos/sedan,Sedan,Subaru,FF-1,FF-1 / Star,subaru-ff-1-ff-1-star,631,PLACEHOLDER
vehiculos/sedan/subaru-impreza-impreza-1-gen-gc-gf.jpg,vehiculos/sedan,Sedan,Subaru,Impreza,Impreza 1ª gen (GC/GF),subaru-impreza-impreza-1-gen-gc-gf,631,PLACEHOLDER
vehiculos/sedan/subaru-impreza-impreza-1-gen-gc8.jpg,vehiculos/sedan,Sedan,Subaru,Impreza,Impreza 1ª gen (GC8),subaru-impreza-impreza-1-gen-gc8,631,PLACEHOLDER
vehiculos/sedan/subaru-legacy-legacy-1-gen-bc-bf.jpg,vehiculos/sedan,Sedan,Subaru,Legacy,Legacy 1ª gen (BC/BF),subaru-legacy-legacy-1-gen-bc-bf,631,PLACEHOLDER
vehiculos/sedan/subaru-legacy-legacy-2-gen-bd-bg.jpg,vehiculos/sedan,Sedan,Subaru,Legacy,Legacy 2ª gen (BD/BG),subaru-legacy-legacy-2-gen-bd-bg,631,PLACEHOLDER
vehiculos/sedan/subaru-leone-leone-1-gen.jpg,vehiculos/sedan,Sedan,Subaru,Leone,Leone 1ª gen,subaru-leone-leone-1-gen,631,PLACEHOLDER
vehiculos/sedan/subaru-leone-leone-2-gen.jpg,vehiculos/sedan,Sedan,Subaru,Leone,Leone 2ª gen,subaru-leone-leone-2-gen,631,PLACEHOLDER
vehiculos/sedan/subaru-leone-leone-3-gen.jpg,vehiculos/sedan,Sedan,Subaru,Leone,Leone 3ª gen,subaru-leone-leone-3-gen,631,PLACEHOLDER
vehiculos/sedan/sunbeam-14-40-14-40.jpg,vehiculos/sedan,Sedan,Sunbeam,14/40,14/40,sunbeam-14-40-14-40,631,PLACEHOLDER
vehiculos/sedan/sunbeam-20-60-20-60.jpg,vehiculos/sedan,Sedan,Sunbeam,20/60,20/60,sunbeam-20-60-20-60,631,PLACEHOLDER
vehiculos/sedan/sunbeam-dawn-dawn.jpg,vehiculos/sedan,Sedan,Sunbeam,Dawn,Dawn,sunbeam-dawn-dawn,631,PLACEHOLDER
vehiculos/sedan/sunbeam-imp-sport-imp-sport.jpg,vehiculos/sedan,Sedan,Sunbeam,Imp Sport,Imp Sport,sunbeam-imp-sport-imp-sport,631,PLACEHOLDER
vehiculos/sedan/sunbeam-mk-iii-sunbeam-mk-iii.jpg,vehiculos/sedan,Sedan,Sunbeam,Mk III,Sunbeam Mk III,sunbeam-mk-iii-sunbeam-mk-iii,631,PLACEHOLDER
vehiculos/sedan/sunbeam-sixteen-sixteen.jpg,vehiculos/sedan,Sedan,Sunbeam,Sixteen,Sixteen,sunbeam-sixteen-sixteen,631,PLACEHOLDER
vehiculos/sedan/sunbeam-speed-twenty-speed-20.jpg,vehiculos/sedan,Sedan,Sunbeam,Speed Twenty,Speed 20,sunbeam-speed-twenty-speed-20,631,PLACEHOLDER
vehiculos/sedan/sunbeam-sport-sunbeam-sport-imp.jpg,vehiculos/sedan,Sedan,Sunbeam,Sport,Sunbeam Sport (Imp),sunbeam-sport-sunbeam-sport-imp,631,PLACEHOLDER
vehiculos/sedan/sunbeam-sunbeam-talbot-2-litre-2-litre.jpg,vehiculos/sedan,Sedan,Sunbeam,Sunbeam-Talbot 2 Litre,2 Litre,sunbeam-sunbeam-talbot-2-litre-2-litre,631,PLACEHOLDER
vehiculos/sedan/sunbeam-sunbeam-talbot-80-80.jpg,vehiculos/sedan,Sedan,Sunbeam,Sunbeam-Talbot 80,80,sunbeam-sunbeam-talbot-80-80,631,PLACEHOLDER
vehiculos/sedan/sunbeam-sunbeam-talbot-90-90-mk-i.jpg,vehiculos/sedan,Sedan,Sunbeam,Sunbeam-Talbot 90,90 Mk I,sunbeam-sunbeam-talbot-90-90-mk-i,631,PLACEHOLDER
vehiculos/sedan/sunbeam-sunbeam-talbot-90-90-mk-ii.jpg,vehiculos/sedan,Sedan,Sunbeam,Sunbeam-Talbot 90,90 Mk II,sunbeam-sunbeam-talbot-90-90-mk-ii,631,PLACEHOLDER
vehiculos/sedan/sunbeam-sunbeam-talbot-90-90-mk-iia.jpg,vehiculos/sedan,Sedan,Sunbeam,Sunbeam-Talbot 90,90 Mk IIA,sunbeam-sunbeam-talbot-90-90-mk-iia,631,PLACEHOLDER
vehiculos/sedan/sunbeam-sunbeam-talbot-ten-ten.jpg,vehiculos/sedan,Sedan,Sunbeam,Sunbeam-Talbot Ten,Ten,sunbeam-sunbeam-talbot-ten-ten,631,PLACEHOLDER
vehiculos/sedan/sunbeam-twenty-five-twenty-five.jpg,vehiculos/sedan,Sedan,Sunbeam,Twenty-Five,Twenty-Five,sunbeam-twenty-five-twenty-five,631,PLACEHOLDER
vehiculos/sedan/syrena-syrena-100-100.jpg,vehiculos/sedan,Sedan,Syrena,Syrena 100,100,syrena-syrena-100-100,631,PLACEHOLDER
vehiculos/sedan/syrena-syrena-101-101.jpg,vehiculos/sedan,Sedan,Syrena,Syrena 101,101,syrena-syrena-101-101,631,PLACEHOLDER
vehiculos/sedan/syrena-syrena-102-102.jpg,vehiculos/sedan,Sedan,Syrena,Syrena 102,102,syrena-syrena-102-102,631,PLACEHOLDER
vehiculos/sedan/syrena-syrena-102-102s.jpg,vehiculos/sedan,Sedan,Syrena,Syrena 102,102S,syrena-syrena-102-102s,631,PLACEHOLDER
vehiculos/sedan/syrena-syrena-103-103.jpg,vehiculos/sedan,Sedan,Syrena,Syrena 103,103,syrena-syrena-103-103,631,PLACEHOLDER
vehiculos/sedan/syrena-syrena-103-103s.jpg,vehiculos/sedan,Sedan,Syrena,Syrena 103,103S,syrena-syrena-103-103s,631,PLACEHOLDER
vehiculos/sedan/syrena-syrena-104-104.jpg,vehiculos/sedan,Sedan,Syrena,Syrena 104,104,syrena-syrena-104-104,631,PLACEHOLDER
vehiculos/sedan/syrena-syrena-105-105.jpg,vehiculos/sedan,Sedan,Syrena,Syrena 105,105,syrena-syrena-105-105,631,PLACEHOLDER
vehiculos/sedan/talbot-avenger-avenger.jpg,vehiculos/sedan,Sedan,Talbot,Avenger,Avenger,talbot-avenger-avenger,631,PLACEHOLDER
vehiculos/sedan/talbot-lago-cadette-cadette-15.jpg,vehiculos/sedan,Sedan,Talbot-Lago,Cadette,Cadette-15,talbot-lago-cadette-cadette-15,631,PLACEHOLDER
vehiculos/sedan/talbot-lago-major-major-3-litres.jpg,vehiculos/sedan,Sedan,Talbot-Lago,Major,Major 3-litres,talbot-lago-major-major-3-litres,631,PLACEHOLDER
vehiculos/sedan/talbot-lago-major-major-4-litres.jpg,vehiculos/sedan,Sedan,Talbot-Lago,Major,Major 4-litres,talbot-lago-major-major-4-litres,631,PLACEHOLDER
vehiculos/sedan/talbot-lago-master-master-3-litres.jpg,vehiculos/sedan,Sedan,Talbot-Lago,Master,Master 3-litres,talbot-lago-master-master-3-litres,631,PLACEHOLDER
vehiculos/sedan/talbot-lago-master-master-4-litres.jpg,vehiculos/sedan,Sedan,Talbot-Lago,Master,Master 4-litres,talbot-lago-master-master-4-litres,631,PLACEHOLDER
vehiculos/sedan/talbot-lago-minor-minor-t4.jpg,vehiculos/sedan,Sedan,Talbot-Lago,Minor,Minor T4,talbot-lago-minor-minor-t4,631,PLACEHOLDER
vehiculos/sedan/talbot-lago-record-t26-record.jpg,vehiculos/sedan,Sedan,Talbot-Lago,Record,T26 Record,talbot-lago-record-t26-record,631,PLACEHOLDER
vehiculos/sedan/talbot-solara-solara.jpg,vehiculos/sedan,Sedan,Talbot,Solara,Solara,talbot-solara-solara,631,PLACEHOLDER
vehiculos/sedan/talbot-tagora-tagora.jpg,vehiculos/sedan,Sedan,Talbot,Tagora,Tagora,talbot-tagora-tagora,631,PLACEHOLDER
vehiculos/sedan/tatra-57-t57-t57a-t57b.jpg,vehiculos/sedan,Sedan,Tatra,57,T57 / T57A / T57B,tatra-57-t57-t57a-t57b,631,PLACEHOLDER
vehiculos/sedan/tatra-600-tatraplan-t600.jpg,vehiculos/sedan,Sedan,Tatra,600 Tatraplan,T600,tatra-600-tatraplan-t600,631,PLACEHOLDER
vehiculos/sedan/tatra-603-t603-t603-1-t2-603.jpg,vehiculos/sedan,Sedan,Tatra,603,T603 (T603-1 / T2-603),tatra-603-t603-t603-1-t2-603,631,PLACEHOLDER
vehiculos/sedan/tatra-613-t613.jpg,vehiculos/sedan,Sedan,Tatra,613,T613,tatra-613-t613,631,PLACEHOLDER
vehiculos/sedan/tatra-700-t700.jpg,vehiculos/sedan,Sedan,Tatra,700,T700,tatra-700-t700,631,PLACEHOLDER
vehiculos/sedan/tatra-77-t77-t77a.jpg,vehiculos/sedan,Sedan,Tatra,77,T77 / T77a,tatra-77-t77-t77a,631,PLACEHOLDER
vehiculos/sedan/tatra-87-t87.jpg,vehiculos/sedan,Sedan,Tatra,87,T87,tatra-87-t87,631,PLACEHOLDER
vehiculos/sedan/tatra-97-t97.jpg,vehiculos/sedan,Sedan,Tatra,97,T97,tatra-97-t97,631,PLACEHOLDER
vehiculos/sedan/toyota-camry-v10-1-gen.jpg,vehiculos/sedan,Sedan,Toyota,Camry,V10 (1ª gen),toyota-camry-v10-1-gen,631,PLACEHOLDER
vehiculos/sedan/toyota-camry-v20-2-gen.jpg,vehiculos/sedan,Sedan,Toyota,Camry,V20 (2ª gen),toyota-camry-v20-2-gen,631,PLACEHOLDER
vehiculos/sedan/toyota-camry-v30-jap-n.jpg,vehiculos/sedan,Sedan,Toyota,Camry,V30 (Japón),toyota-camry-v30-jap-n,631,PLACEHOLDER
vehiculos/sedan/toyota-camry-xv10-wide-body.jpg,vehiculos/sedan,Sedan,Toyota,Camry,XV10 (wide-body),toyota-camry-xv10-wide-body,631,PLACEHOLDER
vehiculos/sedan/toyota-chaser-mark-ii-x81.jpg,vehiculos/sedan,Sedan,Toyota,Chaser (Mark II),X81,toyota-chaser-mark-ii-x81,631,PLACEHOLDER
vehiculos/sedan/toyota-corolla-e100-7-gen.jpg,vehiculos/sedan,Sedan,Toyota,Corolla,E100 (7ª gen),toyota-corolla-e100-7-gen,631,PLACEHOLDER
vehiculos/sedan/toyota-corolla-e70-4-gen.jpg,vehiculos/sedan,Sedan,Toyota,Corolla,E70 (4ª gen),toyota-corolla-e70-4-gen,631,PLACEHOLDER
vehiculos/sedan/toyota-cressida-mark-ii-x80.jpg,vehiculos/sedan,Sedan,Toyota,Cressida (Mark II),X80,toyota-cressida-mark-ii-x80,631,PLACEHOLDER
vehiculos/sedan/toyota-tercel-l40-4-gen.jpg,vehiculos/sedan,Sedan,Toyota,Tercel,L40 (4ª gen),toyota-tercel-l40-4-gen,631,PLACEHOLDER
vehiculos/sedan/toyota-tercel-l50-5-gen.jpg,vehiculos/sedan,Sedan,Toyota,Tercel,L50 (5ª gen),toyota-tercel-l50-5-gen,631,PLACEHOLDER
vehiculos/sedan/trabant-11-trabant-11.jpg,vehiculos/sedan,Sedan,Trabant,1.1,Trabant 1.1,trabant-11-trabant-11,631,PLACEHOLDER
vehiculos/sedan/trabant-601-trabant-601.jpg,vehiculos/sedan,Sedan,Trabant,601,Trabant 601,trabant-601-trabant-601,631,PLACEHOLDER
vehiculos/sedan/trabant-p50-p50-p500.jpg,vehiculos/sedan,Sedan,Trabant,P50,P50 (P500),trabant-p50-p50-p500,631,PLACEHOLDER
vehiculos/sedan/trabant-p60-p60-p600.jpg,vehiculos/sedan,Sedan,Trabant,P60,P60 (P600),trabant-p60-p60-p600,631,PLACEHOLDER
vehiculos/sedan/triumph-1300-1300-1300-tc.jpg,vehiculos/sedan,Sedan,Triumph,1300,1300 / 1300 TC,triumph-1300-1300-1300-tc,631,PLACEHOLDER
vehiculos/sedan/triumph-1500-1500-1500-tc.jpg,vehiculos/sedan,Sedan,Triumph,1500,1500 / 1500 TC,triumph-1500-1500-1500-tc,631,PLACEHOLDER
vehiculos/sedan/triumph-2000-mk1-mk2.jpg,vehiculos/sedan,Sedan,Triumph,2000,Mk1 / Mk2,triumph-2000-mk1-mk2,631,PLACEHOLDER
vehiculos/sedan/triumph-2500-25-pi-2500-tc-s.jpg,vehiculos/sedan,Sedan,Triumph,2500,2.5 PI / 2500 TC-S,triumph-2500-25-pi-2500-tc-s,631,PLACEHOLDER
vehiculos/sedan/triumph-acclaim-acclaim.jpg,vehiculos/sedan,Sedan,Triumph,Acclaim,Acclaim,triumph-acclaim-acclaim,631,PLACEHOLDER
vehiculos/sedan/triumph-dolomite-1300-1500.jpg,vehiculos/sedan,Sedan,Triumph,Dolomite,1300 / 1500,triumph-dolomite-1300-1500,631,PLACEHOLDER
vehiculos/sedan/triumph-dolomite-1850.jpg,vehiculos/sedan,Sedan,Triumph,Dolomite,1850,triumph-dolomite-1850,631,PLACEHOLDER
vehiculos/sedan/triumph-dolomite-sprint.jpg,vehiculos/sedan,Sedan,Triumph,Dolomite,Sprint,triumph-dolomite-sprint,631,PLACEHOLDER
vehiculos/sedan/triumph-herald-1200-12-50-13-60.jpg,vehiculos/sedan,Sedan,Triumph,Herald,1200 / 12-50 / 13-60,triumph-herald-1200-12-50-13-60,631,PLACEHOLDER
vehiculos/sedan/triumph-herald-948.jpg,vehiculos/sedan,Sedan,Triumph,Herald,948,triumph-herald-948,631,PLACEHOLDER
vehiculos/sedan/triumph-mayflower-mayflower.jpg,vehiculos/sedan,Sedan,Triumph,Mayflower,Mayflower,triumph-mayflower-mayflower,631,PLACEHOLDER
vehiculos/sedan/triumph-renown-razoredge-tda-tdb-tdc.jpg,vehiculos/sedan,Sedan,Triumph,Renown,Razoredge (TDA/TDB/TDC),triumph-renown-razoredge-tda-tdb-tdc,631,PLACEHOLDER
vehiculos/sedan/triumph-toledo-toledo.jpg,vehiculos/sedan,Sedan,Triumph,Toledo,Toledo,triumph-toledo-toledo,631,PLACEHOLDER
vehiculos/sedan/trojan-re-re-rear-engine.jpg,vehiculos/sedan,Sedan,Trojan,RE,RE (Rear Engine),trojan-re-re-rear-engine,631,PLACEHOLDER
vehiculos/sedan/trojan-utility-car-utility-car-croydon.jpg,vehiculos/sedan,Sedan,Trojan,Utility Car,Utility Car (Croydon),trojan-utility-car-utility-car-croydon,631,PLACEHOLDER
vehiculos/sedan/trojan-utility-car-utility-car-leyland-kingston.jpg,vehiculos/sedan,Sedan,Trojan,Utility Car,"Utility Car (Leyland, Kingston)",trojan-utility-car-utility-car-leyland-kingston,631,PLACEHOLDER
vehiculos/sedan/trojan-wayfarer-wayfarer.jpg,vehiculos/sedan,Sedan,Trojan,Wayfarer,Wayfarer,trojan-wayfarer-wayfarer,631,PLACEHOLDER
vehiculos/sedan/tucker-48-tucker-48-torpedo.jpg,vehiculos/sedan,Sedan,Tucker,48,Tucker 48 (Torpedo),tucker-48-tucker-48-torpedo,631,PLACEHOLDER
vehiculos/sedan/vanden-plas-15-mk-3.jpg,vehiculos/sedan,Sedan,Vanden Plas,1.5,Mk 3,vanden-plas-15-mk-3,631,PLACEHOLDER
vehiculos/sedan/vanden-plas-1500-mk-1.jpg,vehiculos/sedan,Sedan,Vanden Plas,1500,Mk 1,vanden-plas-1500-mk-1,631,PLACEHOLDER
vehiculos/sedan/vanden-plas-1500-mk-2.jpg,vehiculos/sedan,Sedan,Vanden Plas,1500,Mk 2,vanden-plas-1500-mk-2,631,PLACEHOLDER
vehiculos/sedan/vanden-plas-17-mk-3.jpg,vehiculos/sedan,Sedan,Vanden Plas,1.7,Mk 3,vanden-plas-17-mk-3,631,PLACEHOLDER
vehiculos/sedan/vanden-plas-princess-1100-mk-i.jpg,vehiculos/sedan,Sedan,Vanden Plas,Princess 1100,Mk I,vanden-plas-princess-1100-mk-i,631,PLACEHOLDER
vehiculos/sedan/vanden-plas-princess-1100-mk-ii.jpg,vehiculos/sedan,Sedan,Vanden Plas,Princess 1100,Mk II,vanden-plas-princess-1100-mk-ii,631,PLACEHOLDER
vehiculos/sedan/vanden-plas-princess-1300-mk-i.jpg,vehiculos/sedan,Sedan,Vanden Plas,Princess 1300,Mk I,vanden-plas-princess-1300-mk-i,631,PLACEHOLDER
vehiculos/sedan/vanden-plas-princess-1300-mk-ii.jpg,vehiculos/sedan,Sedan,Vanden Plas,Princess 1300,Mk II,vanden-plas-princess-1300-mk-ii,631,PLACEHOLDER
vehiculos/sedan/vanden-plas-princess-1300-mk-iii.jpg,vehiculos/sedan,Sedan,Vanden Plas,Princess 1300,Mk III,vanden-plas-princess-1300-mk-iii,631,PLACEHOLDER
vehiculos/sedan/vanden-plas-princess-3-litre-mk-i.jpg,vehiculos/sedan,Sedan,Vanden Plas,Princess 3-Litre,Mk I,vanden-plas-princess-3-litre-mk-i,631,PLACEHOLDER
vehiculos/sedan/vanden-plas-princess-3-litre-mk-ii.jpg,vehiculos/sedan,Sedan,Vanden Plas,Princess 3-Litre,Mk II,vanden-plas-princess-3-litre-mk-ii,631,PLACEHOLDER
vehiculos/sedan/vanden-plas-princess-4-litre-limousine-dm4.jpg,vehiculos/sedan,Sedan,Vanden Plas,Princess 4-Litre Limousine,DM4,vanden-plas-princess-4-litre-limousine-dm4,631,PLACEHOLDER
vehiculos/sedan/vanden-plas-princess-4-litre-r-4-litre-r.jpg,vehiculos/sedan,Sedan,Vanden Plas,Princess 4-Litre R,4-Litre R,vanden-plas-princess-4-litre-r-4-litre-r,631,PLACEHOLDER
vehiculos/sedan/vauxhall-belmont-belmont.jpg,vehiculos/sedan,Sedan,Vauxhall,Belmont,Belmont,vauxhall-belmont-belmont,631,PLACEHOLDER
vehiculos/sedan/vauxhall-carlton-carlton-mk1.jpg,vehiculos/sedan,Sedan,Vauxhall,Carlton,Carlton Mk1,vauxhall-carlton-carlton-mk1,631,PLACEHOLDER
vehiculos/sedan/vauxhall-carlton-carlton-mk2.jpg,vehiculos/sedan,Sedan,Vauxhall,Carlton,Carlton Mk2,vauxhall-carlton-carlton-mk2,631,PLACEHOLDER
vehiculos/sedan/vauxhall-cavalier-cavalier-mk1.jpg,vehiculos/sedan,Sedan,Vauxhall,Cavalier,Cavalier Mk1,vauxhall-cavalier-cavalier-mk1,631,PLACEHOLDER
vehiculos/sedan/vauxhall-cavalier-cavalier-mk2.jpg,vehiculos/sedan,Sedan,Vauxhall,Cavalier,Cavalier Mk2,vauxhall-cavalier-cavalier-mk2,631,PLACEHOLDER
vehiculos/sedan/vauxhall-cavalier-cavalier-mk3.jpg,vehiculos/sedan,Sedan,Vauxhall,Cavalier,Cavalier Mk3,vauxhall-cavalier-cavalier-mk3,631,PLACEHOLDER
vehiculos/sedan/vauxhall-magnum-hc.jpg,vehiculos/sedan,Sedan,Vauxhall,Magnum,HC,vauxhall-magnum-hc,631,PLACEHOLDER
vehiculos/sedan/vauxhall-senator-senator-a.jpg,vehiculos/sedan,Sedan,Vauxhall,Senator,Senator A,vauxhall-senator-senator-a,631,PLACEHOLDER
vehiculos/sedan/vauxhall-senator-senator-b.jpg,vehiculos/sedan,Sedan,Vauxhall,Senator,Senator B,vauxhall-senator-senator-b,631,PLACEHOLDER
vehiculos/sedan/vauxhall-ventora-fe-series.jpg,vehiculos/sedan,Sedan,Vauxhall,Ventora,FE Series,vauxhall-ventora-fe-series,631,PLACEHOLDER
vehiculos/sedan/vauxhall-viceroy-viceroy.jpg,vehiculos/sedan,Sedan,Vauxhall,Viceroy,Viceroy,vauxhall-viceroy-viceroy,631,PLACEHOLDER
vehiculos/sedan/vauxhall-victor-vx-series-fe-series.jpg,vehiculos/sedan,Sedan,Vauxhall,Victor / VX Series,FE Series,vauxhall-victor-vx-series-fe-series,631,PLACEHOLDER
vehiculos/sedan/vauxhall-viva-viva-hc.jpg,vehiculos/sedan,Sedan,Vauxhall,Viva,Viva HC,vauxhall-viva-viva-hc,631,PLACEHOLDER
vehiculos/sedan/vignale-850-vignale-850-vignale-berlina-serie-1-2.jpg,vehiculos/sedan,Sedan,Vignale,850 Vignale,850 Vignale Berlina (Serie 1-2),vignale-850-vignale-850-vignale-berlina-serie-1-2,631,PLACEHOLDER
vehiculos/sedan/vignale-850-vignale-850-vignale-berlina-serie-3.jpg,vehiculos/sedan,Sedan,Vignale,850 Vignale,850 Vignale Berlina (Serie 3),vignale-850-vignale-850-vignale-berlina-serie-3,631,PLACEHOLDER
vehiculos/sedan/voisin-c1-c1.jpg,vehiculos/sedan,Sedan,Voisin,C1,C1,voisin-c1-c1,631,PLACEHOLDER
vehiculos/sedan/voisin-c11-c11.jpg,vehiculos/sedan,Sedan,Voisin,C11,C11,voisin-c11-c11,631,PLACEHOLDER
vehiculos/sedan/voisin-c12-c12.jpg,vehiculos/sedan,Sedan,Voisin,C12,C12,voisin-c12-c12,631,PLACEHOLDER
vehiculos/sedan/voisin-c14-c14.jpg,vehiculos/sedan,Sedan,Voisin,C14,C14,voisin-c14-c14,631,PLACEHOLDER
vehiculos/sedan/voisin-c15-c15.jpg,vehiculos/sedan,Sedan,Voisin,C15,C15,voisin-c15-c15,631,PLACEHOLDER
vehiculos/sedan/voisin-c16-c16.jpg,vehiculos/sedan,Sedan,Voisin,C16,C16,voisin-c16-c16,631,PLACEHOLDER
vehiculos/sedan/voisin-c18-c18.jpg,vehiculos/sedan,Sedan,Voisin,C18,C18,voisin-c18-c18,631,PLACEHOLDER
vehiculos/sedan/voisin-c20-c20.jpg,vehiculos/sedan,Sedan,Voisin,C20,C20,voisin-c20-c20,631,PLACEHOLDER
vehiculos/sedan/voisin-c23-c23.jpg,vehiculos/sedan,Sedan,Voisin,C23,C23,voisin-c23-c23,631,PLACEHOLDER
vehiculos/sedan/voisin-c24-c24.jpg,vehiculos/sedan,Sedan,Voisin,C24,C24,voisin-c24-c24,631,PLACEHOLDER
vehiculos/sedan/voisin-c25-c25.jpg,vehiculos/sedan,Sedan,Voisin,C25,C25,voisin-c25-c25,631,PLACEHOLDER
vehiculos/sedan/voisin-c26-c26.jpg,vehiculos/sedan,Sedan,Voisin,C26,C26,voisin-c26-c26,631,PLACEHOLDER
vehiculos/sedan/voisin-c28-c28.jpg,vehiculos/sedan,Sedan,Voisin,C28,C28,voisin-c28-c28,631,PLACEHOLDER
vehiculos/sedan/voisin-c3-c3.jpg,vehiculos/sedan,Sedan,Voisin,C3,C3,voisin-c3-c3,631,PLACEHOLDER
vehiculos/sedan/voisin-c30-c30.jpg,vehiculos/sedan,Sedan,Voisin,C30,C30,voisin-c30-c30,631,PLACEHOLDER
vehiculos/sedan/voisin-c4-c4-s.jpg,vehiculos/sedan,Sedan,Voisin,C4,C4 S,voisin-c4-c4-s,631,PLACEHOLDER
vehiculos/sedan/voisin-c4-c4.jpg,vehiculos/sedan,Sedan,Voisin,C4,C4,voisin-c4-c4,631,PLACEHOLDER
vehiculos/sedan/voisin-c5-c5.jpg,vehiculos/sedan,Sedan,Voisin,C5,C5,voisin-c5-c5,631,PLACEHOLDER
vehiculos/sedan/voisin-c7-c7.jpg,vehiculos/sedan,Sedan,Voisin,C7,C7,voisin-c7-c7,631,PLACEHOLDER
vehiculos/sedan/volga-gaz-21-gaz-21-serie-i.jpg,vehiculos/sedan,Sedan,Volga,GAZ-21,GAZ-21 Serie I,volga-gaz-21-gaz-21-serie-i,631,PLACEHOLDER
vehiculos/sedan/volga-gaz-21-gaz-21-serie-ii.jpg,vehiculos/sedan,Sedan,Volga,GAZ-21,GAZ-21 Serie II,volga-gaz-21-gaz-21-serie-ii,631,PLACEHOLDER
vehiculos/sedan/volga-gaz-21-gaz-21-serie-iii.jpg,vehiculos/sedan,Sedan,Volga,GAZ-21,GAZ-21 Serie III,volga-gaz-21-gaz-21-serie-iii,631,PLACEHOLDER
vehiculos/sedan/volga-gaz-23-gaz-23-base-gaz-21.jpg,vehiculos/sedan,Sedan,Volga,GAZ-23,GAZ-23 (base GAZ-21),volga-gaz-23-gaz-23-base-gaz-21,631,PLACEHOLDER
vehiculos/sedan/volga-gaz-24-gaz-24-10.jpg,vehiculos/sedan,Sedan,Volga,GAZ-24,GAZ-24-10,volga-gaz-24-gaz-24-10,631,PLACEHOLDER
vehiculos/sedan/volga-gaz-24-gaz-24-1a-serie.jpg,vehiculos/sedan,Sedan,Volga,GAZ-24,GAZ-24 (1a serie),volga-gaz-24-gaz-24-1a-serie,631,PLACEHOLDER
vehiculos/sedan/volga-gaz-24-gaz-24-24.jpg,vehiculos/sedan,Sedan,Volga,GAZ-24,GAZ-24-24,volga-gaz-24-gaz-24-24,631,PLACEHOLDER
vehiculos/sedan/volga-gaz-24-gaz-24-34.jpg,vehiculos/sedan,Sedan,Volga,GAZ-24,GAZ-24-34,volga-gaz-24-gaz-24-34,631,PLACEHOLDER
vehiculos/sedan/volga-gaz-31029-gaz-31029.jpg,vehiculos/sedan,Sedan,Volga,GAZ-31029,GAZ-31029,volga-gaz-31029-gaz-31029,631,PLACEHOLDER
vehiculos/sedan/volga-gaz-3105-gaz-3105.jpg,vehiculos/sedan,Sedan,Volga,GAZ-3105,GAZ-3105,volga-gaz-3105-gaz-3105,631,PLACEHOLDER
vehiculos/sedan/volkswagen-1500-1600-type-3-type-3-notchback-fastback.jpg,vehiculos/sedan,Sedan,Volkswagen,1500/1600 (Type 3),Type 3 Notchback/Fastback,volkswagen-1500-1600-type-3-type-3-notchback-fastback,631,PLACEHOLDER
vehiculos/sedan/volkswagen-411-412-type-4-type-4.jpg,vehiculos/sedan,Sedan,Volkswagen,411/412 (Type 4),Type 4,volkswagen-411-412-type-4-type-4,631,PLACEHOLDER
vehiculos/sedan/volkswagen-beetle-type-1-1302-1303-super-beetle.jpg,vehiculos/sedan,Sedan,Volkswagen,Beetle,Type 1 1302/1303 (Super Beetle),volkswagen-beetle-type-1-1302-1303-super-beetle,631,PLACEHOLDER
vehiculos/sedan/volkswagen-beetle-type-1-kafer.jpg,vehiculos/sedan,Sedan,Volkswagen,Beetle,Type 1 (Kafer),volkswagen-beetle-type-1-kafer,631,PLACEHOLDER
vehiculos/sedan/volkswagen-derby-derby-mk1.jpg,vehiculos/sedan,Sedan,Volkswagen,Derby,Derby Mk1,volkswagen-derby-derby-mk1,631,PLACEHOLDER
vehiculos/sedan/volkswagen-jetta-jetta-mk1-a1.jpg,vehiculos/sedan,Sedan,Volkswagen,Jetta,Jetta Mk1 (A1),volkswagen-jetta-jetta-mk1-a1,631,PLACEHOLDER
vehiculos/sedan/volkswagen-jetta-jetta-mk2-a2.jpg,vehiculos/sedan,Sedan,Volkswagen,Jetta,Jetta Mk2 (A2),volkswagen-jetta-jetta-mk2-a2,631,PLACEHOLDER
vehiculos/sedan/volkswagen-k70-type-48.jpg,vehiculos/sedan,Sedan,Volkswagen,K70,Type 48,volkswagen-k70-type-48,631,PLACEHOLDER
vehiculos/sedan/volkswagen-passat-passat-b1-type-32.jpg,vehiculos/sedan,Sedan,Volkswagen,Passat,Passat B1 (Type 32),volkswagen-passat-passat-b1-type-32,631,PLACEHOLDER
vehiculos/sedan/volkswagen-passat-passat-b2-type-32b.jpg,vehiculos/sedan,Sedan,Volkswagen,Passat,Passat B2 (Type 32B),volkswagen-passat-passat-b2-type-32b,631,PLACEHOLDER
vehiculos/sedan/volkswagen-passat-passat-b3-type-35i.jpg,vehiculos/sedan,Sedan,Volkswagen,Passat,Passat B3 (Type 35i),volkswagen-passat-passat-b3-type-35i,631,PLACEHOLDER
vehiculos/sedan/volkswagen-passat-passat-b4.jpg,vehiculos/sedan,Sedan,Volkswagen,Passat,Passat B4,volkswagen-passat-passat-b4,631,PLACEHOLDER
vehiculos/sedan/volkswagen-santana-santana-passat-b2-notchback.jpg,vehiculos/sedan,Sedan,Volkswagen,Santana,Santana (Passat B2 notchback),volkswagen-santana-santana-passat-b2-notchback,631,PLACEHOLDER
vehiculos/sedan/volkswagen-vento-vento-jetta-a3.jpg,vehiculos/sedan,Sedan,Volkswagen,Vento,Vento (Jetta A3),volkswagen-vento-vento-jetta-a3,631,PLACEHOLDER
vehiculos/sedan/volvo-140-series-142-144.jpg,vehiculos/sedan,Sedan,Volvo,140 Series,142/144,volvo-140-series-142-144,631,PLACEHOLDER
vehiculos/sedan/volvo-164-164.jpg,vehiculos/sedan,Sedan,Volvo,164,164,volvo-164-164,631,PLACEHOLDER
vehiculos/sedan/volvo-240-240-200-series.jpg,vehiculos/sedan,Sedan,Volvo,240,240 (200 Series),volvo-240-240-200-series,631,PLACEHOLDER
vehiculos/sedan/volvo-240-240-diesel.jpg,vehiculos/sedan,Sedan,Volvo,240,240 Diesel,volvo-240-240-diesel,631,PLACEHOLDER
vehiculos/sedan/volvo-240-240-turbo.jpg,vehiculos/sedan,Sedan,Volvo,240,240 Turbo,volvo-240-240-turbo,631,PLACEHOLDER
vehiculos/sedan/volvo-260-260-200-series.jpg,vehiculos/sedan,Sedan,Volvo,260,260 (200 Series),volvo-260-260-200-series,631,PLACEHOLDER
vehiculos/sedan/volvo-360-300-series.jpg,vehiculos/sedan,Sedan,Volvo,360,300 Series,volvo-360-300-series,631,PLACEHOLDER
vehiculos/sedan/volvo-440-400-series.jpg,vehiculos/sedan,Sedan,Volvo,440,400 Series,volvo-440-400-series,631,PLACEHOLDER
vehiculos/sedan/volvo-460-400-series-diesel.jpg,vehiculos/sedan,Sedan,Volvo,460,400 Series Diesel,volvo-460-400-series-diesel,631,PLACEHOLDER
vehiculos/sedan/volvo-460-400-series.jpg,vehiculos/sedan,Sedan,Volvo,460,400 Series,volvo-460-400-series,631,PLACEHOLDER
vehiculos/sedan/volvo-66-66.jpg,vehiculos/sedan,Sedan,Volvo,66,66,volvo-66-66,631,PLACEHOLDER
vehiculos/sedan/volvo-740-700-series-turbo.jpg,vehiculos/sedan,Sedan,Volvo,740,700 Series Turbo,volvo-740-700-series-turbo,631,PLACEHOLDER
vehiculos/sedan/volvo-740-700-series.jpg,vehiculos/sedan,Sedan,Volvo,740,700 Series,volvo-740-700-series,631,PLACEHOLDER
vehiculos/sedan/volvo-760-700-series.jpg,vehiculos/sedan,Sedan,Volvo,760,700 Series,volvo-760-700-series,631,PLACEHOLDER
vehiculos/sedan/volvo-850-850-t5-t-5r.jpg,vehiculos/sedan,Sedan,Volvo,850,850 T5 / T-5R,volvo-850-850-t5-t-5r,631,PLACEHOLDER
vehiculos/sedan/volvo-850-850-tdi.jpg,vehiculos/sedan,Sedan,Volvo,850,850 TDI,volvo-850-850-tdi,631,PLACEHOLDER
vehiculos/sedan/volvo-850-850.jpg,vehiculos/sedan,Sedan,Volvo,850,850,volvo-850-850,631,PLACEHOLDER
vehiculos/sedan/volvo-940-900-series.jpg,vehiculos/sedan,Sedan,Volvo,940,900 Series,volvo-940-900-series,631,PLACEHOLDER
vehiculos/sedan/volvo-960-900-series.jpg,vehiculos/sedan,Sedan,Volvo,960,900 Series,volvo-960-900-series,631,PLACEHOLDER
vehiculos/sedan/volvo-amazon-120-p120.jpg,vehiculos/sedan,Sedan,Volvo,Amazon,120 (P120),volvo-amazon-120-p120,631,PLACEHOLDER
vehiculos/sedan/volvo-pv444-pv444.jpg,vehiculos/sedan,Sedan,Volvo,PV444,PV444,volvo-pv444-pv444,631,PLACEHOLDER
vehiculos/sedan/volvo-pv544-pv544.jpg,vehiculos/sedan,Sedan,Volvo,PV544,PV544,volvo-pv544-pv544,631,PLACEHOLDER
vehiculos/sedan/volvo-s70-s70-gen-1.jpg,vehiculos/sedan,Sedan,Volvo,S70,S70 (gen 1),volvo-s70-s70-gen-1,631,PLACEHOLDER
vehiculos/sedan/volvo-s70-s70-t5.jpg,vehiculos/sedan,Sedan,Volvo,S70,S70 T5,volvo-s70-s70-t5,631,PLACEHOLDER
vehiculos/sedan/volvo-s70-s70-v70-tdi.jpg,vehiculos/sedan,Sedan,Volvo,S70,S70/V70 TDI,volvo-s70-s70-v70-tdi,631,PLACEHOLDER
vehiculos/sedan/volvo-s90-960-90-series.jpg,vehiculos/sedan,Sedan,Volvo,S90,960/90 Series,volvo-s90-960-90-series,631,PLACEHOLDER
vehiculos/sedan/wanderer-w10-w10-i-6-30-ps.jpg,vehiculos/sedan,Sedan,Wanderer,W10,W10/I (6/30 PS),wanderer-w10-w10-i-6-30-ps,631,PLACEHOLDER
vehiculos/sedan/wanderer-w10-w10-ii-8-40-ps.jpg,vehiculos/sedan,Sedan,Wanderer,W10,W10/II (8/40 PS),wanderer-w10-w10-ii-8-40-ps,631,PLACEHOLDER
vehiculos/sedan/wanderer-w10-w10-iv-6-30-ps.jpg,vehiculos/sedan,Sedan,Wanderer,W10,W10/IV (6/30 PS),wanderer-w10-w10-iv-6-30-ps,631,PLACEHOLDER
vehiculos/sedan/wanderer-w11-w11-10-50-ps-1a-serie.jpg,vehiculos/sedan,Sedan,Wanderer,W11,W11 (10/50 PS) 1a serie,wanderer-w11-w11-10-50-ps-1a-serie,631,PLACEHOLDER
vehiculos/sedan/wanderer-w11-w11-10-50-ps-2a-serie.jpg,vehiculos/sedan,Sedan,Wanderer,W11,W11 (10/50 PS) 2a serie,wanderer-w11-w11-10-50-ps-2a-serie,631,PLACEHOLDER
vehiculos/sedan/wanderer-w14-w14-12-65-ps.jpg,vehiculos/sedan,Sedan,Wanderer,W14,W14 (12/65 PS),wanderer-w14-w14-12-65-ps,631,PLACEHOLDER
vehiculos/sedan/wanderer-w15-w15-6-30-ps.jpg,vehiculos/sedan,Sedan,Wanderer,W15,W15 (6/30 PS),wanderer-w15-w15-6-30-ps,631,PLACEHOLDER
vehiculos/sedan/wanderer-w17-w17-7-35-ps.jpg,vehiculos/sedan,Sedan,Wanderer,W17,W17 (7/35 PS),wanderer-w17-w17-7-35-ps,631,PLACEHOLDER
vehiculos/sedan/wanderer-w20-w20-8-40-ps.jpg,vehiculos/sedan,Sedan,Wanderer,W20,W20 (8/40 PS),wanderer-w20-w20-8-40-ps,631,PLACEHOLDER
vehiculos/sedan/wanderer-w21-w21-w235-w35.jpg,vehiculos/sedan,Sedan,Wanderer,W21,W21 / W235 / W35,wanderer-w21-w21-w235-w35,631,PLACEHOLDER
vehiculos/sedan/wanderer-w22-w22-w240-w40.jpg,vehiculos/sedan,Sedan,Wanderer,W22,W22 / W240 / W40,wanderer-w22-w22-w240-w40,631,PLACEHOLDER
vehiculos/sedan/wanderer-w23-w23.jpg,vehiculos/sedan,Sedan,Wanderer,W23,W23,wanderer-w23-w23,631,PLACEHOLDER
vehiculos/sedan/wanderer-w23s-w23s.jpg,vehiculos/sedan,Sedan,Wanderer,W23S,W23S,wanderer-w23s-w23s,631,PLACEHOLDER
vehiculos/sedan/wanderer-w24-w24.jpg,vehiculos/sedan,Sedan,Wanderer,W24,W24,wanderer-w24-w24,631,PLACEHOLDER
vehiculos/sedan/wanderer-w245-w245-w250.jpg,vehiculos/sedan,Sedan,Wanderer,W245,W245 / W250,wanderer-w245-w245-w250,631,PLACEHOLDER
vehiculos/sedan/wanderer-w26-w26.jpg,vehiculos/sedan,Sedan,Wanderer,W26,W26,wanderer-w26-w26,631,PLACEHOLDER
vehiculos/sedan/wanderer-w50-w45-w50-w51.jpg,vehiculos/sedan,Sedan,Wanderer,W50,W45 / W50 / W51,wanderer-w50-w45-w50-w51,631,PLACEHOLDER
vehiculos/sedan/wanderer-w52-w52.jpg,vehiculos/sedan,Sedan,Wanderer,W52,W52,wanderer-w52-w52,631,PLACEHOLDER
vehiculos/sedan/wanderer-w6-w6-6-18-ps.jpg,vehiculos/sedan,Sedan,Wanderer,W6,W6 (6/18 PS),wanderer-w6-w6-6-18-ps,631,PLACEHOLDER
vehiculos/sedan/wanderer-w9-w9-6-24-ps.jpg,vehiculos/sedan,Sedan,Wanderer,W9,W9 (6/24 PS),wanderer-w9-w9-6-24-ps,631,PLACEHOLDER
vehiculos/sedan/warszawa-warszawa-200.jpg,vehiculos/sedan,Sedan,Warszawa,Warszawa,200,warszawa-warszawa-200,631,PLACEHOLDER
vehiculos/sedan/warszawa-warszawa-201.jpg,vehiculos/sedan,Sedan,Warszawa,Warszawa,201,warszawa-warszawa-201,631,PLACEHOLDER
vehiculos/sedan/warszawa-warszawa-202.jpg,vehiculos/sedan,Sedan,Warszawa,Warszawa,202,warszawa-warszawa-202,631,PLACEHOLDER
vehiculos/sedan/warszawa-warszawa-203.jpg,vehiculos/sedan,Sedan,Warszawa,Warszawa,203,warszawa-warszawa-203,631,PLACEHOLDER
vehiculos/sedan/warszawa-warszawa-204.jpg,vehiculos/sedan,Sedan,Warszawa,Warszawa,204,warszawa-warszawa-204,631,PLACEHOLDER
vehiculos/sedan/warszawa-warszawa-223.jpg,vehiculos/sedan,Sedan,Warszawa,Warszawa,223,warszawa-warszawa-223,631,PLACEHOLDER
vehiculos/sedan/warszawa-warszawa-224.jpg,vehiculos/sedan,Sedan,Warszawa,Warszawa,224,warszawa-warszawa-224,631,PLACEHOLDER
vehiculos/sedan/warszawa-warszawa-m20.jpg,vehiculos/sedan,Sedan,Warszawa,Warszawa,M20,warszawa-warszawa-m20,631,PLACEHOLDER
vehiculos/sedan/wartburg-13-wartburg-13.jpg,vehiculos/sedan,Sedan,Wartburg,1.3,Wartburg 1.3,wartburg-13-wartburg-13,631,PLACEHOLDER
vehiculos/sedan/wartburg-311-wartburg-311.jpg,vehiculos/sedan,Sedan,Wartburg,311,Wartburg 311,wartburg-311-wartburg-311,631,PLACEHOLDER
vehiculos/sedan/wartburg-312-wartburg-312.jpg,vehiculos/sedan,Sedan,Wartburg,312,Wartburg 312,wartburg-312-wartburg-312,631,PLACEHOLDER
vehiculos/sedan/wartburg-353-wartburg-353-knight.jpg,vehiculos/sedan,Sedan,Wartburg,353,Wartburg 353 (Knight),wartburg-353-wartburg-353-knight,631,PLACEHOLDER
vehiculos/sedan/willys-aero-aero-toledo-era-kaiser.jpg,vehiculos/sedan,Sedan,Willys,Aero,"Aero (Toledo, era Kaiser)",willys-aero-aero-toledo-era-kaiser,631,PLACEHOLDER
vehiculos/sedan/willys-aero-aero-toledo.jpg,vehiculos/sedan,Sedan,Willys,Aero,Aero (Toledo),willys-aero-aero-toledo,631,PLACEHOLDER
vehiculos/sedan/willys-aero-willys-aero-willys-brasil.jpg,vehiculos/sedan,Sedan,Willys,Aero Willys,Aero Willys (Brasil),willys-aero-willys-aero-willys-brasil,631,PLACEHOLDER
vehiculos/sedan/willys-americar-americar-modelos-37-38-48-441-442.jpg,vehiculos/sedan,Sedan,Willys,Americar,Americar (modelos 37/38/48/441/442),willys-americar-americar-modelos-37-38-48-441-442,631,PLACEHOLDER
vehiculos/sedan/willys-dauphine-willys-dauphine-brasil.jpg,vehiculos/sedan,Sedan,Willys,Dauphine,Willys Dauphine (Brasil),willys-dauphine-willys-dauphine-brasil,631,PLACEHOLDER
vehiculos/sedan/willys-gordini-willys-gordini-gordini-iii-brasil.jpg,vehiculos/sedan,Sedan,Willys,Gordini,Willys Gordini / Gordini III (Brasil),willys-gordini-willys-gordini-gordini-iii-brasil,631,PLACEHOLDER
vehiculos/sedan/willys-itamaraty-itamaraty-brasil.jpg,vehiculos/sedan,Sedan,Willys,Itamaraty,Itamaraty (Brasil),willys-itamaraty-itamaraty-brasil,631,PLACEHOLDER
vehiculos/sedan/willys-model-77-willys-77.jpg,vehiculos/sedan,Sedan,Willys,Model 77,Willys 77,willys-model-77-willys-77,631,PLACEHOLDER
vehiculos/sedan/willys-whippet-whippet-96-96a.jpg,vehiculos/sedan,Sedan,Willys,Whippet,Whippet 96 / 96A,willys-whippet-whippet-96-96a,631,PLACEHOLDER
vehiculos/sedan/willys-willys-knight-willys-knight-sleeve-valve.jpg,vehiculos/sedan,Sedan,Willys,Willys-Knight,Willys-Knight (sleeve-valve),willys-willys-knight-willys-knight-sleeve-valve,631,PLACEHOLDER
vehiculos/sedan/wolseley-1100-1100-mk-i-ado16.jpg,vehiculos/sedan,Sedan,Wolseley,1100,1100 Mk I (ADO16),wolseley-1100-1100-mk-i-ado16,631,PLACEHOLDER
vehiculos/sedan/wolseley-1100-1100-mk-ii-ado16.jpg,vehiculos/sedan,Sedan,Wolseley,1100,1100 Mk II (ADO16),wolseley-1100-1100-mk-ii-ado16,631,PLACEHOLDER
vehiculos/sedan/wolseley-12-48-series-ii-series-iii.jpg,vehiculos/sedan,Sedan,Wolseley,12/48,Series II / Series III,wolseley-12-48-series-ii-series-iii,631,PLACEHOLDER
vehiculos/sedan/wolseley-1300-1300-mk-i-ado16.jpg,vehiculos/sedan,Sedan,Wolseley,1300,1300 Mk I (ADO16),wolseley-1300-1300-mk-i-ado16,631,PLACEHOLDER
vehiculos/sedan/wolseley-1300-1300-mk-ii-ado16.jpg,vehiculos/sedan,Sedan,Wolseley,1300,1300 Mk II (ADO16),wolseley-1300-1300-mk-ii-ado16,631,PLACEHOLDER
vehiculos/sedan/wolseley-14-56-series-ii.jpg,vehiculos/sedan,Sedan,Wolseley,14/56,Series II,wolseley-14-56-series-ii,631,PLACEHOLDER
vehiculos/sedan/wolseley-14-60-series-iii.jpg,vehiculos/sedan,Sedan,Wolseley,14/60,Series III,wolseley-14-60-series-iii,631,PLACEHOLDER
vehiculos/sedan/wolseley-15-50-15-50-base-mg-magnette-zb.jpg,vehiculos/sedan,Sedan,Wolseley,15/50,15/50 (base MG Magnette ZB),wolseley-15-50-15-50-base-mg-magnette-zb,631,PLACEHOLDER
vehiculos/sedan/wolseley-15-60-15-60-farina-ado9.jpg,vehiculos/sedan,Sedan,Wolseley,15/60,"15/60 (Farina, ADO9)",wolseley-15-60-15-60-farina-ado9,631,PLACEHOLDER
vehiculos/sedan/wolseley-1500-1500-mk-i.jpg,vehiculos/sedan,Sedan,Wolseley,1500,1500 Mk I,wolseley-1500-1500-mk-i,631,PLACEHOLDER
vehiculos/sedan/wolseley-1500-1500-mk-ii.jpg,vehiculos/sedan,Sedan,Wolseley,1500,1500 Mk II,wolseley-1500-1500-mk-ii,631,PLACEHOLDER
vehiculos/sedan/wolseley-1500-1500-mk-iii.jpg,vehiculos/sedan,Sedan,Wolseley,1500,1500 Mk III,wolseley-1500-1500-mk-iii,631,PLACEHOLDER
vehiculos/sedan/wolseley-16-60-16-60-farina-ado9.jpg,vehiculos/sedan,Sedan,Wolseley,16/60,"16/60 (Farina, ADO9)",wolseley-16-60-16-60-farina-ado9,631,PLACEHOLDER
vehiculos/sedan/wolseley-16-65-series-iii.jpg,vehiculos/sedan,Sedan,Wolseley,16/65,Series III,wolseley-16-65-series-iii,631,PLACEHOLDER
vehiculos/sedan/wolseley-18-85-18-85-mk-i-ado17.jpg,vehiculos/sedan,Sedan,Wolseley,18/85,18/85 Mk I (ADO17),wolseley-18-85-18-85-mk-i-ado17,631,PLACEHOLDER
vehiculos/sedan/wolseley-18-85-18-85-mk-ii-ado17.jpg,vehiculos/sedan,Sedan,Wolseley,18/85,18/85 Mk II (ADO17),wolseley-18-85-18-85-mk-ii-ado17,631,PLACEHOLDER
vehiculos/sedan/wolseley-18-85-series-iii-1938-1948.jpg,vehiculos/sedan,Sedan,Wolseley,18/85,Series III (1938-1948),wolseley-18-85-series-iii-1938-1948,631,PLACEHOLDER
vehiculos/sedan/wolseley-21-series-iii.jpg,vehiculos/sedan,Sedan,Wolseley,21,Series III,wolseley-21-series-iii,631,PLACEHOLDER
vehiculos/sedan/wolseley-24-80-24-80-mk-i-australia.jpg,vehiculos/sedan,Sedan,Wolseley,24/80,24/80 Mk I (Australia),wolseley-24-80-24-80-mk-i-australia,631,PLACEHOLDER
vehiculos/sedan/wolseley-24-80-24-80-mk-ii-australia.jpg,vehiculos/sedan,Sedan,Wolseley,24/80,24/80 Mk II (Australia),wolseley-24-80-24-80-mk-ii-australia,631,PLACEHOLDER
vehiculos/sedan/wolseley-25-series-iii.jpg,vehiculos/sedan,Sedan,Wolseley,25,Series III,wolseley-25-series-iii,631,PLACEHOLDER
vehiculos/sedan/wolseley-4-44-4-44-palmer.jpg,vehiculos/sedan,Sedan,Wolseley,4/44,4/44 (Palmer),wolseley-4-44-4-44-palmer,631,PLACEHOLDER
vehiculos/sedan/wolseley-4-50-4-50-base-morris-oxford-mo.jpg,vehiculos/sedan,Sedan,Wolseley,4/50,4/50 (base Morris Oxford MO),wolseley-4-50-4-50-base-morris-oxford-mo,631,PLACEHOLDER
vehiculos/sedan/wolseley-6-110-6-110-mk-i.jpg,vehiculos/sedan,Sedan,Wolseley,6/110,6/110 Mk I,wolseley-6-110-6-110-mk-i,631,PLACEHOLDER
vehiculos/sedan/wolseley-6-110-6-110-mk-ii.jpg,vehiculos/sedan,Sedan,Wolseley,6/110,6/110 Mk II,wolseley-6-110-6-110-mk-ii,631,PLACEHOLDER
vehiculos/sedan/wolseley-6-80-6-80-base-morris-six-ms.jpg,vehiculos/sedan,Sedan,Wolseley,6/80,6/80 (base Morris Six MS),wolseley-6-80-6-80-base-morris-six-ms,631,PLACEHOLDER
vehiculos/sedan/wolseley-6-90-6-90-series-i.jpg,vehiculos/sedan,Sedan,Wolseley,6/90,6/90 Series I,wolseley-6-90-6-90-series-i,631,PLACEHOLDER
vehiculos/sedan/wolseley-6-90-6-90-series-ii.jpg,vehiculos/sedan,Sedan,Wolseley,6/90,6/90 Series II,wolseley-6-90-6-90-series-ii,631,PLACEHOLDER
vehiculos/sedan/wolseley-6-90-6-90-series-iii.jpg,vehiculos/sedan,Sedan,Wolseley,6/90,6/90 Series III,wolseley-6-90-6-90-series-iii,631,PLACEHOLDER
vehiculos/sedan/wolseley-6-99-6-99-farina-ado10.jpg,vehiculos/sedan,Sedan,Wolseley,6/99,"6/99 (Farina, ADO10)",wolseley-6-99-6-99-farina-ado10,631,PLACEHOLDER
vehiculos/sedan/wolseley-eight-series-iii-eight.jpg,vehiculos/sedan,Sedan,Wolseley,Eight,Series III Eight,wolseley-eight-series-iii-eight,631,PLACEHOLDER
vehiculos/sedan/wolseley-hornet-hornet-mk-i-mini-ado15.jpg,vehiculos/sedan,Sedan,Wolseley,Hornet,"Hornet Mk I (Mini, ADO15)",wolseley-hornet-hornet-mk-i-mini-ado15,631,PLACEHOLDER
vehiculos/sedan/wolseley-hornet-hornet-mk-ii-mini-ado15.jpg,vehiculos/sedan,Sedan,Wolseley,Hornet,"Hornet Mk II (Mini, ADO15)",wolseley-hornet-hornet-mk-ii-mini-ado15,631,PLACEHOLDER
vehiculos/sedan/wolseley-hornet-hornet-mk-iii-mini-ado15.jpg,vehiculos/sedan,Sedan,Wolseley,Hornet,"Hornet Mk III (Mini, ADO15)",wolseley-hornet-hornet-mk-iii-mini-ado15,631,PLACEHOLDER
vehiculos/sedan/wolseley-hornet-hornet-six-1271-cc.jpg,vehiculos/sedan,Sedan,Wolseley,Hornet,Hornet Six (1271 cc),wolseley-hornet-hornet-six-1271-cc,631,PLACEHOLDER
vehiculos/sedan/wolseley-hornet-hornet-six-1378-cc.jpg,vehiculos/sedan,Sedan,Wolseley,Hornet,Hornet Six (1378 cc),wolseley-hornet-hornet-six-1378-cc,631,PLACEHOLDER
vehiculos/sedan/wolseley-six-18-22-series-ado71-wedge.jpg,vehiculos/sedan,Sedan,Wolseley,Six,18-22 Series (ADO71 'Wedge'),wolseley-six-18-22-series-ado71-wedge,631,PLACEHOLDER
vehiculos/sedan/wolseley-six-six-ado17-mk-iii.jpg,vehiculos/sedan,Sedan,Wolseley,Six,Six (ADO17 Mk III),wolseley-six-six-ado17-mk-iii,631,PLACEHOLDER
vehiculos/sedan/wolseley-ten-series-iii-ten.jpg,vehiculos/sedan,Sedan,Wolseley,Ten,Series III Ten,wolseley-ten-series-iii-ten,631,PLACEHOLDER
vehiculos/sedan/zastava-1300-zastava-1300-tristac.jpg,vehiculos/sedan,Sedan,Zastava,1300,Zastava 1300 (Tristac),zastava-1300-zastava-1300-tristac,631,PLACEHOLDER
vehiculos/sedan/zastava-1400-zastava-1400.jpg,vehiculos/sedan,Sedan,Zastava,1400,Zastava 1400,zastava-1400-zastava-1400,631,PLACEHOLDER
vehiculos/sedan/zastava-1500-zastava-1500.jpg,vehiculos/sedan,Sedan,Zastava,1500,Zastava 1500,zastava-1500-zastava-1500,631,PLACEHOLDER
vehiculos/sedan/zastava-750-zastava-750-fica.jpg,vehiculos/sedan,Sedan,Zastava,750,Zastava 750 (Fica),zastava-750-zastava-750-fica,631,PLACEHOLDER
vehiculos/sedan/zastava-850-zastava-850.jpg,vehiculos/sedan,Sedan,Zastava,850,Zastava 850,zastava-850-zastava-850,631,PLACEHOLDER
vehiculos/sedan/zaz-zaporozhets-zaz-965.jpg,vehiculos/sedan,Sedan,ZAZ,Zaporozhets,ZAZ-965,zaz-zaporozhets-zaz-965,631,PLACEHOLDER
vehiculos/sedan/zaz-zaporozhets-zaz-965a.jpg,vehiculos/sedan,Sedan,ZAZ,Zaporozhets,ZAZ-965A,zaz-zaporozhets-zaz-965a,631,PLACEHOLDER
vehiculos/sedan/zaz-zaporozhets-zaz-966.jpg,vehiculos/sedan,Sedan,ZAZ,Zaporozhets,ZAZ-966,zaz-zaporozhets-zaz-966,631,PLACEHOLDER
vehiculos/sedan/zaz-zaporozhets-zaz-968.jpg,vehiculos/sedan,Sedan,ZAZ,Zaporozhets,ZAZ-968,zaz-zaporozhets-zaz-968,631,PLACEHOLDER
vehiculos/sedan/zaz-zaporozhets-zaz-968a.jpg,vehiculos/sedan,Sedan,ZAZ,Zaporozhets,ZAZ-968A,zaz-zaporozhets-zaz-968a,631,PLACEHOLDER
vehiculos/sedan/zaz-zaporozhets-zaz-968m.jpg,vehiculos/sedan,Sedan,ZAZ,Zaporozhets,ZAZ-968M,zaz-zaporozhets-zaz-968m,631,PLACEHOLDER
vehiculos/spider/abarth-124-rally-fiat-124-abarth-rally.jpg,vehiculos/spider,Spider,Abarth,124 Rally,Fiat 124 Abarth Rally,abarth-124-rally-fiat-124-abarth-rally,631,PLACEHOLDER
vehiculos/spider/abarth-207a-207a-spyder.jpg,vehiculos/spider,Spider,Abarth,207A,207A Spyder,abarth-207a-207a-spyder,631,PLACEHOLDER
vehiculos/spider/alfa-romeo-2000-2000-spider-102.jpg,vehiculos/spider,Spider,Alfa Romeo,2000,2000 Spider (102),alfa-romeo-2000-2000-spider-102,631,PLACEHOLDER
vehiculos/spider/alfa-romeo-2600-2600-spider-106.jpg,vehiculos/spider,Spider,Alfa Romeo,2600,2600 Spider (106),alfa-romeo-2600-2600-spider-106,631,PLACEHOLDER
vehiculos/spider/alfa-romeo-giulietta-giulietta-spider-750-101.jpg,vehiculos/spider,Spider,Alfa Romeo,Giulietta,Giulietta Spider (750/101),alfa-romeo-giulietta-giulietta-spider-750-101,631,PLACEHOLDER
vehiculos/spider/alfa-romeo-spider-spider-serie-1-duetto-105.jpg,vehiculos/spider,Spider,Alfa Romeo,Spider,Spider Serie 1 'Duetto' (105),alfa-romeo-spider-spider-serie-1-duetto-105,631,PLACEHOLDER
vehiculos/spider/alfa-romeo-spider-spider-serie-2-coda-tronca-105-115.jpg,vehiculos/spider,Spider,Alfa Romeo,Spider,Spider Serie 2 'Coda Tronca' (105/115),alfa-romeo-spider-spider-serie-2-coda-tronca-105-115,631,PLACEHOLDER
vehiculos/spider/alfa-romeo-spider-spider-serie-3-115-aerodinamica.jpg,vehiculos/spider,Spider,Alfa Romeo,Spider,Spider Serie 3 (115 aerodinamica),alfa-romeo-spider-spider-serie-3-115-aerodinamica,631,PLACEHOLDER
vehiculos/spider/alfa-romeo-spider-spider-serie-4-115.jpg,vehiculos/spider,Spider,Alfa Romeo,Spider,Spider Serie 4 (115),alfa-romeo-spider-spider-serie-4-115,631,PLACEHOLDER
vehiculos/spider/bizzarrini-5300-gt-5300-gt-si-spyder.jpg,vehiculos/spider,Spider,Bizzarrini,5300 GT,5300 GT S.I. Spyder,bizzarrini-5300-gt-5300-gt-si-spyder,631,PLACEHOLDER
vehiculos/spider/cisitalia-202-smm-202-smm-spyder-nuvolari.jpg,vehiculos/spider,Spider,Cisitalia,202 SMM,202 SMM Spyder Nuvolari,cisitalia-202-smm-202-smm-spyder-nuvolari,631,PLACEHOLDER
vehiculos/spider/cisitalia-303-df-303-df-spyder.jpg,vehiculos/spider,Spider,Cisitalia,303 DF,303 DF Spyder,cisitalia-303-df-303-df-spyder,631,PLACEHOLDER
vehiculos/spider/cisitalia-750-gt-750-gt-spider.jpg,vehiculos/spider,Spider,Cisitalia,750 GT,750 GT Spider,cisitalia-750-gt-750-gt-spider,631,PLACEHOLDER
vehiculos/spider/de-tomaso-longchamp-longchamp-spyder.jpg,vehiculos/spider,Spider,De Tomaso,Longchamp,Longchamp Spyder,de-tomaso-longchamp-longchamp-spyder,631,PLACEHOLDER
vehiculos/spider/ferrari-275-gts-275-gts.jpg,vehiculos/spider,Spider,Ferrari,275 GTS,275 GTS,ferrari-275-gts-275-gts,631,PLACEHOLDER
vehiculos/spider/ferrari-348-348-spider.jpg,vehiculos/spider,Spider,Ferrari,348,348 Spider,ferrari-348-348-spider,631,PLACEHOLDER
vehiculos/spider/ferrari-365-gts-4-daytona-spider-365-gts-4.jpg,vehiculos/spider,Spider,Ferrari,365 GTS/4 Daytona Spider,365 GTS/4,ferrari-365-gts-4-daytona-spider-365-gts-4,631,PLACEHOLDER
vehiculos/spider/ferrari-dino-246-gts-246-gts.jpg,vehiculos/spider,Spider,Ferrari,Dino 246 GTS,246 GTS,ferrari-dino-246-gts-246-gts,631,PLACEHOLDER
vehiculos/spider/ferrari-f355-f355-spider.jpg,vehiculos/spider,Spider,Ferrari,F355,F355 Spider,ferrari-f355-f355-spider,631,PLACEHOLDER
vehiculos/spider/ferrari-f50-f50.jpg,vehiculos/spider,Spider,Ferrari,F50,F50,ferrari-f50-f50,631,PLACEHOLDER
vehiculos/spider/fiat-124-sport-spider-124-spider-as-bs.jpg,vehiculos/spider,Spider,Fiat,124 Sport Spider,124 Spider (AS/BS),fiat-124-sport-spider-124-spider-as-bs,631,PLACEHOLDER
vehiculos/spider/fiat-124-sport-spider-spider-2000-cs.jpg,vehiculos/spider,Spider,Fiat,124 Sport Spider,Spider 2000 (CS),fiat-124-sport-spider-spider-2000-cs,631,PLACEHOLDER
vehiculos/spider/fiat-850-850-spider.jpg,vehiculos/spider,Spider,Fiat,850,850 Spider,fiat-850-850-spider,631,PLACEHOLDER
vehiculos/spider/fiat-dino-dino-2000-spider.jpg,vehiculos/spider,Spider,Fiat,Dino,Dino 2000 Spider,fiat-dino-dino-2000-spider,631,PLACEHOLDER
vehiculos/spider/ginetta-g16-g16-g16a.jpg,vehiculos/spider,Spider,Ginetta,G16,G16 / G16A,ginetta-g16-g16-g16a,631,PLACEHOLDER
vehiculos/spider/innocenti-1100-spider-1100-spider-ghia.jpg,vehiculos/spider,Spider,Innocenti,1100 Spider,1100 Spider (Ghia),innocenti-1100-spider-1100-spider-ghia,631,PLACEHOLDER
vehiculos/spider/innocenti-950-spider-950-spider-ghia.jpg,vehiculos/spider,Spider,Innocenti,950 Spider,950 Spider (Ghia),innocenti-950-spider-950-spider-ghia,631,PLACEHOLDER
vehiculos/spider/intermeccanica-italia-italia-289.jpg,vehiculos/spider,Spider,Intermeccanica,Italia,Italia (289),intermeccanica-italia-italia-289,631,PLACEHOLDER
vehiculos/spider/intermeccanica-italia-italia-302.jpg,vehiculos/spider,Spider,Intermeccanica,Italia,Italia (302),intermeccanica-italia-italia-302,631,PLACEHOLDER
vehiculos/spider/intermeccanica-italia-italia-351.jpg,vehiculos/spider,Spider,Intermeccanica,Italia,Italia (351),intermeccanica-italia-italia-351,631,PLACEHOLDER
vehiculos/spider/lancia-aurelia-aurelia-b24-spider-convertible.jpg,vehiculos/spider,Spider,Lancia,Aurelia,Aurelia B24 Spider/Convertible,lancia-aurelia-aurelia-b24-spider-convertible,631,PLACEHOLDER
vehiculos/spider/lancia-beta-beta-spider-zagato.jpg,vehiculos/spider,Spider,Lancia,Beta,Beta Spider (Zagato),lancia-beta-beta-spider-zagato,631,PLACEHOLDER
vehiculos/spider/marcos-mantara-mantara-spyder.jpg,vehiculos/spider,Spider,Marcos,Mantara,Mantara Spyder,marcos-mantara-mantara-spyder,631,PLACEHOLDER
vehiculos/spider/marcos-mantula-mantula-spyder.jpg,vehiculos/spider,Spider,Marcos,Mantula,Mantula Spyder,marcos-mantula-mantula-spyder,631,PLACEHOLDER
vehiculos/spider/maserati-3500-gt-3500-gt-spyder-vignale.jpg,vehiculos/spider,Spider,Maserati,3500 GT,3500 GT Spyder (Vignale),maserati-3500-gt-3500-gt-spyder-vignale,631,PLACEHOLDER
vehiculos/spider/maserati-biturbo-spyder-spyder-am333-zagato.jpg,vehiculos/spider,Spider,Maserati,Biturbo Spyder,"Spyder (AM333, Zagato)",maserati-biturbo-spyder-spyder-am333-zagato,631,PLACEHOLDER
vehiculos/spider/maserati-ghibli-ghibli-i-spyder-am115.jpg,vehiculos/spider,Spider,Maserati,Ghibli,Ghibli I Spyder (AM115),maserati-ghibli-ghibli-i-spyder-am115,631,PLACEHOLDER
vehiculos/spider/maserati-mistral-mistral-spyder.jpg,vehiculos/spider,Spider,Maserati,Mistral,Mistral Spyder,maserati-mistral-mistral-spyder,631,PLACEHOLDER
vehiculos/spider/moretti-1200-1200-sport-gran-sport.jpg,vehiculos/spider,Spider,Moretti,1200,1200 Sport / Gran Sport,moretti-1200-1200-sport-gran-sport,631,PLACEHOLDER
vehiculos/spider/moretti-128-moretti-128-roadster-targa.jpg,vehiculos/spider,Spider,Moretti,128 Moretti,128 Roadster / Targa,moretti-128-moretti-128-roadster-targa,631,PLACEHOLDER
vehiculos/spider/nsu-wankel-spider-nsu-wankel-spider.jpg,vehiculos/spider,Spider,NSU,Wankel Spider,NSU Wankel Spider,nsu-wankel-spider-nsu-wankel-spider,631,PLACEHOLDER
vehiculos/spider/osca-2000-s-tipo-2000-s.jpg,vehiculos/spider,Spider,OSCA,2000 S,Tipo 2000 S,osca-2000-s-tipo-2000-s,631,PLACEHOLDER
vehiculos/spider/osca-fs-372-tipo-fs-372.jpg,vehiculos/spider,Spider,OSCA,FS-372,Tipo FS-372,osca-fs-372-tipo-fs-372,631,PLACEHOLDER
vehiculos/spider/osca-mt4-tipo-s-1500-tn.jpg,vehiculos/spider,Spider,OSCA,MT4,Tipo S-1500 TN,osca-mt4-tipo-s-1500-tn,631,PLACEHOLDER
vehiculos/spider/osca-tipo-s-tipo-s-187-n.jpg,vehiculos/spider,Spider,OSCA,Tipo S,Tipo S-187 N,osca-tipo-s-tipo-s-187-n,631,PLACEHOLDER
vehiculos/spider/osca-tipo-s-tipo-s-187.jpg,vehiculos/spider,Spider,OSCA,Tipo S,Tipo S-187,osca-tipo-s-tipo-s-187,631,PLACEHOLDER
vehiculos/spider/osca-tipo-s-tipo-s-273.jpg,vehiculos/spider,Spider,OSCA,Tipo S,Tipo S-273,osca-tipo-s-tipo-s-273,631,PLACEHOLDER
vehiculos/spider/osca-tipo-s-tipo-s-498-ds.jpg,vehiculos/spider,Spider,OSCA,Tipo S,Tipo S-498 DS,osca-tipo-s-tipo-s-498-ds,631,PLACEHOLDER
vehiculos/spider/osca-tipo-s-tipo-s-498.jpg,vehiculos/spider,Spider,OSCA,Tipo S,Tipo S-498,osca-tipo-s-tipo-s-498,631,PLACEHOLDER
vehiculos/spider/osca-tipo-s-tipo-s-950.jpg,vehiculos/spider,Spider,OSCA,Tipo S,Tipo S-950,osca-tipo-s-tipo-s-950,631,PLACEHOLDER
vehiculos/spider/porsche-550-550-spyder.jpg,vehiculos/spider,Spider,Porsche,550,550 Spyder,porsche-550-550-spyder,631,PLACEHOLDER
vehiculos/spider/seat-850-850-spider.jpg,vehiculos/spider,Spider,Seat,850,850 Spider,seat-850-850-spider,631,PLACEHOLDER
vehiculos/spider/siata-208-208s.jpg,vehiculos/spider,Spider,Siata,208,208S,siata-208-208s,631,PLACEHOLDER
vehiculos/spider/siata-300bc-300bc-barchetta.jpg,vehiculos/spider,Spider,Siata,300BC,300BC Barchetta,siata-300bc-300bc-barchetta,631,PLACEHOLDER
vehiculos/spider/siata-spring-spring.jpg,vehiculos/spider,Spider,Siata,Spring,Spring,siata-spring-spring,631,PLACEHOLDER
vehiculos/spider/vignale-850-vignale-850-vignale-spider-2-2.jpg,vehiculos/spider,Spider,Vignale,850 Vignale,850 Vignale Spider 2+2,vignale-850-vignale-850-vignale-spider-2-2,631,PLACEHOLDER
vehiculos/suv/acura-slx-slx-rebadge-isuzu-trooper.jpg,vehiculos/suv,SUV,Acura,SLX,SLX (rebadge Isuzu Trooper),acura-slx-slx-rebadge-isuzu-trooper,631,PLACEHOLDER
vehiculos/suv/aro-aro-10-enduro-x4-italia-acm.jpg,vehiculos/suv,SUV,Aro,ARO 10,"Enduro x4 (Italia, ACM)",aro-aro-10-enduro-x4-italia-acm,631,PLACEHOLDER
vehiculos/suv/aro-ims-57-ims-57-serie-ims.jpg,vehiculos/suv,SUV,Aro,IMS-57,IMS-57 (Serie IMS),aro-ims-57-ims-57-serie-ims,631,PLACEHOLDER
vehiculos/suv/aro-m461-m461-serie-ims.jpg,vehiculos/suv,SUV,Aro,M461,M461 (Serie IMS),aro-m461-m461-serie-ims,631,PLACEHOLDER
vehiculos/suv/aro-m59-m59-ims-59-serie-ims.jpg,vehiculos/suv,SUV,Aro,M59,M59 / IMS-59 (Serie IMS),aro-m59-m59-ims-59-serie-ims,631,PLACEHOLDER
vehiculos/suv/austin-champ-austin-champ.jpg,vehiculos/suv,SUV,Austin,Champ,Austin Champ,austin-champ-austin-champ,631,PLACEHOLDER
vehiculos/suv/austin-gipsy-austin-gipsy.jpg,vehiculos/suv,SUV,Austin,Gipsy,Austin Gipsy,austin-gipsy-austin-gipsy,631,PLACEHOLDER
vehiculos/suv/austin-mini-moke-austin-mini-moke.jpg,vehiculos/suv,SUV,Austin,Mini Moke,Austin Mini Moke,austin-mini-moke-austin-mini-moke,631,PLACEHOLDER
vehiculos/suv/bianchi-vm-6c-vm-6c.jpg,vehiculos/suv,SUV,Bianchi,VM 6C,VM 6C,bianchi-vm-6c-vm-6c,631,PLACEHOLDER
vehiculos/suv/chevrolet-blazer-k5-full-size.jpg,vehiculos/suv,SUV,Chevrolet,Blazer K5,full-size,chevrolet-blazer-k5-full-size,631,PLACEHOLDER
vehiculos/suv/chevrolet-s-10-blazer-1st-gen.jpg,vehiculos/suv,SUV,Chevrolet,S-10 Blazer,1st gen,chevrolet-s-10-blazer-1st-gen,631,PLACEHOLDER
vehiculos/suv/chevrolet-suburban-8th-gen-gmt400.jpg,vehiculos/suv,SUV,Chevrolet,Suburban,8th gen (GMT400),chevrolet-suburban-8th-gen-gmt400,631,PLACEHOLDER
vehiculos/suv/chevrolet-tahoe-1st-gen-gmt400.jpg,vehiculos/suv,SUV,Chevrolet,Tahoe,1st gen (GMT400),chevrolet-tahoe-1st-gen-gmt400,631,PLACEHOLDER
vehiculos/suv/citroen-mehari-mehari.jpg,vehiculos/suv,SUV,Citroen,Mehari,Mehari,citroen-mehari-mehari,631,PLACEHOLDER
vehiculos/suv/crosley-crosley-farm-o-road-farm-o-road.jpg,vehiculos/suv,SUV,Crosley,Crosley Farm-O-Road,Farm-O-Road,crosley-crosley-farm-o-road-farm-o-road,631,PLACEHOLDER
vehiculos/suv/daihatsu-feroza-sportrak-rocky-f300-1a-gen.jpg,vehiculos/suv,SUV,Daihatsu,Feroza/Sportrak/Rocky,F300 (1a gen),daihatsu-feroza-sportrak-rocky-f300-1a-gen,631,PLACEHOLDER
vehiculos/suv/daihatsu-rocky-rugger-fourtrak-f70-1a-gen.jpg,vehiculos/suv,SUV,Daihatsu,Rocky/Rugger/Fourtrak,F70 (1a gen),daihatsu-rocky-rugger-fourtrak-f70-1a-gen,631,PLACEHOLDER
vehiculos/suv/daihatsu-rocky-rugger-fourtrak-f80-1a-gen.jpg,vehiculos/suv,SUV,Daihatsu,Rocky/Rugger/Fourtrak,F80 (1a gen),daihatsu-rocky-rugger-fourtrak-f80-1a-gen,631,PLACEHOLDER
vehiculos/suv/datsun-patrol-160-series.jpg,vehiculos/suv,SUV,Datsun,Patrol,160 Series,datsun-patrol-160-series,631,PLACEHOLDER
vehiculos/suv/datsun-patrol-60-series-g60.jpg,vehiculos/suv,SUV,Datsun,Patrol,60 Series (G60),datsun-patrol-60-series-g60,631,PLACEHOLDER
vehiculos/suv/delahaye-vlr-vlr-vlrd.jpg,vehiculos/suv,SUV,Delahaye,VLR,VLR / VLRD,delahaye-vlr-vlr-vlrd,631,PLACEHOLDER
vehiculos/suv/dkw-candango-dkw-vemag-candango-brasil.jpg,vehiculos/suv,SUV,DKW,Candango,DKW-Vemag Candango (Brasil),dkw-candango-dkw-vemag-candango-brasil,631,PLACEHOLDER
vehiculos/suv/dkw-munga-munga-f91-4.jpg,vehiculos/suv,SUV,DKW,Munga,Munga (F91/4),dkw-munga-munga-f91-4,631,PLACEHOLDER
vehiculos/suv/dodge-ramcharger-ramcharger-1a-gen.jpg,vehiculos/suv,SUV,Dodge,Ramcharger,Ramcharger 1a gen,dodge-ramcharger-ramcharger-1a-gen,631,PLACEHOLDER
vehiculos/suv/dodge-ramcharger-ramcharger-2a-gen.jpg,vehiculos/suv,SUV,Dodge,Ramcharger,Ramcharger 2a gen,dodge-ramcharger-ramcharger-2a-gen,631,PLACEHOLDER
vehiculos/suv/fiat-campagnola-nuova-campagnola-1107-diesel.jpg,vehiculos/suv,SUV,Fiat,Campagnola,Nuova Campagnola (1107) Diesel,fiat-campagnola-nuova-campagnola-1107-diesel,631,PLACEHOLDER
vehiculos/suv/fiat-campagnola-nuova-campagnola-1107.jpg,vehiculos/suv,SUV,Fiat,Campagnola,Nuova Campagnola (1107),fiat-campagnola-nuova-campagnola-1107,631,PLACEHOLDER
vehiculos/suv/ford-bronco-bronco-1a-gen.jpg,vehiculos/suv,SUV,Ford,Bronco,Bronco 1a gen,ford-bronco-bronco-1a-gen,631,PLACEHOLDER
vehiculos/suv/ford-bronco-bronco-5a-gen.jpg,vehiculos/suv,SUV,Ford,Bronco,Bronco 5a gen,ford-bronco-bronco-5a-gen,631,PLACEHOLDER
vehiculos/suv/ford-maverick-maverick-nissan-terrano-ii.jpg,vehiculos/suv,SUV,Ford,Maverick,Maverick (Nissan Terrano II),ford-maverick-maverick-nissan-terrano-ii,631,PLACEHOLDER
vehiculos/suv/gmc-jimmy-jimmy-k5-1a-gen.jpg,vehiculos/suv,SUV,GMC,Jimmy,Jimmy K5 (1a gen),gmc-jimmy-jimmy-k5-1a-gen,631,PLACEHOLDER
vehiculos/suv/gmc-jimmy-jimmy-k5-2a-gen.jpg,vehiculos/suv,SUV,GMC,Jimmy,Jimmy K5 (2a gen),gmc-jimmy-jimmy-k5-2a-gen,631,PLACEHOLDER
vehiculos/suv/gmc-jimmy-s-15-jimmy-1a-gen.jpg,vehiculos/suv,SUV,GMC,Jimmy,S-15 Jimmy (1a gen),gmc-jimmy-s-15-jimmy-1a-gen,631,PLACEHOLDER
vehiculos/suv/gmc-suburban-suburban-gmt400.jpg,vehiculos/suv,SUV,GMC,Suburban,Suburban (GMT400),gmc-suburban-suburban-gmt400,631,PLACEHOLDER
vehiculos/suv/gmc-suburban-suburban-rounded-line-square.jpg,vehiculos/suv,SUV,GMC,Suburban,Suburban (Rounded-Line/square),gmc-suburban-suburban-rounded-line-square,631,PLACEHOLDER
vehiculos/suv/gmc-typhoon-gmc-typhoon-1992-1993.jpg,vehiculos/suv,SUV,GMC,Typhoon,GMC Typhoon (1992-1993),gmc-typhoon-gmc-typhoon-1992-1993,631,PLACEHOLDER
vehiculos/suv/gmc-yukon-yukon-gmt400-1a-gen.jpg,vehiculos/suv,SUV,GMC,Yukon,"Yukon (GMT400, 1a gen)",gmc-yukon-yukon-gmt400-1a-gen,631,PLACEHOLDER
vehiculos/suv/holden-jackaroo-1-gen-ubs.jpg,vehiculos/suv,SUV,Holden,Jackaroo,1ª gen (UBS),holden-jackaroo-1-gen-ubs,631,PLACEHOLDER
vehiculos/suv/honda-crossroad-crossroad-rebadge-discovery.jpg,vehiculos/suv,SUV,Honda,Crossroad,Crossroad (rebadge Discovery),honda-crossroad-crossroad-rebadge-discovery,631,PLACEHOLDER
vehiculos/suv/honda-passport-passport-1-gen-rebadge-isuzu.jpg,vehiculos/suv,SUV,Honda,Passport,Passport 1ª gen (rebadge Isuzu),honda-passport-passport-1-gen-rebadge-isuzu,631,PLACEHOLDER
vehiculos/suv/horch-horch-108-108-schwerer-einheits-pkw.jpg,vehiculos/suv,SUV,Horch,Horch 108,108 (schwerer Einheits-PKW),horch-horch-108-108-schwerer-einheits-pkw,631,PLACEHOLDER
vehiculos/suv/horch-horch-901-901-mittlerer-einheits-pkw.jpg,vehiculos/suv,SUV,Horch,Horch 901,901 (mittlerer Einheits-PKW),horch-horch-901-901-mittlerer-einheits-pkw,631,PLACEHOLDER
vehiculos/suv/horch-horch-901-901-typ-40.jpg,vehiculos/suv,SUV,Horch,Horch 901,901 Typ 40,horch-horch-901-901-typ-40,631,PLACEHOLDER
vehiculos/suv/hotchkiss-m201-jeep-m201.jpg,vehiculos/suv,SUV,Hotchkiss,M201 (Jeep),M201,hotchkiss-m201-jeep-m201,631,PLACEHOLDER
vehiculos/suv/international-scout-scout-80.jpg,vehiculos/suv,SUV,International,Scout,Scout 80,international-scout-scout-80,631,PLACEHOLDER
vehiculos/suv/international-scout-scout-800-800a-800b.jpg,vehiculos/suv,SUV,International,Scout,Scout 800/800A/800B,international-scout-scout-800-800a-800b,631,PLACEHOLDER
vehiculos/suv/international-scout-scout-ii.jpg,vehiculos/suv,SUV,International,Scout,Scout II,international-scout-scout-ii,631,PLACEHOLDER
vehiculos/suv/international-travelall-1000-1200-final-gen.jpg,vehiculos/suv,SUV,International,Travelall,1000-1200 (final gen),international-travelall-1000-1200-final-gen,631,PLACEHOLDER
vehiculos/suv/isuzu-mu-amigo-wizard-1a-gen-1989-98.jpg,vehiculos/suv,SUV,Isuzu,MU / Amigo / Wizard,1a gen (1989-98),isuzu-mu-amigo-wizard-1a-gen-1989-98,631,PLACEHOLDER
vehiculos/suv/isuzu-trooper-bighorn-1a-gen-1981-91.jpg,vehiculos/suv,SUV,Isuzu,Trooper / Bighorn,1a gen (1981-91),isuzu-trooper-bighorn-1a-gen-1981-91,631,PLACEHOLDER
vehiculos/suv/jeep-cherokee-sj.jpg,vehiculos/suv,SUV,Jeep,Cherokee,SJ,jeep-cherokee-sj,631,PLACEHOLDER
vehiculos/suv/jeep-cj-cj-2a.jpg,vehiculos/suv,SUV,Jeep,CJ,CJ-2A,jeep-cj-cj-2a,631,PLACEHOLDER
vehiculos/suv/jeep-cj-cj-3a.jpg,vehiculos/suv,SUV,Jeep,CJ,CJ-3A,jeep-cj-cj-3a,631,PLACEHOLDER
vehiculos/suv/jeep-cj-cj-3b.jpg,vehiculos/suv,SUV,Jeep,CJ,CJ-3B,jeep-cj-cj-3b,631,PLACEHOLDER
vehiculos/suv/jeep-cj-cj-5.jpg,vehiculos/suv,SUV,Jeep,CJ,CJ-5,jeep-cj-cj-5,631,PLACEHOLDER
vehiculos/suv/jeep-cj-cj-6.jpg,vehiculos/suv,SUV,Jeep,CJ,CJ-6,jeep-cj-cj-6,631,PLACEHOLDER
vehiculos/suv/jeep-cj-cj-7.jpg,vehiculos/suv,SUV,Jeep,CJ,CJ-7,jeep-cj-cj-7,631,PLACEHOLDER
vehiculos/suv/jeep-commando-c104.jpg,vehiculos/suv,SUV,Jeep,Commando,C104,jeep-commando-c104,631,PLACEHOLDER
vehiculos/suv/jeep-grand-cherokee-zj.jpg,vehiculos/suv,SUV,Jeep,Grand Cherokee,ZJ,jeep-grand-cherokee-zj,631,PLACEHOLDER
vehiculos/suv/jeep-grand-wagoneer-sj.jpg,vehiculos/suv,SUV,Jeep,Grand Wagoneer,SJ,jeep-grand-wagoneer-sj,631,PLACEHOLDER
vehiculos/suv/jeep-jeepster-commando-c101.jpg,vehiculos/suv,SUV,Jeep,Jeepster Commando,C101,jeep-jeepster-commando-c101,631,PLACEHOLDER
vehiculos/suv/jeep-wagoneer-sj.jpg,vehiculos/suv,SUV,Jeep,Wagoneer,SJ,jeep-wagoneer-sj,1139370,OK
vehiculos/suv/jeep-wrangler-yj.jpg,vehiculos/suv,SUV,Jeep,Wrangler,YJ,jeep-wrangler-yj,631,PLACEHOLDER
vehiculos/suv/kia-rocsta-rocsta.jpg,vehiculos/suv,SUV,Kia,Rocsta,Rocsta,kia-rocsta-rocsta,631,PLACEHOLDER
vehiculos/suv/lamborghini-lm002-lm002.jpg,vehiculos/suv,SUV,Lamborghini,LM002,LM002,lamborghini-lm002-lm002,631,PLACEHOLDER
vehiculos/suv/land-rover-discovery-discovery-series-1.jpg,vehiculos/suv,SUV,Land Rover,Discovery,Discovery Series 1,land-rover-discovery-discovery-series-1,631,PLACEHOLDER
vehiculos/suv/land-rover-land-rover-90-110-ninety-one-ten.jpg,vehiculos/suv,SUV,Land Rover,Land Rover 90/110,Ninety / One Ten,land-rover-land-rover-90-110-ninety-one-ten,631,PLACEHOLDER
vehiculos/suv/land-rover-land-rover-series-series-i.jpg,vehiculos/suv,SUV,Land Rover,Land Rover Series,Series I,land-rover-land-rover-series-series-i,631,PLACEHOLDER
vehiculos/suv/land-rover-land-rover-series-series-ii.jpg,vehiculos/suv,SUV,Land Rover,Land Rover Series,Series II,land-rover-land-rover-series-series-ii,631,PLACEHOLDER
vehiculos/suv/land-rover-land-rover-series-series-iia.jpg,vehiculos/suv,SUV,Land Rover,Land Rover Series,Series IIA,land-rover-land-rover-series-series-iia,631,PLACEHOLDER
vehiculos/suv/land-rover-land-rover-series-series-iii-stage-1-v8.jpg,vehiculos/suv,SUV,Land Rover,Land Rover Series,Series III Stage 1 V8,land-rover-land-rover-series-series-iii-stage-1-v8,631,PLACEHOLDER
vehiculos/suv/land-rover-land-rover-series-series-iii.jpg,vehiculos/suv,SUV,Land Rover,Land Rover Series,Series III,land-rover-land-rover-series-series-iii,631,PLACEHOLDER
vehiculos/suv/land-rover-range-rover-range-rover-classic.jpg,vehiculos/suv,SUV,Land Rover,Range Rover,Range Rover Classic,land-rover-range-rover-range-rover-classic,631,PLACEHOLDER
vehiculos/suv/lexus-lx-450-lx450-j80-fzj80.jpg,vehiculos/suv,SUV,Lexus,LX 450,LX450 (J80 / FZJ80),lexus-lx-450-lx450-j80-fzj80,631,PLACEHOLDER
vehiculos/suv/mahindra-cj340-cj340-swb-diesel.jpg,vehiculos/suv,SUV,Mahindra,CJ340,"CJ340 (SWB, diesel)",mahindra-cj340-cj340-swb-diesel,631,PLACEHOLDER
vehiculos/suv/mahindra-cj3b-cj3b-willys-cj-3b-licencia.jpg,vehiculos/suv,SUV,Mahindra,CJ3B,CJ3B (Willys CJ-3B licencia),mahindra-cj3b-cj3b-willys-cj-3b-licencia,631,PLACEHOLDER
vehiculos/suv/mahindra-cj540-cj540-lwb-diesel.jpg,vehiculos/suv,SUV,Mahindra,CJ540,"CJ540 (LWB, diesel)",mahindra-cj540-cj540-lwb-diesel,631,PLACEHOLDER
vehiculos/suv/matra-rancho-matra-simca-rancho.jpg,vehiculos/suv,SUV,Matra,Rancho,Matra-Simca Rancho,matra-rancho-matra-simca-rancho,631,PLACEHOLDER
vehiculos/suv/matra-rancho-talbot-matra-rancho.jpg,vehiculos/suv,SUV,Matra,Rancho,Talbot-Matra Rancho,matra-rancho-talbot-matra-rancho,631,PLACEHOLDER
vehiculos/suv/mercedes-benz-g-class-w460.jpg,vehiculos/suv,SUV,Mercedes-Benz,G-Class,W460,mercedes-benz-g-class-w460,631,PLACEHOLDER
vehiculos/suv/mitsubishi-pajero-pajero-1g-l040.jpg,vehiculos/suv,SUV,Mitsubishi,Pajero,Pajero 1G (L040),mitsubishi-pajero-pajero-1g-l040,631,PLACEHOLDER
vehiculos/suv/mitsubishi-pajero-pajero-2g-v20.jpg,vehiculos/suv,SUV,Mitsubishi,Pajero,Pajero 2G (V20),mitsubishi-pajero-pajero-2g-v20,631,PLACEHOLDER
vehiculos/suv/moretti-midimaxi-127-midimaxi-i-ii-serie.jpg,vehiculos/suv,SUV,Moretti,Midimaxi,127 Midimaxi (I-II Serie),moretti-midimaxi-127-midimaxi-i-ii-serie,631,PLACEHOLDER
vehiculos/suv/moretti-midimaxi-midimaxi-iii-serie.jpg,vehiculos/suv,SUV,Moretti,Midimaxi,Midimaxi III Serie,moretti-midimaxi-midimaxi-iii-serie,631,PLACEHOLDER
vehiculos/suv/moretti-panda-rock-panda-rock-4x4.jpg,vehiculos/suv,SUV,Moretti,Panda Rock,Panda Rock 4x4,moretti-panda-rock-panda-rock-4x4,631,PLACEHOLDER
vehiculos/suv/moretti-sporting-campagnola-sporting.jpg,vehiculos/suv,SUV,Moretti,Sporting,Campagnola Sporting,moretti-sporting-campagnola-sporting,631,PLACEHOLDER
vehiculos/suv/nissan-patrol-160-260-3-gen.jpg,vehiculos/suv,SUV,Nissan,Patrol,160/260 (3ª gen),nissan-patrol-160-260-3-gen,631,PLACEHOLDER
vehiculos/suv/nissan-patrol-gr-y60-4-gen.jpg,vehiculos/suv,SUV,Nissan,Patrol GR,Y60 (4ª gen),nissan-patrol-gr-y60-4-gen,631,PLACEHOLDER
vehiculos/suv/nissan-terrano-pathfinder-wd21-1-gen.jpg,vehiculos/suv,SUV,Nissan,Terrano / Pathfinder,WD21 (1ª gen),nissan-terrano-pathfinder-wd21-1-gen,631,PLACEHOLDER
vehiculos/suv/oldsmobile-bravada-bravada-1a-gen-gmt330.jpg,vehiculos/suv,SUV,Oldsmobile,Bravada,Bravada 1a gen (GMT330),oldsmobile-bravada-bravada-1a-gen-gmt330,631,PLACEHOLDER
vehiculos/suv/opel-frontera-frontera-a.jpg,vehiculos/suv,SUV,Opel,Frontera,Frontera A,opel-frontera-frontera-a,631,PLACEHOLDER
vehiculos/suv/opel-monterey-monterey.jpg,vehiculos/suv,SUV,Opel,Monterey,Monterey,opel-monterey-monterey,631,PLACEHOLDER
vehiculos/suv/panhard-aml-aml-60-aml-90.jpg,vehiculos/suv,SUV,Panhard,AML,AML 60 / AML 90,panhard-aml-aml-60-aml-90,631,PLACEHOLDER
vehiculos/suv/plymouth-trail-duster-trail-duster-1974-1981.jpg,vehiculos/suv,SUV,Plymouth,Trail Duster,Trail Duster (1974-1981),plymouth-trail-duster-trail-duster-1974-1981,631,PLACEHOLDER
vehiculos/suv/polski-fiat-508-lazik-508-iiiw-lazik.jpg,vehiculos/suv,SUV,Polski Fiat,508 Lazik,508/IIIW Lazik,polski-fiat-508-lazik-508-iiiw-lazik,631,PLACEHOLDER
vehiculos/suv/puch-haflinger-700-ap-1a-y-2a-serie.jpg,vehiculos/suv,SUV,Puch,Haflinger,700 AP (1a y 2a serie),puch-haflinger-700-ap-1a-y-2a-serie,631,PLACEHOLDER
vehiculos/suv/puch-pinzgauer-710-1a-generacion-4x4.jpg,vehiculos/suv,SUV,Puch,Pinzgauer,"710 (1a generacion, 4x4)",puch-pinzgauer-710-1a-generacion-4x4,631,PLACEHOLDER
vehiculos/suv/simca-rancho-matra-simca-rancho.jpg,vehiculos/suv,SUV,Simca,Rancho,Matra-Simca Rancho,simca-rancho-matra-simca-rancho,631,PLACEHOLDER
vehiculos/suv/ssangyong-korando-family-korando-family-isuzu-trooper.jpg,vehiculos/suv,SUV,SsangYong,Korando Family,Korando Family (Isuzu Trooper),ssangyong-korando-family-korando-family-isuzu-trooper,631,PLACEHOLDER
vehiculos/suv/ssangyong-korando-family-new-korando-family.jpg,vehiculos/suv,SUV,SsangYong,Korando Family,New Korando Family,ssangyong-korando-family-new-korando-family,631,PLACEHOLDER
vehiculos/suv/ssangyong-korando-korando-1a-gen-jeep-ssangyong.jpg,vehiculos/suv,SUV,SsangYong,Korando,"Korando 1a gen (Jeep, SsangYong)",ssangyong-korando-korando-1a-gen-jeep-ssangyong,631,PLACEHOLDER
vehiculos/suv/stoewer-r200-leichter-einheits-pkw-r-200-spezial.jpg,vehiculos/suv,SUV,Stoewer,R200,Leichter Einheits-PKW R 200 Spezial,stoewer-r200-leichter-einheits-pkw-r-200-spezial,631,PLACEHOLDER
vehiculos/suv/stutz-defender-defender-1984-1995.jpg,vehiculos/suv,SUV,Stutz,Defender,Defender (1984-1995),stutz-defender-defender-1984-1995,631,PLACEHOLDER
vehiculos/suv/suzuki-jimny-lj20-lj20.jpg,vehiculos/suv,SUV,Suzuki,Jimny LJ20,LJ20,suzuki-jimny-lj20-lj20,631,PLACEHOLDER
vehiculos/suv/suzuki-jimny-lj50-lj50.jpg,vehiculos/suv,SUV,Suzuki,Jimny LJ50,LJ50,suzuki-jimny-lj50-lj50,631,PLACEHOLDER
vehiculos/suv/suzuki-jimny-lj80-lj80.jpg,vehiculos/suv,SUV,Suzuki,Jimny LJ80,LJ80,suzuki-jimny-lj80-lj80,631,PLACEHOLDER
vehiculos/suv/suzuki-samurai-sj413.jpg,vehiculos/suv,SUV,Suzuki,Samurai,SJ413,suzuki-samurai-sj413,631,PLACEHOLDER
vehiculos/suv/suzuki-sidekick-1a-gen.jpg,vehiculos/suv,SUV,Suzuki,Sidekick,1a gen,suzuki-sidekick-1a-gen,631,PLACEHOLDER
vehiculos/suv/suzuki-sj410-sj410.jpg,vehiculos/suv,SUV,Suzuki,SJ410,SJ410,suzuki-sj410-sj410,631,PLACEHOLDER
vehiculos/suv/suzuki-vitara-1a-gen-et-ta.jpg,vehiculos/suv,SUV,Suzuki,Vitara,1a gen (ET/TA),suzuki-vitara-1a-gen-et-ta,631,PLACEHOLDER
vehiculos/suv/suzuki-x-90-x-90.jpg,vehiculos/suv,SUV,Suzuki,X-90,X-90,suzuki-x-90-x-90,631,PLACEHOLDER
vehiculos/suv/talbot-matra-rancho-talbot-matra-rancho.jpg,vehiculos/suv,SUV,Talbot,Matra Rancho,Talbot Matra Rancho,talbot-matra-rancho-talbot-matra-rancho,631,PLACEHOLDER
vehiculos/suv/toyota-land-cruiser-j40.jpg,vehiculos/suv,SUV,Toyota,Land Cruiser,J40,toyota-land-cruiser-j40,631,PLACEHOLDER
vehiculos/suv/toyota-land-cruiser-j60.jpg,vehiculos/suv,SUV,Toyota,Land Cruiser,J60,toyota-land-cruiser-j60,631,PLACEHOLDER
vehiculos/suv/toyota-land-cruiser-j80.jpg,vehiculos/suv,SUV,Toyota,Land Cruiser,J80,toyota-land-cruiser-j80,631,PLACEHOLDER
vehiculos/suv/toyota-rav4-xa10-1-gen.jpg,vehiculos/suv,SUV,Toyota,RAV4,XA10 (1ª gen),toyota-rav4-xa10-1-gen,631,PLACEHOLDER
vehiculos/suv/uaz-469-uaz-469-militar-ejes-portal.jpg,vehiculos/suv,SUV,UAZ,469,"UAZ-469 (militar, ejes portal)",uaz-469-uaz-469-militar-ejes-portal,631,PLACEHOLDER
vehiculos/suv/uaz-469b-uaz-469b-civil.jpg,vehiculos/suv,SUV,UAZ,469B,UAZ-469B (civil),uaz-469b-uaz-469b-civil,631,PLACEHOLDER
vehiculos/suv/uaz-69-gaz-69-producci-n-uaz.jpg,vehiculos/suv,SUV,UAZ,69,GAZ-69 (producción UAZ),uaz-69-gaz-69-producci-n-uaz,631,PLACEHOLDER
vehiculos/suv/vauxhall-frontera-frontera-a.jpg,vehiculos/suv,SUV,Vauxhall,Frontera,Frontera A,vauxhall-frontera-frontera-a,631,PLACEHOLDER
vehiculos/suv/vauxhall-monterey-monterey.jpg,vehiculos/suv,SUV,Vauxhall,Monterey,Monterey,vauxhall-monterey-monterey,631,PLACEHOLDER
vehiculos/suv/volkswagen-181-kurierwagen-the-thing-type-181.jpg,vehiculos/suv,SUV,Volkswagen,181 (Kurierwagen / The Thing),Type 181,volkswagen-181-kurierwagen-the-thing-type-181,631,PLACEHOLDER
vehiculos/suv/volkswagen-iltis-iltis-type-183.jpg,vehiculos/suv,SUV,Volkswagen,Iltis,Iltis (Type 183),volkswagen-iltis-iltis-type-183,631,PLACEHOLDER
vehiculos/suv/volvo-v70-xc-v70-xc-gen-1.jpg,vehiculos/suv,SUV,Volvo,V70 XC,V70 XC (gen 1),volvo-v70-xc-v70-xc-gen-1,631,PLACEHOLDER
vehiculos/suv/willys-cj-2a-cj-2a.jpg,vehiculos/suv,SUV,Willys,CJ-2A,CJ-2A,willys-cj-2a-cj-2a,631,PLACEHOLDER
vehiculos/suv/willys-cj-3a-cj-3a.jpg,vehiculos/suv,SUV,Willys,CJ-3A,CJ-3A,willys-cj-3a-cj-3a,631,PLACEHOLDER
vehiculos/suv/willys-cj-3b-cj-3b.jpg,vehiculos/suv,SUV,Willys,CJ-3B,CJ-3B,willys-cj-3b-cj-3b,631,PLACEHOLDER
vehiculos/suv/willys-cj-5-cj-5-era-willys-motors.jpg,vehiculos/suv,SUV,Willys,CJ-5,CJ-5 (era Willys Motors),willys-cj-5-cj-5-era-willys-motors,631,PLACEHOLDER
vehiculos/suv/willys-cj-6-cj-6-era-willys-motors.jpg,vehiculos/suv,SUV,Willys,CJ-6,CJ-6 (era Willys Motors),willys-cj-6-cj-6-era-willys-motors,631,PLACEHOLDER
vehiculos/suv/willys-jeep-jeep-willys-brasil-base-cj-5.jpg,vehiculos/suv,SUV,Willys,Jeep,"Jeep Willys (Brasil, base CJ-5)",willys-jeep-jeep-willys-brasil-base-cj-5,631,PLACEHOLDER
vehiculos/suv/willys-m38-willys-m38-mc.jpg,vehiculos/suv,SUV,Willys,M38,Willys M38 (MC),willys-m38-willys-m38-mc,631,PLACEHOLDER
vehiculos/suv/willys-m38a1-willys-m38a1-md.jpg,vehiculos/suv,SUV,Willys,M38A1,Willys M38A1 (MD),willys-m38a1-willys-m38a1-md,631,PLACEHOLDER
vehiculos/suv/willys-mb-willys-mb.jpg,vehiculos/suv,SUV,Willys,MB,Willys MB,willys-mb-willys-mb,631,PLACEHOLDER
vehiculos/suv/willys-rural-rural-willys-brasil.jpg,vehiculos/suv,SUV,Willys,Rural,Rural Willys (Brasil),willys-rural-rural-willys-brasil,631,PLACEHOLDER
vehiculos/suv/zastava-ar-55-campagnola-ar-55.jpg,vehiculos/suv,SUV,Zastava,AR-55 Campagnola,AR-55,zastava-ar-55-campagnola-ar-55,631,PLACEHOLDER
vehiculos/truck/aec-majestic-majestic-3521-3531.jpg,vehiculos/truck,Camion,AEC,Majestic,Majestic 3521/3531,aec-majestic-majestic-3521-3531,631,PLACEHOLDER
vehiculos/truck/aec-majestic-majestic-666.jpg,vehiculos/truck,Camion,AEC,Majestic,Majestic 666,aec-majestic-majestic-666,631,PLACEHOLDER
vehiculos/truck/aec-majestic-majestic-gb6.jpg,vehiculos/truck,Camion,AEC,Majestic,Majestic GB6,aec-majestic-majestic-gb6,631,PLACEHOLDER
vehiculos/truck/aec-mammoth-major-mammoth-major-6-mk-iii-3671.jpg,vehiculos/truck,Camion,AEC,Mammoth Major,Mammoth Major 6 Mk III (3671),aec-mammoth-major-mammoth-major-6-mk-iii-3671,631,PLACEHOLDER
vehiculos/truck/aec-mammoth-major-mammoth-major-8-mk-iii-3871.jpg,vehiculos/truck,Camion,AEC,Mammoth Major,Mammoth Major 8 Mk III (3871),aec-mammoth-major-mammoth-major-8-mk-iii-3871,631,PLACEHOLDER
vehiculos/truck/aec-mammoth-major-mammoth-major-8-tg8r.jpg,vehiculos/truck,Camion,AEC,Mammoth Major,Mammoth Major 8 (TG8R),aec-mammoth-major-mammoth-major-8-tg8r,631,PLACEHOLDER
vehiculos/truck/aec-mammoth-major-mammoth-major-mk-v-g8.jpg,vehiculos/truck,Camion,AEC,Mammoth Major,Mammoth Major Mk V (G8),aec-mammoth-major-mammoth-major-mk-v-g8,631,PLACEHOLDER
vehiculos/truck/aec-mammoth-mammoth-667.jpg,vehiculos/truck,Camion,AEC,Mammoth,Mammoth 667,aec-mammoth-mammoth-667,631,PLACEHOLDER
vehiculos/truck/aec-mandator-mandator-3472-3475.jpg,vehiculos/truck,Camion,AEC,Mandator,Mandator 3472-3475,aec-mandator-mandator-3472-3475,631,PLACEHOLDER
vehiculos/truck/aec-mandator-mandator-669-672.jpg,vehiculos/truck,Camion,AEC,Mandator,Mandator 669/672,aec-mandator-mandator-669-672,631,PLACEHOLDER
vehiculos/truck/aec-mandator-mandator-tg4.jpg,vehiculos/truck,Camion,AEC,Mandator,Mandator TG4,aec-mandator-mandator-tg4,631,PLACEHOLDER
vehiculos/truck/aec-marshal-marshal-644.jpg,vehiculos/truck,Camion,AEC,Marshal,Marshal 644,aec-marshal-marshal-644,631,PLACEHOLDER
vehiculos/truck/aec-marshal-marshal-gm6.jpg,vehiculos/truck,Camion,AEC,Marshal,Marshal GM6,aec-marshal-marshal-gm6,631,PLACEHOLDER
vehiculos/truck/aec-marshal-marshal-tgm6.jpg,vehiculos/truck,Camion,AEC,Marshal,Marshal TGM6,aec-marshal-marshal-tgm6,631,PLACEHOLDER
vehiculos/truck/aec-matador-matador-346.jpg,vehiculos/truck,Camion,AEC,Matador,Matador 346,aec-matador-matador-346,631,PLACEHOLDER
vehiculos/truck/aec-matador-matador-4gm4.jpg,vehiculos/truck,Camion,AEC,Matador,Matador 4GM4,aec-matador-matador-4gm4,631,PLACEHOLDER
vehiculos/truck/aec-matador-matador-645.jpg,vehiculos/truck,Camion,AEC,Matador,Matador 645,aec-matador-matador-645,631,PLACEHOLDER
vehiculos/truck/aec-matador-matador-853.jpg,vehiculos/truck,Camion,AEC,Matador,Matador 853,aec-matador-matador-853,631,PLACEHOLDER
vehiculos/truck/aec-matador-matador-o853.jpg,vehiculos/truck,Camion,AEC,Matador,Matador O853,aec-matador-matador-o853,631,PLACEHOLDER
vehiculos/truck/aec-mercury-mercury-640.jpg,vehiculos/truck,Camion,AEC,Mercury,Mercury 640,aec-mercury-mercury-640,631,PLACEHOLDER
vehiculos/truck/aec-mercury-mercury-g4m.jpg,vehiculos/truck,Camion,AEC,Mercury,Mercury G4M,aec-mercury-mercury-g4m,631,PLACEHOLDER
vehiculos/truck/aec-mercury-mercury-tgm4.jpg,vehiculos/truck,Camion,AEC,Mercury,Mercury TGM4,aec-mercury-mercury-tgm4,631,PLACEHOLDER
vehiculos/truck/aec-militant-militant-mk1-o859-o860.jpg,vehiculos/truck,Camion,AEC,Militant,Militant Mk1 (O859/O860),aec-militant-militant-mk1-o859-o860,631,PLACEHOLDER
vehiculos/truck/aec-militant-militant-mk3-o870-o880.jpg,vehiculos/truck,Camion,AEC,Militant,Militant Mk3 (O870/O880),aec-militant-militant-mk3-o870-o880,631,PLACEHOLDER
vehiculos/truck/aec-monarch-monarch-344-346.jpg,vehiculos/truck,Camion,AEC,Monarch,Monarch 344/346,aec-monarch-monarch-344-346,631,PLACEHOLDER
vehiculos/truck/aec-monarch-monarch-641-648.jpg,vehiculos/truck,Camion,AEC,Monarch,Monarch 641-648,aec-monarch-monarch-641-648,631,PLACEHOLDER
vehiculos/truck/aec-monarch-monarch-o345-3451.jpg,vehiculos/truck,Camion,AEC,Monarch,Monarch O345/3451,aec-monarch-monarch-o345-3451,631,PLACEHOLDER
vehiculos/truck/aec-mustang-mustang-gm6.jpg,vehiculos/truck,Camion,AEC,Mustang,Mustang GM6,aec-mustang-mustang-gm6,631,PLACEHOLDER
vehiculos/truck/albion-a10-a10-3-ton.jpg,vehiculos/truck,Camion,Albion,A10,A10 (3 ton),albion-a10-a10-3-ton,631,PLACEHOLDER
vehiculos/truck/albion-chieftain-chieftain-cx-ft-posguerra.jpg,vehiculos/truck,Camion,Albion,Chieftain,Chieftain (CX/FT posguerra),albion-chieftain-chieftain-cx-ft-posguerra,631,PLACEHOLDER
vehiculos/truck/albion-claymore-claymore-cl-motor-bajo-el-piso.jpg,vehiculos/truck,Camion,Albion,Claymore,Claymore CL (motor bajo el piso),albion-claymore-claymore-cl-motor-bajo-el-piso,631,PLACEHOLDER
vehiculos/truck/albion-claymore-claymore-cl3-cl5.jpg,vehiculos/truck,Camion,Albion,Claymore,Claymore CL3/CL5,albion-claymore-claymore-cl3-cl5,631,PLACEHOLDER
vehiculos/truck/albion-clydesdale-clydesdale-cd21.jpg,vehiculos/truck,Camion,Albion,Clydesdale,Clydesdale CD21,albion-clydesdale-clydesdale-cd21,631,PLACEHOLDER
vehiculos/truck/albion-cx22s-cx22s-tractor-de-artilleria-pesada-6x4.jpg,vehiculos/truck,Camion,Albion,CX22S,CX22S (tractor de artilleria pesada 6x4),albion-cx22s-cx22s-tractor-de-artilleria-pesada-6x4,631,PLACEHOLDER
vehiculos/truck/albion-reiver-reiver-ft111k-6x2.jpg,vehiculos/truck,Camion,Albion,Reiver,Reiver FT111K (6x2),albion-reiver-reiver-ft111k-6x2,631,PLACEHOLDER
vehiculos/truck/albion-reiver-super-reiver.jpg,vehiculos/truck,Camion,Albion,Reiver,Super Reiver,albion-reiver-super-reiver,631,PLACEHOLDER
vehiculos/truck/ashok-leyland-comet-comet-350.jpg,vehiculos/truck,Camion,Ashok Leyland,Comet,Comet 350,ashok-leyland-comet-comet-350,631,PLACEHOLDER
vehiculos/truck/bedford-km-km-16-ton.jpg,vehiculos/truck,Camion,Bedford,KM,KM (16 ton),bedford-km-km-16-ton,631,PLACEHOLDER
vehiculos/truck/bedford-mj-mj-militar-4x4-4-ton.jpg,vehiculos/truck,Camion,Bedford,MJ,MJ (militar 4x4 4 ton),bedford-mj-mj-militar-4x4-4-ton,631,PLACEHOLDER
vehiculos/truck/bedford-mk-mk-militar-4x4-4-ton.jpg,vehiculos/truck,Camion,Bedford,MK,MK (militar 4x4 4 ton),bedford-mk-mk-militar-4x4-4-ton,631,PLACEHOLDER
vehiculos/truck/bedford-mw-mw-militar-15-cwt.jpg,vehiculos/truck,Camion,Bedford,MW,MW (militar 15 cwt),bedford-mw-mw-militar-15-cwt,631,PLACEHOLDER
vehiculos/truck/bedford-o-series-ox-oy-ow.jpg,vehiculos/truck,Camion,Bedford,O-Series,OX / OY / OW,bedford-o-series-ox-oy-ow,631,PLACEHOLDER
vehiculos/truck/bedford-ql-ql-militar-4x4.jpg,vehiculos/truck,Camion,Bedford,QL,QL (militar 4x4),bedford-ql-ql-militar-4x4,631,PLACEHOLDER
vehiculos/truck/bedford-rl-rl-militar-4x4-3-ton.jpg,vehiculos/truck,Camion,Bedford,RL,RL (militar 4x4 3 ton),bedford-rl-rl-militar-4x4-3-ton,631,PLACEHOLDER
vehiculos/truck/bedford-s-type-s-type-big-bedford.jpg,vehiculos/truck,Camion,Bedford,S type,S type (Big Bedford),bedford-s-type-s-type-big-bedford,631,PLACEHOLDER
vehiculos/truck/bedford-ta-ta-td-a-type.jpg,vehiculos/truck,Camion,Bedford,TA,TA / TD (A-type),bedford-ta-ta-td-a-type,631,PLACEHOLDER
vehiculos/truck/bedford-tj-tj-j-series.jpg,vehiculos/truck,Camion,Bedford,TJ,TJ / J-series,bedford-tj-tj-j-series,631,PLACEHOLDER
vehiculos/truck/bedford-tk-tk.jpg,vehiculos/truck,Camion,Bedford,TK,TK,bedford-tk-tk,631,PLACEHOLDER
vehiculos/truck/bedford-tl-tl.jpg,vehiculos/truck,Camion,Bedford,TL,TL,bedford-tl-tl,631,PLACEHOLDER
vehiculos/truck/bedford-tm-tm.jpg,vehiculos/truck,Camion,Bedford,TM,TM,bedford-tm-tm,631,PLACEHOLDER
vehiculos/truck/bedford-wt-wt-wtl-wth.jpg,vehiculos/truck,Camion,Bedford,WT,WT / WTL / WTH,bedford-wt-wt-wtl-wth,631,PLACEHOLDER
vehiculos/truck/bianchi-mediolanum-mediolanum-36.jpg,vehiculos/truck,Camion,Bianchi,Mediolanum,Mediolanum 36,bianchi-mediolanum-mediolanum-36,631,PLACEHOLDER
vehiculos/truck/bianchi-miles-miles.jpg,vehiculos/truck,Camion,Bianchi,Miles,Miles,bianchi-miles-miles,631,PLACEHOLDER
vehiculos/truck/bianchi-supermil-500-supermil-500-mcu.jpg,vehiculos/truck,Camion,Bianchi,Supermil 500,Supermil 500 (MCU),bianchi-supermil-500-supermil-500-mcu,631,PLACEHOLDER
vehiculos/truck/bmc-1340-1340.jpg,vehiculos/truck,Camion,BMC,1340,1340,bmc-1340-1340,631,PLACEHOLDER
vehiculos/truck/bmc-leyland-140-leyland-140.jpg,vehiculos/truck,Camion,BMC,Leyland 140,Leyland 140,bmc-leyland-140-leyland-140,631,PLACEHOLDER
vehiculos/truck/bmc-tm-100-tm-100.jpg,vehiculos/truck,Camion,BMC,TM 100,TM 100,bmc-tm-100-tm-100,631,PLACEHOLDER
vehiculos/truck/bmc-tm-135-tm-135.jpg,vehiculos/truck,Camion,BMC,TM 135,TM 135,bmc-tm-135-tm-135,631,PLACEHOLDER
vehiculos/truck/bmc-tm-140-tm-140.jpg,vehiculos/truck,Camion,BMC,TM 140,TM 140,bmc-tm-140-tm-140,631,PLACEHOLDER
vehiculos/truck/bmc-yavuz-yavuz-1850.jpg,vehiculos/truck,Camion,BMC,Yavuz,Yavuz 1850,bmc-yavuz-yavuz-1850,631,PLACEHOLDER
vehiculos/truck/bmc-yavuz-yavuz-2200.jpg,vehiculos/truck,Camion,BMC,Yavuz,Yavuz 2200,bmc-yavuz-yavuz-2200,631,PLACEHOLDER
vehiculos/truck/borgward-b-611-b-611.jpg,vehiculos/truck,Camion,Borgward,B 611,B 611,borgward-b-611-b-611,631,PLACEHOLDER
vehiculos/truck/commer-c-series-ca-cb-cc-ce.jpg,vehiculos/truck,Camion,Commer,C Series,CA / CB / CC / CE,commer-c-series-ca-cb-cc-ce,631,PLACEHOLDER
vehiculos/truck/commer-commando-commando.jpg,vehiculos/truck,Camion,Commer,Commando,Commando,commer-commando-commando,631,PLACEHOLDER
vehiculos/truck/commer-maxiload-maxiload-gama-c.jpg,vehiculos/truck,Camion,Commer,Maxiload,Maxiload (gama C),commer-maxiload-maxiload-gama-c,631,PLACEHOLDER
vehiculos/truck/commer-n-series-n1-n6.jpg,vehiculos/truck,Camion,Commer,N Series,N1-N6,commer-n-series-n1-n6,631,PLACEHOLDER
vehiculos/truck/commer-superpoise-serie-q.jpg,vehiculos/truck,Camion,Commer,Superpoise,Serie Q,commer-superpoise-serie-q,631,PLACEHOLDER
vehiculos/truck/commer-superpoise-serie-qx-t.jpg,vehiculos/truck,Camion,Commer,Superpoise,Serie QX / T,commer-superpoise-serie-qx-t,631,PLACEHOLDER
vehiculos/truck/commer-v-series-va-vb-vc.jpg,vehiculos/truck,Camion,Commer,V Series,VA / VB / VC,commer-v-series-va-vb-vc,631,PLACEHOLDER
vehiculos/truck/daf-2600-daf-2600-f218.jpg,vehiculos/truck,Camion,DAF,2600,DAF 2600 (F218),daf-2600-daf-2600-f218,631,PLACEHOLDER
vehiculos/truck/daf-2800-daf-2800-f241.jpg,vehiculos/truck,Camion,DAF,2800,DAF 2800 (F241),daf-2800-daf-2800-f241,631,PLACEHOLDER
vehiculos/truck/daf-3300-daf-3300-f241.jpg,vehiculos/truck,Camion,DAF,3300,DAF 3300 (F241),daf-3300-daf-3300-f241,631,PLACEHOLDER
vehiculos/truck/daf-3600-daf-3600-f241.jpg,vehiculos/truck,Camion,DAF,3600,DAF 3600 (F241),daf-3600-daf-3600-f241,631,PLACEHOLDER
vehiculos/truck/daf-45-daf-45.jpg,vehiculos/truck,Camion,DAF,45,DAF 45,daf-45-daf-45,631,PLACEHOLDER
vehiculos/truck/daf-55-daf-55-ligero.jpg,vehiculos/truck,Camion,DAF,55,DAF 55 (ligero),daf-55-daf-55-ligero,631,PLACEHOLDER
vehiculos/truck/daf-65-daf-65.jpg,vehiculos/truck,Camion,DAF,65,DAF 65,daf-65-daf-65,631,PLACEHOLDER
vehiculos/truck/daf-75-daf-75.jpg,vehiculos/truck,Camion,DAF,75,DAF 75,daf-75-daf-75,631,PLACEHOLDER
vehiculos/truck/daf-85-daf-85.jpg,vehiculos/truck,Camion,DAF,85,DAF 85,daf-85-daf-85,631,PLACEHOLDER
vehiculos/truck/daf-95-daf-95.jpg,vehiculos/truck,Camion,DAF,95,DAF 95,daf-95-daf-95,631,PLACEHOLDER
vehiculos/truck/delahaye-type-163-type-163d.jpg,vehiculos/truck,Camion,Delahaye,Type 163,Type 163D,delahaye-type-163-type-163d,631,PLACEHOLDER
vehiculos/truck/freightliner-fla-fla-series-coe.jpg,vehiculos/truck,Camion,Freightliner,FLA,FLA-Series (COE),freightliner-fla-fla-series-coe,631,PLACEHOLDER
vehiculos/truck/freightliner-flb-flb-series-coe.jpg,vehiculos/truck,Camion,Freightliner,FLB,FLB-Series (COE),freightliner-flb-flb-series-coe,631,PLACEHOLDER
vehiculos/truck/freightliner-flc-120-flc-series-conventional.jpg,vehiculos/truck,Camion,Freightliner,FLC 120,FLC-Series (Conventional),freightliner-flc-120-flc-series-conventional,631,PLACEHOLDER
vehiculos/truck/freightliner-flt-flt-series-coe.jpg,vehiculos/truck,Camion,Freightliner,FLT,FLT-Series (COE),freightliner-flt-flt-series-coe,631,PLACEHOLDER
vehiculos/truck/freightliner-white-freightliner-wfc-wfc-120-conventional.jpg,vehiculos/truck,Camion,Freightliner,White-Freightliner WFC,WFC 120 (Conventional),freightliner-white-freightliner-wfc-wfc-120-conventional,631,PLACEHOLDER
vehiculos/truck/freightliner-white-freightliner-wft-wft-coe.jpg,vehiculos/truck,Camion,Freightliner,White-Freightliner WFT,WFT (COE),freightliner-white-freightliner-wft-wft-coe,631,PLACEHOLDER
vehiculos/truck/fuso-canter-5a-gen-fe.jpg,vehiculos/truck,Camion,Fuso,Canter,5a gen (FE),fuso-canter-5a-gen-fe,631,PLACEHOLDER
vehiculos/truck/fuso-canter-fe-golden-canter-4a-gen.jpg,vehiculos/truck,Camion,Fuso,Canter,FE 'Golden Canter' (4a gen),fuso-canter-fe-golden-canter-4a-gen,631,PLACEHOLDER
vehiculos/truck/fuso-canter-t200-3a-gen.jpg,vehiculos/truck,Camion,Fuso,Canter,T200 (3a gen),fuso-canter-t200-3a-gen,631,PLACEHOLDER
vehiculos/truck/fuso-canter-t720-1a-gen.jpg,vehiculos/truck,Camion,Fuso,Canter,T720 (1a gen),fuso-canter-t720-1a-gen,631,PLACEHOLDER
vehiculos/truck/fuso-canter-t90-2a-gen.jpg,vehiculos/truck,Camion,Fuso,Canter,T90 (2a gen),fuso-canter-t90-2a-gen,631,PLACEHOLDER
vehiculos/truck/fuso-f-series-fu-fv-ft-pre-the-great-heavy.jpg,vehiculos/truck,Camion,Fuso,F-Series (FU/FV/FT),Pre-'The Great' (heavy),fuso-f-series-fu-fv-ft-pre-the-great-heavy,631,PLACEHOLDER
vehiculos/truck/fuso-fighter-fk-fm-1a-gen.jpg,vehiculos/truck,Camion,Fuso,Fighter,FK/FM (1a gen),fuso-fighter-fk-fm-1a-gen,631,PLACEHOLDER
vehiculos/truck/goliath-atlas-atlas.jpg,vehiculos/truck,Camion,Goliath,Atlas,Atlas,goliath-atlas-atlas,631,PLACEHOLDER
vehiculos/truck/guy-armoured-car-guy-armoured-car-mk-i.jpg,vehiculos/truck,Camion,Guy,Armoured Car,Guy Armoured Car Mk I,guy-armoured-car-guy-armoured-car-mk-i,631,PLACEHOLDER
vehiculos/truck/guy-big-j-big-j.jpg,vehiculos/truck,Camion,Guy,Big J,Big J,guy-big-j-big-j,631,PLACEHOLDER
vehiculos/truck/guy-invincible-invincible-mk-i-ex-goliath.jpg,vehiculos/truck,Camion,Guy,Invincible,Invincible Mk I (ex-Goliath),guy-invincible-invincible-mk-i-ex-goliath,631,PLACEHOLDER
vehiculos/truck/guy-invincible-invincible-mk-ii.jpg,vehiculos/truck,Camion,Guy,Invincible,Invincible Mk II,guy-invincible-invincible-mk-ii,631,PLACEHOLDER
vehiculos/truck/guy-otter-otter-5-6-t.jpg,vehiculos/truck,Camion,Guy,Otter,Otter (5-6 t),guy-otter-otter-5-6-t,631,PLACEHOLDER
vehiculos/truck/guy-quad-ant-quad-ant.jpg,vehiculos/truck,Camion,Guy,Quad-Ant,Quad-Ant,guy-quad-ant-quad-ant,631,PLACEHOLDER
vehiculos/truck/guy-warrior-warrior.jpg,vehiculos/truck,Camion,Guy,Warrior,Warrior,guy-warrior-warrior,631,PLACEHOLDER
vehiculos/truck/hanomag-f45-f-reihe.jpg,vehiculos/truck,Camion,Hanomag,F45,F-Reihe,hanomag-f45-f-reihe,631,PLACEHOLDER
vehiculos/truck/hanomag-f75-f76-f-reihe.jpg,vehiculos/truck,Camion,Hanomag,F75 / F76,F-Reihe,hanomag-f75-f76-f-reihe,631,PLACEHOLDER
vehiculos/truck/hanomag-f85-f86-f-reihe.jpg,vehiculos/truck,Camion,Hanomag,F85 / F86,F-Reihe,hanomag-f85-f86-f-reihe,631,PLACEHOLDER
vehiculos/truck/hanomag-garant-garant-transporter.jpg,vehiculos/truck,Camion,Hanomag,Garant,Garant (Transporter),hanomag-garant-garant-transporter,631,PLACEHOLDER
vehiculos/truck/hanomag-kurier-kurier-transporter.jpg,vehiculos/truck,Camion,Hanomag,Kurier,Kurier (Transporter),hanomag-kurier-kurier-transporter,631,PLACEHOLDER
vehiculos/truck/hanomag-l-28-l-28.jpg,vehiculos/truck,Camion,Hanomag,L 28,L 28,hanomag-l-28-l-28,631,PLACEHOLDER
vehiculos/truck/hanomag-markant-markant.jpg,vehiculos/truck,Camion,Hanomag,Markant,Markant,hanomag-markant-markant,631,PLACEHOLDER
vehiculos/truck/hino-ranger-ranger-1a-gen-km.jpg,vehiculos/truck,Camion,Hino,Ranger,Ranger 1a gen (KM),hino-ranger-ranger-1a-gen-km,631,PLACEHOLDER
vehiculos/truck/hino-ranger-ranger-2a-gen-kl.jpg,vehiculos/truck,Camion,Hino,Ranger,Ranger 2a gen (KL),hino-ranger-ranger-2a-gen-kl,631,PLACEHOLDER
vehiculos/truck/hino-ranger-ranger-day-cab.jpg,vehiculos/truck,Camion,Hino,Ranger,Ranger Day Cab,hino-ranger-ranger-day-cab,631,PLACEHOLDER
vehiculos/truck/hino-super-dolphin-super-dolphin-1a-gen.jpg,vehiculos/truck,Camion,Hino,Super Dolphin,Super Dolphin (1a gen),hino-super-dolphin-super-dolphin-1a-gen,631,PLACEHOLDER
vehiculos/truck/hispano-suiza-66g-tipo-66-g.jpg,vehiculos/truck,Camion,Hispano-Suiza,66G,Tipo 66 G,hispano-suiza-66g-tipo-66-g,631,PLACEHOLDER
vehiculos/truck/horch-ifa-horch-h3-h3.jpg,vehiculos/truck,Camion,Horch,IFA Horch H3,H3,horch-ifa-horch-h3-h3,631,PLACEHOLDER
vehiculos/truck/horch-ifa-horch-h3a-h3a.jpg,vehiculos/truck,Camion,Horch,IFA Horch H3A,H3A,horch-ifa-horch-h3a-h3a,631,PLACEHOLDER
vehiculos/truck/hotchkiss-486-pl-486-pl-pll.jpg,vehiculos/truck,Camion,Hotchkiss,486 PL,486 PL / PLL,hotchkiss-486-pl-486-pl-pll,631,PLACEHOLDER
vehiculos/truck/hotchkiss-pl-dh-60-80-serie-pl-dh.jpg,vehiculos/truck,Camion,Hotchkiss,PL/DH 60-80,Serie PL/DH,hotchkiss-pl-dh-60-80-serie-pl-dh,631,PLACEHOLDER
vehiculos/truck/hotchkiss-pl20-pl20.jpg,vehiculos/truck,Camion,Hotchkiss,PL20,PL20,hotchkiss-pl20-pl20,631,PLACEHOLDER
vehiculos/truck/hotchkiss-pl25-pl25.jpg,vehiculos/truck,Camion,Hotchkiss,PL25,PL25,hotchkiss-pl25-pl25,631,PLACEHOLDER
vehiculos/truck/hotchkiss-pl26-pl25-pl26.jpg,vehiculos/truck,Camion,Hotchkiss,PL26,PL25 / PL26,hotchkiss-pl26-pl25-pl26,631,PLACEHOLDER
vehiculos/truck/hotchkiss-pl50-6-pl50.jpg,vehiculos/truck,Camion,Hotchkiss,PL50-6,PL50,hotchkiss-pl50-6-pl50,631,PLACEHOLDER
vehiculos/truck/hotchkiss-pl50-diesel-pl50.jpg,vehiculos/truck,Camion,Hotchkiss,PL50 Diesel,PL50,hotchkiss-pl50-diesel-pl50,631,PLACEHOLDER
vehiculos/truck/hotchkiss-pl50-pl50.jpg,vehiculos/truck,Camion,Hotchkiss,PL50,PL50,hotchkiss-pl50-pl50,631,PLACEHOLDER
vehiculos/truck/ifa-g5-g5-g5-1-y-g5-2.jpg,vehiculos/truck,Camion,IFA,G5,G5 (G5/1 y G5/2),ifa-g5-g5-g5-1-y-g5-2,631,PLACEHOLDER
vehiculos/truck/ifa-h3-horch-h3.jpg,vehiculos/truck,Camion,IFA,H3,Horch H3,ifa-h3-horch-h3,631,PLACEHOLDER
vehiculos/truck/ifa-h3a-horch-h3a.jpg,vehiculos/truck,Camion,IFA,H3A,Horch H3A,ifa-h3a-horch-h3a,631,PLACEHOLDER
vehiculos/truck/ifa-h3s-h3s.jpg,vehiculos/truck,Camion,IFA,H3S,H3S,ifa-h3s-h3s,631,PLACEHOLDER
vehiculos/truck/ifa-h6-h6.jpg,vehiculos/truck,Camion,IFA,H6,H6,ifa-h6-h6,631,PLACEHOLDER
vehiculos/truck/ifa-h6-h6z.jpg,vehiculos/truck,Camion,IFA,H6,H6Z,ifa-h6-h6z,631,PLACEHOLDER
vehiculos/truck/ifa-l60-l60.jpg,vehiculos/truck,Camion,IFA,L60,L60,ifa-l60-l60,631,PLACEHOLDER
vehiculos/truck/ifa-s4000-1-s4000-1.jpg,vehiculos/truck,Camion,IFA,S4000-1,S4000-1,ifa-s4000-1-s4000-1,631,PLACEHOLDER
vehiculos/truck/ifa-s4000-s4000.jpg,vehiculos/truck,Camion,IFA,S4000,S4000,ifa-s4000-s4000,631,PLACEHOLDER
vehiculos/truck/ifa-w50-w50-inyeccion-directa.jpg,vehiculos/truck,Camion,IFA,W50,W50 (inyeccion directa),ifa-w50-w50-inyeccion-directa,631,PLACEHOLDER
vehiculos/truck/ifa-w50-w50-primera-serie.jpg,vehiculos/truck,Camion,IFA,W50,W50 (primera serie),ifa-w50-w50-primera-serie,631,PLACEHOLDER
vehiculos/truck/international-cargostar-cargostar-coe.jpg,vehiculos/truck,Camion,International,Cargostar,Cargostar (COE),international-cargostar-cargostar-coe,631,PLACEHOLDER
vehiculos/truck/international-fleetstar-fleetstar.jpg,vehiculos/truck,Camion,International,Fleetstar,Fleetstar,international-fleetstar-fleetstar,631,PLACEHOLDER
vehiculos/truck/international-loadstar-loadstar.jpg,vehiculos/truck,Camion,International,Loadstar,Loadstar,international-loadstar-loadstar,631,PLACEHOLDER
vehiculos/truck/iveco-t-series-iveco-t-110-190.jpg,vehiculos/truck,Camion,Iveco,T-Series,Iveco T (110-190),iveco-t-series-iveco-t-110-190,631,PLACEHOLDER
vehiculos/truck/iveco-t-series-iveco-t-190.jpg,vehiculos/truck,Camion,Iveco,T-Series,Iveco T (190),iveco-t-series-iveco-t-190,631,PLACEHOLDER
vehiculos/truck/iveco-turbostar-turbostar-190-36-190-42.jpg,vehiculos/truck,Camion,Iveco,TurboStar,TurboStar (190-36/190-42),iveco-turbostar-turbostar-190-36-190-42,631,PLACEHOLDER
vehiculos/truck/iveco-turbostar-turbostar-190-42-190-48.jpg,vehiculos/truck,Camion,Iveco,TurboStar,TurboStar (190-42/190-48),iveco-turbostar-turbostar-190-42-190-48,631,PLACEHOLDER
vehiculos/truck/iveco-turbotech-turbotech.jpg,vehiculos/truck,Camion,Iveco,TurboTech,TurboTech,iveco-turbotech-turbotech,631,PLACEHOLDER
vehiculos/truck/iveco-zeta-turbozeta.jpg,vehiculos/truck,Camion,Iveco,Zeta,TurboZeta,iveco-zeta-turbozeta,631,PLACEHOLDER
vehiculos/truck/iveco-zeta-zeta.jpg,vehiculos/truck,Camion,Iveco,Zeta,Zeta,iveco-zeta-zeta,631,PLACEHOLDER
vehiculos/truck/jac-hf130-hf130.jpg,vehiculos/truck,Camion,JAC,HF130,HF130,jac-hf130-hf130,631,PLACEHOLDER
vehiculos/truck/jac-hf131-hf131.jpg,vehiculos/truck,Camion,JAC,HF131,HF131,jac-hf131-hf131,631,PLACEHOLDER
vehiculos/truck/jac-hf140-hf140.jpg,vehiculos/truck,Camion,JAC,HF140,HF140,jac-hf140-hf140,631,PLACEHOLDER
vehiculos/truck/jac-hf142-hf142.jpg,vehiculos/truck,Camion,JAC,HF142,HF142,jac-hf142-hf142,631,PLACEHOLDER
vehiculos/truck/jac-hf144a-hf144a.jpg,vehiculos/truck,Camion,JAC,HF144A,HF144A,jac-hf144a-hf144a,631,PLACEHOLDER
vehiculos/truck/jensen-jen-tug-jen-tug-mk1.jpg,vehiculos/truck,Camion,Jensen,Jen-Tug,Jen-Tug Mk1,jensen-jen-tug-jen-tug-mk1,631,PLACEHOLDER
vehiculos/truck/jensen-jen-tug-jen-tug-mk2.jpg,vehiculos/truck,Camion,Jensen,Jen-Tug,Jen-Tug Mk2,jensen-jen-tug-jen-tug-mk2,631,PLACEHOLDER
vehiculos/truck/jensen-jen-tug-jen-tug-mk3.jpg,vehiculos/truck,Camion,Jensen,Jen-Tug,Jen-Tug Mk3,jensen-jen-tug-jen-tug-mk3,631,PLACEHOLDER
vehiculos/truck/kenworth-hustler-hustler-low-cab-coe.jpg,vehiculos/truck,Camion,Kenworth,Hustler,Hustler (low-cab COE),kenworth-hustler-hustler-low-cab-coe,631,PLACEHOLDER
vehiculos/truck/kenworth-k100-k100-1a-gen-cabover.jpg,vehiculos/truck,Camion,Kenworth,K100,"K100 (1a gen, cabover)",kenworth-k100-k100-1a-gen-cabover,631,PLACEHOLDER
vehiculos/truck/kenworth-k100-k100c-cabover.jpg,vehiculos/truck,Camion,Kenworth,K100,K100C (cabover),kenworth-k100-k100c-cabover,631,PLACEHOLDER
vehiculos/truck/kenworth-l700-l700-coe-vocacional.jpg,vehiculos/truck,Camion,Kenworth,L700,L700 (COE vocacional),kenworth-l700-l700-coe-vocacional,631,PLACEHOLDER
vehiculos/truck/kenworth-mid-ranger-k130-k220-k300-cabina-vw.jpg,vehiculos/truck,Camion,Kenworth,Mid-Ranger,K130/K220/K300 (cabina VW),kenworth-mid-ranger-k130-k220-k300-cabina-vw,631,PLACEHOLDER
vehiculos/truck/kenworth-pd-pd-cabover-clase-7.jpg,vehiculos/truck,Camion,Kenworth,PD,PD (cabover Clase 7),kenworth-pd-pd-cabover-clase-7,631,PLACEHOLDER
vehiculos/truck/kenworth-t400-t400-t450-vocacional-clase-8.jpg,vehiculos/truck,Camion,Kenworth,T400,T400/T450 (vocacional Clase 8),kenworth-t400-t400-t450-vocacional-clase-8,631,PLACEHOLDER
vehiculos/truck/kenworth-w900-w900-narrow-hood-1a-gen.jpg,vehiculos/truck,Camion,Kenworth,W900,"W900 (narrow hood, 1a gen)",kenworth-w900-w900-narrow-hood-1a-gen,631,PLACEHOLDER
vehiculos/truck/kenworth-w900-w900a-wide-hood.jpg,vehiculos/truck,Camion,Kenworth,W900,W900A (wide hood),kenworth-w900-w900a-wide-hood,631,PLACEHOLDER
vehiculos/truck/kurogane-kf-kf-tres-ruedas-2-t.jpg,vehiculos/truck,Camion,Kurogane,KF,KF (tres ruedas 2 t),kurogane-kf-kf-tres-ruedas-2-t,631,PLACEHOLDER
vehiculos/truck/kurogane-ks-ks-tres-ruedas-15-t.jpg,vehiculos/truck,Camion,Kurogane,KS,KS (tres ruedas 1.5 t),kurogane-ks-ks-tres-ruedas-15-t,631,PLACEHOLDER
vehiculos/truck/kurogane-mighty-mighty-na-nb.jpg,vehiculos/truck,Camion,Kurogane,Mighty,Mighty NA/NB,kurogane-mighty-mighty-na-nb,631,PLACEHOLDER
vehiculos/truck/kurogane-mighty-mighty-nc.jpg,vehiculos/truck,Camion,Kurogane,Mighty,Mighty NC,kurogane-mighty-mighty-nc,631,PLACEHOLDER
vehiculos/truck/kurogane-nova-1500-nova-1500-kn.jpg,vehiculos/truck,Camion,Kurogane,Nova 1500,Nova 1500 (KN),kurogane-nova-1500-nova-1500-kn,631,PLACEHOLDER
vehiculos/truck/land-rover-land-rover-101-forward-control-101-forward-control.jpg,vehiculos/truck,Camion,Land Rover,Land Rover 101 Forward Control,101 Forward Control,land-rover-land-rover-101-forward-control-101-forward-control,631,PLACEHOLDER
vehiculos/truck/leyland-comet-comet-1a-gen.jpg,vehiculos/truck,Camion,Leyland,Comet,Comet 1a gen,leyland-comet-comet-1a-gen,631,PLACEHOLDER
vehiculos/truck/leyland-comet-comet-2a-gen.jpg,vehiculos/truck,Camion,Leyland,Comet,Comet 2a gen,leyland-comet-comet-2a-gen,631,PLACEHOLDER
vehiculos/truck/leyland-constructor-constructor-t45.jpg,vehiculos/truck,Camion,Leyland,Constructor,Constructor (T45),leyland-constructor-constructor-t45,631,PLACEHOLDER
vehiculos/truck/leyland-freighter-freighter-t45.jpg,vehiculos/truck,Camion,Leyland,Freighter,Freighter (T45),leyland-freighter-freighter-t45,631,PLACEHOLDER
vehiculos/truck/leyland-landtrain-landtrain.jpg,vehiculos/truck,Camion,Leyland,Landtrain,Landtrain,leyland-landtrain-landtrain,631,PLACEHOLDER
vehiculos/truck/leyland-marathon-marathon-1.jpg,vehiculos/truck,Camion,Leyland,Marathon,Marathon 1,leyland-marathon-marathon-1,631,PLACEHOLDER
vehiculos/truck/leyland-marathon-marathon-2.jpg,vehiculos/truck,Camion,Leyland,Marathon,Marathon 2,leyland-marathon-marathon-2,631,PLACEHOLDER
vehiculos/truck/leyland-roadrunner-roadrunner-t45.jpg,vehiculos/truck,Camion,Leyland,Roadrunner,Roadrunner (T45),leyland-roadrunner-roadrunner-t45,631,PLACEHOLDER
vehiculos/truck/leyland-roadtrain-roadtrain-t45.jpg,vehiculos/truck,Camion,Leyland,Roadtrain,Roadtrain (T45),leyland-roadtrain-roadtrain-t45,631,PLACEHOLDER
vehiculos/truck/mack-ab-ab-series.jpg,vehiculos/truck,Camion,Mack,AB,AB Series,mack-ab-ab-series,631,PLACEHOLDER
vehiculos/truck/mack-ac-bulldog-ac-series.jpg,vehiculos/truck,Camion,Mack,"AC ""Bulldog""",AC Series,mack-ac-bulldog-ac-series,631,PLACEHOLDER
vehiculos/truck/mack-b-b-series.jpg,vehiculos/truck,Camion,Mack,B,B Series,mack-b-b-series,631,PLACEHOLDER
vehiculos/truck/mack-cruise-liner-wr-wl-series-coe.jpg,vehiculos/truck,Camion,Mack,Cruise-Liner,WR/WL Series (COE),mack-cruise-liner-wr-wl-series-coe,631,PLACEHOLDER
vehiculos/truck/mack-f-f-series-coe.jpg,vehiculos/truck,Camion,Mack,F,F Series (COE),mack-f-f-series-coe,631,PLACEHOLDER
vehiculos/truck/mack-g-g-series-coe.jpg,vehiculos/truck,Camion,Mack,G,G Series (COE),mack-g-g-series-coe,631,PLACEHOLDER
vehiculos/truck/mack-h-cherry-picker-h-series-coe.jpg,vehiculos/truck,Camion,Mack,"H ""Cherry Picker""",H Series (COE),mack-h-cherry-picker-h-series-coe,631,PLACEHOLDER
vehiculos/truck/mack-l-l-series.jpg,vehiculos/truck,Camion,Mack,L,L Series,mack-l-l-series,631,PLACEHOLDER
vehiculos/truck/mack-mh-ultra-liner-mh-series-coe.jpg,vehiculos/truck,Camion,Mack,MH Ultra-Liner,MH Series (COE),mack-mh-ultra-liner-mh-series-coe,631,PLACEHOLDER
vehiculos/truck/mack-n-n-series.jpg,vehiculos/truck,Camion,Mack,N,N Series,mack-n-n-series,631,PLACEHOLDER
vehiculos/truck/mack-super-liner-rw-series.jpg,vehiculos/truck,Camion,Mack,Super-Liner,RW Series,mack-super-liner-rw-series,631,PLACEHOLDER
vehiculos/truck/man-f8-f8.jpg,vehiculos/truck,Camion,MAN,F8,F8,man-f8-f8,631,PLACEHOLDER
vehiculos/truck/man-f90-f90.jpg,vehiculos/truck,Camion,MAN,F90,F90,man-f90-f90,631,PLACEHOLDER
vehiculos/truck/man-g90-g90-1a-gen-man-vw.jpg,vehiculos/truck,Camion,MAN,G90,"G90 (1a gen, MAN-VW)",man-g90-g90-1a-gen-man-vw,631,PLACEHOLDER
vehiculos/truck/man-g90-g90-2a-gen.jpg,vehiculos/truck,Camion,MAN,G90,G90 (2a gen),man-g90-g90-2a-gen,631,PLACEHOLDER
vehiculos/truck/man-m90-m90.jpg,vehiculos/truck,Camion,MAN,M90,M90,man-m90-m90,631,PLACEHOLDER
vehiculos/truck/marmon-marmon-125-serie-125-convencional-125-d-125-p.jpg,vehiculos/truck,Camion,Marmon,Marmon 125,"Serie 125 (convencional, 125-D / 125-P)",marmon-marmon-125-serie-125-convencional-125-d-125-p,631,PLACEHOLDER
vehiculos/truck/marmon-marmon-57-serie-57-convencional.jpg,vehiculos/truck,Camion,Marmon,Marmon 57,Serie 57 (convencional),marmon-marmon-57-serie-57-convencional,631,PLACEHOLDER
vehiculos/truck/marmon-marmon-86-serie-86-coe-86-f-86-p.jpg,vehiculos/truck,Camion,Marmon,Marmon 86,Serie 86 COE (86-F / 86-P),marmon-marmon-86-serie-86-coe-86-f-86-p,631,PLACEHOLDER
vehiculos/truck/nash-quad-nash-quad-ex-jeffery-quad.jpg,vehiculos/truck,Camion,Nash,Quad,Nash Quad (ex Jeffery Quad),nash-quad-nash-quad-ex-jeffery-quad,631,PLACEHOLDER
vehiculos/truck/opel-blitz-blitz-1965.jpg,vehiculos/truck,Camion,Opel,Blitz,Blitz (1965),opel-blitz-blitz-1965,631,PLACEHOLDER
vehiculos/truck/packard-packard-series-e-series-e-1-a-7-5-t.jpg,vehiculos/truck,Camion,Packard,Packard Series E,"Series E (1 a 7,5 t)",packard-packard-series-e-series-e-1-a-7-5-t,631,PLACEHOLDER
vehiculos/truck/packard-packard-truck-1-5-toneladas.jpg,vehiculos/truck,Camion,Packard,Packard Truck,"1,5 toneladas",packard-packard-truck-1-5-toneladas,631,PLACEHOLDER
vehiculos/truck/packard-packard-truck-3-toneladas.jpg,vehiculos/truck,Camion,Packard,Packard Truck,3 toneladas,packard-packard-truck-3-toneladas,631,PLACEHOLDER
vehiculos/truck/panhard-178-panhard-178-178b-amd-35.jpg,vehiculos/truck,Camion,Panhard,178,Panhard 178 / 178B (AMD 35),panhard-178-panhard-178-178b-amd-35,631,PLACEHOLDER
vehiculos/truck/panhard-ebr-ebr-model-1951-model-1954.jpg,vehiculos/truck,Camion,Panhard,EBR,EBR Model 1951 / Model 1954,panhard-ebr-ebr-model-1951-model-1954,631,PLACEHOLDER
vehiculos/truck/panhard-movic-movic-serie-k.jpg,vehiculos/truck,Camion,Panhard,Movic,Movic / serie K,panhard-movic-movic-serie-k,631,PLACEHOLDER
vehiculos/truck/parilla-atlante-175-atlante-3-ruedas.jpg,vehiculos/truck,Camion,Parilla,Atlante 175,Atlante (3 ruedas),parilla-atlante-175-atlante-3-ruedas,631,PLACEHOLDER
vehiculos/truck/parilla-bulldog-125-bulldog-3-ruedas-motor-sobre-rueda-delantera.jpg,vehiculos/truck,Camion,Parilla,Bulldog 125,"Bulldog (3 ruedas, motor sobre rueda delantera)",parilla-bulldog-125-bulldog-3-ruedas-motor-sobre-rueda-delantera,631,PLACEHOLDER
vehiculos/truck/parilla-bulldog-150-bulldog-3-ruedas-chasis-tipo-mastino.jpg,vehiculos/truck,Camion,Parilla,Bulldog 150,"Bulldog (3 ruedas, chasis tipo Mastino)",parilla-bulldog-150-bulldog-3-ruedas-chasis-tipo-mastino,631,PLACEHOLDER
vehiculos/truck/parilla-mastino-250-mastino-3-ruedas.jpg,vehiculos/truck,Camion,Parilla,Mastino 250,Mastino (3 ruedas),parilla-mastino-250-mastino-3-ruedas,631,PLACEHOLDER
vehiculos/truck/parilla-motofurgone-250-motofurgone-3-ruedas.jpg,vehiculos/truck,Camion,Parilla,Motofurgone 250,Motofurgone (3 ruedas),parilla-motofurgone-250-motofurgone-3-ruedas,631,PLACEHOLDER
vehiculos/truck/pegaso-2080-2080-2082-2180.jpg,vehiculos/truck,Camion,Pegaso,2080,2080/2082/2180,pegaso-2080-2080-2082-2180,631,PLACEHOLDER
vehiculos/truck/pegaso-3040-3040-3041-4x4.jpg,vehiculos/truck,Camion,Pegaso,3040,3040/3041 4x4,pegaso-3040-3040-3041-4x4,631,PLACEHOLDER
vehiculos/truck/pegaso-comet-comet-1090.jpg,vehiculos/truck,Camion,Pegaso,Comet,Comet 1090,pegaso-comet-comet-1090,631,PLACEHOLDER
vehiculos/truck/pegaso-comet-comet-1091-1098.jpg,vehiculos/truck,Camion,Pegaso,Comet,Comet 1091/1098,pegaso-comet-comet-1091-1098,631,PLACEHOLDER
vehiculos/truck/pegaso-comet-comet-1100.jpg,vehiculos/truck,Camion,Pegaso,Comet,Comet 1100,pegaso-comet-comet-1100,631,PLACEHOLDER
vehiculos/truck/pegaso-comet-europa-1065-1095-europa.jpg,vehiculos/truck,Camion,Pegaso,Comet Europa,1065/1095 Europa,pegaso-comet-europa-1065-1095-europa,631,PLACEHOLDER
vehiculos/truck/pegaso-ekus-ekus-12106.jpg,vehiculos/truck,Camion,Pegaso,Ekus,Ekus 1210.6,pegaso-ekus-ekus-12106,631,PLACEHOLDER
vehiculos/truck/pegaso-ekus-ekus-12158-12159.jpg,vehiculos/truck,Camion,Pegaso,Ekus,Ekus 1215.8/1215.9,pegaso-ekus-ekus-12158-12159,631,PLACEHOLDER
vehiculos/truck/pegaso-mider-mider-gama-tecno.jpg,vehiculos/truck,Camion,Pegaso,Mider,Mider (gama Tecno),pegaso-mider-mider-gama-tecno,631,PLACEHOLDER
vehiculos/truck/pegaso-tecno-tecno-1231t-1234t.jpg,vehiculos/truck,Camion,Pegaso,Tecno,Tecno 1231T/1234T,pegaso-tecno-tecno-1231t-1234t,631,PLACEHOLDER
vehiculos/truck/pegaso-tecno-tecno-1236t-tecno-87.jpg,vehiculos/truck,Camion,Pegaso,Tecno,Tecno 1236T (Tecno 87),pegaso-tecno-tecno-1236t-tecno-87,631,PLACEHOLDER
vehiculos/truck/pegaso-troner-troner-1236-tx.jpg,vehiculos/truck,Camion,Pegaso,Troner,Troner 1236 TX,pegaso-troner-troner-1236-tx,631,PLACEHOLDER
vehiculos/truck/pegaso-troner-troner-evolucion-370-400-cv.jpg,vehiculos/truck,Camion,Pegaso,Troner,Troner (evolucion 370/400 CV),pegaso-troner-troner-evolucion-370-400-cv,631,PLACEHOLDER
vehiculos/truck/pegaso-z-202-z-202-diesel-mofletes.jpg,vehiculos/truck,Camion,Pegaso,Z-202,Z-202 Diesel (Mofletes),pegaso-z-202-z-202-diesel-mofletes,631,PLACEHOLDER
vehiculos/truck/pegaso-z-207-z-207-barajas.jpg,vehiculos/truck,Camion,Pegaso,Z-207,Z-207 Barajas,pegaso-z-207-z-207-barajas,631,PLACEHOLDER
vehiculos/truck/peterbilt-200-mid-ranger-200.jpg,vehiculos/truck,Camion,Peterbilt,200,Mid-Ranger (200),peterbilt-200-mid-ranger-200,631,PLACEHOLDER
vehiculos/truck/peterbilt-310-310-319-lcf-coe.jpg,vehiculos/truck,Camion,Peterbilt,310,310/319 LCF COE,peterbilt-310-310-319-lcf-coe,631,PLACEHOLDER
vehiculos/truck/peterbilt-341-341-conventional.jpg,vehiculos/truck,Camion,Peterbilt,341,341 Conventional,peterbilt-341-341-conventional,631,PLACEHOLDER
vehiculos/truck/peterbilt-346-346-conventional.jpg,vehiculos/truck,Camion,Peterbilt,346,346 Conventional,peterbilt-346-346-conventional,631,PLACEHOLDER
vehiculos/truck/peterbilt-348-348-conventional.jpg,vehiculos/truck,Camion,Peterbilt,348,348 Conventional,peterbilt-348-348-conventional,631,PLACEHOLDER
vehiculos/truck/peterbilt-349-349-conventional.jpg,vehiculos/truck,Camion,Peterbilt,349,349 Conventional,peterbilt-349-349-conventional,631,PLACEHOLDER
vehiculos/truck/peterbilt-351-281-351-coe.jpg,vehiculos/truck,Camion,Peterbilt,351,281/351 COE,peterbilt-351-281-351-coe,631,PLACEHOLDER
vehiculos/truck/peterbilt-351-281-351-conventional.jpg,vehiculos/truck,Camion,Peterbilt,351,281/351 Conventional,peterbilt-351-281-351-conventional,631,PLACEHOLDER
vehiculos/truck/peterbilt-352-282-352-coe.jpg,vehiculos/truck,Camion,Peterbilt,352,282/352 COE,peterbilt-352-282-352-coe,631,PLACEHOLDER
vehiculos/truck/peterbilt-352-352h-coe.jpg,vehiculos/truck,Camion,Peterbilt,352,352H COE,peterbilt-352-352h-coe,631,PLACEHOLDER
vehiculos/truck/peterbilt-353-353-conventional.jpg,vehiculos/truck,Camion,Peterbilt,353,353 Conventional,peterbilt-353-353-conventional,631,PLACEHOLDER
vehiculos/truck/peterbilt-358-288-358-conventional.jpg,vehiculos/truck,Camion,Peterbilt,358,288/358 Conventional,peterbilt-358-288-358-conventional,631,PLACEHOLDER
vehiculos/truck/peterbilt-359-359-conventional.jpg,vehiculos/truck,Camion,Peterbilt,359,359 Conventional,peterbilt-359-359-conventional,631,PLACEHOLDER
vehiculos/truck/peterbilt-372-372-coe.jpg,vehiculos/truck,Camion,Peterbilt,372,372 COE,peterbilt-372-372-coe,631,PLACEHOLDER
vehiculos/truck/peterbilt-375-375-conventional.jpg,vehiculos/truck,Camion,Peterbilt,375,375 Conventional,peterbilt-375-375-conventional,631,PLACEHOLDER
vehiculos/truck/peterbilt-377-377-conventional.jpg,vehiculos/truck,Camion,Peterbilt,377,377 Conventional,peterbilt-377-377-conventional,631,PLACEHOLDER
vehiculos/truck/peterbilt-cb300-cb300-lcf-coe.jpg,vehiculos/truck,Camion,Peterbilt,CB300,CB300 LCF COE,peterbilt-cb300-cb300-lcf-coe,631,PLACEHOLDER
vehiculos/truck/pierce-arrow-model-r-model-r-x-1-r-5.jpg,vehiculos/truck,Camion,Pierce-Arrow,Model R,Model R (X-1 / R-5),pierce-arrow-model-r-model-r-x-1-r-5,631,PLACEHOLDER
vehiculos/truck/polski-fiat-618-grom-618-grom.jpg,vehiculos/truck,Camion,Polski Fiat,618 Grom,618 Grom,polski-fiat-618-grom-618-grom,631,PLACEHOLDER
vehiculos/truck/polski-fiat-621-621-l.jpg,vehiculos/truck,Camion,Polski Fiat,621,621 L,polski-fiat-621-621-l,631,PLACEHOLDER
vehiculos/truck/prince-clipper-aqti.jpg,vehiculos/truck,Camion,Prince,Clipper,AQTI,prince-clipper-aqti,631,PLACEHOLDER
vehiculos/truck/prince-clipper-bqti.jpg,vehiculos/truck,Camion,Prince,Clipper,BQTI,prince-clipper-bqti,631,PLACEHOLDER
vehiculos/truck/prince-clipper-t630.jpg,vehiculos/truck,Camion,Prince,Clipper,T630,prince-clipper-t630,631,PLACEHOLDER
vehiculos/truck/prince-clipper-t65.jpg,vehiculos/truck,Camion,Prince,Clipper,T65,prince-clipper-t65,631,PLACEHOLDER
vehiculos/truck/prince-homer-t64.jpg,vehiculos/truck,Camion,Prince,Homer,T64,prince-homer-t64,631,PLACEHOLDER
vehiculos/truck/prince-super-clipper-t631.jpg,vehiculos/truck,Camion,Prince,Super Clipper,T631,prince-super-clipper-t631,631,PLACEHOLDER
vehiculos/truck/puch-pinzgauer-712-1a-generacion-6x6.jpg,vehiculos/truck,Camion,Puch,Pinzgauer,"712 (1a generacion, 6x6)",puch-pinzgauer-712-1a-generacion-6x6,631,PLACEHOLDER
vehiculos/truck/reliant-tw9-ant-tw9-ant.jpg,vehiculos/truck,Camion,Reliant,TW9 / Ant,TW9 (Ant),reliant-tw9-ant-tw9-ant,631,PLACEHOLDER
vehiculos/truck/scania-1-series-1-series-l-lb110-111.jpg,vehiculos/truck,Camion,Scania,1-series,1-series (L/LB110-111),scania-1-series-1-series-l-lb110-111,631,PLACEHOLDER
vehiculos/truck/scania-1-series-1-series-l-lb140-141.jpg,vehiculos/truck,Camion,Scania,1-series,1-series (L/LB140-141),scania-1-series-1-series-l-lb140-141,631,PLACEHOLDER
vehiculos/truck/scania-1-series-1-series-l-lb80-86.jpg,vehiculos/truck,Camion,Scania,1-series,1-series (L/LB80-86),scania-1-series-1-series-l-lb80-86,631,PLACEHOLDER
vehiculos/truck/scania-2-series-2-series-112.jpg,vehiculos/truck,Camion,Scania,2-series,2-series (112),scania-2-series-2-series-112,631,PLACEHOLDER
vehiculos/truck/scania-2-series-2-series-142.jpg,vehiculos/truck,Camion,Scania,2-series,2-series (142),scania-2-series-2-series-142,631,PLACEHOLDER
vehiculos/truck/scania-2-series-2-series-82.jpg,vehiculos/truck,Camion,Scania,2-series,2-series (82),scania-2-series-2-series-82,631,PLACEHOLDER
vehiculos/truck/scania-2-series-2-series-92.jpg,vehiculos/truck,Camion,Scania,2-series,2-series (92),scania-2-series-2-series-92,631,PLACEHOLDER
vehiculos/truck/scania-3-series-3-series-113.jpg,vehiculos/truck,Camion,Scania,3-series,3-series (113),scania-3-series-3-series-113,631,PLACEHOLDER
vehiculos/truck/scania-3-series-3-series-143.jpg,vehiculos/truck,Camion,Scania,3-series,3-series (143),scania-3-series-3-series-143,631,PLACEHOLDER
vehiculos/truck/scania-3-series-3-series-93.jpg,vehiculos/truck,Camion,Scania,3-series,3-series (93),scania-3-series-3-series-93,631,PLACEHOLDER
vehiculos/truck/simca-cargo-simca-simca-unic-cargo.jpg,vehiculos/truck,Camion,Simca,Cargo,Simca / Simca-Unic Cargo,simca-cargo-simca-simca-unic-cargo,631,PLACEHOLDER
vehiculos/truck/spyker-c2-spyker-c2-2-toneladas.jpg,vehiculos/truck,Camion,Spyker,C2,Spyker C2 (2 toneladas),spyker-c2-spyker-c2-2-toneladas,631,PLACEHOLDER
vehiculos/truck/studebaker-2r-series-2r16-2r17-1948-1953.jpg,vehiculos/truck,Camion,Studebaker,2R Series,2R16 / 2R17 (1948-1953),studebaker-2r-series-2r16-2r17-1948-1953,631,PLACEHOLDER
vehiculos/truck/studebaker-2r-series-2r28-1951-1953.jpg,vehiculos/truck,Camion,Studebaker,2R Series,2R28 (1951-1953),studebaker-2r-series-2r28-1951-1953,631,PLACEHOLDER
vehiculos/truck/studebaker-e-series-e-series-1954-1955.jpg,vehiculos/truck,Camion,Studebaker,E-Series,E-Series (1954-1955),studebaker-e-series-e-series-1954-1955,631,PLACEHOLDER
vehiculos/truck/studebaker-m-series-m16-m17-1941-1948.jpg,vehiculos/truck,Camion,Studebaker,M-Series,M16 / M17 (1941-1948),studebaker-m-series-m16-m17-1941-1948,631,PLACEHOLDER
vehiculos/truck/studebaker-transtar-transtar-1960-1964.jpg,vehiculos/truck,Camion,Studebaker,Transtar,Transtar (1960-1964),studebaker-transtar-transtar-1960-1964,631,PLACEHOLDER
vehiculos/truck/studebaker-us6-us6-1941-1945.jpg,vehiculos/truck,Camion,Studebaker,US6,US6 (1941-1945),studebaker-us6-us6-1941-1945,631,PLACEHOLDER
vehiculos/truck/tatra-111-t111.jpg,vehiculos/truck,Camion,Tatra,111,T111,tatra-111-t111,631,PLACEHOLDER
vehiculos/truck/tatra-138-t138.jpg,vehiculos/truck,Camion,Tatra,138,T138,tatra-138-t138,631,PLACEHOLDER
vehiculos/truck/tatra-148-t148.jpg,vehiculos/truck,Camion,Tatra,148,T148,tatra-148-t148,631,PLACEHOLDER
vehiculos/truck/tatra-805-t805.jpg,vehiculos/truck,Camion,Tatra,805,T805,tatra-805-t805,631,PLACEHOLDER
vehiculos/truck/tatra-813-t813-kolos.jpg,vehiculos/truck,Camion,Tatra,813,T813 Kolos,tatra-813-t813-kolos,631,PLACEHOLDER
vehiculos/truck/ud-trucks-c-series-c-series-1a-gen.jpg,vehiculos/truck,Camion,UD Trucks,C-series,C-series 1a gen,ud-trucks-c-series-c-series-1a-gen,631,PLACEHOLDER
vehiculos/truck/ud-trucks-c-series-c-series-2a-gen.jpg,vehiculos/truck,Camion,UD Trucks,C-series,C-series 2a gen,ud-trucks-c-series-c-series-2a-gen,631,PLACEHOLDER
vehiculos/truck/ud-trucks-condor-condor-1a-gen.jpg,vehiculos/truck,Camion,UD Trucks,Condor,Condor 1a gen,ud-trucks-condor-condor-1a-gen,631,PLACEHOLDER
vehiculos/truck/ud-trucks-condor-condor-2a-gen.jpg,vehiculos/truck,Camion,UD Trucks,Condor,Condor 2a gen,ud-trucks-condor-condor-2a-gen,631,PLACEHOLDER
vehiculos/truck/western-star-4864-heritage.jpg,vehiculos/truck,Camion,Western Star,4864,Heritage,western-star-4864-heritage,631,PLACEHOLDER
vehiculos/truck/western-star-4964-heritage.jpg,vehiculos/truck,Camion,Western Star,4964,Heritage,western-star-4964-heritage,631,PLACEHOLDER
vehiculos/truck/western-star-lsvw-lsvw-base-iveco-vm-90.jpg,vehiculos/truck,Camion,Western Star,LSVW,LSVW (base Iveco VM 90),western-star-lsvw-lsvw-base-iveco-vm-90,631,PLACEHOLDER
vehiculos/truck/zastava-615-zastava-615-zastavica.jpg,vehiculos/truck,Camion,Zastava,615,Zastava 615 (Zastavica),zastava-615-zastava-615-zastavica,631,PLACEHOLDER
vehiculos/truck/zastava-620b-zastava-620b.jpg,vehiculos/truck,Camion,Zastava,620B,Zastava 620B,zastava-620b-zastava-620b,631,PLACEHOLDER
vehiculos/van/auto-union-combi-auto-union-combi-furgon-argentina-iasf-base-dkw-f89-l.jpg,vehiculos/van,Van,Auto Union,Combi,"Auto Union Combi / Furgon (Argentina, IASF, base DKW F89 L)",auto-union-combi-auto-union-combi-furgon-argentina-iasf-base-dkw-f89-l,631,PLACEHOLDER
vehiculos/van/autobianchi-bianchina-furgoncino.jpg,vehiculos/van,Van,Autobianchi,Bianchina,Furgoncino,autobianchi-bianchina-furgoncino,631,PLACEHOLDER
vehiculos/van/barkas-b-1000-1-b-1000-1.jpg,vehiculos/van,Van,Barkas,B 1000-1,B 1000-1,barkas-b-1000-1-b-1000-1,631,PLACEHOLDER
vehiculos/van/barkas-b-1000-b-1000-1a-serie-awe-312-016.jpg,vehiculos/van,Van,Barkas,B 1000,"B 1000 (1a serie, AWE 312-016)",barkas-b-1000-b-1000-1a-serie-awe-312-016,631,PLACEHOLDER
vehiculos/van/barkas-b-1000-b-1000-2a-serie-awe-353-1.jpg,vehiculos/van,Van,Barkas,B 1000,"B 1000 (2a serie, AWE 353/1)",barkas-b-1000-b-1000-2a-serie-awe-353-1,631,PLACEHOLDER
vehiculos/van/barkas-v-901-2-barkas-v-901-2.jpg,vehiculos/van,Van,Barkas,V 901/2,Barkas V 901/2,barkas-v-901-2-barkas-v-901-2,631,PLACEHOLDER
vehiculos/van/bedford-ca-ca-mk1.jpg,vehiculos/van,Van,Bedford,CA,CA Mk1,bedford-ca-ca-mk1,631,PLACEHOLDER
vehiculos/van/bedford-ca-ca-mk2.jpg,vehiculos/van,Van,Bedford,CA,CA Mk2,bedford-ca-ca-mk2,631,PLACEHOLDER
vehiculos/van/bedford-cf-cf-series-1-facelift.jpg,vehiculos/van,Van,Bedford,CF,CF Series 1 facelift,bedford-cf-cf-series-1-facelift,631,PLACEHOLDER
vehiculos/van/bedford-cf-cf-series-1.jpg,vehiculos/van,Van,Bedford,CF,CF Series 1,bedford-cf-cf-series-1,631,PLACEHOLDER
vehiculos/van/bedford-cf-cf2.jpg,vehiculos/van,Van,Bedford,CF,CF2,bedford-cf-cf2,631,PLACEHOLDER
vehiculos/van/bedford-chevanne-chevanne-base-vauxhall-chevette.jpg,vehiculos/van,Van,Bedford,Chevanne,Chevanne (base Vauxhall Chevette),bedford-chevanne-chevanne-base-vauxhall-chevette,631,PLACEHOLDER
vehiculos/van/bedford-ha-ha-base-vauxhall-viva-ha.jpg,vehiculos/van,Van,Bedford,HA,HA (base Vauxhall Viva HA),bedford-ha-ha-base-vauxhall-viva-ha,631,PLACEHOLDER
vehiculos/van/bedford-midi-midi-base-isuzu-fargo.jpg,vehiculos/van,Van,Bedford,Midi,Midi (base Isuzu Fargo),bedford-midi-midi-base-isuzu-fargo,631,PLACEHOLDER
vehiculos/van/bedford-rascal-rascal-base-suzuki-super-carry.jpg,vehiculos/van,Van,Bedford,Rascal,Rascal (base Suzuki Super Carry),bedford-rascal-rascal-base-suzuki-super-carry,631,PLACEHOLDER
vehiculos/van/bond-875-ranger-ranger.jpg,vehiculos/van,Van,Bond,875 Ranger,Ranger,bond-875-ranger-ranger,631,PLACEHOLDER
vehiculos/van/chevrolet-chevy-van-g-series-g10-20-30.jpg,vehiculos/van,Van,Chevrolet,Chevy Van / G-Series,G10/20/30,chevrolet-chevy-van-g-series-g10-20-30,631,PLACEHOLDER
vehiculos/van/chevrolet-lumina-apv-u-body.jpg,vehiculos/van,Van,Chevrolet,Lumina APV,U-body,chevrolet-lumina-apv-u-body,631,PLACEHOLDER
vehiculos/van/chrysler-town-country-town-country-2a-gen-as.jpg,vehiculos/van,Van,Chrysler,Town & Country,"Town & Country (2a gen, AS)",chrysler-town-country-town-country-2a-gen-as,631,PLACEHOLDER
vehiculos/van/chrysler-town-country-town-country-3a-gen-ns.jpg,vehiculos/van,Van,Chrysler,Town & Country,"Town & Country (3a gen, NS)",chrysler-town-country-town-country-3a-gen-ns,631,PLACEHOLDER
vehiculos/van/chrysler-voyager-voyager-grand-voyager-europa-1a-gen-as.jpg,vehiculos/van,Van,Chrysler,Voyager,"Voyager/Grand Voyager (Europa, 1a gen AS)",chrysler-voyager-voyager-grand-voyager-europa-1a-gen-as,631,PLACEHOLDER
vehiculos/van/chrysler-voyager-voyager-grand-voyager-europa-2a-gen-ns.jpg,vehiculos/van,Van,Chrysler,Voyager,"Voyager/Grand Voyager (Europa, 2a gen NS)",chrysler-voyager-voyager-grand-voyager-europa-2a-gen-ns,631,PLACEHOLDER
vehiculos/van/citroen-acadiane-acadiane.jpg,vehiculos/van,Van,Citroen,Acadiane,Acadiane,citroen-acadiane-acadiane,631,PLACEHOLDER
vehiculos/van/citroen-c25-c25.jpg,vehiculos/van,Van,Citroen,C25,C25,citroen-c25-c25,631,PLACEHOLDER
vehiculos/van/citroen-c35-c35.jpg,vehiculos/van,Van,Citroen,C35,C35,citroen-c35-c35,631,PLACEHOLDER
vehiculos/van/citroen-type-h-hy-diesel.jpg,vehiculos/van,Van,Citroen,Type H,HY Diesel,citroen-type-h-hy-diesel,631,PLACEHOLDER
vehiculos/van/citroen-type-h-hy.jpg,vehiculos/van,Van,Citroen,Type H,HY,citroen-type-h-hy,631,PLACEHOLDER
vehiculos/van/commer-8-cwt-8-cwt.jpg,vehiculos/van,Van,Commer,8 cwt,8 cwt,commer-8-cwt-8-cwt,631,PLACEHOLDER
vehiculos/van/commer-bf-bf-tipo-b.jpg,vehiculos/van,Van,Commer,BF,BF / tipo B,commer-bf-bf-tipo-b,631,PLACEHOLDER
vehiculos/van/commer-cob-cob-serie-i.jpg,vehiculos/van,Van,Commer,Cob,Cob Serie I,commer-cob-cob-serie-i,631,PLACEHOLDER
vehiculos/van/commer-cob-cob-serie-ii.jpg,vehiculos/van,Van,Commer,Cob,Cob Serie II,commer-cob-cob-serie-ii,631,PLACEHOLDER
vehiculos/van/commer-express-delivery-van-mark-iii.jpg,vehiculos/van,Van,Commer,Express Delivery Van,Mark III,commer-express-delivery-van-mark-iii,631,PLACEHOLDER
vehiculos/van/commer-express-delivery-van-mark-viii-viiib.jpg,vehiculos/van,Van,Commer,Express Delivery Van,Mark VIII / VIIIB,commer-express-delivery-van-mark-viii-viiib,631,PLACEHOLDER
vehiculos/van/commer-fc-fc-pa.jpg,vehiculos/van,Van,Commer,FC,FC / PA,commer-fc-fc-pa,631,PLACEHOLDER
vehiculos/van/commer-imp-van-imp-van.jpg,vehiculos/van,Van,Commer,Imp Van,Imp Van,commer-imp-van-imp-van,631,PLACEHOLDER
vehiculos/van/commer-pb-pb.jpg,vehiculos/van,Van,Commer,PB,PB,commer-pb-pb,631,PLACEHOLDER
vehiculos/van/commer-spacevan-spacevan.jpg,vehiculos/van,Van,Commer,SpaceVan,SpaceVan,commer-spacevan-spacevan,631,PLACEHOLDER
vehiculos/van/commer-walk-thru-walk-thru.jpg,vehiculos/van,Van,Commer,Walk-Thru,Walk-Thru,commer-walk-thru-walk-thru,631,PLACEHOLDER
vehiculos/van/crosley-crosley-panel-delivery-cc-four.jpg,vehiculos/van,Van,Crosley,Crosley Panel Delivery,CC Four,crosley-crosley-panel-delivery-cc-four,631,PLACEHOLDER
vehiculos/van/crosley-crosley-panel-delivery-cd-four.jpg,vehiculos/van,Van,Crosley,Crosley Panel Delivery,CD Four,crosley-crosley-panel-delivery-cd-four,631,PLACEHOLDER
vehiculos/van/crosley-crosley-panel-delivery-prewar-cb41-cb42.jpg,vehiculos/van,Van,Crosley,Crosley Panel Delivery,Prewar (CB41/CB42),crosley-crosley-panel-delivery-prewar-cb41-cb42,631,PLACEHOLDER
vehiculos/van/crosley-crosley-parkway-delivery-prewar-c2a-cb41-cb42.jpg,vehiculos/van,Van,Crosley,Crosley Parkway Delivery,Prewar (C2A/CB41/CB42),crosley-crosley-parkway-delivery-prewar-c2a-cb41-cb42,631,PLACEHOLDER
vehiculos/van/daihatsu-hijet-s80-s82-7a-gen.jpg,vehiculos/van,Van,Daihatsu,Hijet,S80/S82 (7a gen),daihatsu-hijet-s80-s82-7a-gen,631,PLACEHOLDER
vehiculos/van/dkw-f1000-l-auto-union-combi-pick-up-argentina.jpg,vehiculos/van,Van,DKW,F1000 L,Auto Union Combi / Pick-up (Argentina),dkw-f1000-l-auto-union-combi-pick-up-argentina,631,PLACEHOLDER
vehiculos/van/dkw-f1000-l-f1000-l-imosa-espana.jpg,vehiculos/van,Van,DKW,F1000 L,"F1000 L (IMOSA, Espana)",dkw-f1000-l-f1000-l-imosa-espana,631,PLACEHOLDER
vehiculos/van/dkw-schnellaster-schnellaster-f800-3-6.jpg,vehiculos/van,Van,DKW,Schnellaster,Schnellaster F800/3=6,dkw-schnellaster-schnellaster-f800-3-6,631,PLACEHOLDER
vehiculos/van/dkw-schnellaster-schnellaster-f89-l.jpg,vehiculos/van,Van,DKW,Schnellaster,Schnellaster F89 L,dkw-schnellaster-schnellaster-f89-l,631,PLACEHOLDER
vehiculos/van/dodge-caravan-caravan-1a-gen-s-body.jpg,vehiculos/van,Van,Dodge,Caravan,Caravan 1a gen (S-body),dodge-caravan-caravan-1a-gen-s-body,631,PLACEHOLDER
vehiculos/van/dodge-caravan-caravan-2a-gen-as.jpg,vehiculos/van,Van,Dodge,Caravan,Caravan 2a gen (AS),dodge-caravan-caravan-2a-gen-as,631,PLACEHOLDER
vehiculos/van/dodge-caravan-caravan-3a-gen-ns.jpg,vehiculos/van,Van,Dodge,Caravan,Caravan 3a gen (NS),dodge-caravan-caravan-3a-gen-ns,631,PLACEHOLDER
vehiculos/van/fiat-600-multipla-multipla.jpg,vehiculos/van,Van,Fiat,600 Multipla,Multipla,fiat-600-multipla-multipla,631,PLACEHOLDER
vehiculos/van/fiat-ducato-ducato-i-280-290-diesel.jpg,vehiculos/van,Van,Fiat,Ducato,Ducato I (280/290) Diesel,fiat-ducato-ducato-i-280-290-diesel,631,PLACEHOLDER
vehiculos/van/fiat-ducato-ducato-i-280-290.jpg,vehiculos/van,Van,Fiat,Ducato,Ducato I (280/290),fiat-ducato-ducato-i-280-290,631,PLACEHOLDER
vehiculos/van/fiat-fiorino-fiorino-mk1-127-based.jpg,vehiculos/van,Van,Fiat,Fiorino,Fiorino Mk1 (127-based),fiat-fiorino-fiorino-mk1-127-based,631,PLACEHOLDER
vehiculos/van/fiat-fiorino-fiorino-mk2-uno-based.jpg,vehiculos/van,Van,Fiat,Fiorino,Fiorino Mk2 (Uno-based),fiat-fiorino-fiorino-mk2-uno-based,631,PLACEHOLDER
vehiculos/van/ford-aerostar-aerostar.jpg,vehiculos/van,Van,Ford,Aerostar,Aerostar,ford-aerostar-aerostar,631,PLACEHOLDER
vehiculos/van/glas-goggomobil-transporter-goggomobil-tl250.jpg,vehiculos/van,Van,Glas,Goggomobil Transporter,Goggomobil TL250,glas-goggomobil-transporter-goggomobil-tl250,631,PLACEHOLDER
vehiculos/van/glas-goggomobil-transporter-goggomobil-tl400.jpg,vehiculos/van,Van,Glas,Goggomobil Transporter,Goggomobil TL400,glas-goggomobil-transporter-goggomobil-tl400,631,PLACEHOLDER
vehiculos/van/gmc-motorhome-gmc-motorhome-1973-1978.jpg,vehiculos/van,Van,GMC,Motorhome,GMC Motorhome (1973-1978),gmc-motorhome-gmc-motorhome-1973-1978,631,PLACEHOLDER
vehiculos/van/gmc-rally-gmc-rally-wagon-g-series.jpg,vehiculos/van,Van,GMC,Rally,GMC Rally Wagon (G-series),gmc-rally-gmc-rally-wagon-g-series,631,PLACEHOLDER
vehiculos/van/gmc-vandura-gmc-vandura-g-series.jpg,vehiculos/van,Van,GMC,Vandura,GMC Vandura (G-series),gmc-vandura-gmc-vandura-g-series,631,PLACEHOLDER
vehiculos/van/goliath-express-express-1100.jpg,vehiculos/van,Van,Goliath,Express,Express 1100,goliath-express-express-1100,631,PLACEHOLDER
vehiculos/van/goliath-express-express-700.jpg,vehiculos/van,Van,Goliath,Express,Express 700,goliath-express-express-700,631,PLACEHOLDER
vehiculos/van/goliath-express-express-900.jpg,vehiculos/van,Van,Goliath,Express,Express 900,goliath-express-express-900,631,PLACEHOLDER
vehiculos/van/goliath-gv-800-gv-800.jpg,vehiculos/van,Van,Goliath,GV 800,GV 800,goliath-gv-800-gv-800,631,PLACEHOLDER
vehiculos/van/hanomag-f20-f25-f30-f35-harburger-transporter.jpg,vehiculos/van,Van,Hanomag,F20 / F25 / F30 / F35,Harburger Transporter,hanomag-f20-f25-f30-f35-harburger-transporter,631,PLACEHOLDER
vehiculos/van/hillman-imp-van-imp.jpg,vehiculos/van,Van,Hillman,Imp Van,Imp,hillman-imp-van-imp,631,PLACEHOLDER
vehiculos/van/honda-acty-acty-2-gen-ha-hh.jpg,vehiculos/van,Van,Honda,Acty,Acty 2ª gen (HA/HH),honda-acty-acty-2-gen-ha-hh,631,PLACEHOLDER
vehiculos/van/honda-odyssey-odyssey-1-gen-ra.jpg,vehiculos/van,Van,Honda,Odyssey,Odyssey 1ª gen (RA),honda-odyssey-odyssey-1-gen-ra,631,PLACEHOLDER
vehiculos/van/isuzu-oasis-oasis-rebadge-honda-odyssey.jpg,vehiculos/van,Van,Isuzu,Oasis,Oasis (rebadge Honda Odyssey),isuzu-oasis-oasis-rebadge-honda-odyssey,631,PLACEHOLDER
vehiculos/van/iveco-daily-daily-1a-gen-fiat-daily.jpg,vehiculos/van,Van,Iveco,Daily,Daily 1a gen (Fiat Daily),iveco-daily-daily-1a-gen-fiat-daily,631,PLACEHOLDER
vehiculos/van/iveco-daily-daily-1a-gen-turbodaily.jpg,vehiculos/van,Van,Iveco,Daily,Daily 1a gen (TurboDaily),iveco-daily-daily-1a-gen-turbodaily,631,PLACEHOLDER
vehiculos/van/jensen-tempo-jensen-tempo.jpg,vehiculos/van,Van,Jensen,Tempo,Jensen Tempo,jensen-tempo-jensen-tempo,631,PLACEHOLDER
vehiculos/van/jowett-bradford-bradford.jpg,vehiculos/van,Van,Jowett,Bradford,Bradford,jowett-bradford-bradford,631,PLACEHOLDER
vehiculos/van/kia-besta-besta.jpg,vehiculos/van,Van,Kia,Besta,Besta,kia-besta-besta,631,PLACEHOLDER
vehiculos/van/kurogane-baby-baby-kb.jpg,vehiculos/van,Van,Kurogane,Baby,Baby (KB),kurogane-baby-baby-kb,631,PLACEHOLDER
vehiculos/van/leyland-sherpa-sherpa-1a-gen-cv306.jpg,vehiculos/van,Van,Leyland,Sherpa,Sherpa 1a gen (CV306),leyland-sherpa-sherpa-1a-gen-cv306,631,PLACEHOLDER
vehiculos/van/lloyd-lloyd-300-lk-300.jpg,vehiculos/van,Van,Lloyd,Lloyd 300,LK 300,lloyd-lloyd-300-lk-300,631,PLACEHOLDER
vehiculos/van/lloyd-lloyd-400-lk-400.jpg,vehiculos/van,Van,Lloyd,Lloyd 400,LK 400,lloyd-lloyd-400-lk-400,631,PLACEHOLDER
vehiculos/van/lloyd-lloyd-600-lk-600.jpg,vehiculos/van,Van,Lloyd,Lloyd 600,LK 600,lloyd-lloyd-600-lk-600,631,PLACEHOLDER
vehiculos/van/lloyd-lloyd-lt-500-lt-500.jpg,vehiculos/van,Van,Lloyd,Lloyd LT 500,LT 500,lloyd-lloyd-lt-500-lt-500,631,PLACEHOLDER
vehiculos/van/lloyd-lloyd-lt-600-lt-600.jpg,vehiculos/van,Van,Lloyd,Lloyd LT 600,LT 600,lloyd-lloyd-lt-600-lt-600,631,PLACEHOLDER
vehiculos/van/mahindra-voyager-voyager-mitsubishi-l300-delica.jpg,vehiculos/van,Van,Mahindra,Voyager,Voyager (Mitsubishi L300 / Delica),mahindra-voyager-voyager-mitsubishi-l300-delica,631,PLACEHOLDER
vehiculos/van/mazda-mpv-lv-1a-gen.jpg,vehiculos/van,Van,Mazda,MPV,LV (1a gen),mazda-mpv-lv-1a-gen,631,PLACEHOLDER
vehiculos/van/mercedes-benz-mb100-mb100.jpg,vehiculos/van,Van,Mercedes-Benz,MB100,MB100,mercedes-benz-mb100-mb100,631,PLACEHOLDER
vehiculos/van/mercedes-benz-t1-tn-t1.jpg,vehiculos/van,Van,Mercedes-Benz,T1 (TN),T1,mercedes-benz-t1-tn-t1,631,PLACEHOLDER
vehiculos/van/mercury-villager-1a-gen.jpg,vehiculos/van,Van,Mercury,Villager,1a gen,mercury-villager-1a-gen,631,PLACEHOLDER
vehiculos/van/mini-mini-van-van.jpg,vehiculos/van,Van,Mini,Mini Van,Van,mini-mini-van-van,631,PLACEHOLDER
vehiculos/van/mitsubishi-l300-delica-l300-3g.jpg,vehiculos/van,Van,Mitsubishi,L300,Delica / L300 3G,mitsubishi-l300-delica-l300-3g,631,PLACEHOLDER
vehiculos/van/mitsubishi-space-wagon-chariot-1g-d0xw.jpg,vehiculos/van,Van,Mitsubishi,Space Wagon,Chariot 1G (D0xW),mitsubishi-space-wagon-chariot-1g-d0xw,631,PLACEHOLDER
vehiculos/van/mitsubishi-space-wagon-chariot-2g-n3xw.jpg,vehiculos/van,Van,Mitsubishi,Space Wagon,Chariot 2G (N3xW),mitsubishi-space-wagon-chariot-2g-n3xw,631,PLACEHOLDER
vehiculos/van/moskvich-433-433.jpg,vehiculos/van,Van,Moskvich,433,433,moskvich-433-433,631,PLACEHOLDER
vehiculos/van/moskvich-434-434.jpg,vehiculos/van,Van,Moskvich,434,434,moskvich-434-434,631,PLACEHOLDER
vehiculos/van/nissan-s-cargo-pike-g20.jpg,vehiculos/van,Van,Nissan,S-Cargo,Pike (G20),nissan-s-cargo-pike-g20,631,PLACEHOLDER
vehiculos/van/nissan-serena-c23-1-gen.jpg,vehiculos/van,Van,Nissan,Serena,C23 (1ª gen),nissan-serena-c23-1-gen,631,PLACEHOLDER
vehiculos/van/oldsmobile-silhouette-silhouette-1a-gen-u-body.jpg,vehiculos/van,Van,Oldsmobile,Silhouette,Silhouette 1a gen (U-body),oldsmobile-silhouette-silhouette-1a-gen-u-body,631,PLACEHOLDER
vehiculos/van/opel-sintra-sintra.jpg,vehiculos/van,Van,Opel,Sintra,Sintra,opel-sintra-sintra,631,PLACEHOLDER
vehiculos/van/panhard-m3-panhard-m3-vtt.jpg,vehiculos/van,Van,Panhard,M3,Panhard M3 VTT,panhard-m3-panhard-m3-vtt,631,PLACEHOLDER
vehiculos/van/peugeot-j5-j5-serie-1.jpg,vehiculos/van,Van,Peugeot,J5,J5 (Serie 1),peugeot-j5-j5-serie-1,631,PLACEHOLDER
vehiculos/van/peugeot-j7-j7.jpg,vehiculos/van,Van,Peugeot,J7,J7,peugeot-j7-j7,631,PLACEHOLDER
vehiculos/van/peugeot-j9-j9.jpg,vehiculos/van,Van,Peugeot,J9,J9,peugeot-j9-j9,631,PLACEHOLDER
vehiculos/van/piaggio-ape-ape-a.jpg,vehiculos/van,Van,Piaggio,Ape,Ape A,piaggio-ape-ape-a,631,PLACEHOLDER
vehiculos/van/piaggio-ape-ape-b.jpg,vehiculos/van,Van,Piaggio,Ape,Ape B,piaggio-ape-ape-b,631,PLACEHOLDER
vehiculos/van/piaggio-ape-ape-c.jpg,vehiculos/van,Van,Piaggio,Ape,Ape C,piaggio-ape-ape-c,631,PLACEHOLDER
vehiculos/van/piaggio-ape-ape-d.jpg,vehiculos/van,Van,Piaggio,Ape,Ape D,piaggio-ape-ape-d,631,PLACEHOLDER
vehiculos/van/plymouth-grand-voyager-grand-voyager-1a-gen-1987-1990.jpg,vehiculos/van,Van,Plymouth,Grand Voyager,Grand Voyager 1a gen (1987-1990),plymouth-grand-voyager-grand-voyager-1a-gen-1987-1990,631,PLACEHOLDER
vehiculos/van/plymouth-grand-voyager-grand-voyager-2a-gen-1991-1995-as.jpg,vehiculos/van,Van,Plymouth,Grand Voyager,Grand Voyager 2a gen (1991-1995) AS,plymouth-grand-voyager-grand-voyager-2a-gen-1991-1995-as,631,PLACEHOLDER
vehiculos/van/plymouth-grand-voyager-grand-voyager-3a-gen-1996-2000-ns.jpg,vehiculos/van,Van,Plymouth,Grand Voyager,Grand Voyager 3a gen (1996-2000) NS,plymouth-grand-voyager-grand-voyager-3a-gen-1996-2000-ns,631,PLACEHOLDER
vehiculos/van/plymouth-voyager-voyager-1a-gen-1984-1990-s.jpg,vehiculos/van,Van,Plymouth,Voyager,Voyager 1a gen (1984-1990) S,plymouth-voyager-voyager-1a-gen-1984-1990-s,631,PLACEHOLDER
vehiculos/van/plymouth-voyager-voyager-2a-gen-1991-1995-as.jpg,vehiculos/van,Van,Plymouth,Voyager,Voyager 2a gen (1991-1995) AS,plymouth-voyager-voyager-2a-gen-1991-1995-as,631,PLACEHOLDER
vehiculos/van/plymouth-voyager-voyager-3a-gen-1996-2000-ns.jpg,vehiculos/van,Van,Plymouth,Voyager,Voyager 3a gen (1996-2000) NS,plymouth-voyager-voyager-3a-gen-1996-2000-ns,631,PLACEHOLDER
vehiculos/van/plymouth-voyager-voyager-b-body-full-size-1974-1983.jpg,vehiculos/van,Van,Plymouth,Voyager,Voyager B-body full-size (1974-1983),plymouth-voyager-voyager-b-body-full-size-1974-1983,631,PLACEHOLDER
vehiculos/van/polski-fiat-508-508-iii.jpg,vehiculos/van,Van,Polski Fiat,508,508 III,polski-fiat-508-508-iii,631,PLACEHOLDER
vehiculos/van/pontiac-trans-sport-1a-gen-u-body-1990-1998.jpg,vehiculos/van,Van,Pontiac,Trans Sport,1a gen U-body (1990-1998),pontiac-trans-sport-1a-gen-u-body-1990-1998,631,PLACEHOLDER
vehiculos/van/prince-homy-b640.jpg,vehiculos/van,Van,Prince,Homy,B640,prince-homy-b640,631,PLACEHOLDER
vehiculos/van/prince-prince-light-van-aive-1-aive-2.jpg,vehiculos/van,Van,Prince,Prince Light Van,AIVE-1 / AIVE-2,prince-prince-light-van-aive-1-aive-2,631,PLACEHOLDER
vehiculos/van/prince-skyway-alvg-1-alpe-1.jpg,vehiculos/van,Van,Prince,Skyway,ALVG-1 / ALPE-1,prince-skyway-alvg-1-alpe-1,631,PLACEHOLDER
vehiculos/van/prince-skyway-alvg-2-alpe-2.jpg,vehiculos/van,Van,Prince,Skyway,ALVG-2 / ALPE-2,prince-skyway-alvg-2-alpe-2,631,PLACEHOLDER
vehiculos/van/prince-skyway-blvg-3-blpe-3.jpg,vehiculos/van,Van,Prince,Skyway,BLVG-3 / BLPE-3,prince-skyway-blvg-3-blpe-3,631,PLACEHOLDER
vehiculos/van/prince-skyway-v23-p23.jpg,vehiculos/van,Van,Prince,Skyway,V23 / P23,prince-skyway-v23-p23,631,PLACEHOLDER
vehiculos/van/prince-skyway-v51-1.jpg,vehiculos/van,Van,Prince,Skyway,V51-1,prince-skyway-v51-1,631,PLACEHOLDER
vehiculos/van/prince-skyway-v51a-2.jpg,vehiculos/van,Van,Prince,Skyway,V51A-2,prince-skyway-v51a-2,631,PLACEHOLDER
vehiculos/van/reliant-7cwt-10cwt-serie-prebelica-1935-1939.jpg,vehiculos/van,Van,Reliant,7cwt / 10cwt,Serie prebelica (1935-1939),reliant-7cwt-10cwt-serie-prebelica-1935-1939,631,PLACEHOLDER
vehiculos/van/reliant-8cwt-10cwt-12cwt-serie-posguerra-1946-1950.jpg,vehiculos/van,Van,Reliant,8cwt / 10cwt / 12cwt,Serie posguerra (1946-1950),reliant-8cwt-10cwt-12cwt-serie-posguerra-1946-1950,631,PLACEHOLDER
vehiculos/van/reliant-regal-supervan-supervan-iii.jpg,vehiculos/van,Van,Reliant,Regal Supervan,Supervan III,reliant-regal-supervan-supervan-iii,631,PLACEHOLDER
vehiculos/van/reliant-regal-supervan-supervan-supervan-ii.jpg,vehiculos/van,Van,Reliant,Regal Supervan,Supervan / Supervan II,reliant-regal-supervan-supervan-supervan-ii,631,PLACEHOLDER
vehiculos/van/reliant-regent-regent.jpg,vehiculos/van,Van,Reliant,Regent,Regent,reliant-regent-regent,631,PLACEHOLDER
vehiculos/van/reliant-rialto-rialto-van.jpg,vehiculos/van,Van,Reliant,Rialto,Rialto Van,reliant-rialto-rialto-van,631,PLACEHOLDER
vehiculos/van/reliant-robin-robin-mk1-van.jpg,vehiculos/van,Van,Reliant,Robin,Robin Mk1 Van,reliant-robin-robin-mk1-van,631,PLACEHOLDER
vehiculos/van/reliant-robin-robin-mk2-van.jpg,vehiculos/van,Van,Reliant,Robin,Robin Mk2 Van,reliant-robin-robin-mk2-van,631,PLACEHOLDER
vehiculos/van/renault-espace-espace-i-diesel.jpg,vehiculos/van,Van,Renault,Espace,Espace I Diesel,renault-espace-espace-i-diesel,631,PLACEHOLDER
vehiculos/van/renault-espace-espace-i-j11.jpg,vehiculos/van,Van,Renault,Espace,Espace I (J11),renault-espace-espace-i-j11,631,PLACEHOLDER
vehiculos/van/renault-espace-espace-ii-diesel.jpg,vehiculos/van,Van,Renault,Espace,Espace II Diesel,renault-espace-espace-ii-diesel,631,PLACEHOLDER
vehiculos/van/renault-espace-espace-ii-j63.jpg,vehiculos/van,Van,Renault,Espace,Espace II (J63),renault-espace-espace-ii-j63,631,PLACEHOLDER
vehiculos/van/renault-espace-espace-ii-v6.jpg,vehiculos/van,Van,Renault,Espace,Espace II V6,renault-espace-espace-ii-v6,631,PLACEHOLDER
vehiculos/van/renault-estafette-estafette.jpg,vehiculos/van,Van,Renault,Estafette,Estafette,renault-estafette-estafette,631,PLACEHOLDER
vehiculos/van/renault-express-express-diesel.jpg,vehiculos/van,Van,Renault,Express,Express Diesel,renault-express-express-diesel,631,PLACEHOLDER
vehiculos/van/renault-express-express-rapid-extra.jpg,vehiculos/van,Van,Renault,Express,Express / Rapid / Extra,renault-express-express-rapid-extra,631,PLACEHOLDER
vehiculos/van/renault-master-master-i-diesel.jpg,vehiculos/van,Van,Renault,Master,Master I Diesel,renault-master-master-i-diesel,631,PLACEHOLDER
vehiculos/van/renault-master-master-i.jpg,vehiculos/van,Van,Renault,Master,Master I,renault-master-master-i,631,PLACEHOLDER
vehiculos/van/rosengart-vivor-vivor.jpg,vehiculos/van,Van,Rosengart,Vivor,Vivor,rosengart-vivor-vivor,631,PLACEHOLDER
vehiculos/van/seat-terra-terra-diesel.jpg,vehiculos/van,Van,Seat,Terra,Terra Diesel,seat-terra-terra-diesel,631,PLACEHOLDER
vehiculos/van/seat-terra-terra.jpg,vehiculos/van,Van,Seat,Terra,Terra,seat-terra-terra,631,PLACEHOLDER
vehiculos/van/siata-formichetta-formichetta-siata-espanola.jpg,vehiculos/van,Van,Siata,Formichetta,Formichetta (Siata Espanola),siata-formichetta-formichetta-siata-espanola,631,PLACEHOLDER
vehiculos/van/siata-minivan-minivan-siata-espanola.jpg,vehiculos/van,Van,Siata,Minivan,Minivan (Siata Espanola),siata-minivan-minivan-siata-espanola,631,PLACEHOLDER
vehiculos/van/simca-simca-1100-simca-1100-vf1-vf2-vf3.jpg,vehiculos/van,Van,Simca,Simca 1100,Simca 1100 VF1 / VF2 / VF3,simca-simca-1100-simca-1100-vf1-vf2-vf3,631,PLACEHOLDER
vehiculos/van/standard-atlas-atlas.jpg,vehiculos/van,Van,Standard,Atlas,Atlas,standard-atlas-atlas,631,PLACEHOLDER
vehiculos/van/standard-standard-20-india-standard-20-india.jpg,vehiculos/van,Van,Standard,Standard 20 (India),Standard 20 (India),standard-standard-20-india-standard-20-india,631,PLACEHOLDER
vehiculos/van/stutz-pak-age-car-pak-age-car-1933-1935.jpg,vehiculos/van,Van,Stutz,Pak-Age-Car,Pak-Age-Car (1933-1935),stutz-pak-age-car-pak-age-car-1933-1935,631,PLACEHOLDER
vehiculos/van/stutz-pak-age-car-pak-age-car-1936-1938.jpg,vehiculos/van,Van,Stutz,Pak-Age-Car,Pak-Age-Car (1936-1938),stutz-pak-age-car-pak-age-car-1936-1938,631,PLACEHOLDER
vehiculos/van/subaru-domingo-domingo-libero-sumo.jpg,vehiculos/van,Van,Subaru,Domingo,Domingo / Libero / Sumo,subaru-domingo-domingo-libero-sumo,631,PLACEHOLDER
vehiculos/van/subaru-sambar-sambar-4-gen.jpg,vehiculos/van,Van,Subaru,Sambar,Sambar 4ª gen,subaru-sambar-sambar-4-gen,631,PLACEHOLDER
vehiculos/van/subaru-sambar-sambar-5-gen.jpg,vehiculos/van,Van,Subaru,Sambar,Sambar 5ª gen,subaru-sambar-sambar-5-gen,631,PLACEHOLDER
vehiculos/van/suzuki-wagon-r-1a-gen-ct-cv.jpg,vehiculos/van,Van,Suzuki,Wagon R,1a gen (CT/CV),suzuki-wagon-r-1a-gen-ct-cv,631,PLACEHOLDER
vehiculos/van/syrena-syrena-bosto-bosto.jpg,vehiculos/van,Van,Syrena,Syrena Bosto,Bosto,syrena-syrena-bosto-bosto,631,PLACEHOLDER
vehiculos/van/talbot-express-express-sevel-serie-1-y-2.jpg,vehiculos/van,Van,Talbot,Express,"Express (Sevel, Serie 1 y 2)",talbot-express-express-sevel-serie-1-y-2,631,PLACEHOLDER
vehiculos/van/toyota-previa-estima-xr10-xr20-1-gen.jpg,vehiculos/van,Van,Toyota,Previa (Estima),XR10/XR20 (1ª gen),toyota-previa-estima-xr10-xr20-1-gen,631,PLACEHOLDER
vehiculos/van/triumph-courier-courier.jpg,vehiculos/van,Van,Triumph,Courier,Courier,triumph-courier-courier,631,PLACEHOLDER
vehiculos/van/trojan-15cwt-15cwt-posguerra.jpg,vehiculos/van,Van,Trojan,15cwt,15cwt (posguerra),trojan-15cwt-15cwt-posguerra,631,PLACEHOLDER
vehiculos/van/trojan-dt-dt-20-25cwt.jpg,vehiculos/van,Van,Trojan,DT,DT 20/25cwt,trojan-dt-dt-20-25cwt,631,PLACEHOLDER
vehiculos/van/trojan-senior-senior-12-15cwt.jpg,vehiculos/van,Van,Trojan,Senior,Senior 12/15cwt,trojan-senior-senior-12-15cwt,631,PLACEHOLDER
vehiculos/van/uaz-450-uaz-450-1-gen-4x4.jpg,vehiculos/van,Van,UAZ,450,UAZ-450 (1ª gen. 4x4),uaz-450-uaz-450-1-gen-4x4,631,PLACEHOLDER
vehiculos/van/uaz-451-uaz-451-4x2-1-serie.jpg,vehiculos/van,Van,UAZ,451,"UAZ-451 (4x2, 1ª serie)",uaz-451-uaz-451-4x2-1-serie,631,PLACEHOLDER
vehiculos/van/uaz-451m-uaz-451m-4x2-2-serie.jpg,vehiculos/van,Van,UAZ,451M,"UAZ-451M (4x2, 2ª serie)",uaz-451m-uaz-451m-4x2-2-serie,631,PLACEHOLDER
vehiculos/van/uaz-452-uaz-452-4x4-buhanka.jpg,vehiculos/van,Van,UAZ,452,"UAZ-452 (4x4, ""Buhanka"")",uaz-452-uaz-452-4x4-buhanka,631,PLACEHOLDER
vehiculos/van/vauxhall-sintra-sintra.jpg,vehiculos/van,Van,Vauxhall,Sintra,Sintra,vauxhall-sintra-sintra,631,PLACEHOLDER
vehiculos/van/volkswagen-lt-lt-mk1.jpg,vehiculos/van,Van,Volkswagen,LT,LT Mk1,volkswagen-lt-lt-mk1,631,PLACEHOLDER
vehiculos/van/volkswagen-transporter-type-2-t1-split.jpg,vehiculos/van,Van,Volkswagen,Transporter,Type 2 T1 (Split),volkswagen-transporter-type-2-t1-split,631,PLACEHOLDER
vehiculos/van/volkswagen-transporter-type-2-t2-bay.jpg,vehiculos/van,Van,Volkswagen,Transporter,Type 2 T2 (Bay),volkswagen-transporter-type-2-t2-bay,631,PLACEHOLDER
vehiculos/van/volkswagen-transporter-type-2-t3-vanagon.jpg,vehiculos/van,Van,Volkswagen,Transporter,Type 2 T3 (Vanagon),volkswagen-transporter-type-2-t3-vanagon,631,PLACEHOLDER
vehiculos/van/warszawa-warszawa-201f.jpg,vehiculos/van,Van,Warszawa,Warszawa,201F,warszawa-warszawa-201f,631,PLACEHOLDER
vehiculos/van/warszawa-warszawa-203f.jpg,vehiculos/van,Van,Warszawa,Warszawa,203F,warszawa-warszawa-203f,631,PLACEHOLDER
vehiculos/van/warszawa-warszawa-204f.jpg,vehiculos/van,Van,Warszawa,Warszawa,204F,warszawa-warszawa-204f,631,PLACEHOLDER
vehiculos/wagon/alfa-romeo-33-33-sport-wagon-905-907.jpg,vehiculos/wagon,Wagon,Alfa Romeo,33,33 Sport Wagon (905/907),alfa-romeo-33-33-sport-wagon-905-907,631,PLACEHOLDER
vehiculos/wagon/allard-p2-p2-safari.jpg,vehiculos/wagon,Wagon,Allard,P2,P2 Safari,allard-p2-p2-safari,631,PLACEHOLDER
vehiculos/wagon/amc-ambassador-ambassador-wagon-7a-gen.jpg,vehiculos/wagon,Wagon,AMC,Ambassador,Ambassador Wagon (7a gen),amc-ambassador-ambassador-wagon-7a-gen,631,PLACEHOLDER
vehiculos/wagon/amc-concord-concord-wagon.jpg,vehiculos/wagon,Wagon,AMC,Concord,Concord Wagon,amc-concord-concord-wagon,631,PLACEHOLDER
vehiculos/wagon/amc-eagle-eagle-wagon-serie-30.jpg,vehiculos/wagon,Wagon,AMC,Eagle,Eagle Wagon (Serie 30),amc-eagle-eagle-wagon-serie-30,631,PLACEHOLDER
vehiculos/wagon/amc-hornet-sportabout-hornet.jpg,vehiculos/wagon,Wagon,AMC,Hornet Sportabout,Hornet,amc-hornet-sportabout-hornet,631,PLACEHOLDER
vehiculos/wagon/amc-matador-matador-wagon-1a-gen.jpg,vehiculos/wagon,Wagon,AMC,Matador,Matador Wagon (1a gen),amc-matador-matador-wagon-1a-gen,631,PLACEHOLDER
vehiculos/wagon/amc-matador-matador-wagon-2a-gen.jpg,vehiculos/wagon,Wagon,AMC,Matador,Matador Wagon (2a gen),amc-matador-matador-wagon-2a-gen,631,PLACEHOLDER
vehiculos/wagon/amc-pacer-pacer-wagon.jpg,vehiculos/wagon,Wagon,AMC,Pacer,Pacer Wagon,amc-pacer-pacer-wagon,631,PLACEHOLDER
vehiculos/wagon/amc-rebel-rebel-wagon.jpg,vehiculos/wagon,Wagon,AMC,Rebel,Rebel Wagon,amc-rebel-rebel-wagon,631,PLACEHOLDER
vehiculos/wagon/audi-80-avant-80-b4.jpg,vehiculos/wagon,Wagon,Audi,80 Avant,80 B4,audi-80-avant-80-b4,631,PLACEHOLDER
vehiculos/wagon/audi-rs2-avant-rs2-b4-8c.jpg,vehiculos/wagon,Wagon,Audi,RS2 Avant,RS2 (B4/8C),audi-rs2-avant-rs2-b4-8c,631,PLACEHOLDER
vehiculos/wagon/austin-montego-montego-estate.jpg,vehiculos/wagon,Wagon,Austin,Montego,Montego Estate,austin-montego-montego-estate,631,PLACEHOLDER
vehiculos/wagon/authi-morris-1100-traveller-ado16.jpg,vehiculos/wagon,Wagon,Authi,Morris 1100 Traveller,ADO16,authi-morris-1100-traveller-ado16,631,PLACEHOLDER
vehiculos/wagon/auto-union-1000-s-universal-auto-union-1000-s-argentina-iasf.jpg,vehiculos/wagon,Wagon,Auto Union,1000 S Universal,"Auto Union 1000 S (Argentina, IASF)",auto-union-1000-s-universal-auto-union-1000-s-argentina-iasf,631,PLACEHOLDER
vehiculos/wagon/auto-union-1000-universal-auto-union-1000-alemania.jpg,vehiculos/wagon,Wagon,Auto Union,1000 Universal,Auto Union 1000 (Alemania),auto-union-1000-universal-auto-union-1000-alemania,631,PLACEHOLDER
vehiculos/wagon/autobianchi-bianchina-panoramica.jpg,vehiculos/wagon,Wagon,Autobianchi,Bianchina,Panoramica,autobianchi-bianchina-panoramica,631,PLACEHOLDER
vehiculos/wagon/bedford-beagle-beagle-derivado-ha.jpg,vehiculos/wagon,Wagon,Bedford,Beagle,Beagle (derivado HA),bedford-beagle-beagle-derivado-ha,631,PLACEHOLDER
vehiculos/wagon/bmw-3-series-e30-touring.jpg,vehiculos/wagon,Wagon,BMW,3 Series,E30 Touring,bmw-3-series-e30-touring,631,PLACEHOLDER
vehiculos/wagon/bmw-3-series-e36-touring.jpg,vehiculos/wagon,Wagon,BMW,3 Series,E36 Touring,bmw-3-series-e36-touring,631,PLACEHOLDER
vehiculos/wagon/bmw-5-series-e34-touring.jpg,vehiculos/wagon,Wagon,BMW,5 Series,E34 Touring,bmw-5-series-e34-touring,631,PLACEHOLDER
vehiculos/wagon/borgward-isabella-isabella-combi.jpg,vehiculos/wagon,Wagon,Borgward,Isabella,Isabella Combi,borgward-isabella-isabella-combi,631,PLACEHOLDER
vehiculos/wagon/buick-estate-wagon-estate-wagon-rwd-1977-1990.jpg,vehiculos/wagon,Wagon,Buick,Estate Wagon,Estate Wagon RWD (1977-1990),buick-estate-wagon-estate-wagon-rwd-1977-1990,631,PLACEHOLDER
vehiculos/wagon/buick-roadmaster-roadmaster-1991-1996.jpg,vehiculos/wagon,Wagon,Buick,Roadmaster,Roadmaster (1991-1996),buick-roadmaster-roadmaster-1991-1996,631,PLACEHOLDER
vehiculos/wagon/checker-marathon-marathon-station-wagon-a12w.jpg,vehiculos/wagon,Wagon,Checker,Marathon,Marathon Station Wagon (A12W),checker-marathon-marathon-station-wagon-a12w,631,PLACEHOLDER
vehiculos/wagon/checker-superba-superba-station-wagon-a10.jpg,vehiculos/wagon,Wagon,Checker,Superba,Superba Station Wagon (A10),checker-superba-superba-station-wagon-a10,631,PLACEHOLDER
vehiculos/wagon/chevrolet-marajo-gm-do-brasil.jpg,vehiculos/wagon,Wagon,Chevrolet,Marajo,(GM do Brasil),chevrolet-marajo-gm-do-brasil,631,PLACEHOLDER
vehiculos/wagon/citroen-bx-bx-break.jpg,vehiculos/wagon,Wagon,Citroen,BX,BX Break,citroen-bx-bx-break,631,PLACEHOLDER
vehiculos/wagon/citroen-cx-cx-break.jpg,vehiculos/wagon,Wagon,Citroen,CX,CX Break,citroen-cx-cx-break,631,PLACEHOLDER
vehiculos/wagon/citroen-ds-ds-break.jpg,vehiculos/wagon,Wagon,Citroen,DS,DS Break,citroen-ds-ds-break,631,PLACEHOLDER
vehiculos/wagon/citroen-xm-xm-break.jpg,vehiculos/wagon,Wagon,Citroen,XM,XM Break,citroen-xm-xm-break,631,PLACEHOLDER
vehiculos/wagon/citroen-zx-zx-break.jpg,vehiculos/wagon,Wagon,Citroen,ZX,ZX Break,citroen-zx-zx-break,631,PLACEHOLDER
vehiculos/wagon/crosley-crosley-covered-wagon-prewar-cb41-cb42.jpg,vehiculos/wagon,Wagon,Crosley,Crosley Covered Wagon,Prewar (CB41/CB42),crosley-crosley-covered-wagon-prewar-cb41-cb42,631,PLACEHOLDER
vehiculos/wagon/crosley-crosley-station-wagon-cc-four.jpg,vehiculos/wagon,Wagon,Crosley,Crosley Station Wagon,CC Four,crosley-crosley-station-wagon-cc-four,631,PLACEHOLDER
vehiculos/wagon/crosley-crosley-station-wagon-cd-four.jpg,vehiculos/wagon,Wagon,Crosley,Crosley Station Wagon,CD Four,crosley-crosley-station-wagon-cd-four,631,PLACEHOLDER
vehiculos/wagon/crosley-crosley-station-wagon-prewar-c2a-cb41-cb42.jpg,vehiculos/wagon,Wagon,Crosley,Crosley Station Wagon,Prewar (C2A/CB41/CB42),crosley-crosley-station-wagon-prewar-c2a-cb41-cb42,631,PLACEHOLDER
vehiculos/wagon/dacia-1300-dacia-1300-break.jpg,vehiculos/wagon,Wagon,Dacia,1300,Dacia 1300 Break,dacia-1300-dacia-1300-break,631,PLACEHOLDER
vehiculos/wagon/daihatsu-move-l600-l601-1a-gen.jpg,vehiculos/wagon,Wagon,Daihatsu,Move,L600/L601 (1a gen),daihatsu-move-l600-l601-1a-gen,631,PLACEHOLDER
vehiculos/wagon/datsun-280c-wagon-cedric-430.jpg,vehiculos/wagon,Wagon,Datsun,280C Wagon,Cedric 430,datsun-280c-wagon-cedric-430,631,PLACEHOLDER
vehiculos/wagon/datsun-510-bluebird-510-wagon-wp510.jpg,vehiculos/wagon,Wagon,Datsun,510,Bluebird 510 Wagon (WP510),datsun-510-bluebird-510-wagon-wp510,631,PLACEHOLDER
vehiculos/wagon/datsun-810-200b-bluebird-810-wagon.jpg,vehiculos/wagon,Wagon,Datsun,810 / 200B,Bluebird 810 Wagon,datsun-810-200b-bluebird-810-wagon,631,PLACEHOLDER
vehiculos/wagon/datsun-sunny-210-wagon-b310.jpg,vehiculos/wagon,Wagon,Datsun,Sunny 210 Wagon,B310,datsun-sunny-210-wagon-b310,631,PLACEHOLDER
vehiculos/wagon/desoto-custom-suburban-s-11-s-13-s-14-s-15.jpg,vehiculos/wagon,Wagon,DeSoto,Custom Suburban,S-11 / S-13 / S-14 / S-15,desoto-custom-suburban-s-11-s-13-s-14-s-15,631,PLACEHOLDER
vehiculos/wagon/desoto-firesweep-shopper-explorer-firesweep-1957-1959.jpg,vehiculos/wagon,Wagon,DeSoto,Firesweep Shopper/Explorer,Firesweep 1957-1959,desoto-firesweep-shopper-explorer-firesweep-1957-1959,631,PLACEHOLDER
vehiculos/wagon/dkw-1000-auto-union-1000-universal.jpg,vehiculos/wagon,Wagon,DKW,1000,Auto Union 1000 Universal,dkw-1000-auto-union-1000-universal,631,PLACEHOLDER
vehiculos/wagon/dkw-1000-s-auto-union-1000-s-universal-argentina.jpg,vehiculos/wagon,Wagon,DKW,1000 S,Auto Union 1000 S Universal (Argentina),dkw-1000-s-auto-union-1000-s-universal-argentina,631,PLACEHOLDER
vehiculos/wagon/dkw-3-6-f91-universal.jpg,vehiculos/wagon,Wagon,DKW,3=6,F91 Universal,dkw-3-6-f91-universal,631,PLACEHOLDER
vehiculos/wagon/dkw-3-6-f94-universal.jpg,vehiculos/wagon,Wagon,DKW,3=6,F94 Universal,dkw-3-6-f94-universal,631,PLACEHOLDER
vehiculos/wagon/dkw-f89-f89-universal.jpg,vehiculos/wagon,Wagon,DKW,F89,F89 Universal,dkw-f89-f89-universal,631,PLACEHOLDER
vehiculos/wagon/dkw-vemaguet-dkw-vemag-vemaguet-brasil.jpg,vehiculos/wagon,Wagon,DKW,Vemaguet,DKW-Vemag Vemaguet (Brasil),dkw-vemaguet-dkw-vemag-vemaguet-brasil,631,PLACEHOLDER
vehiculos/wagon/eagle-summit-wagon-summit-wagon-mitsubishi-expo.jpg,vehiculos/wagon,Wagon,Eagle,Summit Wagon,Summit Wagon (Mitsubishi Expo),eagle-summit-wagon-summit-wagon-mitsubishi-expo,631,PLACEHOLDER
vehiculos/wagon/eagle-vista-vista-mitsubishi-mirage-colt.jpg,vehiculos/wagon,Wagon,Eagle,Vista,Vista (Mitsubishi Mirage/Colt),eagle-vista-vista-mitsubishi-mirage-colt,631,PLACEHOLDER
vehiculos/wagon/edsel-bermuda-bermuda-1958.jpg,vehiculos/wagon,Wagon,Edsel,Bermuda,Bermuda (1958),edsel-bermuda-bermuda-1958,631,PLACEHOLDER
vehiculos/wagon/edsel-roundup-roundup-1958.jpg,vehiculos/wagon,Wagon,Edsel,Roundup,Roundup (1958),edsel-roundup-roundup-1958,631,PLACEHOLDER
vehiculos/wagon/edsel-villager-villager-1958.jpg,vehiculos/wagon,Wagon,Edsel,Villager,Villager (1958),edsel-villager-villager-1958,631,PLACEHOLDER
vehiculos/wagon/edsel-villager-villager-1959.jpg,vehiculos/wagon,Wagon,Edsel,Villager,Villager (1959),edsel-villager-villager-1959,631,PLACEHOLDER
vehiculos/wagon/edsel-villager-villager-1960.jpg,vehiculos/wagon,Wagon,Edsel,Villager,Villager (1960),edsel-villager-villager-1960,631,PLACEHOLDER
vehiculos/wagon/fiat-tempra-tempra-sw.jpg,vehiculos/wagon,Wagon,Fiat,Tempra,Tempra SW,fiat-tempra-tempra-sw,631,PLACEHOLDER
vehiculos/wagon/fso-125p-125p-kombi.jpg,vehiculos/wagon,Wagon,FSO,125p,125p Kombi,fso-125p-125p-kombi,631,PLACEHOLDER
vehiculos/wagon/fso-warszawa-kombi-223-k-224-k.jpg,vehiculos/wagon,Wagon,FSO,Warszawa,Kombi 223-K/224-K,fso-warszawa-kombi-223-k-224-k,631,PLACEHOLDER
vehiculos/wagon/gilbern-invader-invader-estate.jpg,vehiculos/wagon,Wagon,Gilbern,Invader,Invader Estate,gilbern-invader-invader-estate,631,PLACEHOLDER
vehiculos/wagon/glas-isar-isar-k600-kombi.jpg,vehiculos/wagon,Wagon,Glas,Isar,Isar K600 Kombi,glas-isar-isar-k600-kombi,631,PLACEHOLDER
vehiculos/wagon/glas-isar-isar-k700-kombi.jpg,vehiculos/wagon,Wagon,Glas,Isar,Isar K700 Kombi,glas-isar-isar-k700-kombi,631,PLACEHOLDER
vehiculos/wagon/goliath-1100-goliath-1100.jpg,vehiculos/wagon,Wagon,Goliath,1100,Goliath 1100,goliath-1100-goliath-1100,631,PLACEHOLDER
vehiculos/wagon/goliath-gp-900-gp-900.jpg,vehiculos/wagon,Wagon,Goliath,GP 900,GP 900,goliath-gp-900-gp-900,631,PLACEHOLDER
vehiculos/wagon/gwm-cc6490-cc6490-cc6470-familiar.jpg,vehiculos/wagon,Wagon,GWM,CC6490,CC6490/CC6470 (familiar),gwm-cc6490-cc6490-cc6470-familiar,631,PLACEHOLDER
vehiculos/wagon/hillman-avenger-avenger-estate.jpg,vehiculos/wagon,Wagon,Hillman,Avenger,Avenger Estate,hillman-avenger-avenger-estate,631,PLACEHOLDER
vehiculos/wagon/hillman-hunter-hunter-estate-arrow.jpg,vehiculos/wagon,Wagon,Hillman,Hunter,Hunter Estate (Arrow),hillman-hunter-hunter-estate-arrow,631,PLACEHOLDER
vehiculos/wagon/hillman-husky-husky-imp-based.jpg,vehiculos/wagon,Wagon,Hillman,Husky,Husky (Imp-based),hillman-husky-husky-imp-based,631,PLACEHOLDER
vehiculos/wagon/hillman-husky-husky-mark-1.jpg,vehiculos/wagon,Wagon,Hillman,Husky,Husky Mark 1,hillman-husky-husky-mark-1,631,PLACEHOLDER
vehiculos/wagon/hillman-husky-husky-series-i-audax.jpg,vehiculos/wagon,Wagon,Hillman,Husky,Husky Series I (Audax),hillman-husky-husky-series-i-audax,631,PLACEHOLDER
vehiculos/wagon/hillman-husky-husky-series-ii-audax.jpg,vehiculos/wagon,Wagon,Hillman,Husky,Husky Series II (Audax),hillman-husky-husky-series-ii-audax,631,PLACEHOLDER
vehiculos/wagon/hillman-husky-husky-series-iii-audax.jpg,vehiculos/wagon,Wagon,Hillman,Husky,Husky Series III (Audax),hillman-husky-husky-series-iii-audax,631,PLACEHOLDER
vehiculos/wagon/hillman-super-minx-super-minx-estate.jpg,vehiculos/wagon,Wagon,Hillman,Super Minx,Super Minx Estate,hillman-super-minx-super-minx-estate,631,PLACEHOLDER
vehiculos/wagon/honda-accord-accord-wagon-5-gen-ce.jpg,vehiculos/wagon,Wagon,Honda,Accord,Accord Wagon 5ª gen (CE),honda-accord-accord-wagon-5-gen-ce,631,PLACEHOLDER
vehiculos/wagon/honda-accord-aerodeck-aerodeck-3-gen-ca.jpg,vehiculos/wagon,Wagon,Honda,Accord Aerodeck,Aerodeck 3ª gen (CA),honda-accord-aerodeck-aerodeck-3-gen-ca,631,PLACEHOLDER
vehiculos/wagon/honda-civic-shuttle-civic-shuttle-3-gen-ar.jpg,vehiculos/wagon,Wagon,Honda,Civic Shuttle,Civic Shuttle 3ª gen (AR),honda-civic-shuttle-civic-shuttle-3-gen-ar,631,PLACEHOLDER
vehiculos/wagon/humber-sceptre-sceptre-mk-iii-estate.jpg,vehiculos/wagon,Wagon,Humber,Sceptre,Sceptre Mk III Estate,humber-sceptre-sceptre-mk-iii-estate,631,PLACEHOLDER
vehiculos/wagon/innocenti-a40-a40-combinata.jpg,vehiculos/wagon,Wagon,Innocenti,A40,A40 (Combinata),innocenti-a40-a40-combinata,631,PLACEHOLDER
vehiculos/wagon/innocenti-a40-a40-s-combinata.jpg,vehiculos/wagon,Wagon,Innocenti,A40,A40 S (Combinata),innocenti-a40-a40-s-combinata,631,PLACEHOLDER
vehiculos/wagon/innocenti-elba-elba-fiat-duna-weekend.jpg,vehiculos/wagon,Wagon,Innocenti,Elba,Elba (Fiat Duna Weekend),innocenti-elba-elba-fiat-duna-weekend,631,PLACEHOLDER
vehiculos/wagon/innocenti-elba-elba-serie-1-fiat-duna-weekend.jpg,vehiculos/wagon,Wagon,Innocenti,Elba,Elba Serie 1 (Fiat Duna Weekend),innocenti-elba-elba-serie-1-fiat-duna-weekend,631,PLACEHOLDER
vehiculos/wagon/innocenti-elba-elba-serie-2-fiat-duna-weekend.jpg,vehiculos/wagon,Wagon,Innocenti,Elba,Elba Serie 2 (Fiat Duna Weekend),innocenti-elba-elba-serie-2-fiat-duna-weekend,631,PLACEHOLDER
vehiculos/wagon/intermeccanica-murena-429-gt-murena-429-gt.jpg,vehiculos/wagon,Wagon,Intermeccanica,Murena 429 GT,Murena 429 GT,intermeccanica-murena-429-gt-murena-429-gt,631,PLACEHOLDER
vehiculos/wagon/jeep-station-wagon-willys-jeep-station-wagon.jpg,vehiculos/wagon,Wagon,Jeep,Station Wagon,Willys Jeep Station Wagon,jeep-station-wagon-willys-jeep-station-wagon,631,PLACEHOLDER
vehiculos/wagon/kia-pride-pride-wagon-da.jpg,vehiculos/wagon,Wagon,Kia,Pride,Pride Wagon (DA),kia-pride-pride-wagon-da,631,PLACEHOLDER
vehiculos/wagon/lada-2102-vaz-2102-lada-1200-combi.jpg,vehiculos/wagon,Wagon,Lada,2102,VAZ-2102 (Lada 1200 Combi),lada-2102-vaz-2102-lada-1200-combi,631,PLACEHOLDER
vehiculos/wagon/lancia-beta-beta-hpe.jpg,vehiculos/wagon,Wagon,Lancia,Beta,Beta HPE,lancia-beta-beta-hpe,631,PLACEHOLDER
vehiculos/wagon/lancia-dedra-dedra-station-wagon.jpg,vehiculos/wagon,Wagon,Lancia,Dedra,Dedra Station Wagon,lancia-dedra-dedra-station-wagon,631,PLACEHOLDER
vehiculos/wagon/lancia-kappa-kappa-station-wagon.jpg,vehiculos/wagon,Wagon,Lancia,Kappa,Kappa Station Wagon,lancia-kappa-kappa-station-wagon,631,PLACEHOLDER
vehiculos/wagon/lancia-thema-thema-station-wagon.jpg,vehiculos/wagon,Wagon,Lancia,Thema,Thema Station Wagon,lancia-thema-thema-station-wagon,631,PLACEHOLDER
vehiculos/wagon/lea-francis-14-14hp-estate.jpg,vehiculos/wagon,Wagon,Lea-Francis,14,14hp Estate,lea-francis-14-14hp-estate,631,PLACEHOLDER
vehiculos/wagon/lloyd-lloyd-300-ls-300.jpg,vehiculos/wagon,Wagon,Lloyd,Lloyd 300,LS 300,lloyd-lloyd-300-ls-300,631,PLACEHOLDER
vehiculos/wagon/lloyd-lloyd-400-ls-400.jpg,vehiculos/wagon,Wagon,Lloyd,Lloyd 400,LS 400,lloyd-lloyd-400-ls-400,631,PLACEHOLDER
vehiculos/wagon/lloyd-lloyd-600-ls-600.jpg,vehiculos/wagon,Wagon,Lloyd,Lloyd 600,LS 600,lloyd-lloyd-600-ls-600,631,PLACEHOLDER
vehiculos/wagon/mercedes-benz-e-class-estate-t-w123-s123.jpg,vehiculos/wagon,Wagon,Mercedes-Benz,E-Class Estate (T),W123 (S123),mercedes-benz-e-class-estate-t-w123-s123,631,PLACEHOLDER
vehiculos/wagon/mercedes-benz-e-class-estate-w124-s124.jpg,vehiculos/wagon,Wagon,Mercedes-Benz,E-Class Estate,W124 (S124),mercedes-benz-e-class-estate-w124-s124,631,PLACEHOLDER
vehiculos/wagon/mercury-colony-park-full-size-wagon.jpg,vehiculos/wagon,Wagon,Mercury,Colony Park,Full-size wagon,mercury-colony-park-full-size-wagon,631,PLACEHOLDER
vehiculos/wagon/mini-mini-clubman-estate-clubman-estate.jpg,vehiculos/wagon,Wagon,Mini,Mini Clubman Estate,Clubman Estate,mini-mini-clubman-estate-clubman-estate,631,PLACEHOLDER
vehiculos/wagon/mini-mini-countryman-traveller-estate-mk-i-ii.jpg,vehiculos/wagon,Wagon,Mini,Mini Countryman / Traveller,Estate Mk I-II,mini-mini-countryman-traveller-estate-mk-i-ii,631,PLACEHOLDER
vehiculos/wagon/moskvich-2137-2137.jpg,vehiculos/wagon,Wagon,Moskvich,2137,2137,moskvich-2137-2137,631,PLACEHOLDER
vehiculos/wagon/moskvich-411-411-4x4.jpg,vehiculos/wagon,Wagon,Moskvich,411,411 4x4,moskvich-411-411-4x4,631,PLACEHOLDER
vehiculos/wagon/moskvich-423-423n.jpg,vehiculos/wagon,Wagon,Moskvich,423,423N,moskvich-423-423n,631,PLACEHOLDER
vehiculos/wagon/moskvich-426-426.jpg,vehiculos/wagon,Wagon,Moskvich,426,426,moskvich-426-426,631,PLACEHOLDER
vehiculos/wagon/moskvich-427-427.jpg,vehiculos/wagon,Wagon,Moskvich,427,427,moskvich-427-427,631,PLACEHOLDER
vehiculos/wagon/nash-rambler-rambler-cross-country-1953-1955.jpg,vehiculos/wagon,Wagon,Nash,Rambler,Rambler Cross Country (1953-1955),nash-rambler-rambler-cross-country-1953-1955,631,PLACEHOLDER
vehiculos/wagon/nash-rambler-rambler-suburban-wagon-1950-1952.jpg,vehiculos/wagon,Wagon,Nash,Rambler,Rambler Suburban Wagon (1950-1952),nash-rambler-rambler-suburban-wagon-1950-1952,631,PLACEHOLDER
vehiculos/wagon/nissan-primera-p10-1-gen.jpg,vehiculos/wagon,Wagon,Nissan,Primera,P10 (1ª gen),nissan-primera-p10-1-gen,631,PLACEHOLDER
vehiculos/wagon/oldsmobile-custom-cruiser-custom-cruiser-1a-gen.jpg,vehiculos/wagon,Wagon,Oldsmobile,Custom Cruiser,Custom Cruiser 1a gen,oldsmobile-custom-cruiser-custom-cruiser-1a-gen,631,PLACEHOLDER
vehiculos/wagon/oldsmobile-custom-cruiser-custom-cruiser-2a-gen.jpg,vehiculos/wagon,Wagon,Oldsmobile,Custom Cruiser,Custom Cruiser 2a gen,oldsmobile-custom-cruiser-custom-cruiser-2a-gen,631,PLACEHOLDER
vehiculos/wagon/oldsmobile-custom-cruiser-custom-cruiser-3a-gen.jpg,vehiculos/wagon,Wagon,Oldsmobile,Custom Cruiser,Custom Cruiser 3a gen,oldsmobile-custom-cruiser-custom-cruiser-3a-gen,631,PLACEHOLDER
vehiculos/wagon/oldsmobile-cutlass-cruiser-cutlass-cruiser-a-body.jpg,vehiculos/wagon,Wagon,Oldsmobile,Cutlass Cruiser,Cutlass Cruiser (A-body),oldsmobile-cutlass-cruiser-cutlass-cruiser-a-body,631,PLACEHOLDER
vehiculos/wagon/oldsmobile-firenza-firenza-cruiser-j-body.jpg,vehiculos/wagon,Wagon,Oldsmobile,Firenza,Firenza Cruiser (J-body),oldsmobile-firenza-firenza-cruiser-j-body,631,PLACEHOLDER
vehiculos/wagon/oldsmobile-vista-cruiser-vista-cruiser-1a-gen.jpg,vehiculos/wagon,Wagon,Oldsmobile,Vista Cruiser,Vista Cruiser 1a gen,oldsmobile-vista-cruiser-vista-cruiser-1a-gen,631,PLACEHOLDER
vehiculos/wagon/oldsmobile-vista-cruiser-vista-cruiser-2a-gen.jpg,vehiculos/wagon,Wagon,Oldsmobile,Vista Cruiser,Vista Cruiser 2a gen,oldsmobile-vista-cruiser-vista-cruiser-2a-gen,631,PLACEHOLDER
vehiculos/wagon/oldsmobile-vista-cruiser-vista-cruiser-3a-gen.jpg,vehiculos/wagon,Wagon,Oldsmobile,Vista Cruiser,Vista Cruiser 3a gen,oldsmobile-vista-cruiser-vista-cruiser-3a-gen,631,PLACEHOLDER
vehiculos/wagon/panhard-pl-17-pl-17-break.jpg,vehiculos/wagon,Wagon,Panhard,PL 17,PL 17 Break,panhard-pl-17-pl-17-break,631,PLACEHOLDER
vehiculos/wagon/peugeot-204-204.jpg,vehiculos/wagon,Wagon,Peugeot,204,204,peugeot-204-204,631,PLACEHOLDER
vehiculos/wagon/peugeot-305-305-break.jpg,vehiculos/wagon,Wagon,Peugeot,305,305 Break,peugeot-305-305-break,631,PLACEHOLDER
vehiculos/wagon/peugeot-405-405-break.jpg,vehiculos/wagon,Wagon,Peugeot,405,405 Break,peugeot-405-405-break,631,PLACEHOLDER
vehiculos/wagon/peugeot-505-505-break.jpg,vehiculos/wagon,Wagon,Peugeot,505,505 Break,peugeot-505-505-break,631,PLACEHOLDER
vehiculos/wagon/plymouth-colt-vista-colt-vista-1a-gen-1984-1991.jpg,vehiculos/wagon,Wagon,Plymouth,Colt Vista,Colt Vista 1a gen (1984-1991),plymouth-colt-vista-colt-vista-1a-gen-1984-1991,631,PLACEHOLDER
vehiculos/wagon/plymouth-colt-vista-colt-vista-2a-gen-1992-1994.jpg,vehiculos/wagon,Wagon,Plymouth,Colt Vista,Colt Vista 2a gen (1992-1994),plymouth-colt-vista-colt-vista-2a-gen-1992-1994,631,PLACEHOLDER
vehiculos/wagon/plymouth-reliant-reliant-k-wagon-1981-1988.jpg,vehiculos/wagon,Wagon,Plymouth,Reliant,Reliant K Wagon (1981-1988),plymouth-reliant-reliant-k-wagon-1981-1988,631,PLACEHOLDER
vehiculos/wagon/plymouth-suburban-suburban-1954-1956.jpg,vehiculos/wagon,Wagon,Plymouth,Suburban,Suburban (1954-1956),plymouth-suburban-suburban-1954-1956,631,PLACEHOLDER
vehiculos/wagon/plymouth-suburban-suburban-1957-1961.jpg,vehiculos/wagon,Wagon,Plymouth,Suburban,Suburban (1957-1961),plymouth-suburban-suburban-1957-1961,631,PLACEHOLDER
vehiculos/wagon/plymouth-suburban-suburban-p17-p25.jpg,vehiculos/wagon,Wagon,Plymouth,Suburban,Suburban (P17-P25),plymouth-suburban-suburban-p17-p25,631,PLACEHOLDER
vehiculos/wagon/plymouth-volare-volare-1976-1980-f-body.jpg,vehiculos/wagon,Wagon,Plymouth,Volare,Volare (1976-1980) F-body,plymouth-volare-volare-1976-1980-f-body,631,PLACEHOLDER
vehiculos/wagon/polski-fiat-125p-125p-kombi.jpg,vehiculos/wagon,Wagon,Polski Fiat,125p,125p Kombi,polski-fiat-125p-125p-kombi,631,PLACEHOLDER
vehiculos/wagon/prince-gloria-wagon-w40-2a-gen.jpg,vehiculos/wagon,Wagon,Prince,Gloria Wagon,W40 (2a gen),prince-gloria-wagon-w40-2a-gen,631,PLACEHOLDER
vehiculos/wagon/puch-700-puch-700-c-combi.jpg,vehiculos/wagon,Wagon,Puch,700,Puch 700 C (Combi),puch-700-puch-700-c-combi,631,PLACEHOLDER
vehiculos/wagon/puch-700-puch-700-e-combi.jpg,vehiculos/wagon,Wagon,Puch,700,Puch 700 E (Combi),puch-700-puch-700-e-combi,631,PLACEHOLDER
vehiculos/wagon/rambler-ambassador-1-gen-1958-1959.jpg,vehiculos/wagon,Wagon,Rambler,Ambassador,1ª gen (1958-1959),rambler-ambassador-1-gen-1958-1959,631,PLACEHOLDER
vehiculos/wagon/rambler-ambassador-2-gen-1960-1961.jpg,vehiculos/wagon,Wagon,Rambler,Ambassador,2ª gen (1960-1961),rambler-ambassador-2-gen-1960-1961,631,PLACEHOLDER
vehiculos/wagon/rambler-ambassador-5-gen-1965-ultimo-con-badge-rambler.jpg,vehiculos/wagon,Wagon,Rambler,Ambassador,"5ª gen (1965, ultimo con badge Rambler)",rambler-ambassador-5-gen-1965-ultimo-con-badge-rambler,631,PLACEHOLDER
vehiculos/wagon/rambler-american-1-gen-1958-1960.jpg,vehiculos/wagon,Wagon,Rambler,American,1ª gen (1958-1960),rambler-american-1-gen-1958-1960,631,PLACEHOLDER
vehiculos/wagon/rambler-american-2-gen-1961-1963.jpg,vehiculos/wagon,Wagon,Rambler,American,2ª gen (1961-1963),rambler-american-2-gen-1961-1963,631,PLACEHOLDER
vehiculos/wagon/rambler-american-3-gen-1964-1969.jpg,vehiculos/wagon,Wagon,Rambler,American,3ª gen (1964-1969),rambler-american-3-gen-1964-1969,631,PLACEHOLDER
vehiculos/wagon/rambler-rambler-nash-rambler-1-gen.jpg,vehiculos/wagon,Wagon,Rambler,Rambler,Nash Rambler (1ª gen),rambler-rambler-nash-rambler-1-gen,631,PLACEHOLDER
vehiculos/wagon/rambler-rambler-v8-serie-1957-1960.jpg,vehiculos/wagon,Wagon,Rambler,Rambler V8,Serie 1957-1960,rambler-rambler-v8-serie-1957-1960,631,PLACEHOLDER
vehiculos/wagon/rambler-rebel-rambler-rebel-1967.jpg,vehiculos/wagon,Wagon,Rambler,Rebel,Rambler Rebel (1967),rambler-rebel-rambler-rebel-1967,631,PLACEHOLDER
vehiculos/wagon/reliant-kitten-kitten-estate.jpg,vehiculos/wagon,Wagon,Reliant,Kitten,Kitten Estate,reliant-kitten-kitten-estate,631,PLACEHOLDER
vehiculos/wagon/reliant-rebel-rebel-estate.jpg,vehiculos/wagon,Wagon,Reliant,Rebel,Rebel Estate,reliant-rebel-rebel-estate,631,PLACEHOLDER
vehiculos/wagon/reliant-scimitar-gte-se5.jpg,vehiculos/wagon,Wagon,Reliant,Scimitar GTE,SE5,reliant-scimitar-gte-se5,631,PLACEHOLDER
vehiculos/wagon/reliant-scimitar-gte-se5a.jpg,vehiculos/wagon,Wagon,Reliant,Scimitar GTE,SE5a,reliant-scimitar-gte-se5a,631,PLACEHOLDER
vehiculos/wagon/reliant-scimitar-gte-se6.jpg,vehiculos/wagon,Wagon,Reliant,Scimitar GTE,SE6,reliant-scimitar-gte-se6,631,PLACEHOLDER
vehiculos/wagon/reliant-scimitar-gte-se6a.jpg,vehiculos/wagon,Wagon,Reliant,Scimitar GTE,SE6a,reliant-scimitar-gte-se6a,631,PLACEHOLDER
vehiculos/wagon/reliant-scimitar-gte-se6b.jpg,vehiculos/wagon,Wagon,Reliant,Scimitar GTE,SE6b,reliant-scimitar-gte-se6b,631,PLACEHOLDER
vehiculos/wagon/renault-18-r18-break-diesel.jpg,vehiculos/wagon,Wagon,Renault,18,R18 Break Diesel,renault-18-r18-break-diesel,631,PLACEHOLDER
vehiculos/wagon/renault-21-r21-nevada-diesel.jpg,vehiculos/wagon,Wagon,Renault,21,R21 Nevada Diesel,renault-21-r21-nevada-diesel,631,PLACEHOLDER
vehiculos/wagon/rosengart-ariette-ariette-break.jpg,vehiculos/wagon,Wagon,Rosengart,Ariette,Ariette Break,rosengart-ariette-ariette-break,631,PLACEHOLDER
vehiculos/wagon/saab-95-95-2-tiempos.jpg,vehiculos/wagon,Wagon,Saab,95,95 (2-tiempos),saab-95-95-2-tiempos,631,PLACEHOLDER
vehiculos/wagon/saab-95-95-v4.jpg,vehiculos/wagon,Wagon,Saab,95,95 V4,saab-95-95-v4,631,PLACEHOLDER
vehiculos/wagon/saturn-sw-s-series-1st-gen.jpg,vehiculos/wagon,Wagon,Saturn,SW,S-Series 1st Gen,saturn-sw-s-series-1st-gen,631,PLACEHOLDER
vehiculos/wagon/saturn-sw-s-series-2nd-gen.jpg,vehiculos/wagon,Wagon,Saturn,SW,S-Series 2nd Gen,saturn-sw-s-series-2nd-gen,631,PLACEHOLDER
vehiculos/wagon/simca-simca-1100-simca-1100.jpg,vehiculos/wagon,Wagon,Simca,Simca 1100,Simca 1100,simca-simca-1100-simca-1100,631,PLACEHOLDER
vehiculos/wagon/simca-simca-1300-1300-1a-serie.jpg,vehiculos/wagon,Wagon,Simca,Simca 1300,1300 (1a serie),simca-simca-1300-1300-1a-serie,631,PLACEHOLDER
vehiculos/wagon/simca-simca-1301-1301-2a-serie.jpg,vehiculos/wagon,Wagon,Simca,Simca 1301,1301 (2a serie),simca-simca-1301-1301-2a-serie,631,PLACEHOLDER
vehiculos/wagon/simca-simca-1500-1500-1a-serie.jpg,vehiculos/wagon,Wagon,Simca,Simca 1500,1500 (1a serie),simca-simca-1500-1500-1a-serie,631,PLACEHOLDER
vehiculos/wagon/simca-simca-1501-1501-2a-serie.jpg,vehiculos/wagon,Wagon,Simca,Simca 1501,1501 (2a serie),simca-simca-1501-1501-2a-serie,631,PLACEHOLDER
vehiculos/wagon/simca-vedette-brasil-jangada.jpg,vehiculos/wagon,Wagon,Simca,Vedette,Brasil Jangada,simca-vedette-brasil-jangada,631,PLACEHOLDER
vehiculos/wagon/simca-vedette-marly.jpg,vehiculos/wagon,Wagon,Simca,Vedette,Marly,simca-vedette-marly,631,PLACEHOLDER
vehiculos/wagon/singer-vogue-new-vogue-estate.jpg,vehiculos/wagon,Wagon,Singer,Vogue,New Vogue Estate,singer-vogue-new-vogue-estate,631,PLACEHOLDER
vehiculos/wagon/skoda-1202-1202.jpg,vehiculos/wagon,Wagon,Skoda,1202,1202,skoda-1202-1202,631,PLACEHOLDER
vehiculos/wagon/skoda-forman-forman-type-785.jpg,vehiculos/wagon,Wagon,Skoda,Forman,Forman (Type 785),skoda-forman-forman-type-785,631,PLACEHOLDER
vehiculos/wagon/skoda-octavia-combi-octavia-combi-1961.jpg,vehiculos/wagon,Wagon,Skoda,Octavia Combi,Octavia Combi (1961),skoda-octavia-combi-octavia-combi-1961,631,PLACEHOLDER
vehiculos/wagon/standard-companion-ten-postguerra.jpg,vehiculos/wagon,Wagon,Standard,Companion,Ten (postguerra),standard-companion-ten-postguerra,631,PLACEHOLDER
vehiculos/wagon/studebaker-wagonaire-wagonaire-1963-1966.jpg,vehiculos/wagon,Wagon,Studebaker,Wagonaire,Wagonaire (1963-1966),studebaker-wagonaire-wagonaire-1963-1966,631,PLACEHOLDER
vehiculos/wagon/subaru-legacy-legacy-2-gen-bd-bg.jpg,vehiculos/wagon,Wagon,Subaru,Legacy,Legacy 2ª gen (BD/BG),subaru-legacy-legacy-2-gen-bd-bg,631,PLACEHOLDER
vehiculos/wagon/subaru-legacy-legacy-2-gen-bg.jpg,vehiculos/wagon,Wagon,Subaru,Legacy,Legacy 2ª gen (BG),subaru-legacy-legacy-2-gen-bg,631,PLACEHOLDER
vehiculos/wagon/talbot-avenger-avenger-estate.jpg,vehiculos/wagon,Wagon,Talbot,Avenger,Avenger Estate,talbot-avenger-avenger-estate,631,PLACEHOLDER
vehiculos/wagon/tata-estate-estate.jpg,vehiculos/wagon,Wagon,Tata,Estate,Estate,tata-estate-estate,631,PLACEHOLDER
vehiculos/wagon/volga-gaz-22-gaz-22-base-gaz-21.jpg,vehiculos/wagon,Wagon,Volga,GAZ-22,GAZ-22 (base GAZ-21),volga-gaz-22-gaz-22-base-gaz-21,631,PLACEHOLDER
vehiculos/wagon/volga-gaz-24-gaz-24-02.jpg,vehiculos/wagon,Wagon,Volga,GAZ-24,GAZ-24-02,volga-gaz-24-gaz-24-02,631,PLACEHOLDER
vehiculos/wagon/volga-gaz-24-gaz-24-12.jpg,vehiculos/wagon,Wagon,Volga,GAZ-24,GAZ-24-12,volga-gaz-24-gaz-24-12,631,PLACEHOLDER
vehiculos/wagon/volkswagen-1600-variant-type-3-type-3-variant.jpg,vehiculos/wagon,Wagon,Volkswagen,1600 Variant (Type 3),Type 3 Variant,volkswagen-1600-variant-type-3-type-3-variant,631,PLACEHOLDER
vehiculos/wagon/volkswagen-golf-golf-mk3-variant.jpg,vehiculos/wagon,Wagon,Volkswagen,Golf,Golf Mk3 Variant,volkswagen-golf-golf-mk3-variant,631,PLACEHOLDER
vehiculos/wagon/volkswagen-passat-passat-b4-variant.jpg,vehiculos/wagon,Wagon,Volkswagen,Passat,Passat B4 Variant,volkswagen-passat-passat-b4-variant,631,PLACEHOLDER
vehiculos/wagon/volvo-140-series-145.jpg,vehiculos/wagon,Wagon,Volvo,140 Series,145,volvo-140-series-145,631,PLACEHOLDER
vehiculos/wagon/volvo-240-245-200-series.jpg,vehiculos/wagon,Wagon,Volvo,240,245 (200 Series),volvo-240-245-200-series,631,PLACEHOLDER
vehiculos/wagon/volvo-740-745-diesel.jpg,vehiculos/wagon,Wagon,Volvo,740,745 Diesel,volvo-740-745-diesel,631,PLACEHOLDER
vehiculos/wagon/volvo-850-850-estate.jpg,vehiculos/wagon,Wagon,Volvo,850,850 Estate,volvo-850-850-estate,631,PLACEHOLDER
vehiculos/wagon/volvo-940-900-series-diesel.jpg,vehiculos/wagon,Wagon,Volvo,940,900 Series Diesel,volvo-940-900-series-diesel,631,PLACEHOLDER
vehiculos/wagon/volvo-amazon-220-p220.jpg,vehiculos/wagon,Wagon,Volvo,Amazon,220 (P220),volvo-amazon-220-p220,631,PLACEHOLDER
vehiculos/wagon/volvo-duett-p210.jpg,vehiculos/wagon,Wagon,Volvo,Duett,P210,volvo-duett-p210,631,PLACEHOLDER
vehiculos/wagon/volvo-p1800-1800es.jpg,vehiculos/wagon,Wagon,Volvo,P1800,1800ES,volvo-p1800-1800es,631,PLACEHOLDER
vehiculos/wagon/volvo-v70-v70-gen-1.jpg,vehiculos/wagon,Wagon,Volvo,V70,V70 (gen 1),volvo-v70-v70-gen-1,631,PLACEHOLDER
vehiculos/wagon/volvo-v90-960-90-series.jpg,vehiculos/wagon,Wagon,Volvo,V90,960/90 Series,volvo-v90-960-90-series,631,PLACEHOLDER
vehiculos/wagon/warszawa-warszawa-203-k.jpg,vehiculos/wagon,Wagon,Warszawa,Warszawa,203-K,warszawa-warszawa-203-k,631,PLACEHOLDER
vehiculos/wagon/warszawa-warszawa-204-k.jpg,vehiculos/wagon,Wagon,Warszawa,Warszawa,204-K,warszawa-warszawa-204-k,631,PLACEHOLDER
vehiculos/wagon/warszawa-warszawa-223-k.jpg,vehiculos/wagon,Wagon,Warszawa,Warszawa,223-K,warszawa-warszawa-223-k,631,PLACEHOLDER
vehiculos/wagon/warszawa-warszawa-224-k.jpg,vehiculos/wagon,Wagon,Warszawa,Warszawa,224-K,warszawa-warszawa-224-k,631,PLACEHOLDER
vehiculos/wagon/willys-jeep-station-wagon-station-wagon-463-663.jpg,vehiculos/wagon,Wagon,Willys,Jeep Station Wagon,Station Wagon (463/663),willys-jeep-station-wagon-station-wagon-463-663,631,PLACEHOLDER
vehiculos/wagon/willys-jeep-station-wagon-station-wagon-473-475-6-226.jpg,vehiculos/wagon,Wagon,Willys,Jeep Station Wagon,Station Wagon (473/475/6-226),willys-jeep-station-wagon-station-wagon-473-475-6-226,631,PLACEHOLDER
vehiculos/wagon/willys-jeep-station-wagon-station-wagon-6-226.jpg,vehiculos/wagon,Wagon,Willys,Jeep Station Wagon,Station Wagon (6-226),willys-jeep-station-wagon-station-wagon-6-226,631,PLACEHOLDER
vehiculos/wagon/willys-jeep-station-wagon-station-wagon-6-230.jpg,vehiculos/wagon,Wagon,Willys,Jeep Station Wagon,Station Wagon (6-230),willys-jeep-station-wagon-station-wagon-6-230,631,PLACEHOLDER
vehiculos/wagon/willys-jeep-station-wagon-station-wagon-685.jpg,vehiculos/wagon,Wagon,Willys,Jeep Station Wagon,Station Wagon (685),willys-jeep-station-wagon-station-wagon-685,631,PLACEHOLDER
vehiculos/wagon/zastava-1300-familijar-zastava-1300-familijar.jpg,vehiculos/wagon,Wagon,Zastava,1300 Familijar,Zastava 1300 Familijar,zastava-1300-familijar-zastava-1300-familijar,631,PLACEHOLDER
vehiculos/wagon/zaz-dana-zaz-1105-dana.jpg,vehiculos/wagon,Wagon,ZAZ,Dana,ZAZ-1105 Dana,zaz-dana-zaz-1105-dana,631,PLACEHOLDER
