DE_Automobilsysteme	ES_Sistemas automotrices	EN_automotive systems	Image_automotive system	DE_Groups	ES_Groups	EN_Groups	Image_Group2	DE_Category	ES_Category	EN_Category	DE_Element	ES_Element	EN_Element	Image_Elemnt
Bremsen	Frenos	Brakes	Frenos__.jpg	Bremsen	Frenos	Brakes	Frenos_Frenos_.jpg	Bremsbeläge und zugehörige Bauteile	Pastillas de freno y componentes	Brake pads and related parts	Bremsbeläge	Pastillas de freno	Brake pads	Frenos_Frenos_Pastillas de freno.jpg
Bremsen	Frenos	Brakes	Frenos__.jpg	Bremsen	Frenos	Brakes	Frenos_Frenos_.jpg	Bremsbeläge und zugehörige Bauteile	Pastillas de freno y componentes	Brake pads and related parts	Bremsverschleißanzeige	Indicador de desgaste de frenos	Brake wear indicator	Frenos_Frenos_Indicador de desgaste de frenos.jpg
Bremsen	Frenos	Brakes	Frenos__.jpg	Bremsen	Frenos	Brakes	Frenos_Frenos_.jpg	Bremsbeläge und zugehörige Bauteile	Pastillas de freno y componentes	Zubehörsatz, Scheibenbremsbelag	"Kit de accesorios para pastillas de freno de disco,"""	Accessory kit, disc brake pad		Frenos_Frenos_Accessory kit, disc brake pad.jpg
Bremsen	Frenos	Brakes	Frenos__.jpg	Bremsen	Frenos	Brakes	Frenos_Frenos_.jpg	Bremsscheiben und zugehörige Bauteile	Discos de freno y componentes	Brake discs and related parts	Bremsscheiben	Discos de freno	Brake discs	Frenos_Frenos_Discos de freno.jpg
Bremsen	Frenos	Brakes	Frenos__.jpg	Bremsen	Frenos	Brakes	Frenos_Frenos_.jpg	Bremsscheiben und zugehörige Bauteile	Discos de freno y componentes	Brake discs and related parts	Bremsscheiben und -beläge	Discos y pastillas de freno	Brake discs and pads	Frenos_Frenos_Discos y pastillas de freno.jpg
Bremsen	Frenos	Brakes	Frenos__.jpg	Bremsen	Frenos	Brakes	Frenos_Frenos_.jpg	Trommelbremsen und zugehörige Bauteile	Frenos de tambor y componentes	Drum brakes and related parts	Trommelbremse	Freno de tambor	Drum brake	Frenos_Frenos_Freno de tambor.jpg
Bremsen	Frenos	Brakes	Frenos__.jpg	Bremsen	Frenos	Brakes	Frenos_Frenos_.jpg	Trommelbremsen und zugehörige Bauteile	Frenos de tambor y componentes	Drum brakes and related parts	Bremsbacken	Zapatas de freno	Brake shoes	Frenos_Frenos_Zapatas de freno.jpg
Bremsen	Frenos	Brakes	Frenos__.jpg	Bremsen	Frenos	Brakes	Frenos_Frenos_.jpg	Trommelbremsen und zugehörige Bauteile	Frenos de tambor y componentes	Zubehörsatz, Bremsbacken	Kit de accesorios para zapatas de freno	Accessory kit, brake shoes		Frenos_Frenos_Accessory kit, brake shoes.jpg
Bremsen	Frenos	Brakes	Frenos__.jpg	Bremsen	Frenos	Brakes	Frenos_Frenos_.jpg	Trommelbremsen und zugehörige Bauteile	Frenos de tambor y componentes	Drum brakes and related parts	Bremstrommel	Tambor de freno	Brake drum	Frenos_Frenos_Tambor de freno.jpg
Bremsen	Frenos	Brakes	Frenos__.jpg	Bremsen	Frenos	Brakes	Frenos_Frenos_.jpg	Bremssattel und zugehörige Bauteile	Pinzas de freno y componentes	Brake calipers and related parts	Bremssattel	Pinza de freno	Brake caliper	Frenos_Frenos_Pinza de freno.jpg
Bremsen	Frenos	Brakes	Frenos__.jpg	Bremsen	Frenos	Brakes	Frenos_Frenos_.jpg	Bremssattel und zugehörige Bauteile	Pinzas de freno y componentes	Brake calipers and related parts	Bremssattel-Reparatursatz	Kit de reparación de pinza de freno	Brake caliper repair kit	Frenos_Frenos_Kit de reparación de pinza de freno.jpg
Bremsen	Frenos	Brakes	Frenos__.jpg	Bremsen	Frenos	Brakes	Frenos_Frenos_.jpg	Bremssattel und zugehörige Bauteile	Pinzas de freno y componentes	Brake calipers and related parts	Kolben, Bremssattel	Pistón de pinza de freno	Brake caliper piston	Frenos_Frenos_Pistón de pinza de freno.jpg
Bremsen	Frenos	Brakes	Frenos__.jpg	Bremsen	Frenos	Brakes	Frenos_Frenos_.jpg	Handbremsen und zugehörige Bauteile	Frenos de mano y componentes	Handbrakes and related parts	Handbremse	Freno de mano	Handbrake	Frenos_Frenos_Freno de mano.jpg
Bremsen	Frenos	Brakes	Frenos__.jpg	Bremsen	Frenos	Brakes	Frenos_Frenos_.jpg	Handbremsen und zugehörige Bauteile	Frenos de mano y componentes	Handbrakes and related parts	Handbremsseil	Cable de freno de mano	Handbrake cable	Frenos_Frenos_Cable de freno de mano.jpg
Bremsen	Frenos	Brakes	Frenos__.jpg	Bremsen	Frenos	Brakes	Frenos_Frenos_.jpg	Handbremsen und zugehörige Bauteile	Frenos de mano y componentes	Handbrakes and related parts	Handbremsbeläge	Pastillas de freno de mano	Handbrake pads	Frenos_Frenos_Pastillas de freno de mano.jpg
Bremsen	Frenos	Brakes	Frenos__.jpg	Reparatursätze	Kits de reparación	Repair kits	Frenos_Kits de reparación_.jpg	Bauteile der Bremsen	Componentes del sistema de frenos	Brake system components	Bremssattel-Reparatursatz	Kit de reparación de pinzas de freno	Brake caliper repair kit	Frenos_Kits de reparación_Kit de reparación de pinzas de freno.jpg
Bremsen	Frenos	Brakes	Frenos__.jpg	Reparatursätze	Kits de reparación	Repair kits	Frenos_Kits de reparación_.jpg	Bauteile der Bremsen	Componentes del sistema de frenos	Brake system components	Reparatursatz, Hauptbremszylinder	Kit de reparación de cilindro maestro de freno	Master brake cylinder repair kit	Frenos_Kits de reparación_Kit de reparación de cilindro maestro de freno.jpg
Bremsen	Frenos	Brakes	Frenos__.jpg	Reparatursätze	Kits de reparación	Repair kits	Frenos_Kits de reparación_.jpg	Bauteile der Bremsen	Componentes del sistema de frenos	Brake system components	"Reparatursatz, Radbremszylinder"","	Kit de reparación de cilindro de freno de rueda	Wheel brake cylinder repair kit	Frenos_Kits de reparación_Kit de reparación de cilindro de freno de rueda.jpg
Bremsen	Frenos	Brakes	Frenos__.jpg	Rohre und Schläuche	Tuberías y mangueras	Pipes and hoses	Frenos_Tuberías y mangueras_.jpg	Bauteile der Bremsen	Componentes del sistema de frenos	Brake system components	Bremsschlauch	Manguera de freno	Brake hose	Frenos_Tuberías y mangueras_Manguera de freno.jpg
Elektrik	Electricidad	Electrics	Electricidad__.jpg	Elektrik	Electricidad	Electrical system	Electricidad_Electricidad_.jpg	Bauteile des Start- und Ladesystems	Componentes del sistema de arranque y carga	Starting and charging system components	Lichtmaschine	Alternador	Alternator	Electricidad_Electricidad_Alternador.jpg
Elektrik	Electricidad	Electrics	Electricidad__.jpg	Elektrik	Electricidad	Electrical system	Electricidad_Electricidad_.jpg	Bauteile des Start- und Ladesystems	Componentes del sistema de arranque y carga	Starting and charging system components	Anlasser	Motor de arranque	Starter motor	Electricidad_Electricidad_Motor de arranque.jpg
Elektrik	Electricidad	Electrics	Electricidad__.jpg	Elektrik	Electricidad	Electrical system	Electricidad_Electricidad_.jpg	Bauteile des Start- und Ladesystems	Componentes del sistema de arranque y carga	Starting and charging system components	Batterie	Batería	Battery	Electricidad_Electricidad_Batería.jpg
Elektrik	Electricidad	Electrics	Electricidad__.jpg	Elektrik	Electricidad	Electrical system	Electricidad_Electricidad_.jpg	Bauteile des Start- und Ladesystems	Componentes del sistema de arranque y carga	Starting and charging system components	Lichtmaschinenregler	Regulador del alternador	Alternator regulator	Electricidad_Electricidad_Regulador del alternador.jpg
Elektrik	Electricidad	Electrics	Electricidad__.jpg	Elektrik	Electricidad	Electrical system	Electricidad_Electricidad_.jpg	Glühlampen	Lámparas	Bulbs	Abblendlicht-Glühlampe	Lámpara de luz de cruce	Low beam bulb	Electricidad_Electricidad_Lámpara de luz de cruce.jpg
Elektrik	Electricidad	Electrics	Electricidad__.jpg	Elektrik	Electricidad	Electrical system	Electricidad_Electricidad_.jpg	Glühlampen	Lámparas	Bulbs	Fernlicht-Birne	Lámpara de luz alta	High beam bulb	Electricidad_Electricidad_Lámpara de luz alta.jpg
Elektrik	Electricidad	Electrics	Electricidad__.jpg	Elektrik	Electricidad	Electrical system	Electricidad_Electricidad_.jpg	Bauteile der Bremsen	Componentes del sistema de frenos	Brake system components	ABS Sensor	Sensor ABS	ABS sensor	Electricidad_Electricidad_Sensor ABS.jpg
Elektrik	Electricidad	Electrics	Electricidad__.jpg	Elektrik	Electricidad	Electrical system	Electricidad_Electricidad_.jpg	Bauteile der Beleuchtungs- und Signalanlage	Componentes del sistema de iluminación y señalización	Lighting and signaling system components	Rückleuchten	Pilotos traseros	Tail lights	Electricidad_Electricidad_Pilotos traseros.jpg
Elektrik	Electricidad	Electrics	Electricidad__.jpg	Elektrik	Electricidad	Electrical system	Electricidad_Electricidad_.jpg	Bauteile der Zündanlage	Componentes del sistema de encendido	Ignition system components	Multifunktionsrelais	Relé multifunción	Multifunction relay	Electricidad_Electricidad_Relé multifunción.jpg
Elektrik	Electricidad	Electrics	Electricidad__.jpg	Elektrik	Electricidad	Electrical system	Electricidad_Electricidad_.jpg	Bauteile der Kühlung	Componentes del sistema de refrigeración	Cooling system components	Kühlmitteltemperatursensor	Sensor de temperatura del refrigerante	Coolant temperature sensor	Electricidad_Electricidad_Sensor de temperatura del refrigerante.jpg
Elektrik	Electricidad	Electrics	Electricidad__.jpg	Elektrik	Electricidad	Electrical system	Electricidad_Electricidad_.jpg	Bauteile des Start- und Ladesystems	Componentes del sistema de arranque y carga	Starting and charging system components	Lichtmaschine	Alternador	Alternator	Electricidad_Electricidad_Alternador.jpg
Elektrik	Electricidad	Electrics	Electricidad__.jpg	Elektrik	Electricidad	Electrical system	Electricidad_Electricidad_.jpg	Bauteile des Start- und Ladesystems	Componentes del sistema de arranque y carga	Starting and charging system components	Anlasser	Motor de arranque	Starter motor	Electricidad_Electricidad_Motor de arranque.jpg
Elektrik	Electricidad	Electrics	Electricidad__.jpg	Elektrik	Electricidad	Electrical system	Electricidad_Electricidad_.jpg	Bauteile des Start- und Ladesystems	Componentes del sistema de arranque y carga	Starting and charging system components	Batterie	Batería	Battery	Electricidad_Electricidad_Batería.jpg
Elektrik	Electricidad	Electrics	Electricidad__.jpg	Elektrik	Electricidad	Electrical system	Electricidad_Electricidad_.jpg	Bauteile des Start- und Ladesystems	Componentes del sistema de arranque y carga	Starting and charging system components	Lichtmaschinenregler	Regulador del alternador	Alternator regulator	Electricidad_Electricidad_Regulador del alternador.jpg
Elektrik	Electricidad	Electrics	Electricidad__.jpg	Elektrik	Electricidad	Electrical system	Electricidad_Electricidad_.jpg	Glühlampen	Lámparas	Bulbs	Abblendlicht-Glühlampe	Lámpara de luz de cruce	Low beam bulb	Electricidad_Electricidad_Lámpara de luz de cruce.jpg
Elektrik	Electricidad	Electrics	Electricidad__.jpg	Elektrik	Electricidad	Electrical system	Electricidad_Electricidad_.jpg	Glühlampen	Lámparas	Bulbs	Fernlicht-Birne	Lámpara de luz alta	High beam bulb	Electricidad_Electricidad_Lámpara de luz alta.jpg
Elektrik	Electricidad	Electrics	Electricidad__.jpg	Elektrik	Electricidad	Electrical system	Electricidad_Electricidad_.jpg	Bauteile der Bremsen	Componentes del sistema de frenos	Brake system components	ABS Sensor	Sensor ABS	ABS sensor	Electricidad_Electricidad_Sensor ABS.jpg
Elektrik	Electricidad	Electrics	Electricidad__.jpg	Elektrik	Electricidad	Electrical system	Electricidad_Electricidad_.jpg	Bauteile der Beleuchtungs- und Signalanlage	Componentes del sistema de iluminación y señalización	Lighting and signaling system components	Rückleuchten	Pilotos traseros	Tail lights	Electricidad_Electricidad_Pilotos traseros.jpg
Elektrik	Electricidad	Electrics	Electricidad__.jpg	Elektrik	Electricidad	Electrical system	Electricidad_Electricidad_.jpg	Bauteile der Zündanlage	Componentes del sistema de encendido	Ignition system components	Multifunktionsrelais	Relé multifunción	Multifunction relay	Electricidad_Electricidad_Relé multifunción.jpg
Elektrik	Electricidad	Electrics	Electricidad__.jpg	Elektrik	Electricidad	Electrical system	Electricidad_Electricidad_.jpg	Bauteile der Kühlung	Componentes del sistema de refrigeración	Cooling system components	Kühlmitteltemperatursensor	Sensor de temperatura del refrigerante	Coolant temperature sensor	Electricidad_Electricidad_Sensor de temperatura del refrigerante.jpg
Elektrik	Electricidad	Electrics	Electricidad__.jpg	Elektrik	Electricidad	Electrical system	Electricidad_Electricidad_.jpg	Bauteile des Start- und Ladesystems	Componentes del sistema de arranque y carga	Starting and charging system components	Lichtmaschine, Ersatzteile	Repuestos de alternador	Alternator spare parts	Electricidad_Electricidad_Repuestos de alternador.jpg
Elektrik	Electricidad	Electrics	Electricidad__.jpg	Elektrik	Electricidad	Electrical system	Electricidad_Electricidad_.jpg	Bauteile des Start- und Ladesystems	Componentes del sistema de arranque y carga	Starting and charging system components	Freilauf Lichtmaschine	Rueda libre del alternador	Alternator freewheel	Electricidad_Electricidad_Rueda libre del alternador.jpg
Elektrik	Electricidad	Electrics	Electricidad__.jpg	Elektrik	Electricidad	Electrical system	Electricidad_Electricidad_.jpg	Bauteile des Start- und Ladesystems	Componentes del sistema de arranque y carga	Starting and charging system components	Anlasser-Kohlebürsten	Escobillas del motor de arranque	Starter motor brushes	Electricidad_Electricidad_Escobillas del motor de arranque.jpg
Elektrik	Electricidad	Electrics	Electricidad__.jpg	Elektrik	Electricidad	Electrical system	Electricidad_Electricidad_.jpg	Bauteile des Start- und Ladesystems	Componentes del sistema de arranque y carga	Starting and charging system components	Magnetschalter Anlasser	Solenoide del motor de arranque	Starter solenoid	Electricidad_Electricidad_Solenoide del motor de arranque.jpg
Elektrik	Electricidad	Electrics	Electricidad__.jpg	Elektrik	Electricidad	Electrical system	Electricidad_Electricidad_.jpg	Bauteile des Start- und Ladesystems	Componentes del sistema de arranque y carga	Starting and charging system components	Freilaufgetriebe, Starter	Engranaje libre de arranque	Starter freewheel gear	Electricidad_Electricidad_Engranaje libre de arranque.jpg
Elektrik	Electricidad	Electrics	Electricidad__.jpg	Elektrik	Electricidad	Electrical system	Electricidad_Electricidad_.jpg	Bauteile des Start- und Ladesystems	Componentes del sistema de arranque y carga	Starting and charging system components	Starter Einzelteile	Componentes individuales del motor de arranque	Starter individual parts	Electricidad_Electricidad_Componentes individuales del motor de arranque.jpg
Elektrik	Electricidad	Electrics	Electricidad__.jpg	Elektrik	Electricidad	Electrical system	Electricidad_Electricidad_.jpg	Glühlampen	Lámparas	Bulbs	Nebelscheinwerfer-Birne	Lámpara de faro antiniebla	Fog light bulb	Electricidad_Electricidad_Lámpara de faro antiniebla.jpg
Elektrik	Electricidad	Electrics	Electricidad__.jpg	Elektrik	Electricidad	Electrical system	Electricidad_Electricidad_.jpg	Glühlampen	Lámparas	Bulbs	Blinkerbirne	Lámpara de intermitente	Indicator bulb	Electricidad_Electricidad_Lámpara de intermitente.jpg
Elektrik	Electricidad	Electrics	Electricidad__.jpg	Elektrik	Electricidad	Electrical system	Electricidad_Electricidad_.jpg	Glühlampen	Lámparas	Bulbs	Kennzeichenleuchten Glühlampe	Lámpara de luz de matrícula	License plate light bulb	Electricidad_Electricidad_Lámpara de luz de matrícula.jpg
Elektrik	Electricidad	Electrics	Electricidad__.jpg	Elektrik	Electricidad	Electrical system	Electricidad_Electricidad_.jpg	Glühlampen	Lámparas	Bulbs	Bremslicht-Birne	Lámpara de luz de freno	Brake light bulb	Electricidad_Electricidad_Lámpara de luz de freno.jpg
Elektrik	Electricidad	Electrics	Electricidad__.jpg	Elektrik	Electricidad	Electrical system	Electricidad_Electricidad_.jpg	Glühlampen	Lámparas	Bulbs	Rückfahrleuchten Glühlampe	Lámpara de luz de marcha atrás	Reverse light bulb	Electricidad_Electricidad_Lámpara de luz de marcha atrás.jpg
Elektrik	Electricidad	Electrics	Electricidad__.jpg	Elektrik	Electricidad	Electrical system	Electricidad_Electricidad_.jpg	Bauteile der Bremsen	Componentes del sistema de frenos	Brake system components	Bremsverschleißanzeige	Indicador de desgaste de frenos	Brake wear sensor	Electricidad_Electricidad_Indicador de desgaste de frenos.jpg
Elektrik	Electricidad	Electrics	Electricidad__.jpg	Elektrik	Electricidad	Electrical system	Electricidad_Electricidad_.jpg	Bauteile der Beleuchtungs- und Signalanlage	Componentes del sistema de iluminación y señalización	Lighting and signaling system components	Nebelscheinwerfer	Faro antiniebla	Fog light	Electricidad_Electricidad_Faro antiniebla.jpg
Elektrik	Electricidad	Electrics	Electricidad__.jpg	Elektrik	Electricidad	Electrical system	Electricidad_Electricidad_.jpg	Bauteile der Beleuchtungs- und Signalanlage	Componentes del sistema de iluminación y señalización	Lighting and signaling system components	Blinkerrelais	Relé de intermitentes	Turn signal relay	Electricidad_Electricidad_Relé de intermitentes.jpg
Elektrik	Electricidad	Electrics	Electricidad__.jpg	Elektrik	Electricidad	Electrical system	Electricidad_Electricidad_.jpg	Bauteile der Beleuchtungs- und Signalanlage	Componentes del sistema de iluminación y señalización	Lighting and signaling system components	Bremslichtschalter	Interruptor de luz de freno	Brake light switch	Electricidad_Electricidad_Interruptor de luz de freno.jpg
Elektrik	Electricidad	Electrics	Electricidad__.jpg	Elektrik	Electricidad	Electrical system	Electricidad_Electricidad_.jpg	Bauteile der Beleuchtungs- und Signalanlage	Componentes del sistema de iluminación y señalización	Lighting and signaling system components	Warnblinkschalter	Interruptor de luces de emergencia	Hazard light switch	Electricidad_Electricidad_Interruptor de luces de emergencia.jpg
Elektrik	Electricidad	Electrics	Electricidad__.jpg	Elektrik	Electricidad	Electrical system	Electricidad_Electricidad_.jpg	Bauteile der Beleuchtungs- und Signalanlage	Componentes del sistema de iluminación y señalización	Lighting and signaling system components	Standlicht	Luz de posición	Parking light	Electricidad_Electricidad_Luz de posición.jpg
Elektrik	Electricidad	Electrics	Electricidad__.jpg	Elektrik	Electricidad	Electrical system	Electricidad_Electricidad_.jpg	Bauteile der Beleuchtungs- und Signalanlage	Componentes del sistema de iluminación y señalización	Lighting and signaling system components	Tagfahrlicht	Luz diurna	Daytime running light	Electricidad_Electricidad_Luz diurna.jpg
Elektrik	Electricidad	Electrics	Electricidad__.jpg	Elektrik	Electricidad	Electrical system	Electricidad_Electricidad_.jpg	Bauteile der Karosserie und des Komfortsystems	Componentes de la carrocería y del sistema de confort	Body and comfort system components	Kofferraumbeleuchtung	Iluminación del maletero	Trunk light	Electricidad_Electricidad_Iluminación del maletero.jpg
Elektrik	Electricidad	Electrics	Electricidad__.jpg	Elektrik	Electricidad	Electrical system	Electricidad_Electricidad_.jpg	Bauteile der Karosserie und des Komfortsystems	Componentes de la carrocería y del sistema de confort	Body and comfort system components	Innenraumbeleuchtung	Iluminación interior	Interior lighting	Electricidad_Electricidad_Iluminación interior.jpg
Elektrik	Electricidad	Electrics	Electricidad__.jpg	Elektrik	Electricidad	Electrical system	Electricidad_Electricidad_.jpg	Bauteile der Zündanlage	Componentes del sistema de encendido	Ignition system components	Glühkerzen-Steuergerät	Unidad de control de bujías de precalentamiento	Glow plug control unit	Electricidad_Electricidad_Unidad de control de bujías de precalentamiento.jpg
Elektrik	Electricidad	Electrics	Electricidad__.jpg	Elektrik	Electricidad	Electrical system	Electricidad_Electricidad_.jpg	Bauteile der Kühlung	Componentes del sistema de refrigeración	Cooling system components	Kühlmitteltemperatursensor	Sensor de temperatura del refrigerante	Coolant temperature sensor	Electricidad_Electricidad_Sensor de temperatura del refrigerante.jpg
Elektrik	Electricidad	Electrics	Electricidad__.jpg	Elektrik	Electricidad	Electrical system	Electricidad_Electricidad_.jpg	Bauteile des Schmiersystems	Componentes del sistema de lubricación	Lubrication system components	Öldruckschalter	Interruptor de presión de aceite	Oil pressure switch	Electricidad_Electricidad_Interruptor de presión de aceite.jpg
Elektrik	Electricidad	Electrics	Electricidad__.jpg	Steuergeräte, Sensoren, Relais	Unidades de control, sensores y relés	Control units, sensors, and relays	Electricidad_Unidades de control, sensores y relés_.jpg	Bauteile der Kühlung	Componentes del sistema de refrigeración	Cooling system components	Temperatursensor	Sensor de temperatura	Temperature sensor	Electricidad_Unidades de control, sensores y relés_Sensor de temperatura.jpg
Elektrik	Electricidad	Electrics	Electricidad__.jpg	Steuergeräte, Sensoren, Relais	Unidades de control, sensores y relés	Control units, sensors, and relays	Electricidad_Unidades de control, sensores y relés_.jpg	Bauteile der Kühlung	Componentes del sistema de refrigeración	Cooling system components	Kühlmitteltemperatursensor	Sensor de temperatura del refrigerante	Coolant temperature sensor	Electricidad_Unidades de control, sensores y relés_Sensor de temperatura del refrigerante.jpg
Elektrik	Electricidad	Electrics	Electricidad__.jpg	Steuergeräte, Sensoren, Relais	Unidades de control, sensores y relés	Control units, sensors, and relays	Electricidad_Unidades de control, sensores y relés_.jpg	Bauteile der Bremsen	Componentes del sistema de frenos	Brake system components	ABS Sensor	Sensor ABS	ABS sensor	Electricidad_Unidades de control, sensores y relés_Sensor ABS.jpg
Elektrik	Electricidad	Electrics	Electricidad__.jpg	Steuergeräte, Sensoren, Relais	Unidades de control, sensores y relés	Control units, sensors, and relays	Electricidad_Unidades de control, sensores y relés_.jpg	Bauteile der Bremsen	Componentes del sistema de frenos	Brake system components	Bremsverschleißanzeige	Indicador de desgaste de frenos	Brake wear indicator	Electricidad_Unidades de control, sensores y relés_Indicador de desgaste de frenos.jpg
Elektrik	Electricidad	Electrics	Electricidad__.jpg	Steuergeräte, Sensoren, Relais	Unidades de control, sensores y relés	Control units, sensors, and relays	Electricidad_Unidades de control, sensores y relés_.jpg	Bauteile der Bremsen	Componentes del sistema de frenos	Brake system components	Bremslichtschalter	Interruptor de luz de freno	Brake light switch	Electricidad_Unidades de control, sensores y relés_Interruptor de luz de freno.jpg
Elektrik	Electricidad	Electrics	Electricidad__.jpg	Steuergeräte, Sensoren, Relais	Unidades de control, sensores y relés	Control units, sensors, and relays	Electricidad_Unidades de control, sensores y relés_.jpg	Bauteile der Bremsen	Componentes del sistema de frenos	Brake system components	Relais, ABS	Relé ABS	ABS relay	Electricidad_Unidades de control, sensores y relés_Relé ABS.jpg
Elektrik	Electricidad	Electrics	Electricidad__.jpg	Steuergeräte, Sensoren, Relais	Unidades de control, sensores y relés	Control units, sensors, and relays	Electricidad_Unidades de control, sensores y relés_.jpg	Bauteile der Bremsen	Componentes del sistema de frenos	Brake system components	Steuergerät, Brems- / Fahrdynamik	Unidad de control del freno/dinámica de conducción	Brake/dynamic driving control unit	Electricidad_Unidades de control, sensores y relés_Unidad de control del freno/dinámica de conducción.jpg
Elektrik	Electricidad	Electrics	Electricidad__.jpg	Steuergeräte, Sensoren, Relais	Unidades de control, sensores y relés	Control units, sensors, and relays	Electricidad_Unidades de control, sensores y relés_.jpg	Bauteile der Zündanlage	Componentes del sistema de encendido	Ignition system components	Glühkerzen-Steuergerät	Unidad de control de bujías incandescentes	Glow plug control unit	Electricidad_Unidades de control, sensores y relés_Unidad de control de bujías incandescentes.jpg
Elektrik	Electricidad	Electrics	Electricidad__.jpg	Steuergeräte, Sensoren, Relais	Unidades de control, sensores y relés	Control units, sensors, and relays	Electricidad_Unidades de control, sensores y relés_.jpg	Bauteile des Schmiersystems	Componentes del sistema de lubricación	Lubrication system components	Öldruckschalter	Interruptor de presión de aceite	Oil pressure switch	Electricidad_Unidades de control, sensores y relés_Interruptor de presión de aceite.jpg
Elektrik	Electricidad	Electrics	Electricidad__.jpg	Steuergeräte, Sensoren, Relais	Unidades de control, sensores y relés	Control units, sensors, and relays	Electricidad_Unidades de control, sensores y relés_.jpg	Lichtmaschinen und zugehörige Bauteile	Alternadores y componentes asociados	Alternators and related components	Lichtmaschinenregler	Regulador del alternador	Alternator regulator	Electricidad_Unidades de control, sensores y relés_Regulador del alternador.jpg
Elektrik	Electricidad	Electrics	Electricidad__.jpg	Steuergeräte, Sensoren, Relais	Unidades de control, sensores y relés	Control units, sensors, and relays	Electricidad_Unidades de control, sensores y relés_.jpg	Bauteile der Beleuchtungs- und Signalanlage	Componentes del sistema de iluminación y señalización	Lighting and signaling system components	Blinkerrelais	Relé de intermitencia	Blinker relay	Electricidad_Unidades de control, sensores y relés_Relé de intermitencia.jpg
Elektrik	Electricidad	Electrics	Electricidad__.jpg	Steuergeräte, Sensoren, Relais	Unidades de control, sensores y relés	Control units, sensors, and relays	Electricidad_Unidades de control, sensores y relés_.jpg	Bauteile der Beleuchtungs- und Signalanlage	Componentes del sistema de iluminación y señalización	Lighting and signaling system components	Warnblinkschalter	Interruptor de luces de emergencia	Hazard light switch	Electricidad_Unidades de control, sensores y relés_Interruptor de luces de emergencia.jpg
Elektrik	Electricidad	Electrics	Electricidad__.jpg	Steuergeräte, Sensoren, Relais	Unidades de control, sensores y relés	Control units, sensors, and relays	Electricidad_Unidades de control, sensores y relés_.jpg	Elektrische Bauteile	Componentes eléctricos	Electrical components	Multifunktionsrelais	Relé multifuncional	Multifunction relay	Electricidad_Unidades de control, sensores y relés_Relé multifuncional.jpg
Elektrik	Electricidad	Electrics	Electricidad__.jpg	Steuergeräte, Sensoren, Relais	Unidades de control, sensores y relés	Control units, sensors, and relays	Electricidad_Unidades de control, sensores y relés_.jpg	Anlasser und zugehörige Bauteile	Arranques y componentes asociados	Starters and related components	Magnetschalter Anlasser	Solenoide de arranque	Starter solenoid	Electricidad_Unidades de control, sensores y relés_Solenoide de arranque.jpg
Elektrik	Electricidad	Electrics	Electricidad__.jpg	Reparatursätze	Kits de reparación	Repair kits	Electricidad_Kits de reparación_.jpg	Elektrische Bauteile	Componentes eléctricos	Electrical components	Lichtmaschine, Ersatzteile	Alternador, piezas de repuesto	Alternator, spare parts	Electricidad_Kits de reparación_Alternador, piezas de repuesto.jpg
Elektrik	Electricidad	Electrics	Electricidad__.jpg	Reparatursätze	Kits de reparación	Repair kits	Electricidad_Kits de reparación_.jpg	Elektrische Bauteile	Componentes eléctricos	Electrical components	Starter Einzelteile	Piezas de repuesto de arranque	Starter spare parts	Electricidad_Kits de reparación_Piezas de repuesto de arranque.jpg
Fahrwerk und Lenkung	Chasis y Direccion	Chassis and Steering System	Chasis y Direccion__.jpg	Lenkung	Dirección	Steering system	Chasis y Direccion_Dirección_.jpg	Spurstangenköpfe und zugehörige Bauteile	Rótulas de dirección y componentes asociados	Tie rod ends and related components	Spurstangenkopf	Rótula de dirección	Tie rod end	Chasis y Direccion_Dirección_Rótula de dirección.jpg
Fahrwerk und Lenkung	Chasis y Direccion	Chassis and Steering System	Chasis y Direccion__.jpg	Lenkung	Dirección	Steering system	Chasis y Direccion_Dirección_.jpg	Spurstangen, Lenkstangen und zugehörige Bauteile	Barras de dirección, barras de acoplamiento y componentes asociados	"Steering rods, tie rods, and related components"","	Spurstange	Biela de dirección	Tie rod	Chasis y Direccion_Dirección_Biela de dirección.jpg
Fahrwerk und Lenkung	Chasis y Direccion	Chassis and Steering System	Chasis y Direccion__.jpg	Lenkung	Dirección	Steering system	Chasis y Direccion_Dirección_.jpg	Spurstangen, Lenkstangen und zugehörige Bauteile	Barras de dirección, barras de acoplamiento y componentes asociados	"Steering rods, tie rods, and related components"","	Axialgelenk	Articulación axial	Axial joint	Chasis y Direccion_Dirección_Articulación axial.jpg
Fahrwerk und Lenkung	Chasis y Direccion	Chassis and Steering System	Chasis y Direccion__.jpg	Lenkung	Dirección	Steering system	Chasis y Direccion_Dirección_.jpg	Spurstangen, Lenkstangen und zugehörige Bauteile	Barras de dirección, barras de acoplamiento y componentes asociados	"Steering rods, tie rods, and related components"","	Lenkstange	Bastón de dirección	Steering shaft	Chasis y Direccion_Dirección_Bastón de dirección.jpg
Fahrwerk und Lenkung	Chasis y Direccion	Chassis and Steering System	Chasis y Direccion__.jpg	Lenkung	Dirección	Steering system	Chasis y Direccion_Dirección_.jpg	Servopumpen und zugehörige Bauteile	Bomba de dirección asistida y componentes asociados	Power steering pumps and related components	Servopumpe	Bomba de dirección asistida	Power steering pump	Chasis y Direccion_Dirección_Bomba de dirección asistida.jpg
Fahrwerk und Lenkung	Chasis y Direccion	Chassis and Steering System	Chasis y Direccion__.jpg	Lenkung	Dirección	Steering system	Chasis y Direccion_Dirección_.jpg	Servopumpen und zugehörige Bauteile	Bomba de dirección asistida y componentes asociados	Power steering pumps and related components	Hydraulikfilter Lenkung	Filtro hidráulico de dirección	Power steering hydraulic filter	Chasis y Direccion_Dirección_Filtro hidráulico de dirección.jpg
Fahrwerk und Lenkung	Chasis y Direccion	Chassis and Steering System	Chasis y Direccion__.jpg	Lenkung	Dirección	Steering system	Chasis y Direccion_Dirección_.jpg	Lenkungsteile	Componentes de la dirección	Steering components	Reparatursatz, Lenkgetriebe	Kit de reparación de la caja de dirección	Steering gear repair kit	Chasis y Direccion_Dirección_Kit de reparación de la caja de dirección.jpg
Fahrwerk und Lenkung	Chasis y Direccion	Chassis and Steering System	Chasis y Direccion__.jpg	Anhängerkupplung und Zubehör	Enganche de remolque y accesorios	Trailer hitch and accessories	Chasis y Direccion_Enganche de remolque y accesorios_.jpg	Anhängerkupplungen und zugehörige Bauteile	Enganches de remolque y componentes asociados	Trailer hitches and related components	Anhängerkupplung	Enganche de remolque	Trailer hitch	Chasis y Direccion_Enganche de remolque y accesorios_Enganche de remolque.jpg
Fahrwerk und Lenkung	Chasis y Direccion	Chassis and Steering System	Chasis y Direccion__.jpg	Lager	Cojinetes	Bearings	Chasis y Direccion_Cojinetes_.jpg	Aufhängungsteile	Componentes de suspensión	Suspension components	Radlager	Cojinete de rueda	Wheel bearing	Chasis y Direccion_Cojinetes_Cojinete de rueda.jpg
Fahrwerk und Lenkung	Chasis y Direccion	Chassis and Steering System	Chasis y Direccion__.jpg	Lager	Cojinetes	Bearings	Chasis y Direccion_Cojinetes_.jpg	Aufhängungsteile	Componentes de suspensión	Suspension components	Mittellager, Kardanwelle	Cojinete central del eje de transmisión	"Center bearing, driveshaft"""	Chasis y Direccion_Cojinetes_Cojinete central del eje de transmisión.jpg
Fahrwerk und Lenkung	Chasis y Direccion	Chassis and Steering System	Chasis y Direccion__.jpg	Lager	Cojinetes	Bearings	Chasis y Direccion_Cojinetes_.jpg	Aufhängungsteile	Componentes de suspensión	Suspension components	Wellendichtring, Radnabe	Retén del cubo de rueda	Wheel hub seal	Chasis y Direccion_Cojinetes_Retén del cubo de rueda.jpg
Fahrwerk und Lenkung	Chasis y Direccion	Chassis and Steering System	Chasis y Direccion__.jpg	Lager	Cojinetes	Bearings	Chasis y Direccion_Cojinetes_.jpg	Kupplungsteile	Componentes del embrague	Clutch components	Ausrücklager	Rodamiento de empuje	Release bearing	Chasis y Direccion_Cojinetes_Rodamiento de empuje.jpg
Fahrwerk und Lenkung	Chasis y Direccion	Chassis and Steering System	Chasis y Direccion__.jpg	Lager	Cojinetes	Bearings	Chasis y Direccion_Cojinetes_.jpg	Motorteile	Componentes del motor	Engine components	Pleuellager	Cojinete de biela	Connecting rod bearing	Chasis y Direccion_Cojinetes_Cojinete de biela.jpg
Fahrwerk und Lenkung	Chasis y Direccion	Chassis and Steering System	Chasis y Direccion__.jpg	Lager	Cojinetes	Bearings	Chasis y Direccion_Cojinetes_.jpg	Motorteile	Componentes del motor	Engine components	Kurbelwellenlager	Cojinete del cigüeñal	Crankshaft bearing	Chasis y Direccion_Cojinetes_Cojinete del cigüeñal.jpg
Fahrwerk und Lenkung	Chasis y Direccion	Chassis and Steering System	Chasis y Direccion__.jpg	Reparatursätze	Kits de reparación	Repair kits	Chasis y Direccion_Kits de reparación_.jpg	Bauteile des Lenksystems	Componentes del sistema de dirección	Steering system components	Reparatursatz, Lenkgetriebe	Kit de reparación de caja de dirección	Steering gearbox repair kit	Chasis y Direccion_Kits de reparación_Kit de reparación de caja de dirección.jpg
Federung	Suspension	Suspension	Suspension__.jpg	Radaufhängung & Lenker	Suspensión y brazos de control	Suspension and control arms	Suspension_Suspensión y brazos de control_.jpg	Radlager und zugehörige Bauteile	Rodamientos y componentes asociados	Wheel bearings and related components	Radnabe	Maza de rueda	Wheel hub	Suspension_Suspensión y brazos de control_Maza de rueda.jpg
Federung	Suspension	Suspension	Suspension__.jpg	Radaufhängung & Lenker	Suspensión y brazos de control	Suspension and control arms	Suspension_Suspensión y brazos de control_.jpg	Radlager und zugehörige Bauteile	Rodamientos y componentes asociados	Wheel bearings and related components	Radlager	Rodamiento de rueda	Wheel bearing	Suspension_Suspensión y brazos de control_Rodamiento de rueda.jpg
Federung	Suspension	Suspension	Suspension__.jpg	Radaufhängung & Lenker	Suspensión y brazos de control	Suspension and control arms	Suspension_Suspensión y brazos de control_.jpg	Radlager und zugehörige Bauteile	Rodamientos y componentes asociados	Wheel bearings and related components	Wellendichtring, Radnabe	Retén de la maza de rueda	Wheel hub seal	Suspension_Suspensión y brazos de control_Retén de la maza de rueda.jpg
Federung	Suspension	Suspension	Suspension__.jpg	Radaufhängung & Lenker	Suspensión y brazos de control	Suspension and control arms	Suspension_Suspensión y brazos de control_.jpg	Radlager und zugehörige Bauteile	Rodamientos y componentes asociados	Wheel bearings and related components	Koppelstange	Barra de acoplamiento	Stabilizer link	Suspension_Suspensión y brazos de control_Barra de acoplamiento.jpg
Federung	Suspension	Suspension	Suspension__.jpg	Radaufhängung & Lenker	Suspensión y brazos de control	Suspension and control arms	Suspension_Suspensión y brazos de control_.jpg	Radlager und zugehörige Bauteile	Rodamientos y componentes asociados	Wheel bearings and related components	Stabilgummis	Gomas de estabilizador	Stabilizer bushings	Suspension_Suspensión y brazos de control_Gomas de estabilizador.jpg
Federung	Suspension	Suspension	Suspension__.jpg	Radaufhängung & Lenker	Suspensión y brazos de control	Suspension and control arms	Suspension_Suspensión y brazos de control_.jpg	Radlager und zugehörige Bauteile	Rodamientos y componentes asociados	Wheel bearings and related components	Stabilisator	Barra estabilizadora	Stabilizer bar	Suspension_Suspensión y brazos de control_Barra estabilizadora.jpg
Federung	Suspension	Suspension	Suspension__.jpg	Radaufhängung & Lenker	Suspensión y brazos de control	Suspension and control arms	Suspension_Suspensión y brazos de control_.jpg	Radlager und zugehörige Bauteile	Rodamientos y componentes asociados	Wheel bearings and related components	Halter, Stabilisatorlagerung	Soporte del estabilizador	Stabilizer mounting bracket	Suspension_Suspensión y brazos de control_Soporte del estabilizador.jpg
Federung	Suspension	Suspension	Suspension__.jpg	Radaufhängung & Lenker	Suspensión y brazos de control	Suspension and control arms	Suspension_Suspensión y brazos de control_.jpg	Radlager und zugehörige Bauteile	Rodamientos y componentes asociados	Wheel bearings and related components	Querlenkerlager	Buje de brazo de control	Control arm bushing	Suspension_Suspensión y brazos de control_Buje de brazo de control.jpg
Federung	Suspension	Suspension	Suspension__.jpg	Radaufhängung & Lenker	Suspensión y brazos de control	Suspension and control arms	Suspension_Suspensión y brazos de control_.jpg	Radlager und zugehörige Bauteile	Rodamientos y componentes asociados	Wheel bearings and related components	Reparatursatz, Querlenker	Kit de reparación de brazo de control	Control arm repair kit	Suspension_Suspensión y brazos de control_Kit de reparación de brazo de control.jpg
Federung	Suspension	Suspension	Suspension__.jpg	Radaufhängung & Lenker	Suspensión y brazos de control	Suspension and control arms	Suspension_Suspensión y brazos de control_.jpg	Radlager und zugehörige Bauteile	Rodamientos y componentes asociados	Wheel bearings and related components	Montagesatz, Lenker	Kit de montaje de brazo de control	Control arm mounting kit	Suspension_Suspensión y brazos de control_Kit de montaje de brazo de control.jpg
Federung	Suspension	Suspension	Suspension__.jpg	Radaufhängung & Lenker	Suspensión y brazos de control	Suspension and control arms	Suspension_Suspensión y brazos de control_.jpg	Kugelgelenke und zugehörige Bauteile	Rótulas y componentes asociados	Ball joints and related components	Traggelenk	Rótula de suspensión	Ball joint	Suspension_Suspensión y brazos de control_Rótula de suspensión.jpg
Federung	Suspension	Suspension	Suspension__.jpg	Radaufhängung & Lenker	Suspensión y brazos de control	Suspension and control arms	Suspension_Suspensión y brazos de control_.jpg	Lenkungsteile	Componentes de dirección	Steering components	Spurstangenkopf	Rótula de dirección	Tie rod end	Suspension_Suspensión y brazos de control_Rótula de dirección.jpg
Federung	Suspension	Suspension	Suspension__.jpg	Radaufhängung & Lenker	Suspensión y brazos de control	Suspension and control arms	Suspension_Suspensión y brazos de control_.jpg	Lenkungsteile	Componentes de dirección	Steering components	Axialgelenk	Rótula axial	Axial joint	Suspension_Suspensión y brazos de control_Rótula axial.jpg
Federung	Suspension	Suspension	Suspension__.jpg	Radaufhängung & Lenker	Suspensión y brazos de control	Suspension and control arms	Suspension_Suspensión y brazos de control_.jpg	Radbefestigungsteile	Piezas de fijación de ruedas	Wheel fastening parts	Radschrauben und Radmuttern	Tornillos y tuercas de rueda	Wheel bolts and nuts	Suspension_Suspensión y brazos de control_Tornillos y tuercas de rueda.jpg
Federung	Suspension	Suspension	Suspension__.jpg	Radaufhängung & Lenker	Suspensión y brazos de control	Suspension and control arms	Suspension_Suspensión y brazos de control_.jpg	Motor- und Getriebelager	Soportes de motor y transmisión	Engine and transmission mounts	Motorlager	Soporte de motor	Engine mount	Suspension_Suspensión y brazos de control_Soporte de motor.jpg
Federung	Suspension	Suspension	Suspension__.jpg	Radaufhängung & Lenker	Suspensión y brazos de control	Suspension and control arms	Suspension_Suspensión y brazos de control_.jpg	Motor- und Getriebelager	Soportes de motor y transmisión	Engine and transmission mounts	Getriebelager	Soporte de transmisión	Transmission mount	Suspension_Suspensión y brazos de control_Soporte de transmisión.jpg
Federung	Suspension	Suspension	Suspension__.jpg	Radaufhängung & Lenker	Suspensión y brazos de control	Suspension and control arms	Suspension_Suspensión y brazos de control_.jpg	Achskörper und zugehörige Bauteile	Cuerpo del eje y componentes asociados	Axle body and related components	Achskörper	Cuerpo del eje	Axle body	Suspension_Suspensión y brazos de control_Cuerpo del eje.jpg
Federung	Suspension	Suspension	Suspension__.jpg	Radaufhängung & Lenker	Suspensión y brazos de control	Suspension and control arms	Suspension_Suspensión y brazos de control_.jpg	Achskörper und zugehörige Bauteile	Cuerpo del eje y componentes asociados	Axle body and related components	Achsträger	Travesaño del eje	Axle crossmember	Suspension_Suspensión y brazos de control_Travesaño del eje.jpg
Federung	Suspension	Suspension	Suspension__.jpg	Radaufhängung & Lenker	Suspensión y brazos de control	Suspension and control arms	Suspension_Suspensión y brazos de control_.jpg	ABS-Systemteile	Componentes del sistema ABS	ABS system components	ABS Sensor	Sensor ABS	ABS sensor	Suspension_Suspensión y brazos de control_Sensor ABS.jpg
Federung	Suspension	Suspension	Suspension__.jpg	Radaufhängung & Lenker	Suspensión y brazos de control	Suspension and control arms	Suspension_Suspensión y brazos de control_.jpg	Dämpfungselemente	Elementos de amortiguación	Damping elements	Stoßdämpfer Staubschutzsatz und Anschlagpuffer	Kit de protección contra polvo y tope de amortiguador	Shock absorber dust cover and bump stop set	Suspension_Suspensión y brazos de control_Kit de protección contra polvo y tope de amortiguador.jpg
Federung	Suspension	Suspension	Suspension__.jpg	Radaufhängung & Lenker	Suspensión y brazos de control	Suspension and control arms	Suspension_Suspensión y brazos de control_.jpg	Dämpfungselemente	Elementos de amortiguación	Damping elements	Blattfeder	Ballesta	Leaf spring	Suspension_Suspensión y brazos de control_Ballesta.jpg
Federung	Suspension	Suspension	Suspension__.jpg	Radaufhängung & Lenker	Suspensión y brazos de control	Suspension and control arms	Suspension_Suspensión y brazos de control_.jpg	Dämpfungselemente	Elementos de amortiguación	Damping elements	Lagerung, Stoßdämpfer	Cojinete del amortiguador	Shock absorber mounting	Suspension_Suspensión y brazos de control_Cojinete del amortiguador.jpg
Federung	Suspension	Suspension	Suspension__.jpg	Radaufhängung & Lenker	Suspensión y brazos de control	Suspension and control arms	Suspension_Suspensión y brazos de control_.jpg	Dämpfungselemente	Elementos de amortiguación	Damping elements	Stoßdämpfer Halterung	Soporte del amortiguador	Shock absorber bracket	Suspension_Suspensión y brazos de control_Soporte del amortiguador.jpg
Federung	Suspension	Suspension	Suspension__.jpg	Radaufhängung & Lenker	Suspensión y brazos de control	Suspension and control arms	Suspension_Suspensión y brazos de control_.jpg	Achsschenkel und zugehörige Bauteile	Mangueta y componentes asociados	Steering knuckle and related components	Achsschenkelbolzen	Perno de mangueta	Steering knuckle pin	Suspension_Suspensión y brazos de control_Perno de mangueta.jpg
Federung	Suspension	Suspension	Suspension__.jpg	Radaufhängung & Lenker	Suspensión y brazos de control	Suspension and control arms	Suspension_Suspensión y brazos de control_.jpg	Achsschenkel und zugehörige Bauteile	Mangueta y componentes asociados	Steering knuckle and related components	Buchse, Achsschenkelbolzen	Casquillo de perno de mangueta	Steering knuckle bushing	Suspension_Suspensión y brazos de control_Casquillo de perno de mangueta.jpg
Federung	Suspension	Suspension	Suspension__.jpg	Radaufhängung & Lenker	Suspensión y brazos de control	Suspension and control arms	Suspension_Suspensión y brazos de control_.jpg	Elektrische Bauteile	Componentes eléctricos	Electrical components	Reifendrucksensor (RDKS)	Sensor de presión de neumáticos	Tire pressure sensor (TPMS)	Suspension_Suspensión y brazos de control_Sensor de presión de neumáticos.jpg
Federung	Suspension	Suspension	Suspension__.jpg	Federung	Suspensión	Suspension	Suspension_Suspensión_.jpg	Stoßdämpfer, Schraubenfedern, Blattfedern und zugehörige Bauteile	Amortiguadores, resortes helicoidales, ballestas y componentes relacionados	Shock absorbers, coil springs, leaf springs and related components	Stoßdämpfer	Amortiguador	Shock absorber	Suspension_Suspensión_Amortiguador.jpg
Federung	Suspension	Suspension	Suspension__.jpg	Federung	Suspensión	Suspension	Suspension_Suspensión_.jpg	Stoßdämpfer, Schraubenfedern, Blattfedern und zugehörige Bauteile	Amortiguadores, resortes helicoidales, ballestas y componentes relacionados	Shock absorbers, coil springs, leaf springs and related components	Stoßdämpfer Staubschutzsatz und Anschlagpuffer	Kit de protección contra polvo y tope de amortiguador	Shock absorber dust cover and bump stop set	Suspension_Suspensión_Kit de protección contra polvo y tope de amortiguador.jpg
Federung	Suspension	Suspension	Suspension__.jpg	Federung	Suspensión	Suspension	Suspension_Suspensión_.jpg	Stoßdämpfer, Schraubenfedern, Blattfedern und zugehörige Bauteile	Amortiguadores, resortes helicoidales, ballestas y componentes relacionados	Shock absorbers, coil springs, leaf springs and related components	Blattfeder	Ballesta	Leaf spring	Suspension_Suspensión_Ballesta.jpg
Getriebe	Transmision	Transmission	Transmision__.jpg	Kupplung/-anbauteile	Embrague y componentes	Clutch and related parts	Transmision_Embrague y componentes_.jpg	Kupplungssätze und zugehörige Bauteile	Kits de embrague y componentes asociados	Clutch kits and related components	Kupplungssatz	Kit de embrague	Clutch kit	Transmision_Embrague y componentes_Kit de embrague.jpg
Getriebe	Transmision	Transmission	Transmision__.jpg	Kupplung/-anbauteile	Embrague y componentes	Clutch and related parts	Transmision_Embrague y componentes_.jpg	Kupplungssätze und zugehörige Bauteile	Kits de embrague y componentes asociados	Clutch kits and related components	Ausrücklager	Rodamiento de empuje	Release bearing	Transmision_Embrague y componentes_Rodamiento de empuje.jpg
Getriebe	Transmision	Transmission	Transmision__.jpg	Kupplung/-anbauteile	Embrague y componentes	Clutch and related parts	Transmision_Embrague y componentes_.jpg	Kupplungssätze und zugehörige Bauteile	Kits de embrague y componentes asociados	Clutch kits and related components	Kupplungsscheibe	Disco de embrague	Clutch disc	Transmision_Embrague y componentes_Disco de embrague.jpg
Getriebe	Transmision	Transmission	Transmision__.jpg	Kupplung/-anbauteile	Embrague y componentes	Clutch and related parts	Transmision_Embrague y componentes_.jpg	Kupplungssätze und zugehörige Bauteile	Kits de embrague y componentes asociados	Clutch kits and related components	Kupplungsdruckplatte	Plato de presión del embrague	Clutch pressure plate	Transmision_Embrague y componentes_Plato de presión del embrague.jpg
Getriebe	Transmision	Transmission	Transmision__.jpg	Kupplung/-anbauteile	Embrague y componentes	Clutch and related parts	Transmision_Embrague y componentes_.jpg	Kupplungssätze und zugehörige Bauteile	Kits de embrague y componentes asociados	Clutch kits and related components	Führungslager	Rodamiento guía	Pilot bearing	Transmision_Embrague y componentes_Rodamiento guía.jpg
Getriebe	Transmision	Transmission	Transmision__.jpg	Kupplung/-anbauteile	Embrague y componentes	Clutch and related parts	Transmision_Embrague y componentes_.jpg	Bauteile des Kupplungsausrückmechanismus	Componentes del mecanismo de liberación del embrague	Clutch release mechanism components	Kupplungsgeberzylinder	Cilindro maestro del embrague	Clutch master cylinder	Transmision_Embrague y componentes_Cilindro maestro del embrague.jpg
Getriebe	Transmision	Transmission	Transmision__.jpg	Kupplung/-anbauteile	Embrague y componentes	Clutch and related parts	Transmision_Embrague y componentes_.jpg	Bauteile des Kupplungsausrückmechanismus	Componentes del mecanismo de liberación del embrague	Clutch release mechanism components	Kupplungsnehmerzylinder	Cilindro receptor del embrague	Clutch slave cylinder	Transmision_Embrague y componentes_Cilindro receptor del embrague.jpg
Getriebe	Transmision	Transmission	Transmision__.jpg	Kupplung/-anbauteile	Embrague y componentes	Clutch and related parts	Transmision_Embrague y componentes_.jpg	Bauteile des Kupplungsausrückmechanismus	Componentes del mecanismo de liberación del embrague	Clutch release mechanism components	Pedals und Pedalbelag	Pedales y cubrepedales	Pedals and pedal covers	Transmision_Embrague y componentes_Pedales y cubrepedales.jpg
Getriebe	Transmision	Transmission	Transmision__.jpg	Kupplung/-anbauteile	Embrague y componentes	Clutch and related parts	Transmision_Embrague y componentes_.jpg	Bauteile des Kupplungsausrückmechanismus	Componentes del mecanismo de liberación del embrague	Clutch release mechanism components	Reparatursatz, Kupplungsnehmerzylinder	Kit de reparación del cilindro receptor de embrague	Clutch slave cylinder repair kit	Transmision_Embrague y componentes_Kit de reparación del cilindro receptor de embrague.jpg
Getriebe	Transmision	Transmission	Transmision__.jpg	Kupplung/-anbauteile	Embrague y componentes	Clutch and related parts	Transmision_Embrague y componentes_.jpg	Schwungräder und zugehörige Bauteile	Volantes de inercia y componentes asociados	Flywheels and related components	Schwungrad	Volante de inercia	Flywheel	Transmision_Embrague y componentes_Volante de inercia.jpg
Getriebe	Transmision	Transmission	Transmision__.jpg	Kupplung/-anbauteile	Embrague y componentes	Clutch and related parts	Transmision_Embrague y componentes_.jpg	Schwungräder und zugehörige Bauteile	Volantes de inercia y componentes asociados	Flywheels and related components	Schwungradschaube	Tornillos del volante de inercia	Flywheel bolts	Transmision_Embrague y componentes_Tornillos del volante de inercia.jpg
Getriebe	Transmision	Transmission	Transmision__.jpg	Kupplung/-anbauteile	Embrague y componentes	Clutch and related parts	Transmision_Embrague y componentes_.jpg	Werkzeuge	Herramientas	Tools	Kupplungswerkzeug	Herramienta para embrague	Clutch tool	Transmision_Embrague y componentes_Herramienta para embrague.jpg
Getriebe	Transmision	Transmission	Transmision__.jpg	Kupplung/-anbauteile	Embrague y componentes	Clutch and related parts	Transmision_Embrague y componentes_.jpg	Autopflege	Cuidado del automóvil	Car care	Kupplungs- und Bremsenreiniger	Limpiador de embrague y frenos	Clutch and brake cleaner	Transmision_Embrague y componentes_Limpiador de embrague y frenos.jpg
Getriebe	Transmision	Transmission	Transmision__.jpg	Getriebe	Transmisión	Transmission	Transmision_Transmisión_.jpg	Produkte für die Getriebeschmierung	Productos para la lubricación de la transmisión	Products for transmission lubrication	Getriebeöl und Verteilergetriebeöl	Aceite de transmisión y caja de transferencia	Transmission and transfer case oil	Transmision_Transmisión_Aceite de transmisión y caja de transferencia.jpg
Getriebe	Transmision	Transmission	Transmision__.jpg	Getriebe	Transmisión	Transmission	Transmision_Transmisión_.jpg	Produkte für die Getriebeschmierung	Productos para la lubricación de la transmisión	Products for transmission lubrication	"Automatikgetriebe, Ölfilter"""	Filtro de aceite de transmisión automática,	Automatic transmission oil filter	Transmision_Transmisión_Filtro de aceite de transmisión automática,.jpg
Getriebe	Transmision	Transmission	Transmision__.jpg	Getriebe	Transmisión	Transmission	Transmision_Transmisión_.jpg	Produkte für die Getriebeschmierung	Productos para la lubricación de la transmisión	Products for transmission lubrication	Dichtung, Ölwanne-Automatikgetriebe	Junta del cárter de la transmisión automática	Automatic transmission oil pan gasket	Transmision_Transmisión_Junta del cárter de la transmisión automática.jpg
Getriebe	Transmision	Transmission	Transmision__.jpg	Getriebe	Transmisión	Transmission	Transmision_Transmisión_.jpg	Produkte für die Getriebeschmierung	Productos para la lubricación de la transmisión	Products for transmission lubrication	Getriebe Simmering	Retén de transmisión	Transmission seal	Transmision_Transmisión_Retén de transmisión.jpg
Getriebe	Transmision	Transmission	Transmision__.jpg	Getriebe	Transmisión	Transmission	Transmision_Transmisión_.jpg	Produkte für die Getriebeschmierung	Productos para la lubricación de la transmisión	Products for transmission lubrication	Automatikgetriebeöl	Aceite de transmisión automática	Automatic transmission oil	Transmision_Transmisión_Aceite de transmisión automática.jpg
Getriebe	Transmision	Transmission	Transmision__.jpg	Getriebe	Transmisión	Transmission	Transmision_Transmisión_.jpg	Produkte für die Getriebeschmierung	Productos para la lubricación de la transmisión	Products for transmission lubrication	Getriebeölwanne	Cárter de aceite de la transmisión	Transmission oil pan	Transmision_Transmisión_Cárter de aceite de la transmisión.jpg
Getriebe	Transmision	Transmission	Transmision__.jpg	Getriebe	Transmisión	Transmission	Transmision_Transmisión_.jpg	Getriebelager	Cojinetes de transmisión	Transmission bearings	Getriebelager	Cojinete de transmisión	Transmission bearing	Transmision_Transmisión_Cojinete de transmisión.jpg
Getriebe	Transmision	Transmission	Transmision__.jpg	Getriebe	Transmisión	Transmission	Transmision_Transmisión_.jpg	Elektrische Getriebeteile	Componentes eléctricos de la transmisión	Electrical transmission components	Schaltventil, Automatikgetriebe	Válvula de cambio de transmisión automática	Automatic transmission shift valve	Transmision_Transmisión_Válvula de cambio de transmisión automática.jpg
Getriebe	Transmision	Transmission	Transmision__.jpg	Getriebe	Transmisión	Transmission	Transmision_Transmisión_.jpg	Schwungräder und zugehörige Bauteile	Volantes de inercia y componentes asociados	Flywheels and related components	Schwungrad	Volante de inercia	Flywheel	Transmision_Transmisión_Volante de inercia.jpg
Getriebe	Transmision	Transmission	Transmision__.jpg	Kardanwellen & Differential	Árbol de transmisión y diferencial	Driveshaft and differential	Transmision_Árbol de transmisión y diferencial_.jpg	Kardanwellen und zugehörige Bauteile	Árboles de transmisión y componentes asociados	Driveshafts and related components	Hardyscheibe	Acoplamiento flexible	Flex disc	Transmision_Árbol de transmisión y diferencial_Acoplamiento flexible.jpg
Getriebe	Transmision	Transmission	Transmision__.jpg	Kardanwellen & Differential	Árbol de transmisión y diferencial	Driveshaft and differential	Transmision_Árbol de transmisión y diferencial_.jpg	Kardanwellen und zugehörige Bauteile	Árboles de transmisión y componentes asociados	Driveshafts and related components	Mittellager, Kardanwelle	Cojinete central del eje de transmisión	Center bearing, driveshaft	Transmision_Árbol de transmisión y diferencial_Cojinete central del eje de transmisión.jpg
Getriebe	Transmision	Transmission	Transmision__.jpg	Kardanwellen & Differential	Árbol de transmisión y diferencial	Driveshaft and differential	Transmision_Árbol de transmisión y diferencial_.jpg	Kardanwellen und zugehörige Bauteile	Árboles de transmisión y componentes asociados	Driveshafts and related components	Wellendichtring, Differential	Retén del diferencial	Differential seal	Transmision_Árbol de transmisión y diferencial_Retén del diferencial.jpg
Getriebe	Transmision	Transmission	Transmision__.jpg	Kardanwellen & Differential	Árbol de transmisión y diferencial	Driveshaft and differential	Transmision_Árbol de transmisión y diferencial_.jpg	Öle und Flüssigkeiten	Aceites y fluidos	Oils and fluids	Getriebeöl und Verteilergetriebeöl	Aceite de transmisión y caja de transferencia	Transmission and transfer case oil	Transmision_Árbol de transmisión y diferencial_Aceite de transmisión y caja de transferencia.jpg
Getriebe	Transmision	Transmission	Transmision__.jpg	Kardanwellen & Differential	Árbol de transmisión y diferencial	Driveshaft and differential	Transmision_Árbol de transmisión y diferencial_.jpg	Öle und Flüssigkeiten	Aceites y fluidos	Oils and fluids	Automatikgetriebeöl	Aceite de transmisión automática	Automatic transmission oil	Transmision_Árbol de transmisión y diferencial_Aceite de transmisión automática.jpg
Getriebe	Transmision	Transmission	Transmision__.jpg	Reparatursätze	Kits de reparación	Repair kits	Transmision_Kits de reparación_.jpg	Kupplungsteile	Componentes del embrague	Clutch components	Reparatursatz, Kupplungsgeberzylinder	Kit de reparación de cilindro maestro de embrague	Clutch master cylinder repair kit	Transmision_Kits de reparación_Kit de reparación de cilindro maestro de embrague.jpg
Getriebe	Transmision	Transmission	Transmision__.jpg	Reparatursätze	Kits de reparación	Repair kits	Transmision_Kits de reparación_.jpg	Kupplungsteile	Componentes del embrague	Clutch components	Reparatursatz, Kupplungsnehmerzylinder	Kit de reparación de cilindro receptor de embrague	Clutch slave cylinder repair kit	Transmision_Kits de reparación_Kit de reparación de cilindro receptor de embrague.jpg
Innenraum	Interior	Interior	Interior__.jpg	Innenraum	Interior	Interior components	Interior_Interior_.jpg	Innenraumteile	Componentes del interior	Interior components	Pedals und Pedalbelag	Pedales y cubrepedales	Pedals and pedal covers	Interior_Interior_Pedales y cubrepedales.jpg
Innenraum	Interior	Interior	Interior__.jpg	Innenraum	Interior	Interior components	Interior_Interior_.jpg	Innenraumteile	Componentes del interior	Interior components	Verkleidung	Revestimiento	Trim panel	Interior_Interior_Revestimiento.jpg
Innenraum	Interior	Interior	Interior__.jpg	Innenraum	Interior	Interior components	Interior_Interior_.jpg	Schlösser und zugehörige Bauteile	Cerraduras y componentes asociados	Locks and related components	Türgriff	Manija de puerta	Door handle	Interior_Interior_Manija de puerta.jpg
Innenraum	Interior	Interior	Interior__.jpg	Innenraum	Interior	Interior components	Interior_Interior_.jpg	Elektrische Bauteile	Componentes eléctricos	Electrical components	Tachobeleuchtung	Iluminación del tablero	Dashboard lighting	Interior_Interior_Iluminación del tablero.jpg
Innenraum	Interior	Interior	Interior__.jpg	Innenraum	Interior	Interior components	Interior_Interior_.jpg	Elektrische Bauteile	Componentes eléctricos	Electrical components	Bremslichtschalter	Interruptor de luz de freno	Brake light switch	Interior_Interior_Interruptor de luz de freno.jpg
Innenraum	Interior	Interior	Interior__.jpg	Innenraum	Interior	Interior components	Interior_Interior_.jpg	Elektrische Bauteile	Componentes eléctricos	Electrical components	Warnblinkschalter	Interruptor de luces de emergencia	Hazard light switch	Interior_Interior_Interruptor de luces de emergencia.jpg
Innenraum	Interior	Interior	Interior__.jpg	Innenraum	Interior	Interior components	Interior_Interior_.jpg	Elektrische Bauteile	Componentes eléctricos	Electrical components	Multifunktionsrelais	Relé multifunción	Multifunction relay	Interior_Interior_Relé multifunción.jpg
Innenraum	Interior	Interior	Interior__.jpg	Innenraum	Interior	Interior components	Interior_Interior_.jpg	Bauteile der Beleuchtungs- und Signalanlage	Componentes del sistema de iluminación y señalización	Lighting and signaling system components	Innenraumbeleuchtung	Iluminación interior	Interior lighting	Interior_Interior_Iluminación interior.jpg
Innenraum	Interior	Interior	Interior__.jpg	Innenraum	Interior	Interior components	Interior_Interior_.jpg	Bauteile der Beleuchtungs- und Signalanlage	Componentes del sistema de iluminación y señalización	Lighting and signaling system components	Türleuchte	Luz de puerta	Door light	Interior_Interior_Luz de puerta.jpg
Innenraum	Interior	Interior	Interior__.jpg	Innenraum	Interior	Interior components	Interior_Interior_.jpg	Bauteile der Beleuchtungs- und Signalanlage	Componentes del sistema de iluminación y señalización	Lighting and signaling system components	Kofferraumbeleuchtung	Iluminación del maletero	Trunk lighting	Interior_Interior_Iluminación del maletero.jpg
Innenraum	Interior	Interior	Interior__.jpg	Innenraum	Interior	Interior components	Interior_Interior_.jpg	Bauteile der Beleuchtungs- und Signalanlage	Componentes del sistema de iluminación y señalización	Lighting and signaling system components	Blinkerrelais	Relé de intermitentes	Turn signal relay	Interior_Interior_Relé de intermitentes.jpg
Karosserie	Carroceria	Body	Carroceria__.jpg	Scheibenwaschanlage	Sistema de lavado de parabrisas	Windshield washer system	Carroceria_Sistema de lavado de parabrisas_.jpg	Scheibenwischer und zugehörige Bauteile	Limpiaparabrisas y componentes relacionados	Wipers and related components	Scheibenwischer	Limpiaparabrisas	Windshield wiper	Carroceria_Sistema de lavado de parabrisas_Limpiaparabrisas.jpg
Karosserie	Carroceria	Body	Carroceria__.jpg	Scheibenwaschanlage	Sistema de lavado de parabrisas	Windshield washer system	Carroceria_Sistema de lavado de parabrisas_.jpg	Scheibenwischer und zugehörige Bauteile	Limpiaparabrisas y componentes relacionados	Wipers and related components	Wischerarm	Brazo del limpiaparabrisas	Wiper arm	Carroceria_Sistema de lavado de parabrisas_Brazo del limpiaparabrisas.jpg
Karosserie	Carroceria	Body	Carroceria__.jpg	Scheibenwaschanlage	Sistema de lavado de parabrisas	Windshield washer system	Carroceria_Sistema de lavado de parabrisas_.jpg	Scheibenwischer und zugehörige Bauteile	Limpiaparabrisas y componentes relacionados	Wipers and related components	Scheinwerfer-Wischer	Limpiaparabrisas de faros	Headlight wiper	Carroceria_Sistema de lavado de parabrisas_Limpiaparabrisas de faros.jpg
Karosserie	Carroceria	Body	Carroceria__.jpg	Scheibenwaschanlage	Sistema de lavado de parabrisas	Windshield washer system	Carroceria_Sistema de lavado de parabrisas_.jpg	Bauteile des Scheibenwischerantriebs	Componentes del motor del limpiaparabrisas	Wiper motor components	Scheibenwischermotor	Motor del limpiaparabrisas	Wiper motor	Carroceria_Sistema de lavado de parabrisas_Motor del limpiaparabrisas.jpg
Karosserie	Carroceria	Body	Carroceria__.jpg	Scheibenwaschanlage	Sistema de lavado de parabrisas	Windshield washer system	Carroceria_Sistema de lavado de parabrisas_.jpg	Bauteile der Windschutz- und Heckscheibenwaschanlage	Componentes del sistema de lavado de parabrisas y luneta trasera	Windshield and rear window washer components	Waschwasserpumpe	Bomba de agua del limpiaparabrisas	Washer pump	Carroceria_Sistema de lavado de parabrisas_Bomba de agua del limpiaparabrisas.jpg
Karosserie	Carroceria	Body	Carroceria__.jpg	Scheibenwaschanlage	Sistema de lavado de parabrisas	Windshield washer system	Carroceria_Sistema de lavado de parabrisas_.jpg	Bauteile der Windschutz- und Heckscheibenwaschanlage	Componentes del sistema de lavado de parabrisas y luneta trasera	Windshield and rear window washer components	Wischwasserbehälter	Depósito de agua del limpiaparabrisas	Washer fluid reservoir	Carroceria_Sistema de lavado de parabrisas_Depósito de agua del limpiaparabrisas.jpg
Karosserie	Carroceria	Body	Carroceria__.jpg	Scheibenwaschanlage	Sistema de lavado de parabrisas	Windshield washer system	Carroceria_Sistema de lavado de parabrisas_.jpg	Bauteile der Windschutz- und Heckscheibenwaschanlage	Componentes del sistema de lavado de parabrisas y luneta trasera	Windshield and rear window washer components	Waschwasserpumpe, Scheinwerferreinigung	Bomba de agua para la limpieza de faros	Headlight washer pump	Carroceria_Sistema de lavado de parabrisas_Bomba de agua para la limpieza de faros.jpg
Karosserie	Carroceria	Body	Carroceria__.jpg	Scheibenwaschanlage	Sistema de lavado de parabrisas	Windshield washer system	Carroceria_Sistema de lavado de parabrisas_.jpg	Bauteile der Windschutz- und Heckscheibenwaschanlage	Componentes del sistema de lavado de parabrisas y luneta trasera	Windshield and rear window washer components	Wischwasserschlauch-Verbinder	Conector de manguera del limpiaparabrisas	Wiper fluid hose connector	Carroceria_Sistema de lavado de parabrisas_Conector de manguera del limpiaparabrisas.jpg
Karosserie	Carroceria	Body	Carroceria__.jpg	Scheibenwaschanlage	Sistema de lavado de parabrisas	Windshield washer system	Carroceria_Sistema de lavado de parabrisas_.jpg	Elektronische Bauteile der Scheibenwischanlage	Componentes electrónicos del sistema de limpiaparabrisas	Electronic components of the wiper system	Lenkstockschalter	Interruptor de la columna de dirección	Steering column switch	Carroceria_Sistema de lavado de parabrisas_Interruptor de la columna de dirección.jpg
Karosserie	Carroceria	Body	Carroceria__.jpg	Scheibenwaschanlage	Sistema de lavado de parabrisas	Windshield washer system	Carroceria_Sistema de lavado de parabrisas_.jpg	Elektronische Bauteile der Scheibenwischanlage	Componentes electrónicos del sistema de limpiaparabrisas	Electronic components of the wiper system	Scheibenwischer-Relais	Relé del limpiaparabrisas	Wiper relay	Carroceria_Sistema de lavado de parabrisas_Relé del limpiaparabrisas.jpg
Karosserie	Carroceria	Body	Carroceria__.jpg	Karosserie	Carrocería	Bodywork	Carroceria_Carrocería_.jpg	Rückspiegel und zugehörige Bauteile	Espejos retrovisores y componentes asociados	Rearview mirrors and related components	Außenspiegel	Espejo exterior	Side mirror	Carroceria_Carrocería_Espejo exterior.jpg
Karosserie	Carroceria	Body	Carroceria__.jpg	Karosserie	Carrocería	Bodywork	Carroceria_Carrocería_.jpg	Kotflügel und zugehörige Bauteile	Guardabarros y componentes asociados	Fenders and related components	Radhausschale	Revestimiento del paso de rueda	Wheel arch liner	Carroceria_Carrocería_Revestimiento del paso de rueda.jpg
Karosserie	Carroceria	Body	Carroceria__.jpg	Karosserie	Carrocería	Bodywork	Carroceria_Carrocería_.jpg	Kotflügel und zugehörige Bauteile	Guardabarros y componentes asociados	Fenders and related components	Kotflügel	Guardabarros	Fender	Carroceria_Carrocería_Guardabarros.jpg
Karosserie	Carroceria	Body	Carroceria__.jpg	Karosserie	Carrocería	Bodywork	Carroceria_Carrocería_.jpg	Bauteile der Beleuchtungs- und Signalanlage	Componentes del sistema de iluminación y señalización	Lighting and signaling system components	Rückleuchten	Pilotos traseros	Tail lights	Carroceria_Carrocería_Pilotos traseros.jpg
Karosserie	Carroceria	Body	Carroceria__.jpg	Karosserie	Carrocería	Bodywork	Carroceria_Carrocería_.jpg	Bauteile der Beleuchtungs- und Signalanlage	Componentes del sistema de iluminación y señalización	Lighting and signaling system components	Scheinwerfer	Faros	Headlights	Carroceria_Carrocería_Faros.jpg
Karosserie	Carroceria	Body	Carroceria__.jpg	Karosserie	Carrocería	Bodywork	Carroceria_Carrocería_.jpg	Bauteile der Beleuchtungs- und Signalanlage	Componentes del sistema de iluminación y señalización	Lighting and signaling system components	Blinker	Intermitentes	Turn signals	Carroceria_Carrocería_Intermitentes.jpg
Karosserie	Carroceria	Body	Carroceria__.jpg	Karosserie	Carrocería	Bodywork	Carroceria_Carrocería_.jpg	Bauteile der Beleuchtungs- und Signalanlage	Componentes del sistema de iluminación y señalización	Lighting and signaling system components	Nebelscheinwerfer	Faros antiniebla	Fog lights	Carroceria_Carrocería_Faros antiniebla.jpg
Karosserie	Carroceria	Body	Carroceria__.jpg	Karosserie	Carrocería	Bodywork	Carroceria_Carrocería_.jpg	Bauteile der Beleuchtungs- und Signalanlage	Componentes del sistema de iluminación y señalización	Lighting and signaling system components	Kennzeichenbeleuchtung	Iluminación de matrícula	License plate lighting	Carroceria_Carrocería_Iluminación de matrícula.jpg
Karosserie	Carroceria	Body	Carroceria__.jpg	Karosserie	Carrocería	Bodywork	Carroceria_Carrocería_.jpg	Bauteile der Beleuchtungs- und Signalanlage	Componentes del sistema de iluminación y señalización	Lighting and signaling system components	Scheinwerfer-Ersatzteile	Repuestos de faros	Headlight spare parts	Carroceria_Carrocería_Repuestos de faros.jpg
Karosserie	Carroceria	Body	Carroceria__.jpg	Karosserie	Carrocería	Bodywork	Carroceria_Carrocería_.jpg	Bauteile der Beleuchtungs- und Signalanlage	Componentes del sistema de iluminación y señalización	Lighting and signaling system components	Scheinwerferglas	Cristal del faro	Headlight lens	Carroceria_Carrocería_Cristal del faro.jpg
Karosserie	Carroceria	Body	Carroceria__.jpg	Karosserie	Carrocería	Bodywork	Carroceria_Carrocería_.jpg	Bauteile der Beleuchtungs- und Signalanlage	Componentes del sistema de iluminación y señalización	Lighting and signaling system components	Tagfahrlicht	Luz diurna	Daytime running light	Carroceria_Carrocería_Luz diurna.jpg
Karosserie	Carroceria	Body	Carroceria__.jpg	Karosserie	Carrocería	Bodywork	Carroceria_Carrocería_.jpg	Stoßstangen und zugehörige Bauteile	Parachoques y componentes asociados	Bumpers and related components	Lüftungsgitter	Rejilla de ventilación	Air intake grille	Carroceria_Carrocería_Rejilla de ventilación.jpg
Karosserie	Carroceria	Body	Carroceria__.jpg	Karosserie	Carrocería	Bodywork	Carroceria_Carrocería_.jpg	Stoßstangen und zugehörige Bauteile	Parachoques y componentes asociados	Bumpers and related components	Stoßstange	Parachoques	Bumper	Carroceria_Carrocería_Parachoques.jpg
Karosserie	Carroceria	Body	Carroceria__.jpg	Karosserie	Carrocería	Bodywork	Carroceria_Carrocería_.jpg	Stoßstangen und zugehörige Bauteile	Parachoques y componentes asociados	Bumpers and related components	Kühlergrill	Parrilla del radiador	Radiator grille	Carroceria_Carrocería_Parrilla del radiador.jpg
Karosserie	Carroceria	Body	Carroceria__.jpg	Karosserie	Carrocería	Bodywork	Carroceria_Carrocería_.jpg	Stoßstangen und zugehörige Bauteile	Parachoques y componentes asociados	Bumpers and related components	Stoßstangenhalter	Soporte del parachoques	Bumper bracket	Carroceria_Carrocería_Soporte del parachoques.jpg
Karosserie	Carroceria	Body	Carroceria__.jpg	Karosserie	Carrocería	Bodywork	Carroceria_Carrocería_.jpg	Glühlampen	Lámparas	Bulbs	Fernlicht-Birne	Lámpara de luz alta	High beam bulb	Carroceria_Carrocería_Lámpara de luz alta.jpg
Karosserie	Carroceria	Body	Carroceria__.jpg	Karosserie	Carrocería	Bodywork	Carroceria_Carrocería_.jpg	Glühlampen	Lámparas	Bulbs	Nebelscheinwerfer-Birne	Lámpara de faro antiniebla	Fog light bulb	Carroceria_Carrocería_Lámpara de faro antiniebla.jpg
Karosserie	Carroceria	Body	Carroceria__.jpg	Karosserie	Carrocería	Bodywork	Carroceria_Carrocería_.jpg	Glühlampen	Lámparas	Bulbs	Blinkerbirne	Lámpara de intermitente	Indicator bulb	Carroceria_Carrocería_Lámpara de intermitente.jpg
Karosserie	Carroceria	Body	Carroceria__.jpg	Karosserie	Carrocería	Bodywork	Carroceria_Carrocería_.jpg	Glühlampen	Lámparas	Bulbs	Heckleuchten Glühlampe	Lámpara de piloto trasero	Tail light bulb	Carroceria_Carrocería_Lámpara de piloto trasero.jpg
Karosserie	Carroceria	Body	Carroceria__.jpg	Karosserie	Carrocería	Bodywork	Carroceria_Carrocería_.jpg	Glühlampen	Lámparas	Bulbs	Kennzeichenleuchten Glühlampe	Lámpara de luz de matrícula	License plate light bulb	Carroceria_Carrocería_Lámpara de luz de matrícula.jpg
Karosserie	Carroceria	Body	Carroceria__.jpg	Karosserie	Carrocería	Bodywork	Carroceria_Carrocería_.jpg	Glühlampen	Lámparas	Bulbs	Bremslicht-Birne	Lámpara de luz de freno	Brake light bulb	Carroceria_Carrocería_Lámpara de luz de freno.jpg
Karosserie	Carroceria	Body	Carroceria__.jpg	Karosserie	Carrocería	Bodywork	Carroceria_Carrocería_.jpg	Glühlampen	Lámparas	Bulbs	Abblendlicht-Glühlampe	Lámpara de luz de cruce	Low beam bulb	Carroceria_Carrocería_Lámpara de luz de cruce.jpg
Karosserie	Carroceria	Body	Carroceria__.jpg	Karosserie	Carrocería	Bodywork	Carroceria_Carrocería_.jpg	Glühlampen	Lámparas	Bulbs	Rückfahrleuchten Glühlampe	Lámpara de luz de marcha atrás	Reverse light bulb	Carroceria_Carrocería_Lámpara de luz de marcha atrás.jpg
Karosserie	Carroceria	Body	Carroceria__.jpg	Karosserie	Carrocería	Bodywork	Carroceria_Carrocería_.jpg	Motorhauben und zugehörige Bauteile	Capó y componentes asociados	Hoods and related components	Motorhaube	Capó	Hood	Carroceria_Carrocería_Capó.jpg
Karosserie	Carroceria	Body	Carroceria__.jpg	Karosserie	Carrocería	Bodywork	Carroceria_Carrocería_.jpg	Motorhauben und zugehörige Bauteile	Capó y componentes asociados	Hoods and related components	Motorhaube Einzelteile	Piezas individuales del capó	Hood individual parts	Carroceria_Carrocería_Piezas individuales del capó.jpg
Karosserie	Carroceria	Body	Carroceria__.jpg	Karosserie	Carrocería	Bodywork	Carroceria_Carrocería_.jpg	Türen und zugehörige Bauteile	Puertas y componentes asociados	Doors and related components	Türen und Einzelteile	Puertas y piezas individuales	Doors and individual parts	Carroceria_Carrocería_Puertas y piezas individuales.jpg
Karosserie	Carroceria	Body	Carroceria__.jpg	Karosserie	Carrocería	Bodywork	Carroceria_Carrocería_.jpg	Türen und zugehörige Bauteile	Puertas y componentes asociados	Doors and related components	Türgriff	Manija de puerta	Door handle	Carroceria_Carrocería_Manija de puerta.jpg
Karosserie	Carroceria	Body	Carroceria__.jpg	Karosserie	Carrocería	Bodywork	Carroceria_Carrocería_.jpg	Türen und zugehörige Bauteile	Puertas y componentes asociados	Doors and related components	Hecktür	Puerta trasera	Rear door	Carroceria_Carrocería_Puerta trasera.jpg
Karosserie	Carroceria	Body	Carroceria__.jpg	Karosserie	Carrocería	Bodywork	Carroceria_Carrocería_.jpg	Türen und zugehörige Bauteile	Puertas y componentes asociados	Doors and related components	Fensterdichtung	Sellado de ventana	Window seal	Carroceria_Carrocería_Sellado de ventana.jpg
Karosserie	Carroceria	Body	Carroceria__.jpg	Karosserie	Carrocería	Bodywork	Carroceria_Carrocería_.jpg	Kraftstofftanks und zugehörige Bauteile	Depósitos de combustible y componentes asociados	Fuel tanks and related components	Kraftstofftank	Depósito de combustible	Fuel tank	Carroceria_Carrocería_Depósito de combustible.jpg
Karosserie	Carroceria	Body	Carroceria__.jpg	Karosserie	Carrocería	Bodywork	Carroceria_Carrocería_.jpg	Karosserieteile und zugehörige Bauteile	Componentes de la carrocería y sus piezas	Body parts and related components	Schlossträger	Soporte de cerradura	Lock carrier	Carroceria_Carrocería_Soporte de cerradura.jpg
Karosserie	Carroceria	Body	Carroceria__.jpg	Karosserie	Carrocería	Bodywork	Carroceria_Carrocería_.jpg	Karosserieteile und zugehörige Bauteile	Componentes de la carrocería y sus piezas	Body parts and related components	Schweller	Umbral de puerta	Door sill	Carroceria_Carrocería_Umbral de puerta.jpg
Karosserie	Carroceria	Body	Carroceria__.jpg	Karosserie	Carrocería	Bodywork	Carroceria_Carrocería_.jpg	Karosserieteile und zugehörige Bauteile	Componentes de la carrocería y sus piezas	Body parts and related components	Motorabdeckung	Cubierta del motor	Engine cover	Carroceria_Carrocería_Cubierta del motor.jpg
Karosserie	Carroceria	Body	Carroceria__.jpg	Karosserie	Carrocería	Bodywork	Carroceria_Carrocería_.jpg	Karosserieteile und zugehörige Bauteile	Componentes de la carrocería y sus piezas	Body parts and related components	Fronstscheiben- / Dachrahmen	Marco de parabrisas / techo	Windshield / roof frame	Carroceria_Carrocería_Marco de parabrisas / techo.jpg
Karosserie	Carroceria	Body	Carroceria__.jpg	Karosserie	Carrocería	Bodywork	Carroceria_Carrocería_.jpg	Karosserieteile und zugehörige Bauteile	Componentes de la carrocería y sus piezas	Body parts and related components	Heckverkleidung	Cubierta trasera	Rear cover	Carroceria_Carrocería_Cubierta trasera.jpg
Karosserie	Carroceria	Body	Carroceria__.jpg	Karosserie	Carrocería	Bodywork	Carroceria_Carrocería_.jpg	Karosserieteile und zugehörige Bauteile	Componentes de la carrocería y sus piezas	Body parts and related components	Windschutzscheibe	Parabrisas	Windshield	Carroceria_Carrocería_Parabrisas.jpg
Karosserie	Carroceria	Body	Carroceria__.jpg	Karosserie	Carrocería	Bodywork	Carroceria_Carrocería_.jpg	Karosserieteile und zugehörige Bauteile	Componentes de la carrocería y sus piezas	Body parts and related components	Seitenwand	Panel lateral	Side panel	Carroceria_Carrocería_Panel lateral.jpg
Klima	Clima	Climate	Clima__.jpg	Heizung und Lüftung	Calefacción y ventilación	Heating and ventilation	Clima_Calefacción y ventilación_.jpg	Bauteile der Heizungs- und Lüftungsanlage	Componentes del sistema de calefacción y ventilación	Heating and ventilation system components	Wärmetauscher	Intercambiador de calor	Heat exchanger	Clima_Calefacción y ventilación_Intercambiador de calor.jpg
Klimasysteme	Sistema de Climatización	Climate Control Systems	Sistema de Climatización__.jpg	Klimaanlage	Aire acondicionado	Air conditioning	Sistema de Climatización_Aire acondicionado_.jpg	Innenraumfilter und zugehörige Bauteile	Filtros de habitáculo y componentes asociados	Cabin filters and related components	Innenraumfilter	Filtro de habitáculo	Cabin filter	Sistema de Climatización_Aire acondicionado_Filtro de habitáculo.jpg
Klimasysteme	Sistema de Climatización	Climate Control Systems	Sistema de Climatización__.jpg	Klimaanlage	Aire acondicionado	Air conditioning	Sistema de Climatización_Aire acondicionado_.jpg	Wärmetauscher für Klimaanlagen und zugehörige Bauteile	Intercambiadores de calor para sistemas de aire acondicionado y componentes asociados	Heat exchangers for AC systems and related components	Wärmetauscher	Intercambiador de calor	Heat exchanger	Sistema de Climatización_Aire acondicionado_Intercambiador de calor.jpg
Klimasysteme	Sistema de Climatización	Climate Control Systems	Sistema de Climatización__.jpg	Klimaanlage	Aire acondicionado	Air conditioning	Sistema de Climatización_Aire acondicionado_.jpg	Kompressoren für Klimaanlagen und zugehörige Bauteile	Compresores para sistemas de aire acondicionado y componentes asociados	Compressors for AC systems and related components	Klimakompressor	Compresor de aire acondicionado	AC compressor	Sistema de Climatización_Aire acondicionado_Compresor de aire acondicionado.jpg
Klimasysteme	Sistema de Climatización	Climate Control Systems	Sistema de Climatización__.jpg	Rohre und Schläuche	Tuberías y mangueras	Pipes and hoses	Sistema de Climatización_Tuberías y mangueras_.jpg	Bauteile der Kühlung	Componentes del sistema de enfriamiento	Cooling system components	Kühlerschlauch	Manguera del radiador	Radiator hose	Sistema de Climatización_Tuberías y mangueras_Manguera del radiador.jpg
Kühlung	Refrigeración	Cooling system	Refrigeración__.jpg	Kühlung	Refrigeración	Cooling system	Refrigeración_Refrigeración_.jpg	Thermostate und zugehörige Bauteile	Termostatos y componentes asociados	Thermostats and related components	Thermostat	Termostato	Thermostat	Refrigeración_Refrigeración_Termostato.jpg
Kühlung	Refrigeración	Cooling system	Refrigeración__.jpg	Kühlung	Refrigeración	Cooling system	Refrigeración_Refrigeración_.jpg	Thermostate und zugehörige Bauteile	Termostatos y componentes asociados	Thermostats and related components	Dichtung Thermostat	Junta de termostato	Thermostat gasket	Refrigeración_Refrigeración_Junta de termostato.jpg
Kühlung	Refrigeración	Cooling system	Refrigeración__.jpg	Kühlung	Refrigeración	Cooling system	Refrigeración_Refrigeración_.jpg	Motorkühler und zugehörige Bauteile	Radiador y componentes asociados	Radiator and related components	Kühler	Radiador	Radiator	Refrigeración_Refrigeración_Radiador.jpg
Kühlung	Refrigeración	Cooling system	Refrigeración__.jpg	Kühlung	Refrigeración	Cooling system	Refrigeración_Refrigeración_.jpg	Motorkühler und zugehörige Bauteile	Radiador y componentes asociados	Radiator and related components	Deckel Kühlmittelbehälter	Tapa del depósito de refrigerante	Coolant reservoir cap	Refrigeración_Refrigeración_Tapa del depósito de refrigerante.jpg
Kühlung	Refrigeración	Cooling system	Refrigeración__.jpg	Kühlung	Refrigeración	Cooling system	Refrigeración_Refrigeración_.jpg	Motorkühler und zugehörige Bauteile	Radiador y componentes asociados	Radiator and related components	Kühlerschlauch	Manguera del radiador	Radiator hose	Refrigeración_Refrigeración_Manguera del radiador.jpg
Kühlung	Refrigeración	Cooling system	Refrigeración__.jpg	Kühlung	Refrigeración	Cooling system	Refrigeración_Refrigeración_.jpg	Motorkühler und zugehörige Bauteile	Radiador y componentes asociados	Radiator and related components	Kühlerdeckel	Tapa del radiador	Radiator cap	Refrigeración_Refrigeración_Tapa del radiador.jpg
Kühlung	Refrigeración	Cooling system	Refrigeración__.jpg	Kühlung	Refrigeración	Cooling system	Refrigeración_Refrigeración_.jpg	Motorkühler und zugehörige Bauteile	Radiador y componentes asociados	Radiator and related components	Dichtung Wasserpumpe	Junta de la bomba de agua	Water pump gasket	Refrigeración_Refrigeración_Junta de la bomba de agua.jpg
Kühlung	Refrigeración	Cooling system	Refrigeración__.jpg	Kühlung	Refrigeración	Cooling system	Refrigeración_Refrigeración_.jpg	Motorkühler und zugehörige Bauteile	Radiador y componentes asociados	Radiator and related components	Kühler Befestigungsteile	Piezas de fijación del radiador	Radiator mounting parts	Refrigeración_Refrigeración_Piezas de fijación del radiador.jpg
Kühlung	Refrigeración	Cooling system	Refrigeración__.jpg	Kühlung	Refrigeración	Cooling system	Refrigeración_Refrigeración_.jpg	Motorkühler und zugehörige Bauteile	Radiador y componentes asociados	Radiator and related components	Froststopfen	Tapón anticongelante	Frost plug	Refrigeración_Refrigeración_Tapón anticongelante.jpg
Kühlung	Refrigeración	Cooling system	Refrigeración__.jpg	Kühlung	Refrigeración	Cooling system	Refrigeración_Refrigeración_.jpg	Motorkühler und zugehörige Bauteile	Radiador y componentes asociados	Radiator and related components	Wasserpumpe	Bomba de agua	Water pump	Refrigeración_Refrigeración_Bomba de agua.jpg
Kühlung	Refrigeración	Cooling system	Refrigeración__.jpg	Kühlung	Refrigeración	Cooling system	Refrigeración_Refrigeración_.jpg	Kühlmittel und zugehörige Produkte	Refrigerante y productos asociados	Coolant and related products	Kühlmittel	Refrigerante	Coolant	Refrigeración_Refrigeración_Refrigerante.jpg
Kühlung	Refrigeración	Cooling system	Refrigeración__.jpg	Kühlung	Refrigeración	Cooling system	Refrigeración_Refrigeración_.jpg	Kühlmittel und zugehörige Produkte	Refrigerante y productos asociados	Coolant and related products	Kühlwasserabdichtung	Sellador de agua del sistema de refrigeración	Coolant water sealant	Refrigeración_Refrigeración_Sellador de agua del sistema de refrigeración.jpg
Kühlung	Refrigeración	Cooling system	Refrigeración__.jpg	Kühlung	Refrigeración	Cooling system	Refrigeración_Refrigeración_.jpg	Kühlsensorsysteme und zugehörige Bauteile	Sensores del sistema de refrigeración y componentes asociados	Cooling system sensors and related components	Kühlmitteltemperatursensor	Sensor de temperatura del refrigerante	Coolant temperature sensor	Refrigeración_Refrigeración_Sensor de temperatura del refrigerante.jpg
Kühlung	Refrigeración	Cooling system	Refrigeración__.jpg	Kühlung	Refrigeración	Cooling system	Refrigeración_Refrigeración_.jpg	Motorlüfter und zugehörige Bauteile	Ventilador del motor y componentes asociados	Engine fan and related components	Lüfterkupplung	Embrague del ventilador	Fan clutch	Refrigeración_Refrigeración_Embrague del ventilador.jpg
Kühlung	Refrigeración	Cooling system	Refrigeración__.jpg	Kühlung	Refrigeración	Cooling system	Refrigeración_Refrigeración_.jpg	Motorlüfter und zugehörige Bauteile	Ventilador del motor y componentes asociados	Engine fan and related components	Lüfterrad, Motorkühlung	Aspas del ventilador de refrigeración	Cooling fan blades	Refrigeración_Refrigeración_Aspas del ventilador de refrigeración.jpg
Kühlung	Refrigeración	Cooling system	Refrigeración__.jpg	Kühlung	Refrigeración	Cooling system	Refrigeración_Refrigeración_.jpg	Ölkühler und zugehörige Bauteile	Enfriador de aceite y componentes asociados	Oil cooler and related components	Ölkühler	Enfriador de aceite	Oil cooler	Refrigeración_Refrigeración_Enfriador de aceite.jpg
Kühlung	Refrigeración	Cooling system	Refrigeración__.jpg	Kühlung	Refrigeración	Cooling system	Refrigeración_Refrigeración_.jpg	Autopflege	Cuidado del automóvil	Car maintenance	Kühlerreiniger	Limpiador de radiador	Radiator cleaner	Refrigeración_Refrigeración_Limpiador de radiador.jpg
Kühlung	Refrigeración	Cooling system	Refrigeración__.jpg	Kühlung	Refrigeración	Cooling system	Refrigeración_Refrigeración_.jpg	Autopflege	Cuidado del automóvil	Car maintenance	Kühlerdichtmittel	Sellador de radiador	Radiator sealant	Refrigeración_Refrigeración_Sellador de radiador.jpg
Kühlung	Refrigeración	Cooling system	Refrigeración__.jpg	Kühlung	Refrigeración	Cooling system	Refrigeración_Refrigeración_.jpg	Autopflege	Cuidado del automóvil	Car maintenance	Flächendichtungen	Juntas planas	Flat seals	Refrigeración_Refrigeración_Juntas planas.jpg
Kühlung	Refrigeración	Cooling system	Refrigeración__.jpg	Kühlung	Refrigeración	Cooling system	Refrigeración_Refrigeración_.jpg	Autopflege	Cuidado del automóvil	Car maintenance	Universal-Dichtmasse	Sellador universal	Universal sealant	Refrigeración_Refrigeración_Sellador universal.jpg
Öle & Flüssigkeiten	Aceites y líquidos	Oils & Liquids	Aceites y líquidos__.jpg	Öle & Flüssigkeiten	Aceites y líquidos	Oils and fluids	Aceites y líquidos_Aceites y líquidos_.jpg	Öle & Flüssigkeiten	Aceites y líquidos	Oils and fluids	Motoröl	Aceite de motor	Engine oil	Aceites y líquidos_Aceites y líquidos_Aceite de motor.jpg
Öle & Flüssigkeiten	Aceites y líquidos	Oils & Liquids	Aceites y líquidos__.jpg	Öle & Flüssigkeiten	Aceites y líquidos	Oils and fluids	Aceites y líquidos_Aceites y líquidos_.jpg	Öle & Flüssigkeiten	Aceites y líquidos	Oils and fluids	Kühlmittel	Refrigerante	Coolant	Aceites y líquidos_Aceites y líquidos_Refrigerante.jpg
Öle & Flüssigkeiten	Aceites y líquidos	Oils & Liquids	Aceites y líquidos__.jpg	Öle & Flüssigkeiten	Aceites y líquidos	Oils and fluids	Aceites y líquidos_Aceites y líquidos_.jpg	Öle & Flüssigkeiten	Aceites y líquidos	Oils and fluids	Bremsflüssigkeit	Líquido de frenos	Brake fluid	Aceites y líquidos_Aceites y líquidos_Líquido de frenos.jpg
Öle & Flüssigkeiten	Aceites y líquidos	Oils & Liquids	Aceites y líquidos__.jpg	Öle & Flüssigkeiten	Aceites y líquidos	Oils and fluids	Aceites y líquidos_Aceites y líquidos_.jpg	Öle & Flüssigkeiten	Aceites y líquidos	Oils and fluids	Getriebeöl und Verteilergetriebeöl	Aceite de transmisión y caja de transferencia	Transmission and transfer case oil	Aceites y líquidos_Aceites y líquidos_Aceite de transmisión y caja de transferencia.jpg
Öle & Flüssigkeiten	Aceites y líquidos	Oils & Liquids	Aceites y líquidos__.jpg	Öle & Flüssigkeiten	Aceites y líquidos	Oils and fluids	Aceites y líquidos_Aceites y líquidos_.jpg	Öle & Flüssigkeiten	Aceites y líquidos	Oils and fluids	Hydrauliköl	Aceite hidráulico	Hydraulic oil	Aceites y líquidos_Aceites y líquidos_Aceite hidráulico.jpg
Öle & Flüssigkeiten	Aceites y líquidos	Oils & Liquids	Aceites y líquidos__.jpg	Öle & Flüssigkeiten	Aceites y líquidos	Oils and fluids	Aceites y líquidos_Aceites y líquidos_.jpg	Öle & Flüssigkeiten	Aceites y líquidos	Oils and fluids	Automatikgetriebeöl	Aceite para transmisiones automáticas	Automatic transmission fluid	Aceites y líquidos_Aceites y líquidos_Aceite para transmisiones automáticas.jpg
Öle & Flüssigkeiten	Aceites y líquidos	Oils & Liquids	Aceites y líquidos__.jpg	Öle & Flüssigkeiten	Aceites y líquidos	Oils and fluids	Aceites y líquidos_Aceites y líquidos_.jpg	Öle & Flüssigkeiten	Aceites y líquidos	Oils and fluids	Servoöl	Aceite de dirección asistida	Power steering oil	Aceites y líquidos_Aceites y líquidos_Aceite de dirección asistida.jpg
Reifen	Llantas	Tires	Llantas__.jpg	Reifen und verwandte Produkte	Neumáticos y productos relacionados	Tires and related products	Llantas_Neumáticos y productos relacionados_.jpg	Reifen und verwandte Produkte	Neumáticos y productos relacionados	Tires and related products	Reifen	Neumáticos	Tires	Llantas_Neumáticos y productos relacionados_Neumáticos.jpg
Reifen	Llantas	Tires	Llantas__.jpg	Reifen und verwandte Produkte	Neumáticos y productos relacionados	Tires and related products	Llantas_Neumáticos y productos relacionados_.jpg	Reifen und verwandte Produkte	Neumáticos y productos relacionados	Tires and related products	Radkappen	Tapacubos	Hubcaps	Llantas_Neumáticos y productos relacionados_Tapacubos.jpg
Reifen	Llantas	Tires	Llantas__.jpg	Reifen und verwandte Produkte	Neumáticos y productos relacionados	Tires and related products	Llantas_Neumáticos y productos relacionados_.jpg	Reifen und verwandte Produkte	Neumáticos y productos relacionados	Tires and related products	Reifentaschen	Bolsas para neumáticos	Tire bags	Llantas_Neumáticos y productos relacionados_Bolsas para neumáticos.jpg
Reifen	Llantas	Tires	Llantas__.jpg	Reifen und verwandte Produkte	Neumáticos y productos relacionados	Tires and related products	Llantas_Neumáticos y productos relacionados_.jpg	Reifen und verwandte Produkte	Neumáticos y productos relacionados	Tires and related products	Unterlegkeile	Cuñas de rueda	Wheel chocks	Llantas_Neumáticos y productos relacionados_Cuñas de rueda.jpg
Reifen	Llantas	Tires	Llantas__.jpg	Reifen und verwandte Produkte	Neumáticos y productos relacionados	Tires and related products	Llantas_Neumáticos y productos relacionados_.jpg	Reifen und verwandte Produkte	Neumáticos y productos relacionados	Tires and related products	Radmutternschlüssel	Llave para tuercas de rueda	Lug wrench	Llantas_Neumáticos y productos relacionados_Llave para tuercas de rueda.jpg
Reifen	Llantas	Tires	Llantas__.jpg	Reifen und verwandte Produkte	Neumáticos y productos relacionados	Tires and related products	Llantas_Neumáticos y productos relacionados_.jpg	Reifen und verwandte Produkte	Neumáticos y productos relacionados	Tires and related products	Schneeketten	Cadenas para nieve	Snow chains	Llantas_Neumáticos y productos relacionados_Cadenas para nieve.jpg
Reifen	Llantas	Tires	Llantas__.jpg	Reifen und verwandte Produkte	Neumáticos y productos relacionados	Tires and related products	Llantas_Neumáticos y productos relacionados_.jpg	Reifen und verwandte Produkte	Neumáticos y productos relacionados	Tires and related products	Wagenheber	Gato hidráulico	Car jack	Llantas_Neumáticos y productos relacionados_Gato hidráulico.jpg
Reifen	Llantas	Tires	Llantas__.jpg	Reifen und verwandte Produkte	Neumáticos y productos relacionados	Tires and related products	Llantas_Neumáticos y productos relacionados_.jpg	Reifen und verwandte Produkte	Neumáticos y productos relacionados	Tires and related products	Mini-Kompressor	Mini compresor	Mini compressor	Llantas_Neumáticos y productos relacionados_Mini compresor.jpg
Reifen	Llantas	Tires	Llantas__.jpg	Reifen und verwandte Produkte	Neumáticos y productos relacionados	Tires and related products	Llantas_Neumáticos y productos relacionados_.jpg	Reifen und verwandte Produkte	Neumáticos y productos relacionados	Tires and related products	Reifenreparaturset	Kit de reparación de neumáticos	Tire repair kit	Llantas_Neumáticos y productos relacionados_Kit de reparación de neumáticos.jpg
Reifen	Llantas	Tires	Llantas__.jpg	Reifen und verwandte Produkte	Neumáticos y productos relacionados	Tires and related products	Llantas_Neumáticos y productos relacionados_.jpg	Reifen und verwandte Produkte	Neumáticos y productos relacionados	Tires and related products	Radschrauben und Radmuttern	Tornillos y tuercas de rueda	Wheel bolts and nuts	Llantas_Neumáticos y productos relacionados_Tornillos y tuercas de rueda.jpg
Reifen	Llantas	Tires	Llantas__.jpg	Reifen und verwandte Produkte	Neumáticos y productos relacionados	Tires and related products	Llantas_Neumáticos y productos relacionados_.jpg	Reifen und verwandte Produkte	Neumáticos y productos relacionados	Tires and related products	Autoinnenreiniger und Pflegeprodukte	Limpiadores y productos de cuidado interior del auto	Interior car cleaners and care products	Llantas_Neumáticos y productos relacionados_Limpiadores y productos de cuidado interior del auto.jpg
Reifen	Llantas	Tires	Llantas__.jpg	Reifen und verwandte Produkte	Neumáticos y productos relacionados	Tires and related products	Llantas_Neumáticos y productos relacionados_.jpg	Reifen und verwandte Produkte	Neumáticos y productos relacionados	Tires and related products	Gummikleber	Pegamento para caucho	Rubber glue	Llantas_Neumáticos y productos relacionados_Pegamento para caucho.jpg
Reifen	Llantas	Tires	Llantas__.jpg	Reifen und verwandte Produkte	Neumáticos y productos relacionados	Tires and related products	Llantas_Neumáticos y productos relacionados_.jpg	Reifen und verwandte Produkte	Neumáticos y productos relacionados	Tires and related products	Reifendrucksensor (RDKS)	Sensor de presión de neumáticos	Tire pressure sensor (TPMS)	Llantas_Neumáticos y productos relacionados_Sensor de presión de neumáticos.jpg
Reifen	Llantas	Tires	Llantas__.jpg	Reifen und verwandte Produkte	Neumáticos y productos relacionados	Tires and related products	Llantas_Neumáticos y productos relacionados_.jpg	Reifen und verwandte Produkte	Neumáticos y productos relacionados	Tires and related products	Montagepaste	Pasta de montaje	Mounting paste	Llantas_Neumáticos y productos relacionados_Pasta de montaje.jpg
Triebwerkseinheit 	Unidad Motriz	Propulsion Unit	Unidad Motriz__.jpg	Filter	Filtros	Filters	Unidad Motriz_Filtros_.jpg	Bauteile der Klimaanlage	Componentes del sistema de aire acondicionado	Air conditioning system components	Innenraumfilter	Filtro de habitáculo	Cabin filter	Unidad Motriz_Filtros_Filtro de habitáculo.jpg
Triebwerkseinheit 	Unidad Motriz	Propulsion Unit	Unidad Motriz__.jpg	Filter	Filtros	Filters	Unidad Motriz_Filtros_.jpg	Bauteile des Kraftstoffsystems	Componentes del sistema de combustible	Fuel system components	Kraftstofffilter	Filtro de combustible	Fuel filter	Unidad Motriz_Filtros_Filtro de combustible.jpg
Triebwerkseinheit 	Unidad Motriz	Propulsion Unit	Unidad Motriz__.jpg	Filter	Filtros	Filters	Unidad Motriz_Filtros_.jpg	Motorteile	Componentes del motor	Engine components	Ölfilter	Filtro de aceite	Oil filter	Unidad Motriz_Filtros_Filtro de aceite.jpg
Triebwerkseinheit 	Unidad Motriz	Propulsion Unit	Unidad Motriz__.jpg	Filter	Filtros	Filters	Unidad Motriz_Filtros_.jpg	Motorteile	Componentes del motor	Engine components	Luftfilter	Filtro de aire	Air filter	Unidad Motriz_Filtros_Filtro de aire.jpg
Triebwerkseinheit 	Unidad Motriz	Propulsion Unit	Unidad Motriz__.jpg	Filter	Filtros	Filters	Unidad Motriz_Filtros_.jpg	Motorteile	Componentes del motor	Engine components	Ölfiltergehäusedichtung	Junta del alojamiento del filtro de aceite	Oil filter housing gasket	Unidad Motriz_Filtros_Junta del alojamiento del filtro de aceite.jpg
Triebwerkseinheit 	Unidad Motriz	Propulsion Unit	Unidad Motriz__.jpg	Filter	Filtros	Filters	Unidad Motriz_Filtros_.jpg	Motorteile	Componentes del motor	Engine components	Halter, Luftfiltergehäuse	Soporte del alojamiento del filtro de aire	Air filter housing bracket	Unidad Motriz_Filtros_Soporte del alojamiento del filtro de aire.jpg
Triebwerkseinheit 	Unidad Motriz	Propulsion Unit	Unidad Motriz__.jpg	Filter	Filtros	Filters	Unidad Motriz_Filtros_.jpg	Werkzeuge	Herramientas	Tools	Filter Werkzeug	Herramienta para filtros	Filter tool	Unidad Motriz_Filtros_Herramienta para filtros.jpg
Triebwerkseinheit 	Unidad Motriz	Propulsion Unit	Unidad Motriz__.jpg	Filter	Filtros	Filters	Unidad Motriz_Filtros_.jpg	Getriebeteile	Componentes de la transmisión	Transmission components	Automatikgetriebe, Ölfilter	Filtro de aceite para transmisión automática	Automatic transmission oil filter	Unidad Motriz_Filtros_Filtro de aceite para transmisión automática.jpg
Triebwerkseinheit 	Unidad Motriz	Propulsion Unit	Unidad Motriz__.jpg	Filter	Filtros	Filters	Unidad Motriz_Filtros_.jpg	Getriebeteile	Componentes de la transmisión	Transmission components	Automatikgetriebe Ölwechsel-Set	Kit de cambio de aceite para transmisión automática	Automatic transmission oil change kit	Unidad Motriz_Filtros_Kit de cambio de aceite para transmisión automática.jpg
Triebwerkseinheit 	Unidad Motriz	Propulsion Unit	Unidad Motriz__.jpg	Filter	Filtros	Filters	Unidad Motriz_Filtros_.jpg	Bauteile des Lenksystems	Componentes del sistema de dirección	Steering system components	Hydraulikfilter Lenkung	Filtro hidráulico de dirección	Power steering hydraulic filter	Unidad Motriz_Filtros_Filtro hidráulico de dirección.jpg
Triebwerkseinheit 	Unidad Motriz	Propulsion Unit	Unidad Motriz__.jpg	Motor	Motor	Engine	Unidad Motriz_Motor_.jpg	Elektrische Bauteile des Motors	Componentes eléctricos del motor	Electrical engine components	Motorelektrik	Electrónica del motor	Engine electronics	Unidad Motriz_Motor_Electrónica del motor.jpg
Triebwerkseinheit 	Unidad Motriz	Propulsion Unit	Unidad Motriz__.jpg	Motor	Motor	Engine	Unidad Motriz_Motor_.jpg	Motorschmiersystem	Sistema de lubricación del motor	Engine lubrication system	Ölablassschraube	Tornillo de drenaje de aceite	Oil drain plug	Unidad Motriz_Motor_Tornillo de drenaje de aceite.jpg
Triebwerkseinheit 	Unidad Motriz	Propulsion Unit	Unidad Motriz__.jpg	Motor	Motor	Engine	Unidad Motriz_Motor_.jpg	Motorschmiersystem	Sistema de lubricación del motor	Engine lubrication system	Ölwanne	Cárter de aceite	Oil pan	Unidad Motriz_Motor_Cárter de aceite.jpg
Triebwerkseinheit 	Unidad Motriz	Propulsion Unit	Unidad Motriz__.jpg	Motor	Motor	Engine	Unidad Motriz_Motor_.jpg	Motorschmiersystem	Sistema de lubricación del motor	Engine lubrication system	Ölfilter	Filtro de aceite	Oil filter	Unidad Motriz_Motor_Filtro de aceite.jpg
Triebwerkseinheit 	Unidad Motriz	Propulsion Unit	Unidad Motriz__.jpg	Motor	Motor	Engine	Unidad Motriz_Motor_.jpg	Bauteile der Motorsteuerung	Componentes del control del motor	Engine control components	Steuerkettensatz	Kit de cadena de distribución	Timing chain kit	Unidad Motriz_Motor_Kit de cadena de distribución.jpg
Triebwerkseinheit 	Unidad Motriz	Propulsion Unit	Unidad Motriz__.jpg	Motor	Motor	Engine	Unidad Motriz_Motor_.jpg	Bauteile der Motorsteuerung	Componentes del control del motor	Engine control components	Steuerkette	Cadena de distribución	Timing chain	Unidad Motriz_Motor_Cadena de distribución.jpg
Triebwerkseinheit 	Unidad Motriz	Propulsion Unit	Unidad Motriz__.jpg	Motor	Motor	Engine	Unidad Motriz_Motor_.jpg	Bauteile des Nebenaggregateetriebs	Componentes del sistema de transmisión auxiliar	Auxiliary drive components	Keilrippenriemen	Correa de accesorios	Serpentine belt	Unidad Motriz_Motor_Correa de accesorios.jpg
Triebwerkseinheit 	Unidad Motriz	Propulsion Unit	Unidad Motriz__.jpg	Motor	Motor	Engine	Unidad Motriz_Motor_.jpg	Bauteile des Nebenaggregateetriebs	Componentes del sistema de transmisión auxiliar	Auxiliary drive components	Riemenspanner	Tensor de correa	Belt tensioner	Unidad Motriz_Motor_Tensor de correa.jpg
Triebwerkseinheit 	Unidad Motriz	Propulsion Unit	Unidad Motriz__.jpg	Motor	Motor	Engine	Unidad Motriz_Motor_.jpg	Zylinderköpfe und zugehörige Bauteile	Culatas y sus componentes	Cylinder heads and related components	Ventildeckeldichtung	Junta de tapa de válvulas	Valve cover gasket	Unidad Motriz_Motor_Junta de tapa de válvulas.jpg
Triebwerkseinheit 	Unidad Motriz	Propulsion Unit	Unidad Motriz__.jpg	Motor	Motor	Engine	Unidad Motriz_Motor_.jpg	Zylinderköpfe und zugehörige Bauteile	Culatas y sus componentes	Cylinder heads and related components	Zylinderkopfschrauben	Pernos de la culata	Cylinder head bolts	Unidad Motriz_Motor_Pernos de la culata.jpg
Triebwerkseinheit 	Unidad Motriz	Propulsion Unit	Unidad Motriz__.jpg	Motor	Motor	Engine	Unidad Motriz_Motor_.jpg	Bauteile des Motorkühlsystems	Componentes del sistema de enfriamiento del motor	Engine cooling system components	Wasserpumpe	Bomba de agua	Water pump	Unidad Motriz_Motor_Bomba de agua.jpg
Triebwerkseinheit 	Unidad Motriz	Propulsion Unit	Unidad Motriz__.jpg	Motor	Motor	Engine	Unidad Motriz_Motor_.jpg	Bauteile des Motorkühlsystems	Componenetes	Engine cooling system components	Thermostat	Termostato	Thermostat	Unidad Motriz_Motor_Termostato.jpg
Triebwerkseinheit 	Unidad Motriz	Propulsion Unit	Unidad Motriz__.jpg	Motor	Motor	Engine	Unidad Motriz_Motor_.jpg	Bauteile des Motorkühlsystems	Componentes del sistema de enfriamiento del motor	Engine cooling system components	Kühler	Radiador	Radiator	Unidad Motriz_Motor_Radiador.jpg
Triebwerkseinheit 	Unidad Motriz	Propulsion Unit	Unidad Motriz__.jpg	Motor	Motor	Engine	Unidad Motriz_Motor_.jpg	Bauteile der Zündanlage	Componentes del sistema de encendido	Ignition system components	Nockenwellensensor	Sensor de árbol de levas	Camshaft sensor	Unidad Motriz_Motor_Sensor de árbol de levas.jpg
Triebwerkseinheit 	Unidad Motriz	Propulsion Unit	Unidad Motriz__.jpg	Motor	Motor	Engine	Unidad Motriz_Motor_.jpg	Bauteile der Zündanlage	Componentes del sistema de encendido	Ignition system components	Zündverteiler	Distribuidor de encendido	Ignition distributor	Unidad Motriz_Motor_Distribuidor de encendido.jpg
Triebwerkseinheit 	Unidad Motriz	Propulsion Unit	Unidad Motriz__.jpg	Motor	Motor	Engine	Unidad Motriz_Motor_.jpg	Bauteile des Ansaugsystems	Componentes del sistema de admisión	Intake system components	Turbolader	Turbocompresor	Turbocharger	Unidad Motriz_Motor_Turbocompresor.jpg
Triebwerkseinheit 	Unidad Motriz	Propulsion Unit	Unidad Motriz__.jpg	Motor	Motor	Engine	Unidad Motriz_Motor_.jpg	Bauteile des Ansaugsystems	Componentes del sistema de admisión	Intake system components	Ladeluftschlauch	Manguera de aire de carga	Charge air hose	Unidad Motriz_Motor_Manguera de aire de carga.jpg
Triebwerkseinheit 	Unidad Motriz	Propulsion Unit	Unidad Motriz__.jpg	Motor	Motor	Engine	Unidad Motriz_Motor_.jpg	Bauteile der Kraftstoffversorgungsanlage	Componentes del sistema de suministro de combustible	Fuel supply system components	Einspritzdüse	Inyector de combustible	Fuel injector	Unidad Motriz_Motor_Inyector de combustible.jpg
Triebwerkseinheit 	Unidad Motriz	Propulsion Unit	Unidad Motriz__.jpg	Motor	Motor	Engine	Unidad Motriz_Motor_.jpg	Bauteile der Kraftstoffversorgungsanlage	Componentes del sistema de suministro de combustible	Fuel supply system components	Hochdruckpumpe	Bomba de alta presión	High-pressure pump	Unidad Motriz_Motor_Bomba de alta presión.jpg
Triebwerkseinheit 	Unidad Motriz	Propulsion Unit	Unidad Motriz__.jpg	Motor	Motor	Engine	Unidad Motriz_Motor_.jpg	Motorwerkzeuge	Herramientas para motores	Engine tools	Motorwerkzeug	Herramienta para motores	Engine tool	Unidad Motriz_Motor_Herramienta para motores.jpg
Triebwerkseinheit 	Unidad Motriz	Propulsion Unit	Unidad Motriz__.jpg	Zündanlage & Glühanlage	Sistema de encendido y bujías de precalentamiento	Ignition and glow system	Unidad Motriz_Sistema de encendido y bujías de precalentamiento_.jpg	Bauteile der Zünd- und Glühkerzenanlage	Componentes del sistema de encendido y bujías de precalentamiento	Ignition and glow plug system components	Glühkerzen	Bujías de precalentamiento	Glow plugs	Unidad Motriz_Sistema de encendido y bujías de precalentamiento_Bujías de precalentamiento.jpg
Triebwerkseinheit 	Unidad Motriz	Propulsion Unit	Unidad Motriz__.jpg	Zündanlage & Glühanlage	Sistema de encendido y bujías de precalentamiento	Ignition and glow system	Unidad Motriz_Sistema de encendido y bujías de precalentamiento_.jpg	Bauteile der Zünd- und Glühkerzenanlage	Componentes del sistema de encendido y bujías de precalentamiento	Ignition and glow plug system components	Glühkerzen-Steuergerät	Unidad de control de bujías de precalentamiento	Glow plug control unit	Unidad Motriz_Sistema de encendido y bujías de precalentamiento_Unidad de control de bujías de precalentamiento.jpg
Triebwerkseinheit 	Unidad Motriz	Propulsion Unit	Unidad Motriz__.jpg	Zündanlage & Glühanlage	Sistema de encendido y bujías de precalentamiento	Ignition and glow system	Unidad Motriz_Sistema de encendido y bujías de precalentamiento_.jpg	Bauteile der Zünd- und Glühkerzenanlage	Componentes del sistema de encendido y bujías de precalentamiento	Ignition and glow plug system components	Kurbelwellensensor	Sensor del cigüeñal	Crankshaft sensor	Unidad Motriz_Sistema de encendido y bujías de precalentamiento_Sensor del cigüeñal.jpg
Triebwerkseinheit 	Unidad Motriz	Propulsion Unit	Unidad Motriz__.jpg	Zündanlage & Glühanlage	Sistema de encendido y bujías de precalentamiento	Ignition and glow system	Unidad Motriz_Sistema de encendido y bujías de precalentamiento_.jpg	Bauteile der Zünd- und Glühkerzenanlage	Componentes del sistema de encendido y bujías de precalentamiento	Ignition and glow plug system components	Nockenwellensensor	Sensor del árbol de levas	Camshaft sensor	Unidad Motriz_Sistema de encendido y bujías de precalentamiento_Sensor del árbol de levas.jpg
Triebwerkseinheit 	Unidad Motriz	Propulsion Unit	Unidad Motriz__.jpg	Zündanlage & Glühanlage	Sistema de encendido y bujías de precalentamiento	Ignition and glow system	Unidad Motriz_Sistema de encendido y bujías de precalentamiento_.jpg	Bauteile der Zünd- und Glühkerzenanlage	Componentes del sistema de encendido y bujías de precalentamiento	Ignition and glow plug system components	Zündverteiler	Distribuidor de encendido	Ignition distributor	Unidad Motriz_Sistema de encendido y bujías de precalentamiento_Distribuidor de encendido.jpg
Triebwerkseinheit 	Unidad Motriz	Propulsion Unit	Unidad Motriz__.jpg	Zündanlage & Glühanlage	Sistema de encendido y bujías de precalentamiento	Ignition and glow system	Unidad Motriz_Sistema de encendido y bujías de precalentamiento_.jpg	Bauteile der Zünd- und Glühkerzenanlage	Componentes del sistema de encendido y bujías de precalentamiento	Ignition and glow plug system components	Steuergehäusedichtung	Junta de la carcasa de distribución	Timing case gasket	Unidad Motriz_Sistema de encendido y bujías de precalentamiento_Junta de la carcasa de distribución.jpg
Triebwerkseinheit 	Unidad Motriz	Propulsion Unit	Unidad Motriz__.jpg	Riemen, Ketten, Rollen	Correas, cadenas y poleas	Belts, chains, pulleys	Unidad Motriz_Correas, cadenas y poleas_.jpg	Zahnriemen und zugehörige Bauteile	Correa de distribución y componentes asociados	Timing belt and related components	Keilriemen	Correa trapezoidal	V-belt	Unidad Motriz_Correas, cadenas y poleas_Correa trapezoidal.jpg
Triebwerkseinheit 	Unidad Motriz	Propulsion Unit	Unidad Motriz__.jpg	Riemen, Ketten, Rollen	Correas, cadenas y poleas	Belts, chains, pulleys	Unidad Motriz_Correas, cadenas y poleas_.jpg	Zahnriemen und zugehörige Bauteile	Correa de distribución y componentes asociados	Timing belt and related components	Wasserpumpe	Bomba de agua	Water pump	Unidad Motriz_Correas, cadenas y poleas_Bomba de agua.jpg
Triebwerkseinheit 	Unidad Motriz	Propulsion Unit	Unidad Motriz__.jpg	Riemen, Ketten, Rollen	Correas, cadenas y poleas	Belts, chains, pulleys	Unidad Motriz_Correas, cadenas y poleas_.jpg	Zahnriemen und zugehörige Bauteile	Correa de distribución y componentes asociados	Timing belt and related components	Steuerkette	Cadena de distribución	Timing chain	Unidad Motriz_Correas, cadenas y poleas_Cadena de distribución.jpg
Triebwerkseinheit 	Unidad Motriz	Propulsion Unit	Unidad Motriz__.jpg	Riemen, Ketten, Rollen	Correas, cadenas y poleas	Belts, chains, pulleys	Unidad Motriz_Correas, cadenas y poleas_.jpg	Zahnriemen und zugehörige Bauteile	Correa de distribución y componentes asociados	Timing belt and related components	Steuerkettensatz	Kit de cadena de distribución	Timing chain kit	Unidad Motriz_Correas, cadenas y poleas_Kit de cadena de distribución.jpg
Triebwerkseinheit 	Unidad Motriz	Propulsion Unit	Unidad Motriz__.jpg	Riemen, Ketten, Rollen	Correas, cadenas y poleas	Belts, chains, pulleys	Unidad Motriz_Correas, cadenas y poleas_.jpg	Zahnriemen und zugehörige Bauteile	Correa de distribución y componentes asociados	Timing belt and related components	Steuerkettenspanner	Tensor de cadena de distribución	Timing chain tensioner	Unidad Motriz_Correas, cadenas y poleas_Tensor de cadena de distribución.jpg
Triebwerkseinheit 	Unidad Motriz	Propulsion Unit	Unidad Motriz__.jpg	Riemen, Ketten, Rollen	Correas, cadenas y poleas	Belts, chains, pulleys	Unidad Motriz_Correas, cadenas y poleas_.jpg	Zahnriemen und zugehörige Bauteile	Correa de distribución y componentes asociados	Timing belt and related components	Gleitschiene	Guía de cadena de distribución	Timing chain guide	Unidad Motriz_Correas, cadenas y poleas_Guía de cadena de distribución.jpg
Triebwerkseinheit 	Unidad Motriz	Propulsion Unit	Unidad Motriz__.jpg	Riemen, Ketten, Rollen	Correas, cadenas y poleas	Belts, chains, pulleys	Unidad Motriz_Correas, cadenas y poleas_.jpg	Zahnriemen und zugehörige Bauteile	Correa de distribución y componentes asociados	Timing belt and related components	Freilauf Lichtmaschine	Rueda libre del alternador	Alternator freewheel pulley	Unidad Motriz_Correas, cadenas y poleas_Rueda libre del alternador.jpg
Triebwerkseinheit 	Unidad Motriz	Propulsion Unit	Unidad Motriz__.jpg	Heizung und Lüftung	Calefacción y ventilación	Heating and ventilation	Unidad Motriz_Calefacción y ventilación_.jpg	Bauteile der Heizungs- und Lüftungsanlage	Componentes del sistema de calefacción y ventilación	Heating and ventilation system components	Innenraumfilter	Filtro de habitáculo	Cabin air filter	Unidad Motriz_Calefacción y ventilación_Filtro de habitáculo.jpg
Triebwerkseinheit 	Unidad Motriz	Propulsion Unit	Unidad Motriz__.jpg	Dichtungen und Dichtringe	Juntas y anillos de sellado	Gaskets and sealing rings	Unidad Motriz_Juntas y anillos de sellado_.jpg	Abgaskrümmerdichtungen	Juntas de colector de escape	Exhaust manifold gaskets	Ansaugkrümmerdichtung	Junta del colector de admisión	Intake manifold gasket	Unidad Motriz_Juntas y anillos de sellado_Junta del colector de admisión.jpg
Triebwerkseinheit 	Unidad Motriz	Propulsion Unit	Unidad Motriz__.jpg	Dichtungen und Dichtringe	Juntas y anillos de sellado	Gaskets and sealing rings	Unidad Motriz_Juntas y anillos de sellado_.jpg	Abgaskrümmerdichtungen	Juntas de colector de escape	Exhaust manifold gaskets	Auspuffdichtung	Junta de escape	Exhaust gasket	Unidad Motriz_Juntas y anillos de sellado_Junta de escape.jpg
Triebwerkseinheit 	Unidad Motriz	Propulsion Unit	Unidad Motriz__.jpg	Dichtungen und Dichtringe	Juntas y anillos de sellado	Gaskets and sealing rings	Unidad Motriz_Juntas y anillos de sellado_.jpg	Abgaskrümmerdichtungen	Juntas de colector de escape	Exhaust manifold gaskets	Auspuffkrümmerdichtung	Junta del múltiple de escape	Exhaust manifold gasket	Unidad Motriz_Juntas y anillos de sellado_Junta del múltiple de escape.jpg
Triebwerkseinheit 	Unidad Motriz	Propulsion Unit	Unidad Motriz__.jpg	Dichtungen und Dichtringe	Juntas y anillos de sellado	Gaskets and sealing rings	Unidad Motriz_Juntas y anillos de sellado_.jpg	Zylinderkopfdichtungen und -dichtringe	Juntas y anillos de sellado de culata	Cylinder head gaskets and sealing rings	Ventildeckeldichtung	Junta de tapa de válvulas	Valve cover gasket	Unidad Motriz_Juntas y anillos de sellado_Junta de tapa de válvulas.jpg
Triebwerkseinheit 	Unidad Motriz	Propulsion Unit	Unidad Motriz__.jpg	Dichtungen und Dichtringe	Juntas y anillos de sellado	Gaskets and sealing rings	Unidad Motriz_Juntas y anillos de sellado_.jpg	Zylinderkopfdichtungen und -dichtringe	Juntas y anillos de sellado de culata	Cylinder head gaskets and sealing rings	Zylinderkopfdichtung	Junta de culata	Cylinder head gasket	Unidad Motriz_Juntas y anillos de sellado_Junta de culata.jpg
Triebwerkseinheit 	Unidad Motriz	Propulsion Unit	Unidad Motriz__.jpg	Dichtungen und Dichtringe	Juntas y anillos de sellado	Gaskets and sealing rings	Unidad Motriz_Juntas y anillos de sellado_.jpg	Zylinderkopfdichtungen und -dichtringe	Juntas y anillos de sellado de culata	Cylinder head gaskets and sealing rings	Ventilschaftdichtung	Junta de vástago de válvula	Valve stem seal	Unidad Motriz_Juntas y anillos de sellado_Junta de vástago de válvula.jpg
Triebwerkseinheit 	Unidad Motriz	Propulsion Unit	Unidad Motriz__.jpg	Dichtungen und Dichtringe	Juntas y anillos de sellado	Gaskets and sealing rings	Unidad Motriz_Juntas y anillos de sellado_.jpg	Zylinderkopfdichtungen und -dichtringe	Juntas y anillos de sellado de culata	Cylinder head gaskets and sealing rings	Nockenwellendichtung	Junta del árbol de levas	Camshaft seal	Unidad Motriz_Juntas y anillos de sellado_Junta del árbol de levas.jpg
Triebwerkseinheit 	Unidad Motriz	Propulsion Unit	Unidad Motriz__.jpg	Dichtungen und Dichtringe	Juntas y anillos de sellado	Gaskets and sealing rings	Unidad Motriz_Juntas y anillos de sellado_.jpg	Zylinderkopfdichtungen und -dichtringe	Juntas y anillos de sellado de culata	Cylinder head gaskets and sealing rings	Dichtung, Öleinfüllstutzenverschluss	Junta de tapa de llenado de aceite	Oil filler cap gasket	Unidad Motriz_Juntas y anillos de sellado_Junta de tapa de llenado de aceite.jpg
Triebwerkseinheit 	Unidad Motriz	Propulsion Unit	Unidad Motriz__.jpg	Dichtungen und Dichtringe	Juntas y anillos de sellado	Gaskets and sealing rings	Unidad Motriz_Juntas y anillos de sellado_.jpg	Motorblockdichtungen und -dichtringe	Juntas y anillos de sellado del bloque motor	Engine block gaskets and sealing rings	Ölablaßschraube Dichtung	Junta del tapón de drenaje de aceite	Oil drain plug gasket	Unidad Motriz_Juntas y anillos de sellado_Junta del tapón de drenaje de aceite.jpg
Triebwerkseinheit 	Unidad Motriz	Propulsion Unit	Unidad Motriz__.jpg	Dichtungen und Dichtringe	Juntas y anillos de sellado	Gaskets and sealing rings	Unidad Motriz_Juntas y anillos de sellado_.jpg	Motorblockdichtungen und -dichtringe	Juntas y anillos de sellado del bloque motor	Engine block gaskets and sealing rings	Kurbelwellensimmerring	Retén del cigüeñal	Crankshaft seal	Unidad Motriz_Juntas y anillos de sellado_Retén del cigüeñal.jpg
Triebwerkseinheit 	Unidad Motriz	Propulsion Unit	Unidad Motriz__.jpg	Dichtungen und Dichtringe	Juntas y anillos de sellado	Gaskets and sealing rings	Unidad Motriz_Juntas y anillos de sellado_.jpg	Motorblockdichtungen und -dichtringe	Juntas y anillos de sellado del bloque motor	Engine block gaskets and sealing rings	Ölwannendichtung	Junta del cárter de aceite	Oil pan gasket	Unidad Motriz_Juntas y anillos de sellado_Junta del cárter de aceite.jpg
Triebwerkseinheit 	Unidad Motriz	Propulsion Unit	Unidad Motriz__.jpg	Dichtungen und Dichtringe	Juntas y anillos de sellado	Gaskets and sealing rings	Unidad Motriz_Juntas y anillos de sellado_.jpg	Motorblockdichtungen und -dichtringe	Juntas y anillos de sellado del bloque motor	Engine block gaskets and sealing rings	Kurbelgehäusedichtung	Junta del cárter del cigüeñal	Crankcase gasket	Unidad Motriz_Juntas y anillos de sellado_Junta del cárter del cigüeñal.jpg
Triebwerkseinheit 	Unidad Motriz	Propulsion Unit	Unidad Motriz__.jpg	Dichtungen und Dichtringe	Juntas y anillos de sellado	Gaskets and sealing rings	Unidad Motriz_Juntas y anillos de sellado_.jpg	Motorblockdichtungen und -dichtringe	Juntas y anillos de sellado del bloque motor	Engine block gaskets and sealing rings	Motordichtsatz	Kit de juntas del motor	Engine gasket set	Unidad Motriz_Juntas y anillos de sellado_Kit de juntas del motor.jpg
Triebwerkseinheit 	Unidad Motriz	Propulsion Unit	Unidad Motriz__.jpg	Dichtungen und Dichtringe	Juntas y anillos de sellado	Gaskets and sealing rings	Unidad Motriz_Juntas y anillos de sellado_.jpg	Kraftstoffsystemdichtungen und -dichtringe	Juntas y anillos de sellado del sistema de combustible	Fuel system gaskets and sealing rings	Dichtung Einspritzdüsen	Junta de inyectores	Injector gasket	Unidad Motriz_Juntas y anillos de sellado_Junta de inyectores.jpg
Triebwerkseinheit 	Unidad Motriz	Propulsion Unit	Unidad Motriz__.jpg	Dichtungen und Dichtringe	Juntas y anillos de sellado	Gaskets and sealing rings	Unidad Motriz_Juntas y anillos de sellado_.jpg	Kraftstoffsystemdichtungen und -dichtringe	Juntas y anillos de sellado del sistema de combustible	Fuel system gaskets and sealing rings	Dichtung, Einspritzpumpe	Junta de la bomba de inyección	Injection 	Unidad Motriz_Juntas y anillos de sellado_Junta de la bomba de inyección.jpg
Triebwerkseinheit 	Unidad Motriz	Propulsion Unit	Unidad Motriz__.jpg	Dichtungen und Dichtringe	Juntas y anillos de sellado	Gaskets and sealing rings	Unidad Motriz_Juntas y anillos de sellado_.jpg	Schmiersystemdichtungen und -dichtringe	Juntas y anillos de sellado del sistema de lubricación	Lubrication system gaskets and sealing rings	Ölfiltergehäusedichtung	Junta de carcasa del filtro de aceite	Oil filter housing gasket	Unidad Motriz_Juntas y anillos de sellado_Junta de carcasa del filtro de aceite.jpg
Triebwerkseinheit 	Unidad Motriz	Propulsion Unit	Unidad Motriz__.jpg	Dichtungen und Dichtringe	Juntas y anillos de sellado	Gaskets and sealing rings	Unidad Motriz_Juntas y anillos de sellado_.jpg	Kühlsystemdichtungen und -dichtringe	Juntas y anillos de sellado del sistema de refrigeración	Cooling system gaskets and sealing rings	Kühlwasserabdichtung	Junta del agua de refrigeración	Coolant water seal	Unidad Motriz_Juntas y anillos de sellado_Junta del agua de refrigeración.jpg
Triebwerkseinheit 	Unidad Motriz	Propulsion Unit	Unidad Motriz__.jpg	Dichtungen und Dichtringe	Juntas y anillos de sellado	Gaskets and sealing rings	Unidad Motriz_Juntas y anillos de sellado_.jpg	Kühlsystemdichtungen und -dichtringe	Juntas y anillos de sellado del sistema de refrigeración	Cooling system gaskets and sealing rings	Dichtung Thermostat	Junta del termostato	Thermostat gasket	Unidad Motriz_Juntas y anillos de sellado_Junta del termostato.jpg
Triebwerkseinheit 	Unidad Motriz	Propulsion Unit	Unidad Motriz__.jpg	Dichtungen und Dichtringe	Juntas y anillos de sellado	Gaskets and sealing rings	Unidad Motriz_Juntas y anillos de sellado_.jpg	Kühlsystemdichtungen und -dichtringe	Juntas y anillos de sellado del sistema de refrigeración	Cooling system gaskets and sealing rings	Dichtung Wasserpumpe	Junta de la bomba de agua	Water pump gasket	Unidad Motriz_Juntas y anillos de sellado_Junta de la bomba de agua.jpg
Triebwerkseinheit 	Unidad Motriz	Propulsion Unit	Unidad Motriz__.jpg	Dichtungen und Dichtringe	Juntas y anillos de sellado	Gaskets and sealing rings	Unidad Motriz_Juntas y anillos de sellado_.jpg	Kühlsystemdichtungen und -dichtringe	Juntas y anillos de sellado del sistema de refrigeración	Cooling system gaskets and sealing rings	Wellendichtring, Differential	Retén del diferencial	Differential seal	Unidad Motriz_Juntas y anillos de sellado_Retén del diferencial.jpg
Triebwerkseinheit 	Unidad Motriz	Propulsion Unit	Unidad Motriz__.jpg	Dichtungen und Dichtringe	Juntas y anillos de sellado	Gaskets and sealing rings	Unidad Motriz_Juntas y anillos de sellado_.jpg	Getriebedichtungen und -dichtringe	Juntas y anillos de sellado de la transmisión	Transmission gaskets and sealing rings	Getriebe Simmerring	Retén de la transmisión	Transmission oil seal	Unidad Motriz_Juntas y anillos de sellado_Retén de la transmisión.jpg
Triebwerkseinheit 	Unidad Motriz	Propulsion Unit	Unidad Motriz__.jpg	Dichtungen und Dichtringe	Juntas y anillos de sellado	Gaskets and sealing rings	Unidad Motriz_Juntas y anillos de sellado_.jpg	Getriebedichtungen und -dichtringe	Juntas y anillos de sellado de la transmisión	Transmission gaskets and sealing rings	Dichtung, Ölwanne-Automatikgetriebe	Junta del cárter de la transmisión automática	Automatic transmission oil pan gasket	Unidad Motriz_Juntas y anillos de sellado_Junta del cárter de la transmisión automática.jpg
Triebwerkseinheit 	Unidad Motriz	Propulsion Unit	Unidad Motriz__.jpg	Dichtungen und Dichtringe	Juntas y anillos de sellado	Gaskets and sealing rings	Unidad Motriz_Juntas y anillos de sellado_.jpg	Getriebedichtungen und -dichtringe	Juntas y anillos de sellado de la transmisión	Transmission gaskets and sealing rings	Wellendichtring, Zwischenwelle	Retén del eje intermedio	Intermediate shaft seal	Unidad Motriz_Juntas y anillos de sellado_Retén del eje intermedio.jpg
Triebwerkseinheit 	Unidad Motriz	Propulsion Unit	Unidad Motriz__.jpg	Dichtungen und Dichtringe	Juntas y anillos de sellado	Gaskets and sealing rings	Unidad Motriz_Juntas y anillos de sellado_.jpg	Dichtungsleisten	Listones de sellado	Sealing strips	Fensterdichtung	Junta de ventana	Window seal	Unidad Motriz_Juntas y anillos de sellado_Junta de ventana.jpg
Triebwerkseinheit 	Unidad Motriz	Propulsion Unit	Unidad Motriz__.jpg	Dichtungen und Dichtringe	Juntas y anillos de sellado	Gaskets and sealing rings	Unidad Motriz_Juntas y anillos de sellado_.jpg	Dichtungsleisten	Listones de sellado	Sealing strips	Wellendichtring, Radnabe	Retén del cubo de rueda	Wheel hub seal	Unidad Motriz_Juntas y anillos de sellado_Retén del cubo de rueda.jpg
Triebwerkseinheit 	Unidad Motriz	Propulsion Unit	Unidad Motriz__.jpg	Auspuff	Escape	Exhaust system	Unidad Motriz_Escape_.jpg	Auspuffteile	Componentes del sistema de escape	Exhaust system components	Endschalldämpfer	Silenciador trasero	Rear muffler	Unidad Motriz_Escape_Silenciador trasero.jpg
Triebwerkseinheit 	Unidad Motriz	Propulsion Unit	Unidad Motriz__.jpg	Auspuff	Escape	Exhaust system	Unidad Motriz_Escape_.jpg	Auspuffteile	Componentes del sistema de escape	Exhaust system components	Mittelschalldämpfer	Silenciador central	Middle muffler	Unidad Motriz_Escape_Silenciador central.jpg
Triebwerkseinheit 	Unidad Motriz	Propulsion Unit	Unidad Motriz__.jpg	Auspuff	Escape	Exhaust system	Unidad Motriz_Escape_.jpg	Auspuffteile	Componentes del sistema de escape	Exhaust system components	Auspuffrohre	Tubo de escape	Exhaust pipe	Unidad Motriz_Escape_Tubo de escape.jpg
Triebwerkseinheit 	Unidad Motriz	Propulsion Unit	Unidad Motriz__.jpg	Auspuff	Escape	Exhaust system	Unidad Motriz_Escape_.jpg	Auspuffteile	Componentes del sistema de escape	Exhaust system components	Vorschalldämpfer	Silenciador delantero	Front muffler	Unidad Motriz_Escape_Silenciador delantero.jpg
Triebwerkseinheit 	Unidad Motriz	Propulsion Unit	Unidad Motriz__.jpg	Auspuff	Escape	Exhaust system	Unidad Motriz_Escape_.jpg	Auspuffteile	Componentes del sistema de escape	Exhaust system components	Auspuffhalter	Soporte de escape	Exhaust mount	Unidad Motriz_Escape_Soporte de escape.jpg
Triebwerkseinheit 	Unidad Motriz	Propulsion Unit	Unidad Motriz__.jpg	Auspuff	Escape	Exhaust system	Unidad Motriz_Escape_.jpg	Auspuffteile	Componentes del sistema de escape	Exhaust system components	Auspuffdichtung	Junta del escape	Exhaust gasket	Unidad Motriz_Escape_Junta del escape.jpg
Triebwerkseinheit 	Unidad Motriz	Propulsion Unit	Unidad Motriz__.jpg	Auspuff	Escape	Exhaust system	Unidad Motriz_Escape_.jpg	Auspuffteile	Componentes del sistema de escape	Exhaust system components	Auspuffschelle	Abrazadera de escape	Exhaust clamp	Unidad Motriz_Escape_Abrazadera de escape.jpg
Triebwerkseinheit 	Unidad Motriz	Propulsion Unit	Unidad Motriz__.jpg	Auspuff	Escape	Exhaust system	Unidad Motriz_Escape_.jpg	Auspuffteile	Componentes del sistema de escape	Exhaust system components	Klemmstück, Abgasanlage	Abrazadera del sistema de escape	Exhaust system clamp	Unidad Motriz_Escape_Abrazadera del sistema de escape.jpg
Triebwerkseinheit 	Unidad Motriz	Propulsion Unit	Unidad Motriz__.jpg	Auspuff	Escape	Exhaust system	Unidad Motriz_Escape_.jpg	Abgaskrümmer und zugehörige Bauteile	Colectores de escape y componentes asociados	Exhaust manifolds and related components	Auspuffkrümmerdichtung	Junta del colector de escape	Exhaust manifold gasket	Unidad Motriz_Escape_Junta del colector de escape.jpg
Triebwerkseinheit 	Unidad Motriz	Propulsion Unit	Unidad Motriz__.jpg	Kraftstoffsystem	Sistema de combustible	Fuel system	Unidad Motriz_Sistema de combustible_.jpg	Kraftstofffilter und zugehörige Bauteile	Filtro de combustible y componentes asociados	Fuel filter and related components	Kraftstofffilter	Filtro de combustible	Fuel filter	Unidad Motriz_Sistema de combustible_Filtro de combustible.jpg
Triebwerkseinheit 	Unidad Motriz	Propulsion Unit	Unidad Motriz__.jpg	Kraftstoffsystem	Sistema de combustible	Fuel system	Unidad Motriz_Sistema de combustible_.jpg	Bauteile der Kraftstoffversorgungsanlage	Componentes del sistema de suministro de combustible	Fuel supply system components	Kraftstoffpumpe	Bomba de combustible	Fuel pump	Unidad Motriz_Sistema de combustible_Bomba de combustible.jpg
Triebwerkseinheit 	Unidad Motriz	Propulsion Unit	Unidad Motriz__.jpg	Kraftstoffsystem	Sistema de combustible	Fuel system	Unidad Motriz_Sistema de combustible_.jpg	Bauteile der Kraftstoffversorgungsanlage	Componentes del sistema de suministro de combustible	Fuel supply system components	Kraftstoffleitung	Línea de combustible	Fuel line	Unidad Motriz_Sistema de combustible_Línea de combustible.jpg
Triebwerkseinheit 	Unidad Motriz	Propulsion Unit	Unidad Motriz__.jpg	Kraftstoffsystem	Sistema de combustible	Fuel system	Unidad Motriz_Sistema de combustible_.jpg	Bauteile der Kraftstoffversorgungsanlage	Componentes del sistema de suministro de combustible	Fuel supply system components	Schlauch, Leckkraftstoff	Manguera de retorno de combustible	Fuel return hose	Unidad Motriz_Sistema de combustible_Manguera de retorno de combustible.jpg
Triebwerkseinheit 	Unidad Motriz	Propulsion Unit	Unidad Motriz__.jpg	Kraftstoffsystem	Sistema de combustible	Fuel system	Unidad Motriz_Sistema de combustible_.jpg	Bauteile der Kraftstoffversorgungsanlage	Componentes del sistema de suministro de combustible	Fuel supply system components	Kraftstoffpumpe Reparatursatz	Kit de reparación de la bomba de combustible	Fuel pump repair kit	Unidad Motriz_Sistema de combustible_Kit de reparación de la bomba de combustible.jpg
Triebwerkseinheit 	Unidad Motriz	Propulsion Unit	Unidad Motriz__.jpg	Kraftstoffsystem	Sistema de combustible	Fuel system	Unidad Motriz_Sistema de combustible_.jpg	Bauteile der Kraftstoffeinspritzung	Componentes del sistema de inyección de combustible	Fuel injection system components	Kraftstofftank	Depósito de combustible	Fuel tank	Unidad Motriz_Sistema de combustible_Depósito de combustible.jpg
Triebwerkseinheit 	Unidad Motriz	Propulsion Unit	Unidad Motriz__.jpg	Kraftstoffsystem	Sistema de combustible	Fuel system	Unidad Motriz_Sistema de combustible_.jpg	Bauteile der Kraftstoffeinspritzung	Componentes del sistema de inyección de combustible	Fuel injection system components	Einspritzdüse	Inyector de combustible	Fuel injector	Unidad Motriz_Sistema de combustible_Inyector de combustible.jpg
Triebwerkseinheit 	Unidad Motriz	Propulsion Unit	Unidad Motriz__.jpg	Kraftstoffsystem	Sistema de combustible	Fuel system	Unidad Motriz_Sistema de combustible_.jpg	Bauteile der Kraftstoffeinspritzung	Componentes del sistema de inyección de combustible	Fuel injection system components	Dichtung Einspritzdüsen	Junta del inyector de combustible	Fuel injector gasket	Unidad Motriz_Sistema de combustible_Junta del inyector de combustible.jpg
Triebwerkseinheit 	Unidad Motriz	Propulsion Unit	Unidad Motriz__.jpg	Kraftstoffsystem	Sistema de combustible	Fuel system	Unidad Motriz_Sistema de combustible_.jpg	Bauteile der Kraftstoffeinspritzung	Componentes del sistema de inyección de combustible	Fuel injection system components	Kraftstoffverteiler	Rampa de inyectores	Fuel rail	Unidad Motriz_Sistema de combustible_Rampa de inyectores.jpg
Triebwerkseinheit 	Unidad Motriz	Propulsion Unit	Unidad Motriz__.jpg	Kraftstoffsystem	Sistema de combustible	Fuel system	Unidad Motriz_Sistema de combustible_.jpg	Bauteile der Kraftstoffeinspritzung	Componentes del sistema de inyección de combustible	Fuel injection system components	Wärmeschutzscheibe, Einspritzanlage	Pantalla térmica del sistema de inyección	Heat shield for fuel injection system	Unidad Motriz_Sistema de combustible_Pantalla térmica del sistema de inyección.jpg
Triebwerkseinheit 	Unidad Motriz	Propulsion Unit	Unidad Motriz__.jpg	Kraftstoffsystem	Sistema de combustible	Fuel system	Unidad Motriz_Sistema de combustible_.jpg	Bauteile des Kraftstoffsystems	Componentes del sistema de combustible	Fuel system components	Kraftstoffdruckspeicher	Acumulador de presión de combustible	Fuel pressure accumulator	Unidad Motriz_Sistema de combustible_Acumulador de presión de combustible.jpg
Triebwerkseinheit 	Unidad Motriz	Propulsion Unit	Unidad Motriz__.jpg	Kraftstoffsystem	Sistema de combustible	Fuel system	Unidad Motriz_Sistema de combustible_.jpg	Bauteile des Ansaugsystems	Componentes del sistema de admisión	Intake system components	Bowdenzug	Cable Bowden	Bowden cable	Unidad Motriz_Sistema de combustible_Cable Bowden.jpg
Triebwerkseinheit 	Unidad Motriz	Propulsion Unit	Unidad Motriz__.jpg	Kraftstoffsystem	Sistema de combustible	Fuel system	Unidad Motriz_Sistema de combustible_.jpg	Kraftstofftanks und zugehörige Bauteile	Depósitos de combustible y componentes asociados	Fuel tanks and related components	Dichtung, Einspritzpumpe	Junta de la bomba de inyección	Injection pump gasket	Unidad Motriz_Sistema de combustible_Junta de la bomba de inyección.jpg
Triebwerkseinheit 	Unidad Motriz	Propulsion Unit	Unidad Motriz__.jpg	Kraftstoffsystem	Sistema de combustible	Fuel system	Unidad Motriz_Sistema de combustible_.jpg	Kraftstofftanks und zugehörige Bauteile	Depósitos de combustible y componentes asociados	Fuel tanks and related components	Tankdeckel	Tapa del tanque de combustible	Fuel tank cap	Unidad Motriz_Sistema de combustible_Tapa del tanque de combustible.jpg
Triebwerkseinheit 	Unidad Motriz	Propulsion Unit	Unidad Motriz__.jpg	Triebwerkseinheitswellen & Gelenke	Ejes de transmisión y juntas	Drive shafts and joints	Unidad Motriz_Ejes de transmisión y juntas_.jpg	Gleichlaufgelenke und zugehörige Bauteile	Juntas homocinéticas y componentes asociados	Constant velocity joints and related components	Achsmanschette	Fuelle del eje	Axle boot	Unidad Motriz_Ejes de transmisión y juntas_Fuelle del eje.jpg
Triebwerkseinheit 	Unidad Motriz	Propulsion Unit	Unidad Motriz__.jpg	Reparatursätze	Kits de reparación	Repair kits	Unidad Motriz_Kits de reparación_.jpg	Bauteile des Kraftstoffsystems	Componentes del sistema de combustible	Fuel system components	Kraftstoffpumpe Reparatursatz	Kit de reparación de la bomba de combustible	Fuel pump repair kit	Unidad Motriz_Kits de reparación_Kit de reparación de la bomba de combustible.jpg
Triebwerkseinheit 	Unidad Motriz	Propulsion Unit	Unidad Motriz__.jpg	Rohre und Schläuche	Tuberías y mangueras	Pipes and hoses	Unidad Motriz_Tuberías y mangueras_.jpg	Bauteile des Kraftstoffsystems	Componentes del sistema de combustible	Fuel system components	Kraftstoffleitung	Línea de combustible	Fuel line	Unidad Motriz_Tuberías y mangueras_Línea de combustible.jpg
Triebwerkseinheit 	Unidad Motriz	Propulsion Unit	Unidad Motriz__.jpg	Rohre und Schläuche	Tuberías y mangueras	Pipes and hoses	Unidad Motriz_Tuberías y mangueras_.jpg	Schlauch, Leckkraftstoff	Manguera de retorno de combustible	Fuel return hose				Unidad Motriz_Tuberías y mangueras_.jpg
